<?xml version="1.0" encoding="utf-8"?>
<COLLADA xmlns="http://www.collada.org/2005/11/COLLADASchema" version="1.4.1">
 <asset><unit name="meter" meter="1"/><up_axis>Z_UP</up_axis></asset>
 <library_effects><effect id="fx"><profile_COMMON><technique sid="c"><phong>
  <diffuse><color>0.850 0.750 0.380 1</color></diffuse>
  <specular><color>0.2 0.2 0.2 1</color></specular><shininess><float>20</float></shininess>
 </phong></technique></profile_COMMON></effect></library_effects>
 <library_materials><material id="mat"><instance_effect url="#fx"/></material></library_materials>
 <library_geometries><geometry id="g"><mesh>
  <source id="p"><float_array id="pa" count="4368">0.222394 0.012144 -0.0008251 0.222394 0.012144 0.0008251 0.222394 0.037144 -0.0008251 0.222394 0.037144 0.0008251 0.222475 0.012144 -0.0024734 0.222475 0.012144 0.0024734 0.222475 0.037144 -0.0024734 0.222475 0.037144 0.0024734 0.222758 -0.0411 -0.0049859 0.222758 -0.0411 0.0049859 0.222758 -0.0161 -0.0049859 0.222758 -0.0161 0.0049859 0.223046 -0.0411 -0.006611 0.223046 -0.0411 0.006611 0.223046 -0.0161 -0.006611 0.223046 -0.0161 0.006611 0.223413 -0.0411 -0.0082199 0.223413 -0.0411 0.0082199 0.223413 -0.0161 -0.0082199 0.223413 -0.0161 0.0082199 0.22347 0.012144 -0.002424 0.22347 0.012144 0.002424 0.22347 0.037144 -0.002424 0.22347 0.037144 0.002424 0.223739 -0.0411 -0.0048128 0.223739 -0.0411 0.0048128 0.223739 -0.0161 -0.0048128 0.223739 -0.0161 0.0048128 0.223859 -0.0411 -0.0098087 0.223859 -0.0411 0.0098087 0.223859 -0.0161 -0.0098087 0.223859 -0.0161 0.0098087 0.224454 0.012144 -0.0025726 0.224454 0.012144 0.0025726 0.224454 0.037144 -0.0025726 0.224454 0.037144 0.0025726 0.224665 -0.0411 -0.0044489 0.224665 -0.0411 0.0044489 0.224665 -0.0161 -0.0044489 0.224665 -0.0161 0.0044489 0.224694 0.012144 -0.0121952 0.224694 0.012144 0.0121952 0.224694 0.037144 -0.0121952 0.224694 0.037144 0.0121952 0.224818 -0.0411 -0.0095393 0.224818 -0.0411 0.0095393 0.224818 -0.0161 -0.0095393 0.224818 -0.0161 0.0095393 0.225336 0.012144 -0.0137157 0.225336 0.012144 0.0137157 0.225336 0.037144 -0.0137157 0.225336 0.037144 0.0137157 0.225389 0.012144 -0.0029132 0.225389 0.012144 0.0029132 0.225389 0.037144 -0.0029132 0.225389 0.037144 0.0029132 0.225501 -0.0411 -0.0039087 0.225501 -0.0411 0.0039087 0.225501 -0.0161 -0.0039087 0.225501 -0.0161 0.0039087 0.225611 0.012144 -0.0118083 0.225611 0.012144 0.0118083 0.225611 0.037144 -0.0118083 0.225611 0.037144 0.0118083 0.22581 -0.0411 -0.0094651 0.22581 -0.0411 0.0094651 0.22581 -0.0161 -0.0094651 0.22581 -0.0161 0.0094651 0.226052 0.012144 -0.0152025 0.226052 0.012144 0.0152025 0.226052 0.037144 -0.0152025 0.226052 0.037144 0.0152025 0.226214 -0.0411 -0.0032135 0.226214 -0.0411 0.0032135 0.226214 -0.0161 -0.0032135 0.226214 -0.0161 0.0032135 0.226239 0.012144 -0.0034324 0.226239 0.012144 0.0034324 0.226239 0.037144 -0.0034324 0.226239 0.037144 0.0034324 0.226434 0.012144 -0.0112473 0.226434 0.012144 0.0112473 0.226434 0.037144 -0.0112473 0.226434 0.037144 0.0112473 0.226775 -0.0411 -0.0023909 0.226775 -0.0411 0.0023909 0.226775 -0.0161 -0.0023909 0.226775 -0.0161 0.0023909 0.226798 -0.0411 -0.0095891 0.226798 -0.0411 0.0095891 0.226798 -0.0161 -0.0095891 0.226798 -0.0161 0.0095891 0.226841 0.012144 -0.0166521 0.226841 0.012144 0.0166521 0.226841 0.037144 -0.0166521 0.226841 0.037144 0.0166521 0.226968 0.012144 -0.0041096 0.226968 0.012144 0.0041096 0.226968 0.037144 -0.0041096 0.226968 0.037144 0.0041096 0.227129 0.012144 -0.0105346 0.227129 0.012144 0.0105346 0.227129 0.037144 -0.0105346 0.227129 0.037144 0.0105346 0.227161 -0.0411 -0.0014735 0.227161 -0.0411 0.0014735 0.227161 -0.0161 -0.0014735 0.227161 -0.0161 0.0014735 0.227359 -0.0411 -0.0004978 0.227359 -0.0411 0.0004978 0.227359 -0.0161 -0.0004978 0.227359 -0.0161 0.0004978 0.227549 0.012144 -0.004918 0.227549 0.012144 0.004918 0.227549 0.037144 -0.004918 0.227549 0.037144 0.004918 0.227669 0.012144 -0.0096982 0.227669 0.012144 0.0096982 0.227669 0.037144 -0.0096982 0.227669 0.037144 0.0096982 0.227715 0.012144 -0.0161762 0.227715 0.012144 0.0161762 0.227715 0.037144 -0.0161762 0.227715 0.037144 0.0161762 0.227742 -0.0411 -0.0099062 0.227742 -0.0411 0.0099062 0.227742 -0.0161 -0.0099062 0.227742 -0.0161 0.0099062 0.227959 0.012144 -0.0058254 0.227959 0.012144 0.0058254 0.227959 0.037144 -0.0058254 0.227959 0.037144 0.0058254 0.228032 0.012144 -0.0087715 0.228032 0.012144 0.0087715 0.228032 0.037144 -0.0087715 0.228032 0.037144 0.0087715 0.22818 0.012144 -0.0067959 0.22818 0.012144 0.0067959 0.22818 0.037144 -0.0067959 0.22818 0.037144 0.0067959 0.228186 -0.0411 -0.018793 0.228186 -0.0411 0.018793 0.228186 -0.0161 -0.018793 0.228186 -0.0161 0.018793 0.228205 0.012144 -0.0077911 0.228205 0.012144 0.0077911 0.228205 0.037144 -0.0077911 0.228205 0.037144 0.0077911 0.228604 -0.0411 -0.0104041 0.228604 -0.0411 0.0104041 0.228604 -0.0161 -0.0104041 0.228604 -0.0161 0.0104041 0.228666 0.012144 -0.015883 0.228666 0.012144 0.015883 0.228666 0.037144 -0.015883 0.228666 0.037144 0.015883 0.228994 -0.0411 -0.0182117 0.228994 -0.0411 0.0182117 0.228994 -0.0161 -0.0182117 0.228994 -0.0161 0.0182117 0.22915 -0.0411 -0.0201325 0.22915 -0.0411 0.0201325 0.22915 -0.0161 -0.0201325 0.22915 -0.0161 0.0201325 0.22935 -0.0411 -0.0110628 0.22935 -0.0411 0.0110628 0.22935 -0.0161 -0.0110628 0.22935 -0.0161 0.0110628 0.229657 0.012144 -0.015784 0.229657 0.012144 0.015784 0.229657 0.037144 -0.015784 0.229657 0.037144 0.015784 0.229671 -0.0411 -0.0174818 0.229671 -0.0411 0.0174818 0.229671 -0.0161 -0.0174818 0.229671 -0.0161 0.0174818 0.229951 -0.0411 -0.0118564 0.229951 -0.0411 0.0118564 0.229951 -0.0161 -0.0118564 0.229951 -0.0161 0.0118564 0.230179 -0.0411 -0.0214228 0.230179 -0.0411 0.0214228 0.230179 -0.0161 -0.0214228 0.230179 -0.0161 0.0214228 0.23019 -0.0411 -0.0166322 0.23019 -0.0411 0.0166322 0.23019 -0.0161 -0.0166322 0.23019 -0.0161 0.0166322 0.230383 -0.0411 -0.0127533 0.230383 -0.0411 0.0127533 0.230383 -0.0161 -0.0127533 0.230383 -0.0161 0.0127533 0.23053 -0.0411 -0.0156967 0.23053 -0.0411 0.0156967 0.23053 -0.0161 -0.0156967 0.23053 -0.0161 0.0156967 0.230629 -0.0411 -0.013718 0.230629 -0.0411 0.013718 0.230629 -0.0161 -0.013718 0.230629 -0.0161 0.013718 0.230647 0.012144 -0.0158833 0.230647 0.012144 0.0158833 0.230647 0.037144 -0.0158833 0.230647 0.037144 0.0158833 0.230678 -0.0411 -0.0147123 0.230678 -0.0411 0.0147123 0.230678 -0.0161 -0.0147123 0.230678 -0.0161 0.0147123 0.23127 -0.0411 -0.0226605 0.23127 -0.0411 0.0226605 0.23127 -0.0161 -0.0226605 0.23127 -0.0161 0.0226605 0.231599 0.012144 -0.0161768 0.231599 0.012144 0.0161768 0.231599 0.037144 -0.0161768 0.231599 0.037144 0.0161768 0.232017 -0.0411 -0.022002 0.232017 -0.0411 0.022002 0.232017 -0.0161 -0.022002 0.232017 -0.0161 0.022002 0.232473 0.012144 -0.016653 0.232473 0.012144 0.016653 0.232473 0.037144 -0.016653 0.232473 0.037144 0.016653 0.232879 -0.0411 -0.0215044 0.232879 -0.0411 0.0215044 0.232879 -0.0161 -0.0215044 0.232879 -0.0161 0.0215044 0.233058 0.012144 -0.0244484 0.233058 0.012144 0.0244484 0.233058 0.037144 -0.0244484 0.233058 0.037144 0.0244484 0.233235 0.012144 -0.0172929 0.233235 0.012144 0.0172929 0.233235 0.037144 -0.0172929 0.233235 0.037144 0.0172929 0.233716 0.012144 -0.0237018 0.233716 0.012144 0.0237018 0.233716 0.037144 -0.0237018 0.233716 0.037144 0.0237018 0.233822 -0.0411 -0.0211875 0.233822 -0.0411 0.0211875 0.233822 -0.0161 -0.0211875 0.233822 -0.0161 0.0211875 0.233856 0.012144 -0.0180712 0.233856 0.012144 0.0180712 0.233856 0.037144 -0.0180712 0.233856 0.037144 0.0180712 0.234214 0.012144 -0.0228396 0.234214 0.012144 0.0228396 0.234214 0.037144 -0.0228396 0.234214 0.037144 0.0228396 0.234296 0.012144 -0.0255399 0.234296 0.012144 0.0255399 0.234296 0.037144 -0.0255399 0.234296 0.037144 0.0255399 0.23431 0.012144 -0.0189571 0.23431 0.012144 0.0189571 0.23431 0.037144 -0.0189571 0.23431 0.037144 0.0189571 0.234531 0.012144 -0.0218959 0.234531 0.012144 0.0218959 0.234531 0.037144 -0.0218959 0.234531 0.037144 0.0218959 0.23458 0.012144 -0.0199154 0.23458 0.012144 0.0199154 0.23458 0.037144 -0.0199154 0.23458 0.037144 0.0199154 0.234654 0.012144 -0.0209081 0.234654 0.012144 0.0209081 0.234654 0.037144 -0.0209081 0.234654 0.037144 0.0209081 0.23481 -0.0411 -0.0210639 0.23481 -0.0411 0.0210639 0.23481 -0.0161 -0.0210639 0.23481 -0.0161 0.0210639 0.235586 0.012144 -0.0265688 0.235586 0.012144 0.0265688 0.235586 0.037144 -0.0265688 0.235586 0.037144 0.0265688 0.235803 -0.0411 -0.0211384 0.235803 -0.0411 0.0211384 0.235803 -0.0161 -0.0211384 0.235803 -0.0161 0.0211384 0.236761 -0.0411 -0.0214081 0.236761 -0.0411 0.0214081 0.236761 -0.0161 -0.0214081 0.236761 -0.0161 0.0214081 0.236925 0.012144 -0.0275326 0.236925 0.012144 0.0275326 0.236925 0.037144 -0.0275326 0.236925 0.037144 0.0275326 0.237507 0.012144 -0.0267245 0.237507 0.012144 0.0267245 0.237507 0.037144 -0.0267245 0.237507 0.037144 0.0267245 0.237647 -0.0411 -0.0218623 0.237647 -0.0411 0.0218623 0.237647 -0.0161 -0.0218623 0.237647 -0.0161 0.0218623 0.238237 0.012144 -0.0260475 0.238237 0.012144 0.0260475 0.238237 0.037144 -0.0260475 0.238237 0.037144 0.0260475 0.238426 -0.0411 -0.022483 0.238426 -0.0411 0.022483 0.238426 -0.0161 -0.022483 0.238426 -0.0161 0.022483 0.239065 -0.0411 -0.0232455 0.239065 -0.0411 0.0232455 0.239065 -0.0161 -0.0232455 0.239065 -0.0161 0.0232455 0.239066 -0.0411 -0.0288779 0.239066 -0.0411 0.0288779 0.239066 -0.0161 -0.0288779 0.239066 -0.0161 0.0288779 0.239086 0.012144 -0.0255286 0.239086 0.012144 0.0255286 0.239086 0.037144 -0.0255286 0.239086 0.037144 0.0255286 0.239542 -0.0411 -0.0241198 0.239542 -0.0411 0.0241198 0.239542 -0.0161 -0.0241198 0.239542 -0.0161 0.0241198 0.239542 -0.0411 -0.0280035 0.239542 -0.0411 0.0280035 0.239542 -0.0161 -0.0280035 0.239542 -0.0161 0.0280035 0.239835 -0.0411 -0.025071 0.239835 -0.0411 0.025071 0.239835 -0.0161 -0.025071 0.239835 -0.0161 0.025071 0.239835 -0.0411 -0.0270521 0.239835 -0.0411 0.0270521 0.239835 -0.0161 -0.0270521 0.239835 -0.0161 0.0270521 0.239934 -0.0411 -0.0260616 0.239934 -0.0411 0.0260616 0.239934 -0.0161 -0.0260616 0.239934 -0.0161 0.0260616 0.240022 0.012144 -0.0251883 0.240022 0.012144 0.0251883 0.240022 0.037144 -0.0251883 0.240022 0.037144 0.0251883 0.240516 -0.0411 -0.0296666 0.240516 -0.0411 0.0296666 0.240516 -0.0161 -0.0296666 0.240516 -0.0161 0.0296666 0.241006 0.012144 -0.02504 0.241006 0.012144 0.02504 0.241006 0.037144 -0.02504 0.241006 0.037144 0.02504 0.242 0.012144 -0.0250897 0.242 0.012144 0.0250897 0.242 0.037144 -0.0250897 0.242 0.037144 0.0250897 0.242003 -0.0411 -0.0303826 0.242003 -0.0411 0.0303826 0.242003 -0.0161 -0.0303826 0.242003 -0.0161 0.0303826 0.242965 0.012144 -0.0253354 0.242965 0.012144 0.0253354 0.242965 0.037144 -0.0253354 0.242965 0.037144 0.0253354 0.243523 -0.0411 -0.0310242 0.243523 -0.0411 0.0310242 0.243523 -0.0161 -0.0310242 0.243523 -0.0161 0.0310242 0.243862 0.012144 -0.0257673 0.243862 0.012144 0.0257673 0.243862 0.037144 -0.0257673 0.243862 0.037144 0.0257673 0.24391 -0.0411 -0.0301069 0.24391 -0.0411 0.0301069 0.24391 -0.0161 -0.0301069 0.24391 -0.0161 0.0301069 0.244471 -0.0411 -0.0292845 0.244471 -0.0411 0.0292845 0.244471 -0.0161 -0.0292845 0.244471 -0.0161 0.0292845 0.244656 0.012144 -0.0263684 0.244656 0.012144 0.0263684 0.244656 0.037144 -0.0263684 0.244656 0.037144 0.0263684 0.245184 -0.0411 -0.0285896 0.245184 -0.0411 0.0285896 0.245184 -0.0161 -0.0285896 0.245184 -0.0161 0.0285896 0.245314 0.012144 -0.0271147 0.245314 0.012144 0.0271147 0.245314 0.037144 -0.0271147 0.245314 0.037144 0.0271147 0.245718 -0.0161 -0 0.245718 -0.0141 -0 0.245718 0.010144 0 0.245718 0.012144 0 0.245812 0.012144 -0.0279768 0.245812 0.012144 0.0279768 0.245812 0.037144 -0.0279768 0.245812 0.037144 0.0279768 0.24591 0.012144 -0.0318593 0.24591 0.012144 0.0318593 0.24591 0.037144 -0.0318593 0.24591 0.037144 0.0318593 0.245911 -0.0161 -0.0019509 0.245911 -0.0161 0.0019509 0.245911 -0.0141 -0.0019509 0.245911 -0.0141 0.0019509 0.245911 0.010144 -0.0019509 0.245911 0.010144 0.0019509 0.245911 0.012144 -0.0019509 0.245911 0.012144 0.0019509 0.24602 -0.0411 -0.0280496 0.24602 -0.0411 0.0280496 0.24602 -0.0161 -0.0280496 0.24602 -0.0161 0.0280496 0.246129 0.012144 -0.0289204 0.246129 0.012144 0.0289204 0.246129 0.037144 -0.0289204 0.246129 0.037144 0.0289204 0.246179 0.012144 -0.0309009 0.246179 0.012144 0.0309009 0.246179 0.037144 -0.0309009 0.246179 0.037144 0.0309009 0.246253 0.012144 -0.0299082 0.246253 0.012144 0.0299082 0.246253 0.037144 -0.0299082 0.246253 0.037144 0.0299082 0.24648 -0.0161 -0.0038268 0.24648 -0.0161 0.0038268 0.24648 -0.0141 -0.0038268 0.24648 -0.0141 0.0038268 0.24648 0.010144 -0.0038268 0.24648 0.010144 0.0038268 0.24648 0.012144 -0.0038268 0.24648 0.012144 0.0038268 0.246947 -0.0411 -0.027686 0.246947 -0.0411 0.027686 0.246947 -0.0161 -0.027686 0.246947 -0.0161 0.027686 0.247404 -0.0161 -0.0055557 0.247404 -0.0161 0.0055557 0.247404 -0.0141 -0.0055557 0.247404 -0.0141 0.0055557 0.247404 0.010144 -0.0055557 0.247404 0.010144 0.0055557 0.247404 0.012144 -0.0055557 0.247404 0.012144 0.0055557 0.247499 0.012144 -0.0323057 0.247499 0.012144 0.0323057 0.247499 0.037144 -0.0323057 0.247499 0.037144 0.0323057 0.247927 -0.0411 -0.0275132 0.247927 -0.0411 0.0275132 0.247927 -0.0161 -0.0275132 0.247927 -0.0161 0.0275132 0.247968 -0.0411 -0 0.247968 -0.0341 -0 0.247968 0.030144 0 0.247968 0.037144 0 0.248117 -0.0411 -0.0015119 0.248117 -0.0411 0.0015119 0.248117 -0.0341 -0.0015119 0.248117 -0.0341 0.0015119 0.248117 0.030144 -0.0015119 0.248117 0.030144 0.0015119 0.248117 0.037144 -0.0015119 0.248117 0.037144 0.0015119 0.248558 -0.0411 -0.0029658 0.248558 -0.0411 0.0029658 0.248558 -0.0341 -0.0029658 0.248558 -0.0341 0.0029658 0.248558 0.030144 -0.0029658 0.248558 0.030144 0.0029658 0.248558 0.037144 -0.0029658 0.248558 0.037144 0.0029658 0.248647 -0.0161 -0.0070711 0.248647 -0.0161 0.0070711 0.248647 -0.0141 -0.0070711 0.248647 -0.0141 0.0070711 0.248647 0.010144 -0.0070711 0.248647 0.010144 0.0070711 0.248647 0.012144 -0.0070711 0.248647 0.012144 0.0070711 0.248922 -0.0411 -0.027538 0.248922 -0.0411 0.027538 0.248922 -0.0161 -0.027538 0.248922 -0.0161 0.027538 0.249107 0.012144 -0.0326729 0.249107 0.012144 0.0326729 0.249107 0.037144 -0.0326729 0.249107 0.037144 0.0326729 0.249275 -0.0411 -0.0043057 0.249275 -0.0411 0.0043057 0.249275 -0.0341 -0.0043057 0.249275 -0.0341 0.0043057 0.249275 0.030144 -0.0043057 0.249275 0.030144 0.0043057 0.249275 0.037144 -0.0043057 0.249275 0.037144 0.0043057 0.249893 -0.0411 -0.0277596 0.249893 -0.0411 0.0277596 0.249893 -0.0161 -0.0277596 0.249893 -0.0161 0.0277596 0.250163 -0.0161 -0.0083147 0.250163 -0.0161 0.0083147 0.250163 -0.0141 -0.0083147 0.250163 -0.0141 0.0083147 0.250163 0.010144 -0.0083147 0.250163 0.010144 0.0083147 0.250163 0.012144 -0.0083147 0.250163 0.012144 0.0083147 0.250238 -0.0411 -0.0054801 0.250238 -0.0411 0.0054801 0.250238 -0.0341 -0.0054801 0.250238 -0.0341 0.0054801 0.250238 0.030144 -0.0054801 0.250238 0.030144 0.0054801 0.250238 0.037144 -0.0054801 0.250238 0.037144 0.0054801 0.250468 -0.0341 -0 0.250468 -0.0161 0 0.250468 -0.0141 -0 0.250468 0.010144 0 0.250468 0.012144 0 0.250468 0.030144 0 0.250569 -0.0341 -0.0010242 0.250569 -0.0341 0.0010242 0.250569 -0.0161 -0.0010242 0.250569 -0.0161 0.0010242 0.250569 -0.0141 -0.0010242 0.250569 -0.0141 0.0010242 0.250569 0.010144 -0.0010242 0.250569 0.010144 0.0010242 0.250569 0.012144 -0.0010242 0.250569 0.012144 0.0010242 0.250569 0.030144 -0.0010242 0.250569 0.030144 0.0010242 0.250733 0.012144 -0.03296 0.250733 0.012144 0.03296 0.250733 0.037144 -0.03296 0.250733 0.037144 0.03296 0.2508 -0.0411 -0.028169 0.2508 -0.0411 0.028169 0.2508 -0.0161 -0.028169 0.2508 -0.0161 0.028169 0.250868 -0.0341 -0.0020091 0.250868 -0.0341 0.0020091 0.250868 -0.0161 -0.0020091 0.250868 -0.0161 0.0020091 0.250868 -0.0141 -0.0020091 0.250868 -0.0141 0.0020091 0.250868 0.010144 -0.0020091 0.250868 0.010144 0.0020091 0.250868 0.012144 -0.0020091 0.250868 0.012144 0.0020091 0.250868 0.030144 -0.0020091 0.250868 0.030144 0.0020091 0.250906 0.012144 -0.0319797 0.250906 0.012144 0.0319797 0.250906 0.037144 -0.0319797 0.250906 0.037144 0.0319797 0.251269 0.012144 -0.0310531 0.251269 0.012144 0.0310531 0.251269 0.037144 -0.0310531 0.251269 0.037144 0.0310531 0.251353 -0.0341 -0.0029167 0.251353 -0.0341 0.0029167 0.251353 -0.0161 -0.0029167 0.251353 -0.0161 0.0029167 0.251353 -0.0141 -0.0029167 0.251353 -0.0141 0.0029167 0.251353 0.010144 -0.0029167 0.251353 0.010144 0.0029167 0.251353 0.012144 -0.0029167 0.251353 0.012144 0.0029167 0.251353 0.030144 -0.0029167 0.251353 0.030144 0.0029167 0.251413 -0.0411 -0.0064439 0.251413 -0.0411 0.0064439 0.251413 -0.0341 -0.0064439 0.251413 -0.0341 0.0064439 0.251413 0.030144 -0.0064439 0.251413 0.030144 0.0064439 0.251413 0.037144 -0.0064439 0.251413 0.037144 0.0064439 0.251609 -0.0411 -0.02875 0.251609 -0.0411 0.02875 0.251609 -0.0161 -0.02875 0.251609 -0.0161 0.02875 0.25181 0.012144 -0.0302169 0.25181 0.012144 0.0302169 0.25181 0.037144 -0.0302169 0.25181 0.037144 0.0302169 0.251892 -0.0161 -0.0092388 0.251892 -0.0161 0.0092388 0.251892 -0.0141 -0.0092388 0.251892 -0.0141 0.0092388 0.251892 0.010144 -0.0092388 0.251892 0.010144 0.0092388 0.251892 0.012144 -0.0092388 0.251892 0.012144 0.0092388 0.252006 -0.0341 -0.0037123 0.252006 -0.0341 0.0037123 0.252006 -0.0161 -0.0037123 0.252006 -0.0161 0.0037123 0.252006 -0.0141 -0.0037123 0.252006 -0.0141 0.0037123 0.252006 0.010144 -0.0037123 0.252006 0.010144 0.0037123 0.252006 0.012144 -0.0037123 0.252006 0.012144 0.0037123 0.252006 0.030144 -0.0037123 0.252006 0.030144 0.0037123 0.252286 -0.0411 -0.0294797 0.252286 -0.0411 0.0294797 0.252286 -0.0161 -0.0294797 0.252286 -0.0161 0.0294797 0.252505 0.012144 -0.0295044 0.252505 0.012144 0.0295044 0.252505 0.037144 -0.0295044 0.252505 0.037144 0.0295044 0.252753 -0.0411 -0.0071601 0.252753 -0.0411 0.0071601 0.252753 -0.0341 -0.0071601 0.252753 -0.0341 0.0071601 0.252753 0.030144 -0.0071601 0.252753 0.030144 0.0071601 0.252753 0.037144 -0.0071601 0.252753 0.037144 0.0071601 0.252802 -0.0341 -0.0043652 0.252802 -0.0341 0.0043652 0.252802 -0.0161 -0.0043652 0.252802 -0.0161 0.0043652 0.252802 -0.0141 -0.0043652 0.252802 -0.0141 0.0043652 0.252802 0.010144 -0.0043652 0.252802 0.010144 0.0043652 0.252802 0.012144 -0.0043652 0.252802 0.012144 0.0043652 0.252802 0.030144 -0.0043652 0.252802 0.030144 0.0043652 0.252805 -0.0411 -0.0303291 0.252805 -0.0411 0.0303291 0.252805 -0.0161 -0.0303291 0.252805 -0.0161 0.0303291 0.253146 -0.0411 -0.0312645 0.253146 -0.0411 0.0312645 0.253146 -0.0161 -0.0312645 0.253146 -0.0161 0.0312645 0.253245 -0.0411 -0.0332431 0.253245 -0.0411 0.0332431 0.253245 -0.0161 -0.0332431 0.253245 -0.0161 0.0332431 0.253294 -0.0411 -0.0322488 0.253294 -0.0411 0.0322488 0.253294 -0.0161 -0.0322488 0.253294 -0.0161 0.0322488 0.253327 0.012144 -0.0289437 0.253327 0.012144 0.0289437 0.253327 0.037144 -0.0289437 0.253327 0.037144 0.0289437 0.253709 -0.0341 -0.0048504 0.253709 -0.0341 0.0048504 0.253709 -0.0161 -0.0048504 0.253709 -0.0161 0.0048504 0.253709 -0.0141 -0.0048504 0.253709 -0.0141 0.0048504 0.253709 0.010144 -0.0048504 0.253709 0.010144 0.0048504 0.253709 0.012144 -0.0048504 0.253709 0.012144 0.0048504 0.253709 0.030144 -0.0048504 0.253709 0.030144 0.0048504 0.253767 -0.0161 -0.0098079 0.253767 -0.0161 0.0098079 0.253767 -0.0141 -0.0098079 0.253767 -0.0141 0.0098079 0.253767 0.010144 -0.0098079 0.253767 0.010144 0.0098079 0.253767 0.012144 -0.0098079 0.253767 0.012144 0.0098079 0.254207 -0.0411 -0.0076011 0.254207 -0.0411 0.0076011 0.254207 -0.0341 -0.0076011 0.254207 -0.0341 0.0076011 0.254207 0.030144 -0.0076011 0.254207 0.030144 0.0076011 0.254207 0.037144 -0.0076011 0.254207 0.037144 0.0076011 0.254245 0.012144 -0.0285571 0.254245 0.012144 0.0285571 0.254245 0.037144 -0.0285571 0.254245 0.037144 0.0285571 0.254694 -0.0341 -0.0051491 0.254694 -0.0341 0.0051491 0.254694 -0.0161 -0.0051491 0.254694 -0.0161 0.0051491 0.254694 -0.0141 -0.0051491 0.254694 -0.0141 0.0051491 0.254694 0.010144 -0.0051491 0.254694 0.010144 0.0051491 0.254694 0.012144 -0.0051491 0.254694 0.012144 0.0051491 0.254694 0.030144 -0.0051491 0.254694 0.030144 0.0051491 0.254893 -0.0411 -0.0333248 0.254893 -0.0411 0.0333248 0.254893 -0.0161 -0.0333248 0.254893 -0.0161 0.0333248 0.255221 0.012144 -0.0283598 0.255221 0.012144 0.0283598 0.255221 0.037144 -0.0283598 0.255221 0.037144 0.0283598 0.255718 -0.0411 -0.00775 0.255718 -0.0411 0.00775 0.255718 -0.0341 -0.00775 0.255718 -0.0341 -0.00525 0.255718 -0.0341 0.00525 0.255718 -0.0341 0.00775 0.255718 -0.0161 -0.01 0.255718 -0.0161 -0.00525 0.255718 -0.0161 0.00525 0.255718 -0.0161 0.01 0.255718 -0.0141 -0.01 0.255718 -0.0141 -0.00525 0.255718 -0.0141 0.00525 0.255718 -0.0141 0.01 0.255718 0.010144 -0.01 0.255718 0.010144 -0.00525 0.255718 0.010144 0.00525 0.255718 0.010144 0.01 0.255718 0.012144 -0.01 0.255718 0.012144 -0.00525 0.255718 0.012144 0.00525 0.255718 0.012144 0.01 0.255718 0.030144 -0.00775 0.255718 0.030144 -0.00525 0.255718 0.030144 0.00525 0.255718 0.030144 0.00775 0.255718 0.037144 -0.00775 0.255718 0.037144 0.00775 0.256216 0.012144 -0.0283598 0.256216 0.012144 0.0283598 0.256216 0.037144 -0.0283598 0.256216 0.037144 0.0283598 0.256543 -0.0411 -0.0333248 0.256543 -0.0411 0.0333248 0.256543 -0.0161 -0.0333248 0.256543 -0.0161 0.0333248 0.256743 -0.0341 -0.0051491 0.256743 -0.0341 0.0051491 0.256743 -0.0161 -0.0051491 0.256743 -0.0161 0.0051491 0.256743 -0.0141 -0.0051491 0.256743 -0.0141 0.0051491 0.256743 0.010144 -0.0051491 0.256743 0.010144 0.0051491 0.256743 0.012144 -0.0051491 0.256743 0.012144 0.0051491 0.256743 0.030144 -0.0051491 0.256743 0.030144 0.0051491 0.257192 0.012144 -0.0285571 0.257192 0.012144 0.0285571 0.257192 0.037144 -0.0285571 0.257192 0.037144 0.0285571 0.25723 -0.0411 -0.0076011 0.25723 -0.0411 0.0076011 0.25723 -0.0341 -0.0076011 0.25723 -0.0341 0.0076011 0.25723 0.030144 -0.0076011 0.25723 0.030144 0.0076011 0.25723 0.037144 -0.0076011 0.25723 0.037144 0.0076011 0.257669 -0.0161 -0.0098079 0.257669 -0.0161 0.0098079 0.257669 -0.0141 -0.0098079 0.257669 -0.0141 0.0098079 0.257669 0.010144 -0.0098079 0.257669 0.010144 0.0098079 0.257669 0.012144 -0.0098079 0.257669 0.012144 0.0098079 0.257727 -0.0341 -0.0048504 0.257727 -0.0341 0.0048504 0.257727 -0.0161 -0.0048504 0.257727 -0.0161 0.0048504 0.257727 -0.0141 -0.0048504 0.257727 -0.0141 0.0048504 0.257727 0.010144 -0.0048504 0.257727 0.010144 0.0048504 0.257727 0.012144 -0.0048504 0.257727 0.012144 0.0048504 0.257727 0.030144 -0.0048504 0.257727 0.030144 0.0048504 0.258109 0.012144 -0.0289437 0.258109 0.012144 0.0289437 0.258109 0.037144 -0.0289437 0.258109 0.037144 0.0289437 0.258142 -0.0411 -0.0322488 0.258142 -0.0411 0.0322488 0.258142 -0.0161 -0.0322488 0.258142 -0.0161 0.0322488 0.258192 -0.0411 -0.0332431 0.258192 -0.0411 0.0332431 0.258192 -0.0161 -0.0332431 0.258192 -0.0161 0.0332431 0.258291 -0.0411 -0.0312645 0.258291 -0.0411 0.0312645 0.258291 -0.0161 -0.0312645 0.258291 -0.0161 0.0312645 0.258632 -0.0411 -0.0303291 0.258632 -0.0411 0.0303291 0.258632 -0.0161 -0.0303291 0.258632 -0.0161 0.0303291 0.258635 -0.0341 -0.0043652 0.258635 -0.0341 0.0043652 0.258635 -0.0161 -0.0043652 0.258635 -0.0161 0.0043652 0.258635 -0.0141 -0.0043652 0.258635 -0.0141 0.0043652 0.258635 0.010144 -0.0043652 0.258635 0.010144 0.0043652 0.258635 0.012144 -0.0043652 0.258635 0.012144 0.0043652 0.258635 0.030144 -0.0043652 0.258635 0.030144 0.0043652 0.258684 -0.0411 -0.0071601 0.258684 -0.0411 0.0071601 0.258684 -0.0341 -0.0071601 0.258684 -0.0341 0.0071601 0.258684 0.030144 -0.0071601 0.258684 0.030144 0.0071601 0.258684 0.037144 -0.0071601 0.258684 0.037144 0.0071601 0.258932 0.012144 -0.0295044 0.258932 0.012144 0.0295044 0.258932 0.037144 -0.0295044 0.258932 0.037144 0.0295044 0.259151 -0.0411 -0.0294797 0.259151 -0.0411 0.0294797 0.259151 -0.0161 -0.0294797 0.259151 -0.0161 0.0294797 0.259431 -0.0341 -0.0037123 0.259431 -0.0341 0.0037123 0.259431 -0.0161 -0.0037123 0.259431 -0.0161 0.0037123 0.259431 -0.0141 -0.0037123 0.259431 -0.0141 0.0037123 0.259431 0.010144 -0.0037123 0.259431 0.010144 0.0037123 0.259431 0.012144 -0.0037123 0.259431 0.012144 0.0037123 0.259431 0.030144 -0.0037123 0.259431 0.030144 0.0037123 0.259545 -0.0161 -0.0092388 0.259545 -0.0161 0.0092388 0.259545 -0.0141 -0.0092388 0.259545 -0.0141 0.0092388 0.259545 0.010144 -0.0092388 0.259545 0.010144 0.0092388 0.259545 0.012144 -0.0092388 0.259545 0.012144 0.0092388 0.259627 0.012144 -0.0302169 0.259627 0.012144 0.0302169 0.259627 0.037144 -0.0302169 0.259627 0.037144 0.0302169 0.259828 -0.0411 -0.02875 0.259828 -0.0411 0.02875 0.259828 -0.0161 -0.02875 0.259828 -0.0161 0.02875 0.260024 -0.0411 -0.0064439 0.260024 -0.0411 0.0064439 0.260024 -0.0341 -0.0064439 0.260024 -0.0341 0.0064439 0.260024 0.030144 -0.0064439 0.260024 0.030144 0.0064439 0.260024 0.037144 -0.0064439 0.260024 0.037144 0.0064439 0.260084 -0.0341 -0.0029167 0.260084 -0.0341 0.0029167 0.260084 -0.0161 -0.0029167 0.260084 -0.0161 0.0029167 0.260084 -0.0141 -0.0029167 0.260084 -0.0141 0.0029167 0.260084 0.010144 -0.0029167 0.260084 0.010144 0.0029167 0.260084 0.012144 -0.0029167 0.260084 0.012144 0.0029167 0.260084 0.030144 -0.0029167 0.260084 0.030144 0.0029167 0.260167 0.012144 -0.0310531 0.260167 0.012144 0.0310531 0.260167 0.037144 -0.0310531 0.260167 0.037144 0.0310531 0.260531 0.012144 -0.0319797 0.260531 0.012144 0.0319797 0.260531 0.037144 -0.0319797 0.260531 0.037144 0.0319797 0.260569 -0.0341 -0.0020091 0.260569 -0.0341 0.0020091 0.260569 -0.0161 -0.0020091 0.260569 -0.0161 0.0020091 0.260569 -0.0141 -0.0020091 0.260569 -0.0141 0.0020091 0.260569 0.010144 -0.0020091 0.260569 0.010144 0.0020091 0.260569 0.012144 -0.0020091 0.260569 0.012144 0.0020091 0.260569 0.030144 -0.0020091 0.260569 0.030144 0.0020091 0.260636 -0.0411 -0.028169 0.260636 -0.0411 0.028169 0.260636 -0.0161 -0.028169 0.260636 -0.0161 0.028169 0.260704 0.012144 -0.03296 0.260704 0.012144 0.03296 0.260704 0.037144 -0.03296 0.260704 0.037144 0.03296 0.260867 -0.0341 -0.0010242 0.260867 -0.0341 0.0010242 0.260867 -0.0161 -0.0010242 0.260867 -0.0161 0.0010242 0.260867 -0.0141 -0.0010242 0.260867 -0.0141 0.0010242 0.260867 0.010144 -0.0010242 0.260867 0.010144 0.0010242 0.260867 0.012144 -0.0010242 0.260867 0.012144 0.0010242 0.260867 0.030144 -0.0010242 0.260867 0.030144 0.0010242 0.260968 -0.0341 0 0.260968 -0.0161 0 0.260968 -0.0141 0 0.260968 0.010144 0 0.260968 0.012144 0 0.260968 0.030144 0 0.261199 -0.0411 -0.0054801 0.261199 -0.0411 0.0054801 0.261199 -0.0341 -0.0054801 0.261199 -0.0341 0.0054801 0.261199 0.030144 -0.0054801 0.261199 0.030144 0.0054801 0.261199 0.037144 -0.0054801 0.261199 0.037144 0.0054801 0.261274 -0.0161 -0.0083147 0.261274 -0.0161 0.0083147 0.261274 -0.0141 -0.0083147 0.261274 -0.0141 0.0083147 0.261274 0.010144 -0.0083147 0.261274 0.010144 0.0083147 0.261274 0.012144 -0.0083147 0.261274 0.012144 0.0083147 0.261544 -0.0411 -0.0277596 0.261544 -0.0411 0.0277596 0.261544 -0.0161 -0.0277596 0.261544 -0.0161 0.0277596 0.262162 -0.0411 -0.0043057 0.262162 -0.0411 0.0043057 0.262162 -0.0341 -0.0043057 0.262162 -0.0341 0.0043057 0.262162 0.030144 -0.0043057 0.262162 0.030144 0.0043057 0.262162 0.037144 -0.0043057 0.262162 0.037144 0.0043057 0.262329 0.012144 -0.0326729 0.262329 0.012144 0.0326729 0.262329 0.037144 -0.0326729 0.262329 0.037144 0.0326729 0.262514 -0.0411 -0.027538 0.262514 -0.0411 0.027538 0.262514 -0.0161 -0.027538 0.262514 -0.0161 0.027538 0.26279 -0.0161 -0.0070711 0.26279 -0.0161 0.0070711 0.26279 -0.0141 -0.0070711 0.26279 -0.0141 0.0070711 0.26279 0.010144 -0.0070711 0.26279 0.010144 0.0070711 0.26279 0.012144 -0.0070711 0.26279 0.012144 0.0070711 0.262879 -0.0411 -0.0029658 0.262879 -0.0411 0.0029658 0.262879 -0.0341 -0.0029658 0.262879 -0.0341 0.0029658 0.262879 0.030144 -0.0029658 0.262879 0.030144 0.0029658 0.262879 0.037144 -0.0029658 0.262879 0.037144 0.0029658 0.263319 -0.0411 -0.0015119 0.263319 -0.0411 0.0015119 0.263319 -0.0341 -0.0015119 0.263319 -0.0341 0.0015119 0.263319 0.030144 -0.0015119 0.263319 0.030144 0.0015119 0.263319 0.037144 -0.0015119 0.263319 0.037144 0.0015119 0.263468 -0.0411 -0 0.263468 -0.0341 0 0.263468 0.030144 0 0.263468 0.037144 0 0.26351 -0.0411 -0.0275132 0.26351 -0.0411 0.0275132 0.26351 -0.0161 -0.0275132 0.26351 -0.0161 0.0275132 0.263938 0.012144 -0.0323057 0.263938 0.012144 0.0323057 0.263938 0.037144 -0.0323057 0.263938 0.037144 0.0323057 0.264033 -0.0161 -0.0055557 0.264033 -0.0161 0.0055557 0.264033 -0.0141 -0.0055557 0.264033 -0.0141 0.0055557 0.264033 0.010144 -0.0055557 0.264033 0.010144 0.0055557 0.264033 0.012144 -0.0055557 0.264033 0.012144 0.0055557 0.26449 -0.0411 -0.027686 0.26449 -0.0411 0.027686 0.26449 -0.0161 -0.027686 0.26449 -0.0161 0.027686 0.264957 -0.0161 -0.0038268 0.264957 -0.0161 0.0038268 0.264957 -0.0141 -0.0038268 0.264957 -0.0141 0.0038268 0.264957 0.010144 -0.0038268 0.264957 0.010144 0.0038268 0.264957 0.012144 -0.0038268 0.264957 0.012144 0.0038268 0.265184 0.012144 -0.0299082 0.265184 0.012144 0.0299082 0.265184 0.037144 -0.0299082 0.265184 0.037144 0.0299082 0.265258 0.012144 -0.0309009 0.265258 0.012144 0.0309009 0.265258 0.037144 -0.0309009 0.265258 0.037144 0.0309009 0.265307 0.012144 -0.0289204 0.265307 0.012144 0.0289204 0.265307 0.037144 -0.0289204 0.265307 0.037144 0.0289204 0.265417 -0.0411 -0.0280496 0.265417 -0.0411 0.0280496 0.265417 -0.0161 -0.0280496 0.265417 -0.0161 0.0280496 0.265526 -0.0161 -0.0019509 0.265526 -0.0161 0.0019509 0.265526 -0.0141 -0.0019509 0.265526 -0.0141 0.0019509 0.265526 0.010144 -0.0019509 0.265526 0.010144 0.0019509 0.265526 0.012144 -0.0019509 0.265526 0.012144 0.0019509 0.265527 0.012144 -0.0318593 0.265527 0.012144 0.0318593 0.265527 0.037144 -0.0318593 0.265527 0.037144 0.0318593 0.265625 0.012144 -0.0279768 0.265625 0.012144 0.0279768 0.265625 0.037144 -0.0279768 0.265625 0.037144 0.0279768 0.265718 -0.0161 0 0.265718 -0.0141 0 0.265718 0.010144 0 0.265718 0.012144 0 0.266122 0.012144 -0.0271147 0.266122 0.012144 0.0271147 0.266122 0.037144 -0.0271147 0.266122 0.037144 0.0271147 0.266253 -0.0411 -0.0285896 0.266253 -0.0411 0.0285896 0.266253 -0.0161 -0.0285896 0.266253 -0.0161 0.0285896 0.266781 0.012144 -0.0263684 0.266781 0.012144 0.0263684 0.266781 0.037144 -0.0263684 0.266781 0.037144 0.0263684 0.266966 -0.0411 -0.0292845 0.266966 -0.0411 0.0292845 0.266966 -0.0161 -0.0292845 0.266966 -0.0161 0.0292845 0.267527 -0.0411 -0.0301069 0.267527 -0.0411 0.0301069 0.267527 -0.0161 -0.0301069 0.267527 -0.0161 0.0301069 0.267575 0.012144 -0.0257673 0.267575 0.012144 0.0257673 0.267575 0.037144 -0.0257673 0.267575 0.037144 0.0257673 0.267914 -0.0411 -0.0310242 0.267914 -0.0411 0.0310242 0.267914 -0.0161 -0.0310242 0.267914 -0.0161 0.0310242 0.268472 0.012144 -0.0253354 0.268472 0.012144 0.0253354 0.268472 0.037144 -0.0253354 0.268472 0.037144 0.0253354 0.269434 -0.0411 -0.0303826 0.269434 -0.0411 0.0303826 0.269434 -0.0161 -0.0303826 0.269434 -0.0161 0.0303826 0.269436 0.012144 -0.0250897 0.269436 0.012144 0.0250897 0.269436 0.037144 -0.0250897 0.269436 0.037144 0.0250897 0.270431 0.012144 -0.02504 0.270431 0.012144 0.02504 0.270431 0.037144 -0.02504 0.270431 0.037144 0.02504 0.270921 -0.0411 -0.0296666 0.270921 -0.0411 0.0296666 0.270921 -0.0161 -0.0296666 0.270921 -0.0161 0.0296666 0.271415 0.012144 -0.0251883 0.271415 0.012144 0.0251883 0.271415 0.037144 -0.0251883 0.271415 0.037144 0.0251883 0.271502 -0.0411 -0.0260616 0.271502 -0.0411 0.0260616 0.271502 -0.0161 -0.0260616 0.271502 -0.0161 0.0260616 0.271601 -0.0411 -0.0270521 0.271601 -0.0411 0.0270521 0.271601 -0.0161 -0.0270521 0.271601 -0.0161 0.0270521 0.271602 -0.0411 -0.025071 0.271602 -0.0411 0.025071 0.271602 -0.0161 -0.025071 0.271602 -0.0161 0.025071 0.271895 -0.0411 -0.0280035 0.271895 -0.0411 0.0280035 0.271895 -0.0161 -0.0280035 0.271895 -0.0161 0.0280035 0.271895 -0.0411 -0.0241198 0.271895 -0.0411 0.0241198 0.271895 -0.0161 -0.0241198 0.271895 -0.0161 0.0241198 0.272351 0.012144 -0.0255286 0.272351 0.012144 0.0255286 0.272351 0.037144 -0.0255286 0.272351 0.037144 0.0255286 0.272371 -0.0411 -0.0288779 0.272371 -0.0411 0.0288779 0.272371 -0.0161 -0.0288779 0.272371 -0.0161 0.0288779 0.272371 -0.0411 -0.0232455 0.272371 -0.0411 0.0232455 0.272371 -0.0161 -0.0232455 0.272371 -0.0161 0.0232455 0.273011 -0.0411 -0.022483 0.273011 -0.0411 0.022483 0.273011 -0.0161 -0.022483 0.273011 -0.0161 0.022483 0.2732 0.012144 -0.0260475 0.2732 0.012144 0.0260475 0.2732 0.037144 -0.0260475 0.2732 0.037144 0.0260475 0.27379 -0.0411 -0.0218623 0.27379 -0.0411 0.0218623 0.27379 -0.0161 -0.0218623 0.27379 -0.0161 0.0218623 0.27393 0.012144 -0.0267245 0.27393 0.012144 0.0267245 0.27393 0.037144 -0.0267245 0.27393 0.037144 0.0267245 0.274511 0.012144 -0.0275326 0.274511 0.012144 0.0275326 0.274511 0.037144 -0.0275326 0.274511 0.037144 0.0275326 0.274676 -0.0411 -0.0214081 0.274676 -0.0411 0.0214081 0.274676 -0.0161 -0.0214081 0.274676 -0.0161 0.0214081 0.275634 -0.0411 -0.0211384 0.275634 -0.0411 0.0211384 0.275634 -0.0161 -0.0211384 0.275634 -0.0161 0.0211384 0.275851 0.012144 -0.0265688 0.275851 0.012144 0.0265688 0.275851 0.037144 -0.0265688 0.275851 0.037144 0.0265688 0.276626 -0.0411 -0.0210639 0.276626 -0.0411 0.0210639 0.276626 -0.0161 -0.0210639 0.276626 -0.0161 0.0210639 0.276782 0.012144 -0.0209081 0.276782 0.012144 0.0209081 0.276782 0.037144 -0.0209081 0.276782 0.037144 0.0209081 0.276857 0.012144 -0.0199154 0.276857 0.012144 0.0199154 0.276857 0.037144 -0.0199154 0.276857 0.037144 0.0199154 0.276906 0.012144 -0.0218959 0.276906 0.012144 0.0218959 0.276906 0.037144 -0.0218959 0.276906 0.037144 0.0218959 0.277126 0.012144 -0.0189571 0.277126 0.012144 0.0189571 0.277126 0.037144 -0.0189571 0.277126 0.037144 0.0189571 0.277141 0.012144 -0.0255399 0.277141 0.012144 0.0255399 0.277141 0.037144 -0.0255399 0.277141 0.037144 0.0255399 0.277223 0.012144 -0.0228396 0.277223 0.012144 0.0228396 0.277223 0.037144 -0.0228396 0.277223 0.037144 0.0228396 0.277581 0.012144 -0.0180712 0.277581 0.012144 0.0180712 0.277581 0.037144 -0.0180712 0.277581 0.037144 0.0180712 0.277614 -0.0411 -0.0211875 0.277614 -0.0411 0.0211875 0.277614 -0.0161 -0.0211875 0.277614 -0.0161 0.0211875 0.27772 0.012144 -0.0237018 0.27772 0.012144 0.0237018 0.27772 0.037144 -0.0237018 0.27772 0.037144 0.0237018 0.278201 0.012144 -0.0172929 0.278201 0.012144 0.0172929 0.278201 0.037144 -0.0172929 0.278201 0.037144 0.0172929 0.278379 0.012144 -0.0244484 0.278379 0.012144 0.0244484 0.278379 0.037144 -0.0244484 0.278379 0.037144 0.0244484 0.278558 -0.0411 -0.0215044 0.278558 -0.0411 0.0215044 0.278558 -0.0161 -0.0215044 0.278558 -0.0161 0.0215044 0.278964 0.012144 -0.016653 0.278964 0.012144 0.016653 0.278964 0.037144 -0.016653 0.278964 0.037144 0.016653 0.27942 -0.0411 -0.022002 0.27942 -0.0411 0.022002 0.27942 -0.0161 -0.022002 0.27942 -0.0161 0.022002 0.279838 0.012144 -0.0161768 0.279838 0.012144 0.0161768 0.279838 0.037144 -0.0161768 0.279838 0.037144 0.0161768 0.280167 -0.0411 -0.0226605 0.280167 -0.0411 0.0226605 0.280167 -0.0161 -0.0226605 0.280167 -0.0161 0.0226605 0.280758 -0.0411 -0.0147123 0.280758 -0.0411 0.0147123 0.280758 -0.0161 -0.0147123 0.280758 -0.0161 0.0147123 0.280789 0.012144 -0.0158833 0.280789 0.012144 0.0158833 0.280789 0.037144 -0.0158833 0.280789 0.037144 0.0158833 0.280808 -0.0411 -0.013718 0.280808 -0.0411 0.013718 0.280808 -0.0161 -0.013718 0.280808 -0.0161 0.013718 0.280907 -0.0411 -0.0156967 0.280907 -0.0411 0.0156967 0.280907 -0.0161 -0.0156967 0.280907 -0.0161 0.0156967 0.281054 -0.0411 -0.0127533 0.281054 -0.0411 0.0127533 0.281054 -0.0161 -0.0127533 0.281054 -0.0161 0.0127533 0.281247 -0.0411 -0.0166322 0.281247 -0.0411 0.0166322 0.281247 -0.0161 -0.0166322 0.281247 -0.0161 0.0166322 0.281258 -0.0411 -0.0214228 0.281258 -0.0411 0.0214228 0.281258 -0.0161 -0.0214228 0.281258 -0.0161 0.0214228 0.281486 -0.0411 -0.0118564 0.281486 -0.0411 0.0118564 0.281486 -0.0161 -0.0118564 0.281486 -0.0161 0.0118564 0.281766 -0.0411 -0.0174818 0.281766 -0.0411 0.0174818 0.281766 -0.0161 -0.0174818 0.281766 -0.0161 0.0174818 0.28178 0.012144 -0.015784 0.28178 0.012144 0.015784 0.28178 0.037144 -0.015784 0.28178 0.037144 0.015784 0.282087 -0.0411 -0.0110628 0.282087 -0.0411 0.0110628 0.282087 -0.0161 -0.0110628 0.282087 -0.0161 0.0110628 0.282287 -0.0411 -0.0201325 0.282287 -0.0411 0.0201325 0.282287 -0.0161 -0.0201325 0.282287 -0.0161 0.0201325 0.282443 -0.0411 -0.0182117 0.282443 -0.0411 0.0182117 0.282443 -0.0161 -0.0182117 0.282443 -0.0161 0.0182117 0.28277 0.012144 -0.015883 0.28277 0.012144 0.015883 0.28277 0.037144 -0.015883 0.28277 0.037144 0.015883 0.282833 -0.0411 -0.0104041 0.282833 -0.0411 0.0104041 0.282833 -0.0161 -0.0104041 0.282833 -0.0161 0.0104041 0.283232 0.012144 -0.0077911 0.283232 0.012144 0.0077911 0.283232 0.037144 -0.0077911 0.283232 0.037144 0.0077911 0.283251 -0.0411 -0.018793 0.283251 -0.0411 0.018793 0.283251 -0.0161 -0.018793 0.283251 -0.0161 0.018793 0.283256 0.012144 -0.0067959 0.283256 0.012144 0.0067959 0.283256 0.037144 -0.0067959 0.283256 0.037144 0.0067959 0.283404 0.012144 -0.0087715 0.283404 0.012144 0.0087715 0.283404 0.037144 -0.0087715 0.283404 0.037144 0.0087715 0.283478 0.012144 -0.0058254 0.283478 0.012144 0.0058254 0.283478 0.037144 -0.0058254 0.283478 0.037144 0.0058254 0.283695 -0.0411 -0.0099062 0.283695 -0.0411 0.0099062 0.283695 -0.0161 -0.0099062 0.283695 -0.0161 0.0099062 0.283722 0.012144 -0.0161762 0.283722 0.012144 0.0161762 0.283722 0.037144 -0.0161762 0.283722 0.037144 0.0161762 0.283768 0.012144 -0.0096982 0.283768 0.012144 0.0096982 0.283768 0.037144 -0.0096982 0.283768 0.037144 0.0096982 0.283887 0.012144 -0.004918 0.283887 0.012144 0.004918 0.283887 0.037144 -0.004918 0.283887 0.037144 0.004918 0.284078 -0.0411 -0.0004978 0.284078 -0.0411 0.0004978 0.284078 -0.0161 -0.0004978 0.284078 -0.0161 0.0004978 0.284276 -0.0411 -0.0014735 0.284276 -0.0411 0.0014735 0.284276 -0.0161 -0.0014735 0.284276 -0.0161 0.0014735 0.284308 0.012144 -0.0105346 0.284308 0.012144 0.0105346 0.284308 0.037144 -0.0105346 0.284308 0.037144 0.0105346 0.284468 0.012144 -0.0041096 0.284468 0.012144 0.0041096 0.284468 0.037144 -0.0041096 0.284468 0.037144 0.0041096 0.284596 0.012144 -0.0166521 0.284596 0.012144 0.0166521 0.284596 0.037144 -0.0166521 0.284596 0.037144 0.0166521 0.284639 -0.0411 -0.0095891 0.284639 -0.0411 0.0095891 0.284639 -0.0161 -0.0095891 0.284639 -0.0161 0.0095891 0.284662 -0.0411 -0.0023909 0.284662 -0.0411 0.0023909 0.284662 -0.0161 -0.0023909 0.284662 -0.0161 0.0023909 0.285003 0.012144 -0.0112473 0.285003 0.012144 0.0112473 0.285003 0.037144 -0.0112473 0.285003 0.037144 0.0112473 0.285198 0.012144 -0.0034324 0.285198 0.012144 0.0034324 0.285198 0.037144 -0.0034324 0.285198 0.037144 0.0034324 0.285223 -0.0411 -0.0032135 0.285223 -0.0411 0.0032135 0.285223 -0.0161 -0.0032135 0.285223 -0.0161 0.0032135 0.285385 0.012144 -0.0152025 0.285385 0.012144 0.0152025 0.285385 0.037144 -0.0152025 0.285385 0.037144 0.0152025 0.285627 -0.0411 -0.0094651 0.285627 -0.0411 0.0094651 0.285627 -0.0161 -0.0094651 0.285627 -0.0161 0.0094651 0.285825 0.012144 -0.0118083 0.285825 0.012144 0.0118083 0.285825 0.037144 -0.0118083 0.285825 0.037144 0.0118083 0.285935 -0.0411 -0.0039087 0.285935 -0.0411 0.0039087 0.285935 -0.0161 -0.0039087 0.285935 -0.0161 0.0039087 0.286048 0.012144 -0.0029132 0.286048 0.012144 0.0029132 0.286048 0.037144 -0.0029132 0.286048 0.037144 0.0029132 0.286101 0.012144 -0.0137157 0.286101 0.012144 0.0137157 0.286101 0.037144 -0.0137157 0.286101 0.037144 0.0137157 0.286619 -0.0411 -0.0095393 0.286619 -0.0411 0.0095393 0.286619 -0.0161 -0.0095393 0.286619 -0.0161 0.0095393 0.286743 0.012144 -0.0121952 0.286743 0.012144 0.0121952 0.286743 0.037144 -0.0121952 0.286743 0.037144 0.0121952 0.286772 -0.0411 -0.0044489 0.286772 -0.0411 0.0044489 0.286772 -0.0161 -0.0044489 0.286772 -0.0161 0.0044489 0.286983 0.012144 -0.0025726 0.286983 0.012144 0.0025726 0.286983 0.037144 -0.0025726 0.286983 0.037144 0.0025726 0.287578 -0.0411 -0.0098087 0.287578 -0.0411 0.0098087 0.287578 -0.0161 -0.0098087 0.287578 -0.0161 0.0098087 0.287698 -0.0411 -0.0048128 0.287698 -0.0411 0.0048128 0.287698 -0.0161 -0.0048128 0.287698 -0.0161 0.0048128 0.287967 0.012144 -0.002424 0.287967 0.012144 0.002424 0.287967 0.037144 -0.002424 0.287967 0.037144 0.002424 0.288024 -0.0411 -0.0082199 0.288024 -0.0411 0.0082199 0.288024 -0.0161 -0.0082199 0.288024 -0.0161 0.0082199 0.288391 -0.0411 -0.006611 0.288391 -0.0411 0.006611 0.288391 -0.0161 -0.006611 0.288391 -0.0161 0.006611 0.288678 -0.0411 -0.0049859 0.288678 -0.0411 0.0049859 0.288678 -0.0161 -0.0049859 0.288678 -0.0161 0.0049859 0.288961 0.012144 -0.0024734 0.288961 0.012144 0.0024734 0.288961 0.037144 -0.0024734 0.288961 0.037144 0.0024734 0.289043 0.012144 -0.0008251 0.289043 0.012144 0.0008251 0.289043 0.037144 -0.0008251 0.289043 0.037144 0.0008251</float_array>
   <technique_common><accessor source="#pa" count="1456" stride="3">
    <param name="X" type="float"/><param name="Y" type="float"/><param name="Z" type="float"/>
   </accessor></technique_common></source>
  <source id="n"><float_array id="na" count="9120">-0.0980171 -1.29239e-15 -0.995184 -0.0980171 8.63185e-16 -0.995184 -0.290285 -1.3624e-14 -0.95694 -0.290285 8.23017e-16 -0.95694 -0.471397 -2.34905e-14 -0.881921 -0.471397 -2.38932e-14 -0.881921 -0.634393 3.3524e-15 -0.77301 -0.634393 -3.28692e-14 -0.77301 -0.77301 5.0898e-15 -0.634393 -0.77301 2.72624e-15 -0.634393 -0.881921 5.41754e-15 -0.471397 -0.881921 3.78073e-15 -0.471397 -0.95694 4.28029e-15 -0.290285 -0.95694 3.34351e-15 -0.290285 -0.995184 1.61531e-15 -0.0980171 -0.995184 1.44671e-15 -0.0980171 -0.995184 -1.61388e-15 0.0980171 -0.995184 5.3416e-14 0.0980171 -0.95694 4.77093e-14 0.290285 -0.95694 -4.90974e-15 0.290285 -0.881921 -7.97298e-15 0.471397 -0.881921 -6.13307e-15 0.471397 -0.77301 -8.23017e-15 0.634393 -0.77301 -7.15323e-15 0.634393 -0.634393 -8.74455e-15 0.77301 -0.634393 2.78406e-14 0.77301 -0.471397 1.7772e-14 0.881921 -0.471397 -5.35461e-15 0.881921 -0.290285 -5.78684e-15 0.95694 -0.290285 -2.49004e-15 0.95694 -0.0980171 -2.58479e-15 0.995184 -0.0980171 8.63185e-16 0.995184 0.0980171 8.61596e-16 0.995184 0.0980171 2.58955e-15 0.995184 0.290285 2.49477e-15 0.95694 0.290285 5.81009e-15 0.95694 0.471397 5.34961e-15 0.881921 0.471397 8.41439e-15 0.881921 0.634393 7.35571e-15 0.77301 0.634393 8.71623e-15 0.77301 0.77301 8.25372e-15 0.634393 0.77301 7.14996e-15 0.634393 0.881921 7.76855e-15 0.471397 0.881921 6.12119e-15 0.471397 0.95694 4.90974e-15 0.290285 0.95694 4.78379e-15 0.290285 0.995184 1.61531e-15 0.0980171 0.995184 1.65889e-15 0.0980171 0.995184 -1.44528e-15 -0.0980171 0.995184 -1.61388e-15 -0.0980171 0.95694 -3.33611e-15 -0.290285 0.95694 -4.2694e-15 -0.290285 0.881921 -3.78206e-15 -0.471397 0.881921 -5.42677e-15 -0.471397 0.77301 -3.85174e-15 -0.634393 0.77301 -5.09242e-15 -0.634393 0.634393 -3.68764e-15 -0.77301 0.634393 -4.73235e-15 -0.77301 0.471397 -7.64944e-16 -0.881921 0.471397 -4.21796e-15 -0.881921 0.290285 -8.30013e-16 -0.95694 0.290285 -8.23017e-16 -0.95694 0.0980171 -8.68026e-16 -0.995184 0.0980171 -1.29478e-15 -0.995184 0.0980171 1.72834e-15 0.995184 0.0980171 8.63185e-16 0.995184 0.290285 -8.30013e-16 0.95694 0.290285 8.10157e-16 0.95694 0.471397 1.52989e-15 0.881921 0.471397 -7.56147e-16 0.881921 0.634393 -6.7048e-16 0.77301 0.634393 1.35026e-15 0.77301 0.77301 -5.50248e-16 0.634393 0.77301 -5.40105e-16 0.634393 0.881921 4.08871e-16 0.471397 0.881921 -3.78073e-16 0.471397 0.95694 -2.51782e-16 0.290285 0.95694 2.70052e-16 0.290285 0.995184 -8.10157e-17 0.0980171 0.995184 8.50163e-17 0.0980171 0.995184 -8.10157e-17 -0.0980171 0.995184 -1.27524e-16 -0.0980171 0.95694 -3.78073e-16 -0.290285 0.95694 2.51782e-16 -0.290285 0.881921 3.78073e-16 -0.471397 0.881921 -4.08871e-16 -0.471397 0.77301 -5.40105e-16 -0.634393 0.77301 5.50248e-16 -0.634393 0.634393 7.02136e-16 -0.77301 0.634393 6.7048e-16 -0.77301 0.471397 7.56147e-16 -0.881921 0.471397 7.64945e-16 -0.881921 0.290285 8.10157e-16 -0.95694 0.290285 8.30013e-16 -0.95694 0.0980171 8.64168e-16 -0.995184 -0.0980171 8.63185e-16 -0.995184 0.0980171 8.63185e-16 -0.995184 -0.0980171 8.63185e-16 -0.995184 -0.290285 8.10157e-16 -0.95694 -0.290285 8.30013e-16 -0.95694 -0.471397 7.64945e-16 -0.881921 -0.471397 7.56147e-16 -0.881921 -0.634393 1.34096e-15 -0.77301 -0.634393 6.48126e-16 -0.77301 -0.77301 -1.1005e-15 -0.634393 -0.77301 1.08021e-15 -0.634393 -0.881921 -4.08871e-16 -0.471397 -0.881921 -8.10157e-16 -0.471397 -0.995184 -8.50163e-17 -0.0980171 -0.95694 -2.51782e-16 -0.290285 -0.95694 -2.70052e-16 -0.290285 -0.995184 -8.50163e-17 -0.0980171 -0.95694 2.51782e-16 0.290285 -0.995184 8.50163e-17 0.0980171 -0.995184 8.10157e-17 0.0980171 -0.95694 2.51782e-16 0.290285 -0.881921 4.08871e-16 0.471397 -0.881921 4.32084e-16 0.471397 -0.634393 -6.7048e-16 0.77301 -0.77301 -5.50248e-16 0.634393 -0.77301 5.40105e-16 0.634393 -0.634393 0 0.77301 -0.290285 -8.30013e-16 0.95694 -0.471397 -7.64945e-16 0.881921 -0.471397 0 0.881921 -0.290285 8.30013e-16 0.95694 -0.0980171 1.72637e-15 0.995184 -0.0980171 8.64168e-16 0.995184 0 1 0 0 1 0 0 1 0 0 1 0 0 1 0 0 1 0 0 1 0 0 1 0 0 1 0 0 1 0 0 1 0 0 1 0 0 1 0 0 1 0 0 1 0 0 1 0 0 1 0 0 1 0 0 1 0 0 1 0 0 1 0 0 1 0 0 1 0 0 1 0 0 1 0 0 1 0 0 1 0 0 1 0 0 1 0 0 1 0 0 1 0 0 1 0 1.006e-14 1 1.006e-14 -3.72487e-15 1 4.53877e-15 0 1 0 0 1 0 0 1 0 -2.76783e-15 1 5.17825e-15 -2.76783e-15 1 5.17825e-15 0 1 0 -1.70442e-15 1 5.61872e-15 -1.70442e-15 1 5.61872e-15 0 1 0 0 1 0 -5.75513e-16 1 5.84328e-15 5.75513e-16 1 5.84328e-15 -5.75513e-16 1 5.84328e-15 0 1 0 0 1 0 0 1 0 1.70442e-15 1 5.61872e-15 5.75513e-16 1 5.84328e-15 0 1 0 1.70442e-15 1 5.61872e-15 5.61872e-15 1 1.70442e-15 5.17825e-15 1 2.76783e-15 -2.77556e-15 1 1.39537e-14 2.76783e-15 1 5.17825e-15 2.76783e-15 1 5.17825e-15 4.53877e-15 1 3.72487e-15 5.17825e-15 1 2.76783e-15 3.72487e-15 1 4.53877e-15 3.72487e-15 1 4.53877e-15 4.53877e-15 1 3.72487e-15 0 -1 0 0 -1 0 -0 -1 0 0 -1 0 0 -1 -0 0 -1 0 -0 -1 0 -0 -1 0 0 -1 -0 0 -1 0 -0 -1 0 -0 -1 0 0 -1 -0 0 -1 -0 -0 -1 0 -0 -1 0 0 -1 -0 0 -1 -0 0 -1 0 0 -1 0 -0 -1 0 0 -1 0 0 -1 -0 -0 -1 0 0 -1 -0 0 -1 -0 0 -1 0 -0 -1 0 0 -1 -0 0 -1 -0 -0 -1 0 -0 -1 0 0 -1 -0 -1.006e-14 -1 -1.006e-14 3.72487e-15 -1 -4.53877e-15 -0 -1 0 0 -1 -0 2.76783e-15 -1 -5.17825e-15 2.76783e-15 -1 -5.17825e-15 0 -1 0 -0 -1 0 1.70442e-15 -1 -5.61872e-15 1.70442e-15 -1 -5.61872e-15 -0 -1 0 0 -1 0 -5.75513e-16 -1 -5.84328e-15 5.75513e-16 -1 -5.84328e-15 5.75513e-16 -1 -5.84328e-15 -0 -1 0 0 -1 0 -5.75513e-16 -1 -5.84328e-15 -0 -1 0 0 -1 -0 -1.70442e-15 -1 -5.61872e-15 -2.76783e-15 -1 -5.17825e-15 -1.70442e-15 -1 -5.61872e-15 -5.17825e-15 -1 -2.76783e-15 -1.74273e-16 -1 -1.48485e-14 -2.76783e-15 -1 -5.17825e-15 -5.17825e-15 -1 -2.76783e-15 -3.72487e-15 -1 -4.53877e-15 -4.53877e-15 -1 -3.72487e-15 -4.53877e-15 -1 -3.72487e-15 -3.72487e-15 -1 -4.53877e-15 -0.0980171 -8.61596e-16 -0.995184 -0.0980171 8.63185e-16 -0.995184 -0.290285 -1.3624e-14 -0.95694 -0.290285 8.23017e-16 -0.95694 -0.471397 -2.34905e-14 -0.881921 -0.471397 -2.38932e-14 -0.881921 -0.634393 3.52002e-15 -0.77301 -0.634393 -3.28692e-14 -0.77301 -0.77301 5.22736e-15 -0.634393 -0.77301 2.88056e-15 -0.634393 -0.881921 5.51976e-15 -0.471397 -0.881921 3.88361e-15 -0.471397 -0.95694 4.40618e-15 -0.290285 -0.95694 3.39494e-15 -0.290285 -0.995184 1.65782e-15 -0.0980171 -0.995184 1.48529e-15 -0.0980171 -0.995184 -1.65889e-15 0.0980171 -0.995184 5.3416e-14 0.0980171 -0.95694 4.77093e-14 0.290285 -0.95694 -4.90974e-15 0.290285 -0.881921 -7.97298e-15 0.471397 -0.881921 -6.13307e-15 0.471397 -0.77301 -8.23017e-15 0.634393 -0.77301 -7.70347e-15 0.634393 -0.634393 -9.41326e-15 0.77301 -0.634393 2.78406e-14 0.77301 -0.471397 1.77463e-14 0.881921 -0.471397 -4.58967e-15 0.881921 -0.290285 -4.96382e-15 0.95694 -0.290285 -1.66003e-15 0.95694 -0.0980171 -1.72319e-15 0.995184 -0.0980171 1.72637e-15 0.995184 0.0980171 1.72319e-15 0.995184 0.0980171 3.45274e-15 0.995184 0.290285 3.34351e-15 0.95694 0.290285 6.6401e-15 0.95694 0.471397 6.12119e-15 0.881921 0.471397 9.94428e-15 0.881921 0.634393 8.69312e-15 0.77301 0.634393 9.38671e-15 0.77301 0.77301 8.80397e-15 0.634393 0.77301 7.71578e-15 0.634393 0.881921 7.76855e-15 0.471397 0.881921 6.5327e-15 0.471397 0.95694 4.78385e-15 0.290285 0.95694 4.78379e-15 0.290285 0.995184 1.65782e-15 0.0980171 0.995184 1.62031e-15 0.0980171 0.995184 -1.48778e-15 -0.0980171 0.995184 -1.65889e-15 -0.0980171 0.95694 -3.27316e-15 -0.290285 0.95694 -4.42372e-15 -0.290285 0.881921 -3.67984e-15 -0.471397 0.881921 -5.32389e-15 -0.471397 0.77301 -3.85174e-15 -0.634393 0.77301 -4.9381e-15 -0.634393 0.634393 -3.3524e-15 -0.77301 0.634393 -4.73235e-15 -0.77301 0.471397 -7.64944e-16 -0.881921 0.471397 -3.83217e-15 -0.881921 0.290285 -8.30013e-16 -0.95694 0.290285 -8.23017e-16 -0.95694 0.0980171 -8.68026e-16 -0.995184 0.0980171 -8.63185e-16 -0.995184 0.0980171 0 0.995184 0.0980171 8.63185e-16 0.995184 0.290285 -8.30013e-16 0.95694 0.290285 8.10157e-16 0.95694 0.471397 0 0.881921 0.471397 -7.56147e-16 0.881921 0.634393 -6.7048e-16 0.77301 0.634393 0 0.77301 0.77301 -5.50248e-16 0.634393 0.77301 -5.40105e-16 0.634393 0.881921 3.06654e-16 0.471397 0.881921 -4.32084e-16 0.471397 0.95694 -2.51782e-16 0.290285 0.95694 2.16042e-16 0.290285 0.995184 -8.10157e-17 0.0980171 0.995184 8.50163e-17 0.0980171 0.995184 -8.10157e-17 -0.0980171 0.995184 -8.50163e-17 -0.0980171 0.95694 -2.16042e-16 -0.290285 0.95694 2.51782e-16 -0.290285 0.881921 4.32084e-16 -0.471397 0.881921 -8.17743e-16 -0.471397 0.77301 -1.08021e-15 -0.634393 0.77301 0 -0.634393 0.634393 0 -0.77301 0.634393 0 -0.77301 0.471397 0 -0.881921 0.471397 1.52989e-15 -0.881921 0.290285 1.67433e-15 -0.95694 0.290285 1.66003e-15 -0.95694 0.0980171 1.72834e-15 -0.995184 -0.0980171 1.72637e-15 -0.995184 0.0980171 1.72637e-15 -0.995184 -0.0980171 1.72637e-15 -0.995184 -0.290285 1.67433e-15 -0.95694 -0.290285 1.66003e-15 -0.95694 -0.471397 1.52989e-15 -0.881921 -0.471397 1.5663e-15 -0.881921 -0.634393 1.34096e-15 -0.77301 -0.634393 1.35026e-15 -0.77301 -0.77301 -1.1005e-15 -0.634393 -0.77301 1.08021e-15 -0.634393 -0.881921 -4.08871e-16 -0.471397 -0.881921 -8.10157e-16 -0.471397 -0.995184 -8.50163e-17 -0.0980171 -0.95694 -2.51782e-16 -0.290285 -0.95694 -2.70052e-16 -0.290285 -0.995184 -8.50163e-17 -0.0980171 -0.95694 2.51782e-16 0.290285 -0.995184 8.50163e-17 0.0980171 -0.995184 8.10157e-17 0.0980171 -0.95694 1.88836e-16 0.290285 -0.881921 4.08871e-16 0.471397 -0.881921 3.24063e-16 0.471397 -0.634393 -6.7048e-16 0.77301 -0.77301 -5.50248e-16 0.634393 -0.77301 5.40105e-16 0.634393 -0.634393 -1.34096e-15 0.77301 -0.290285 -8.30013e-16 0.95694 -0.471397 -7.64945e-16 0.881921 -0.471397 -1.51229e-15 0.881921 -0.290285 8.30013e-16 0.95694 -0.0980171 0 0.995184 -0.0980171 8.50665e-16 0.995184 0 1 0 0 1 0 0 1 0 0 1 0 0 1 0 0 1 0 0 1 0 0 1 0 0 1 0 0 1 0 0 1 0 0 1 0 0 1 0 0 1 0 0 1 0 0 1 0 0 1 0 0 1 0 0 1 0 0 1 0 0 1 0 0 1 0 0 1 0 0 1 0 0 1 0 0 1 0 0 1 0 0 1 0 0 1 0 0 1 0 0 1 0 0 1 0 1.006e-14 1 1.006e-14 -3.72487e-15 1 4.53877e-15 0 1 0 0 1 0 0 1 0 -2.76783e-15 1 5.17825e-15 -2.76783e-15 1 5.17825e-15 0 1 0 -1.70442e-15 1 5.61872e-15 -1.70442e-15 1 5.61872e-15 0 1 0 0 1 0 -5.75513e-16 1 5.84328e-15 5.75513e-16 1 5.84328e-15 -5.75513e-16 1 5.84328e-15 0 1 0 0 1 0 0 1 0 1.70442e-15 1 5.61872e-15 5.75513e-16 1 5.84328e-15 0 1 0 1.70442e-15 1 5.61872e-15 5.61872e-15 1 1.70442e-15 5.17825e-15 1 2.76783e-15 -2.77556e-15 1 1.39537e-14 2.76783e-15 1 5.17825e-15 2.76783e-15 1 5.17825e-15 4.53877e-15 1 3.72487e-15 5.17825e-15 1 2.76783e-15 3.72487e-15 1 4.53877e-15 3.72487e-15 1 4.53877e-15 4.53877e-15 1 3.72487e-15 0 -1 0 0 -1 0 -0 -1 0 0 -1 0 0 -1 -0 0 -1 0 -0 -1 0 -0 -1 0 0 -1 -0 0 -1 0 -0 -1 0 -0 -1 0 0 -1 -0 0 -1 -0 -0 -1 0 -0 -1 0 0 -1 -0 0 -1 -0 0 -1 0 0 -1 0 -0 -1 0 0 -1 0 0 -1 -0 -0 -1 0 0 -1 -0 0 -1 -0 0 -1 0 -0 -1 0 0 -1 -0 0 -1 -0 -0 -1 0 -0 -1 0 0 -1 -0 -2.01201e-14 -1 -2.01201e-14 7.44975e-15 -1 -9.07754e-15 -0 -1 0 0 -1 -0 5.53566e-15 -1 -1.03565e-14 5.53566e-15 -1 -1.03565e-14 0 -1 0 -0 -1 0 3.40884e-15 -1 -1.12374e-14 3.40884e-15 -1 -1.12374e-14 -0 -1 0 0 -1 0 -1.15103e-15 -1 -1.16866e-14 1.15103e-15 -1 -1.16866e-14 1.15103e-15 -1 -1.16866e-14 -0 -1 0 0 -1 0 -1.15103e-15 -1 -1.16866e-14 -0 -1 0 0 -1 -0 -3.40884e-15 -1 -1.12374e-14 -5.53566e-15 -1 -1.03565e-14 -3.40884e-15 -1 -1.12374e-14 -1.03565e-14 -1 -5.53566e-15 -3.48546e-16 -1 -2.9697e-14 -5.53566e-15 -1 -1.03565e-14 -1.03565e-14 -1 -5.53566e-15 -7.44975e-15 -1 -9.07754e-15 -9.07754e-15 -1 -7.44975e-15 -9.07754e-15 -1 -7.44975e-15 -7.44975e-15 -1 -9.07754e-15 0.995185 9.70696e-17 -0.0980171 0.995185 9.71615e-17 -0.0980171 0.95694 3.05735e-16 -0.290285 0.881921 4.96487e-16 -0.471397 0.95694 2.8872e-16 -0.290285 0.881921 4.67282e-16 -0.471397 0.77301 7.07462e-16 -0.634393 0.77301 6.17263e-16 -0.634393 0.634393 7.66262e-16 -0.77301 0.471397 8.74223e-16 -0.881921 0.634393 8.76115e-16 -0.77301 0.471397 9.835e-16 -0.881921 0.290285 9.48587e-16 -0.95694 0.290285 1.07523e-15 -0.95694 0.0980171 1.10981e-15 -0.995185 0.0980171 9.8563e-16 -0.995185 -0.0980171 1.11008e-15 -0.995185 -0.0980171 1.10981e-15 -0.995185 -0.290285 1.07523e-15 -0.95694 -0.290285 9.48587e-16 -0.95694 -0.471397 8.74223e-16 -0.881921 -0.471397 8.74223e-16 -0.881921 -0.634393 7.76557e-16 -0.77301 -0.634393 7.66262e-16 -0.77301 -0.77301 6.37175e-16 -0.634393 -0.77301 6.28855e-16 -0.634393 -0.881921 4.67282e-16 -0.471397 -0.881921 4.67282e-16 -0.471397 -0.95694 2.8872e-16 -0.290285 -0.95694 3.05735e-16 -0.290285 -0.995185 1.03234e-16 -0.0980171 -0.995185 1.09307e-16 -0.0980171 -0.995185 -1.09307e-16 0.0980171 -0.995185 -9.71615e-17 0.0980171 -0.95694 -2.8872e-16 0.290285 -0.95694 -2.87751e-16 0.290285 -0.881921 -4.57969e-16 0.471397 -0.881921 -4.67282e-16 0.471397 -0.77301 -6.17263e-16 0.634393 -0.77301 -6.28855e-16 0.634393 -0.634393 -7.66262e-16 0.77301 -0.634393 -7.56645e-16 0.77301 -0.471397 -8.74223e-16 0.881921 -0.471397 -8.74223e-16 0.881921 -0.290285 -9.48587e-16 0.95694 -0.290285 -9.55762e-16 0.95694 -0.0980171 -9.86497e-16 0.995185 -0.0980171 -9.88118e-16 0.995185 0.0980171 -9.86497e-16 0.995185 0.290285 -9.48587e-16 0.95694 0.0980171 -9.88118e-16 0.995185 0.471397 -8.74223e-16 0.881921 0.290285 -9.48587e-16 0.95694 0.634393 -7.66262e-16 0.77301 0.471397 -8.74223e-16 0.881921 0.634393 -9.57828e-16 0.77301 0.77301 -6.28855e-16 0.634393 0.77301 -7.96468e-16 0.634393 0.881921 -4.67282e-16 0.471397 0.95694 -2.87751e-16 0.290285 0.881921 -4.57969e-16 0.471397 0.95694 -2.87751e-16 0.290285 0.995185 -9.71615e-17 0.0980171 0.995185 -9.70696e-17 0.0980171 0 -1 0 0 -1 0 0 -1 -0 0 -1 0 -0 -1 0 0 -1 0 0 -1 -0 0 -1 -0 -0 -1 0 0 -1 0 0 -1 -0 0 -1 -0 -0 -1 0 -0 -1 0 0 -1 -0 0 -1 -0 -0 -1 0 -0 -1 0 0 -1 0 0 -1 0 0 -1 -0 -0 -1 0 0 -1 0 0 -1 -0 -0 -1 0 0 -1 0 -0 -1 0 0 -1 -0 -0 -1 0 0 -1 -0 0 -1 0 0 -1 -0 -0 -1 0 0 -1 0 -0 -1 0 -1.63728e-14 -1 -3.7645e-14 1.05178e-14 -1 -1.96773e-14 -0 -1 0 0 -1 0 1.05178e-14 -1 -1.96773e-14 6.4768e-15 -1 -2.13511e-14 0 -1 0 -0 -1 0 2.18695e-15 -1 -2.22045e-14 6.4768e-15 -1 -2.13511e-14 0 -1 0 -0 -1 0 -2.18695e-15 -1 -2.22045e-14 2.18695e-15 -1 -2.22045e-14 0 -1 0 0 -1 -0 -6.4768e-15 -1 -2.13511e-14 -2.18695e-15 -1 -2.22045e-14 0 -1 0 0 -1 -0 -1.05178e-14 -1 -1.96773e-14 -6.4768e-15 -1 -2.13511e-14 0 -1 0 0 -1 -0 -1.05178e-14 -1 -1.96773e-14 0 -1 0 0 -1 0 0 -1 -0 1.63728e-14 -1 -3.7645e-14 -0.995185 1.03909e-16 -0.0980171 -0.95694 3.07733e-16 -0.290285 -0.995185 1.03909e-16 -0.0980171 -0.881921 3.06654e-16 -0.471397 -0.95694 1.88836e-16 -0.290285 -0.77301 2.90409e-16 -0.634393 -0.881921 2.15793e-16 -0.471397 -0.634393 3.53864e-16 -0.77301 -0.77301 2.90409e-16 -0.634393 -0.471397 2.12485e-16 -0.881921 -0.634393 1.86244e-16 -0.77301 -0.290285 4.15007e-16 -0.95694 -0.471397 3.82472e-16 -0.881921 -0.0980171 1.41979e-15 -0.995185 -0.290285 2.57435e-15 -0.95694 0.0980171 1.00705e-15 -0.995185 -0.0980171 1.00705e-15 -0.995185 0.0980171 5.94308e-16 -0.995185 0.290285 -6.37652e-16 -0.95694 0.290285 1.5678e-15 -0.95694 0.471397 1.4449e-15 -0.881921 0.471397 -1.12266e-15 -0.881921 0.634393 -2.34843e-15 -0.77301 0.77301 1.40619e-15 -0.634393 0.634393 1.71345e-15 -0.77301 0.77301 1.65075e-15 -0.634393 0.881921 1.32883e-15 -0.471397 0.881921 1.22595e-15 -0.471397 0.95694 8.2016e-16 -0.290285 0.995185 2.73941e-16 -0.0980171 0.95694 8.11297e-16 -0.290285 0.995185 -2.73941e-16 0.0980171 0.995185 2.73941e-16 -0.0980171 0.95694 -8.67248e-16 0.290285 0.995185 -2.92834e-16 0.0980171 0.881921 -1.31747e-15 0.471397 0.95694 -8.11297e-16 0.290285 0.77301 -1.71188e-15 0.634393 0.881921 -1.27204e-15 0.471397 0.634393 -1.71345e-15 0.77301 0.77301 -1.40619e-15 0.634393 0.634393 -1.63895e-15 0.77301 0.290285 -1.5678e-15 0.95694 0.471397 -1.4449e-15 0.881921 0.471397 -1.87179e-15 0.881921 0.290285 -1.38336e-15 0.95694 0.0980171 -4.50444e-16 0.995185 0.0980171 -1.43814e-15 0.995185 -0.0980171 -6.71366e-16 0.995185 -0.0980171 -1.65961e-15 0.995185 -0.471397 -2.54982e-16 0.881921 -0.290285 -2.76671e-16 0.95694 -0.290285 -6.4584e-16 0.95694 -0.471397 -3.39975e-16 0.881921 -0.634393 -2.23493e-16 0.77301 -0.634393 -2.97201e-16 0.77301 -0.881921 -2.72581e-16 0.471397 -0.77301 -3.66832e-16 0.634393 -0.77301 -1.82893e-16 0.634393 -0.95694 -1.9583e-16 0.290285 -0.881921 -3.18011e-16 0.471397 -0.995185 -8.50163e-17 0.0980171 -0.95694 -2.51782e-16 0.290285 -0.995185 -1.03909e-16 0.0980171 0.270601 -9.35202e-16 0.962692 0.270601 -1.0688e-15 0.962692 0.0745172 -9.68744e-16 0.99722 0.0745172 -1.10665e-15 0.99722 -0.12452 -8.95036e-16 0.992217 -0.12452 -9.64663e-16 0.992217 -0.318622 -1.05236e-15 0.947882 -0.318622 -8.55115e-16 0.947882 -0.500092 -9.61422e-16 0.865972 -0.500092 -9.61472e-16 0.865972 -0.797154 -6.28431e-16 0.603776 -0.661739 -7.80349e-16 0.749734 -0.661739 -8.33843e-16 0.749734 -0.900969 -4.51601e-16 0.433884 -0.797154 -6.28431e-16 0.603776 -0.969068 -2.56869e-16 0.246792 -0.900969 -4.51601e-16 0.433884 -0.969068 -2.73994e-16 0.246792 -0.988847 1.75688e-16 -0.148937 -0.998753 -5.88827e-17 0.049917 -0.998753 -5.55718e-17 0.049917 -0.939741 3.7957e-16 -0.341886 -0.988847 1.65353e-16 -0.148937 -0.939741 3.32124e-16 -0.341886 -0.853384 7.23426e-16 -0.521283 -0.853384 5.06262e-16 -0.521283 -0.583946 1.01393e-15 -0.811793 -0.733197 8.49341e-16 -0.680016 -0.733197 9.44455e-16 -0.680016 -0.583946 1.01393e-15 -0.811793 -0.750017 -6.42532e-16 0.661419 -0.750017 -7.34323e-16 0.661419 -0.781831 -6.05686e-16 0.62349 -0.781831 -6.92914e-16 0.62349 -0.81173 -7.29457e-16 0.584033 -0.81173 -5.64596e-16 0.584033 0.661499 -7.28531e-16 0.749946 0.661499 -7.28531e-16 0.749946 0.499815 -8.414e-16 0.866132 0.499815 -8.42352e-16 0.866132 0.318318 -1.18403e-15 0.947984 0.318318 -9.21057e-16 0.947984 -0.0748366 -9.68721e-16 0.997196 0.124202 -9.63923e-16 0.992257 0.124202 -1.23907e-15 0.992257 -0.0748366 -1.38389e-15 0.997196 -0.270909 -1.20229e-15 0.962605 -0.270909 -1.33585e-15 0.962605 -0.62349 -9.76508e-16 0.781831 -0.456242 -1.11143e-15 0.889856 -0.456242 -1.11037e-15 0.889856 -0.62349 -9.76508e-16 0.781831 -0.766022 -6.24459e-16 0.642815 -0.766022 -7.99809e-16 0.642815 -0.955541 -3.68277e-16 0.294857 -0.878187 -5.97418e-16 0.478316 -0.878187 -4.63719e-16 0.478316 -0.955541 -3.68277e-16 0.294857 -0.995017 -1.38375e-16 0.0997095 -0.995017 -1.24438e-16 0.0997095 -0.955636 4.08772e-16 -0.294551 -0.995048 1.37932e-16 -0.0993908 -0.995048 1.37733e-16 -0.0993908 -0.955636 3.67895e-16 -0.294551 -0.878341 4.64385e-16 -0.478035 -0.878341 5.95602e-16 -0.478035 -0.388763 -8.95029e-16 0.921338 -0.388763 -8.98221e-16 0.921338 -0.433884 -8.75242e-16 0.900969 -0.433884 -8.72558e-16 0.900969 -0.477941 -8.53309e-16 0.878392 -0.477941 -8.52027e-16 0.878392 0.921379 -3.77566e-16 0.388664 0.921379 -5.3938e-16 0.388664 0.826118 -5.47406e-16 0.563496 0.826118 -7.82792e-16 0.563496 0.698109 -6.95546e-16 0.715991 0.698109 -6.93451e-16 0.715991 0.365242 -1.03352e-15 0.930913 0.542427 -9.32702e-16 0.840103 0.542427 -8.14699e-16 0.840103 0.365242 -1.16271e-15 0.930913 0.173578 -1.23004e-15 0.98482 0.173578 -1.22949e-15 0.98482 -0.0249663 -1.10988e-15 0.999688 -0.0249663 -1.24864e-15 0.999688 -0.222521 -9.47089e-16 0.974928 -0.222521 -1.08272e-15 0.974928 -0.583686 -7.88794e-16 0.81198 -0.411255 -8.85492e-16 0.91152 -0.411255 -8.84895e-16 0.91152 -0.583686 -7.88794e-16 0.81198 -0.732979 -9.44038e-16 0.680251 -0.732979 -6.59417e-16 0.680251 -0.853217 -6.51425e-16 0.521557 -0.853217 -7.23231e-16 0.521557 -0.988799 -2.07131e-16 0.149253 -0.939632 -4.7488e-16 0.342187 -0.939632 -4.27557e-16 0.342187 -0.988799 -1.65705e-16 0.149253 -0.998769 5.50638e-17 -0.0495971 -0.998769 5.53059e-17 -0.0495971 0.0494904 -1.10886e-15 0.998775 0.0494904 -1.1093e-15 0.998775 -4.2047e-15 -1.11022e-15 1 -4.2047e-15 -1.11022e-15 1 -0.0494904 -1.10886e-15 0.998775 -0.0494904 -1.10866e-15 0.998775 0.998769 5.504e-17 -0.0495971 0.998769 6.88298e-17 -0.0495971 0.988799 -1.65705e-16 0.149253 0.988799 -2.06334e-16 0.149253 0.853217 -6.51425e-16 0.521557 0.939632 -4.27392e-16 0.342187 0.939632 -3.78633e-16 0.342187 0.853217 -5.79044e-16 0.521557 0.732979 -6.60827e-16 0.680251 0.732979 -7.57266e-16 0.680251 0.411255 -8.85492e-16 0.91152 0.583686 -7.88794e-16 0.81198 0.583686 -7.89173e-16 0.81198 0.411255 -8.85492e-16 0.91152 0.222521 -1.08239e-15 0.974928 0.222521 -9.47646e-16 0.974928 0.0249663 -9.71142e-16 0.999688 0.0249663 -1.10984e-15 0.999688 -0.173578 -1.23004e-15 0.98482 -0.173578 -9.57218e-16 0.98482 -0.365242 -1.03352e-15 0.930913 -0.365242 -1.16355e-15 0.930913 -0.542427 -1.04929e-15 0.840103 -0.542427 -9.33819e-16 0.840103 -0.698109 -8.94273e-16 0.715991 -0.698109 -8.93404e-16 0.715991 -0.921379 -5.3938e-16 0.388664 -0.826118 -7.82008e-16 0.563496 -0.826118 -7.04087e-16 0.563496 -0.921379 -3.77566e-16 0.388664 0.477941 -1.09711e-15 0.878392 0.477941 -1.0984e-15 0.878392 0.433884 -1.12531e-15 0.900969 0.433884 -1.12919e-15 0.900969 0.388763 -8.95029e-16 0.921338 0.388763 -1.15486e-15 0.921338 0.878341 5.95602e-16 -0.478035 0.878341 4.64385e-16 -0.478035 0.955636 4.08772e-16 -0.294551 0.955636 2.87165e-16 -0.294551 0.995048 1.37932e-16 -0.0993908 0.995048 1.38265e-16 -0.0993908 0.995017 -1.24537e-16 0.0997095 0.995017 -1.38265e-16 0.0997095 0.955541 -2.86438e-16 0.294857 0.955541 -3.67997e-16 0.294857 0.878187 -4.64658e-16 0.478316 0.878187 -4.63719e-16 0.478316 0.766022 -6.24459e-16 0.642815 0.766022 -6.25383e-16 0.642815 0.62349 -9.76508e-16 0.781831 0.62349 -7.6152e-16 0.781831 0.456242 -1.11143e-15 0.889856 0.456242 -1.1125e-15 0.889856 0.270909 -1.20229e-15 0.962605 0.270909 -1.20184e-15 0.962605 0.0748366 -1.2455e-15 0.997196 0.0748366 -1.24545e-15 0.997196 -0.124202 -9.63923e-16 0.992257 -0.124202 -1.24013e-15 0.992257 -0.318318 -9.20914e-16 0.947984 -0.318318 -9.21057e-16 0.947984 -0.499815 -8.414e-16 0.866132 -0.499815 -8.40225e-16 0.866132 -0.661499 -7.28531e-16 0.749946 -0.661499 -7.27486e-16 0.749946 0.81173 -6.48406e-16 0.584033 0.81173 -5.64596e-16 0.584033 0.781831 -7.78739e-16 0.62349 0.781831 -6.92914e-16 0.62349 0.750017 -6.42532e-16 0.661419 0.750017 -8.26364e-16 0.661419 0.583946 7.89173e-16 -0.811793 0.583946 1.01393e-15 -0.811793 0.733197 6.60598e-16 -0.680016 0.733197 8.46606e-16 -0.680016 0.853384 5.06398e-16 -0.521283 0.853384 5.06262e-16 -0.521283 0.939741 4.74463e-16 -0.341886 0.939741 3.31836e-16 -0.341886 0.988847 1.65353e-16 -0.148937 0.988847 2.06334e-16 -0.148937 0.998753 -5.5419e-17 0.049917 0.998753 -5.55718e-17 0.049917 0.969068 -2.73994e-16 0.246792 0.969068 -2.74403e-16 0.246792 0.900969 -4.81708e-16 0.433884 0.900969 -4.80736e-16 0.433884 0.797154 -6.28431e-16 0.603776 0.797154 -6.7218e-16 0.603776 0.661739 -7.80349e-16 0.749734 0.661739 -7.78537e-16 0.749734 0.318622 -1.05236e-15 0.947882 0.500092 -9.61422e-16 0.865972 0.500092 -9.01912e-16 0.865972 0.318622 -9.86588e-16 0.947882 0.12452 -9.63884e-16 0.992217 0.12452 -1.03273e-15 0.992217 -0.0745172 -9.68744e-16 0.99722 -0.0745172 -9.68917e-16 0.99722 -0.270601 -9.35202e-16 0.962692 -0.270601 -9.35947e-16 0.962692 0.984746 -1.56957e-16 0.173999 0.984746 -1.56547e-16 0.173999 0.974928 -2.31607e-16 0.222521 0.962721 -2.81543e-16 0.270498 0.974928 -2.02741e-16 0.222521 0.962721 -2.62774e-16 0.270498 0.173893 8.88086e-16 -0.984764 0.173893 8.88313e-16 -0.984764 0.36554 9.3651e-16 -0.930796 0.36554 8.38098e-16 -0.930796 0.698339 7.44995e-16 -0.715767 0.542696 8.74227e-16 -0.839929 0.542696 8.44479e-16 -0.839929 0.826299 4.98296e-16 -0.563232 0.698339 6.33246e-16 -0.715767 0.826299 4.98296e-16 -0.563232 0.921504 3.97491e-16 -0.388369 0.921504 3.42471e-16 -0.388369 1 -0 0 0.980179 2.06201e-16 -0.198111 0.980179 2.03143e-16 -0.198111 1 0 0 0.921504 -3.90754e-16 0.388369 0.980179 -1.99328e-16 0.198111 0.980179 -2.06334e-16 0.198111 0.921504 -4.04228e-16 0.388369 0.698339 -7.44995e-16 0.715767 0.826299 -5.86231e-16 0.563232 0.826299 -5.87094e-16 0.563232 0.698339 -7.44995e-16 0.715767 0.36554 -9.68804e-16 0.930796 0.542696 -8.74227e-16 0.839929 0.542696 -8.74259e-16 0.839929 0.36554 -8.3963e-16 0.930796 0.173893 -8.88313e-16 0.984764 0.173893 -8.88086e-16 0.984764 0.962721 3.19083e-16 -0.270498 0.962721 3.00263e-16 -0.270498 0.974928 2.31607e-16 -0.222521 0.974928 2.64334e-16 -0.222521 0.984746 1.56957e-16 -0.173999 0.984746 1.80927e-16 -0.173999 -0.270601 1.06996e-15 -0.962692 -0.270601 1.0688e-15 -0.962692 0.12452 1.03273e-15 -0.992217 -0.0745172 1.03794e-15 -0.99722 -0.0745172 1.10718e-15 -0.99722 0.12452 1.17043e-15 -0.992217 0.318622 1.11813e-15 -0.947882 0.318622 1.11675e-15 -0.947882 0.661739 9.36419e-16 -0.749734 0.500092 1.0816e-15 -0.865972 0.500092 1.02316e-15 -0.865972 0.661739 8.32372e-16 -0.749734 0.900969 4.81708e-16 -0.433884 0.797154 6.70326e-16 -0.603776 0.797154 6.67926e-16 -0.603776 0.900969 4.21494e-16 -0.433884 0.969068 3.08243e-16 -0.246792 0.969068 2.40368e-16 -0.246792 0.998753 4.84916e-17 -0.049917 0.998753 6.24851e-17 -0.049917 0.988847 -1.65353e-16 0.148937 0.988847 -1.44646e-16 0.148937 0.939741 -3.32124e-16 0.341886 0.939741 -3.8076e-16 0.341886 0.733197 -8.49341e-16 0.680016 0.853384 -6.51083e-16 0.521283 0.853384 -5.06262e-16 0.521283 0.733197 -6.60598e-16 0.680016 0.583946 -7.88612e-16 0.811793 0.583946 -7.87046e-16 0.811793 0.750017 6.42532e-16 -0.661419 0.750017 6.41587e-16 -0.661419 0.781831 6.92213e-16 -0.62349 0.781831 6.05658e-16 -0.62349 0.81173 5.67356e-16 -0.584033 0.81173 6.46719e-16 -0.584033 -0.661499 7.27486e-16 -0.749946 -0.661499 7.28531e-16 -0.749946 -0.318318 9.20914e-16 -0.947984 -0.499815 8.414e-16 -0.866132 -0.499815 8.40225e-16 -0.866132 -0.318318 1.05247e-15 -0.947984 -0.124202 9.63923e-16 -0.992257 -0.124202 1.10186e-15 -0.992257 0.0748366 9.68721e-16 -0.997196 0.0748366 9.68917e-16 -0.997196 0.456242 9.87938e-16 -0.889856 0.270909 1.06871e-15 -0.962605 0.270909 9.35947e-16 -0.962605 0.456242 9.87938e-16 -0.889856 0.62349 7.59506e-16 -0.781831 0.62349 8.67878e-16 -0.781831 0.766022 8.02876e-16 -0.642815 0.766022 6.25383e-16 -0.642815 0.878187 4.64658e-16 -0.478316 0.878187 5.9773e-16 -0.478316 0.995017 9.68623e-17 -0.0997095 0.955541 2.86438e-16 -0.294857 0.955541 2.85038e-16 -0.294857 0.995017 1.107e-16 -0.0997095 0.955636 -2.45263e-16 0.294551 0.995048 -8.27595e-17 0.0993908 0.995048 -1.10612e-16 0.0993908 0.878341 -3.98044e-16 0.478035 0.955636 -2.45263e-16 0.294551 0.878341 -3.98044e-16 0.478035 0.388763 7.67168e-16 -0.921338 0.388763 7.67168e-16 -0.921338 0.433884 1.25035e-15 -0.900969 0.433884 7.49373e-16 -0.900969 0.477941 7.31408e-16 -0.878392 0.477941 1.21645e-15 -0.878392 -0.921379 3.23628e-16 -0.388664 -0.921379 3.23628e-16 -0.388664 -0.826118 4.69205e-16 -0.563496 -0.826118 4.701e-16 -0.563496 -0.698109 9.93637e-16 -0.715991 -0.698109 5.95602e-16 -0.715991 -0.542427 6.99526e-16 -0.840103 -0.542427 1.16568e-15 -0.840103 -0.173578 1.09337e-15 -0.98482 -0.365242 1.03352e-15 -0.930913 -0.365242 7.74283e-16 -0.930913 0.0249663 8.32408e-16 -0.999688 -0.173578 8.20027e-16 -0.98482 0.222521 8.11791e-16 -0.974928 0.0249663 8.32408e-16 -0.999688 0.222521 1.08239e-15 -0.974928 0.583686 9.01478e-16 -0.81198 0.411255 1.01199e-15 -0.91152 0.411255 1.01252e-15 -0.91152 0.732979 7.5523e-16 -0.680251 0.583686 9.01478e-16 -0.81198 0.732979 7.5523e-16 -0.680251 0.939632 3.79904e-16 -0.342187 0.853217 5.79044e-16 -0.521557 0.853217 5.78585e-16 -0.521557 0.939632 3.79904e-16 -0.342187 0.988799 1.65705e-16 -0.149253 0.988799 1.64854e-16 -0.149253 0.998769 4.38036e-15 0.0495971 0.998769 -5.504e-17 0.0495971 -0.0494904 1.10886e-15 -0.998775 -0.0494904 1.10866e-15 -0.998775 4.2047e-15 1.11022e-15 -1 4.2047e-15 1.11022e-15 -1 0.0494904 1.32864e-15 -0.998775 0.0494904 1.10866e-15 -0.998775 -0.998769 -5.50638e-17 0.0495971 -0.988799 1.65705e-16 -0.149253 -0.998769 -5.50638e-17 0.0495971 -0.939632 3.79904e-16 -0.342187 -0.988799 1.65705e-16 -0.149253 -0.939632 2.84928e-16 -0.342187 -0.732979 5.66423e-16 -0.680251 -0.853217 4.34283e-16 -0.521557 -0.853217 4.33939e-16 -0.521557 -0.583686 6.76109e-16 -0.81198 -0.732979 5.66423e-16 -0.680251 -0.583686 6.76109e-16 -0.81198 -0.411255 7.58993e-16 -0.91152 -0.411255 7.59393e-16 -0.91152 -0.222521 1.08239e-15 -0.974928 -0.222521 8.12572e-16 -0.974928 -0.0249663 1.10988e-15 -0.999688 -0.0249663 1.10984e-15 -0.999688 0.173578 1.09337e-15 -0.98482 0.173578 1.09336e-15 -0.98482 0.365242 1.03352e-15 -0.930913 0.365242 1.0338e-15 -0.930913 0.698109 9.93637e-16 -0.715991 0.542427 1.16588e-15 -0.840103 0.542427 9.31692e-16 -0.840103 0.698109 7.9491e-16 -0.715991 0.826118 4.69205e-16 -0.563496 0.826118 6.25383e-16 -0.563496 0.921379 4.31504e-16 -0.388664 0.921379 3.23327e-16 -0.388664 -0.477941 1.21901e-15 -0.878392 -0.477941 9.75212e-16 -0.878392 -0.433884 7.50207e-16 -0.900969 -0.433884 1.25238e-15 -0.900969 -0.388763 1.02289e-15 -0.921338 -0.388763 7.69904e-16 -0.921338 -0.878341 -5.31788e-16 0.478035 -0.955636 -3.27017e-16 0.294551 -0.878341 -5.30726e-16 0.478035 -0.955636 -4.08772e-16 0.294551 -0.995017 1.107e-16 -0.0997095 -0.995048 -1.10346e-16 0.0993908 -0.995048 -1.37733e-16 0.0993908 -0.995017 9.68623e-17 -0.0997095 -0.878187 5.31038e-16 -0.478316 -0.955541 3.27357e-16 -0.294857 -0.955541 2.85038e-16 -0.294857 -0.766022 6.24459e-16 -0.642815 -0.878187 4.64658e-16 -0.478316 -0.766022 7.13668e-16 -0.642815 -0.62349 7.59506e-16 -0.781831 -0.62349 8.67878e-16 -0.781831 -0.456242 8.64446e-16 -0.889856 -0.456242 8.63623e-16 -0.889856 -0.270909 1.06871e-15 -0.962605 -0.270909 9.33819e-16 -0.962605 -0.0748366 9.68721e-16 -0.997196 -0.0748366 1.10718e-15 -0.997196 0.124202 1.23933e-15 -0.992257 0.124202 9.636e-16 -0.992257 0.318318 9.20914e-16 -0.947984 0.318318 1.18482e-15 -0.947984 0.661499 8.32607e-16 -0.749946 0.499815 9.616e-16 -0.866132 0.499815 8.40225e-16 -0.866132 0.661499 7.28531e-16 -0.749946 -0.81173 5.67356e-16 -0.584033 -0.81173 6.46719e-16 -0.584033 -0.781831 6.92213e-16 -0.62349 -0.781831 6.05658e-16 -0.62349 -0.750017 6.42532e-16 -0.661419 -0.750017 7.33975e-16 -0.661419 -0.583946 -9.01912e-16 0.811793 -0.733197 -6.60598e-16 0.680016 -0.583946 -7.88612e-16 0.811793 -0.733197 -6.60598e-16 0.680016 -0.853384 -5.06398e-16 0.521283 -0.853384 -5.06262e-16 0.521283 -0.939741 -3.7957e-16 0.341886 -0.939741 -3.31836e-16 0.341886 -0.998753 4.84916e-17 -0.049917 -0.988847 -1.44684e-16 0.148937 -0.988847 -1.65918e-16 0.148937 -0.998753 4.84916e-17 -0.049917 -0.969068 2.73994e-16 -0.246792 -0.969068 2.39305e-16 -0.246792 -0.797154 6.70326e-16 -0.603776 -0.900969 4.81708e-16 -0.433884 -0.900969 4.80736e-16 -0.433884 -0.797154 5.86535e-16 -0.603776 -0.500092 8.41244e-16 -0.865972 -0.661739 7.28326e-16 -0.749734 -0.661739 7.27486e-16 -0.749734 -0.500092 1.02151e-15 -0.865972 -0.318622 1.11813e-15 -0.947882 -0.318622 1.11888e-15 -0.947882 -0.12452 1.17043e-15 -0.992217 -0.12452 1.16993e-15 -0.992217 0.0745172 1.17633e-15 -0.99722 0.0745172 1.17631e-15 -0.99722 0.270601 9.35202e-16 -0.962692 0.270601 1.1359e-15 -0.962692 -0.984746 1.93177e-16 -0.173999 -0.984746 1.80927e-16 -0.173999 -0.974928 2.16167e-16 -0.222521 -0.974928 2.46369e-16 -0.222521 -0.962721 2.62774e-16 -0.270498 -0.962721 2.64334e-16 -0.270498 -0.173893 -1.02529e-15 0.984764 -0.36554 -8.3963e-16 0.930796 -0.173893 -8.88313e-16 0.984764 -0.36554 -8.3963e-16 0.930796 -0.698339 -7.44995e-16 0.715767 -0.542696 -8.74227e-16 0.839929 -0.542696 -7.57266e-16 0.839929 -0.698339 -7.44995e-16 0.715767 -0.826299 -5.86231e-16 0.563232 -0.826299 -5.87094e-16 0.563232 -0.921504 -3.36857e-16 0.388369 -0.921504 -4.04159e-16 0.388369 -0.980179 -1.99328e-16 0.198111 -0.980179 -1.71236e-16 0.198111 -0.980179 2.06201e-16 -0.198111 -1 0 0 -1 0 0 -0.921504 3.43594e-16 -0.388369 -0.980179 1.75271e-16 -0.198111 -0.921504 3.43594e-16 -0.388369 -0.826299 5.7646e-16 -0.563232 -0.826299 4.97753e-16 -0.563232 -0.542696 8.74227e-16 -0.839929 -0.698339 7.44995e-16 -0.715767 -0.698339 7.3174e-16 -0.715767 -0.542696 8.74227e-16 -0.839929 -0.36554 9.68804e-16 -0.930796 -0.36554 9.67854e-16 -0.930796 -0.173893 1.02498e-15 -0.984764 -0.173893 1.02422e-15 -0.984764 -0.962721 -2.81543e-16 0.270498 -0.962721 -2.61767e-16 0.270498 -0.974928 -2.23887e-16 0.222521 -0.984746 -1.75067e-16 0.173999 -0.974928 -2.30971e-16 0.222521 -0.984746 -1.81104e-16 0.173999 -0 -0.999999 0 0 -0.999999 -0 -0 -0.999999 0 2.95453e-14 -0.999999 -1.608e-14 0 -1 -0 0 -1 0 0 -0.999999 0 3.73482e-14 -0.999999 -1.15116e-14 0 -1 0 0 -1 -0 0 -0.999999 0 0 -1 -0 0 -1 0 2.00063e-15 -1 -2.07117e-14 0 -0.999999 0 1.14253e-14 -1 -1.14122e-15 0 -1 0 -0 -0.999999 0 0 -1 -0 0 -1 0 -0 -0.999999 0 0 -1 0 -2.57486e-14 -1 -5.34676e-14 2.83565e-14 -1 5.88828e-14 0 -1 0 0 -1 0 -5.14077e-15 -1 7.96195e-15 0 -0.999999 0 -4.02935e-15 -1 1.02698e-14 -1.01614e-14 -1 -5.53455e-15 -8.80449e-15 -1 -2.71686e-15 0 -1 -0 0 -0.999999 0 -1.67834e-15 -1 9.52231e-15 0 -0.999999 0 0 -1 0 0 -1 -0 0 -0.999999 0 0 -1 0 0 -1 -0 -0 -1 0 0 -1 0 0 -1 -0 0 -1 0 0 -1 -0 0 -0.999999 -0 0 -0.999999 0 0 -1 0 0 -1 0 0 -1 0 -5.84936e-15 -0.999999 -3.31251e-14 -1.4286e-14 -0.999999 -3.63774e-14 0 -1 0 0 -1 0 1.53792e-28 -1 -7.60758e-14 -0 -1 0 1.92675e-28 -1 -7.60758e-14 0 -1 0 -0 -0.999999 0 0 -1 0 -0 -0.999999 0 1.49457e-14 -1 -1.44777e-14 -5.50266e-15 -1 -8.51646e-15 -7.79796e-15 -1 -7.99258e-15 1.42976e-15 -1 -1.13927e-14 -9.11573e-15 -1 -6.21358e-15 3.01969e-15 -1 -8.98341e-15 -1.06626e-14 -1 -4.49378e-15 4.60792e-15 -1 -7.97919e-15 0 -0.999999 0 -0 -0.999999 0 6.39841e-15 -1 -7.24924e-15 -2.95453e-14 -0.999999 -1.608e-14 -5.75017e-15 -1 -1.29257e-14 -3.73482e-14 -0.999999 -1.15116e-14 1.16902e-14 -1 -2.4275e-14 0 -1 0 0 -1 0 0 -1 -0 0 -1 0 -0 -1 0 0 -1 0 0 -1 0 -1.14253e-14 -1 -1.14122e-15 0 -1 0 2.57486e-14 -1 -5.34676e-14 6.77134e-17 -1 2.71135e-15 -4.4433e-15 -1 3.78082e-15 -0 -1 0 0 -1 0 0 -1 -0 4.02935e-15 -1 1.02698e-14 -1.89264e-14 -1 5.79379e-14 5.99256e-16 -1 2.62551e-15 7.81767e-16 -1 2.57714e-15 -0 -1 0 0 -1 0 0 -1 0 0 -1 -0 8.80449e-15 -1 -2.71686e-15 2.65622e-16 -1 2.6969e-15 -5.75364e-30 -1 2.71861e-15 1.10634e-15 -1 2.45214e-15 -1.10634e-15 -1 2.45214e-15 -0 -1 0 0 -1 -0 1.01614e-14 -1 -5.53455e-15 1.67834e-15 -1 9.52231e-15 0 -0.999999 0 0 -0.999999 -0 -2.65622e-16 -1 2.6969e-15 -5.99256e-16 -1 2.62551e-15 0 -1 0 0 -1 0 2.13494e-15 -1 -1.61704e-15 1.06201e-17 -1 -5.79127e-15 -7.81767e-16 -1 2.57714e-15 4.4433e-15 -1 3.78082e-15 -6.77134e-17 -1 2.71135e-15 2.60565e-15 -1 -7.90414e-16 2.42526e-15 -1 -1.16794e-15 0 -1 0 0 -1 -0 0 -1 0 2.63801e-15 -1 -6.71819e-16 2.37158e-15 -1 -1.26763e-15 -0 -0.999999 0 0 -1 0 0 -1 0 -0 -0.999999 0 0 -1 0 -0 -1 0 0 -1 0 0 -1 -0 0 -1 0 0 -1 0 -0 -1 0 0 -1 0 0 -1 -0 2.12264e-15 -1 -1.69275e-15 0 -1 0 2.09091e-15 -1 -1.71597e-15 0 -1 0 1.24624e-15 -1 -2.43066e-15 -2.72795e-14 -1 -2.43552e-14 0 -0.999999 0 0 -0.999999 0 0 -1 -0 0 -1 0 0 -1 -0 0 -0.999999 0 0 -1 -0 0 -1 0 -0 -0.999999 0 0 -1 0 0 -1 -0 0 -1 0 0 -1 0 0 -1 -0 0 -1 -0 0 -1 0 0 -1 0 -0 -1 0 -0 -1 0 0 -1 0 -0 -1 0 0 -1 0 0 -0.999999 0 0 -0.999999 0 -0 -1 0 0 -1 0 -0 -1 0 0 -1 0 -0 -1 0 -0 -0.999999 -0 0 -1 0 0 -1 0 -0 -1 0 0 -0.999999 -0 -0 -1 0 0 -1 0 0 -1 -0 -0 -1 0 0 -1 -0 0 -1 0 0 -1 0 0 -1 -0 0 -1 -0 0 -0.999999 0 0 -0.999999 0 0 -1 0 -0 -1 0 0 -1 0 0 -1 -0 -0 -1 0 0 -1 0 0 -1 0 0 -1 -0 0 -1 0 0 -1 0 0 -1 -0 -0 -0.999999 -0 0 -1 -0 -0 -1 0 -0 -0.999999 0 0 -1 -0 -0 -1 0 -0 -1 0 0 -0.999999 0 0 -0.999999 0 -0 -1 0 0 -1 0 0 -1 -0 0 -1 0 -0 -1 0 0 -1 0 0 -1 -0 -0 -1 0 0 -1 0 0 -1 0 0 -1 -0 0 -1 0 0 -1 -0 -0 -1 0 0 -1 0 -0 -0.999999 -0 -0 -1 0 -0 -0.999999 0 -1.06201e-17 -1 -5.79127e-15 8.9101e-15 -1 -3.75518e-15 -7.65692e-15 -1 -8.6751e-15 -2.13494e-15 -1 -1.61704e-15 -2.60565e-15 -1 -7.90414e-16 -4.60792e-15 -1 -7.97919e-15 9.11573e-15 -1 -6.21358e-15 -2.37158e-15 -1 -1.26763e-15 -2.42526e-15 -1 -1.16794e-15 7.79796e-15 -1 -7.99258e-15 -3.01969e-15 -1 -8.98341e-15 -2.63801e-15 -1 -6.71819e-16 1.4286e-14 -0.999999 -3.63774e-14 5.84936e-15 -0.999999 -3.31251e-14 6.23129e-15 -1 -9.64416e-15 -1.26257e-15 -1 -1.00606e-14 -0 -1 0 0 -1 -0 0 -1 0 -0 -1 0 2.72795e-14 -1 -2.43552e-14 0 -1 0 -0 -1 -0 -2.12264e-15 -1 -1.69275e-15 -2.09091e-15 -1 -1.71597e-15 -1.24624e-15 -1 -2.43066e-15 -2.62677e-14 -1 -5.99543e-15 0 -0.999999 0 -6.52052e-15 -1 -1.25547e-14 0 -1 0 -0 -1 -0 0 -1 0 -0 -1 -0 0 -0.999999 -0 -0 -1 -0 0 -1 0 0 -1 0 0 -1 0 -0 -1 -0 -0 -1 0 0 -1 -0 0 -1 0 -0 -0.999999 0 0 -0.999999 0 0 -1 -0 0 -1 0 0 -1 -0 0 -0.999999 0 -0 -1 0 -0 -0.999999 0 0 -0.999999 -0 0 -0.999999 0 -0 -1 -0 0 -1 0 0 -0.999999 0 0 -0.999999 -0 0 0.999999 0 0 0.999999 0 0 0.999999 0 0 0.999999 0 0 1 0 0 1 0 0 0.999999 0 0 0.999999 0 0 1 0 0 1 0 0 0.999999 0 0 1 0 0 1 0 0 1 0 0 0.999999 0 0 1 0 0 1 0 0 0.999999 0 0 1 0 0 1 0 0 0.999999 0 0 1 0 0 1 0 0 1 0 0 1 0 0 1 0 0 1 0 0 0.999999 0 0 1 0 0 1 0 0 1 0 0 1 0 0 0.999999 0 0 1 0 0 0.999999 0 0 1 0 0 1 0 0 0.999999 0 0 1 0 0 1 0 0 1 0 0 1 0 0 1 0 0 1 0 0 0.999999 0 0 0.999999 0 0 1 0 0 1 0 0 1 0 0 1 0 0 0.999999 0 0 0.999999 0 0 1 0 0 1 0 0 1 0 0 1 0 0 1 0 0 1 0 0 1 0 0 0.999999 0 0 1 0 0 1 0 0 0.999999 0 0 1 0 0 1 0 0 1 0 0 1 0 0 1 0 0 1 0 0 0.999999 0 0 0.999999 0 0 1 0 0 1 0 0 0.999999 0 0 0.999999 0 0 1 0 0 1 0 0 1 0 0 1 0 0 1 0 0 1 0 0 1 0 0 1 0 0 1 0 0 1 0 0 1 0 0 1 0 0 1 0 0 1 0 0 1 0 0 1 0 0 1 0 0 1 0 0 1 0 0 1 0 0 1 0 1.96425e-14 0.999999 2.73068e-14 2.86548e-14 0.999999 2.65764e-14 0 1 0 0 1 0 0 1 0 0 1 0 0 1 0 0 1 0 0 1 0 0 1 0 0 1 0 0 1 0 0 1 0 0 1 0 0 1 0 0 1 0 0 1 0 0 1 0 0 1 0 0 1 0 0 1 0 0 1 0 0 1 0 0 1 0 0 1 0 0 1 0 0 0.999999 0 0 1 0 0 1 0 0 1 0 0 1 0 -7.18395e-15 1 1.95286e-14 0 1 0 0 0.999999 0 8.65288e-15 1 5.28555e-15 3.65496e-15 1 1.08849e-14 0 1 0 0 1 0 1.3869e-15 1 1.108e-14 8.90625e-15 1 3.24018e-15 1.0909e-14 1 1.64307e-15 -6.89554e-16 1 9.1883e-15 0 1 0 2.65763e-15 1 5.09919e-15 9.65703e-15 1 -4.82651e-16 -1.86484e-15 1 1.53043e-15 -3.13466e-15 1 1.11382e-14 -1.52191e-15 1 1.85445e-15 -1.11561e-15 1 2.17588e-15 0 0.999999 0 0 0.999999 0 -1.14996e-15 1 2.15143e-15 -1.49646e-15 1 1.8765e-15 -1.84543e-15 1 1.54861e-15 0 1 0 0 1 0 0 0.999999 0 0 0.999999 0 0 1 0 0 1 0 0 1 0 0 1 0 0 1 0 0 1 0 0 1 0 0 1 0 0 1 0 0 1 0 0 1 0 0 1 0 0 1 0 0 0.999999 0 0 0.999999 0 0 1 0 0 1 0 0 1 0 0 1 0 0 1 0 0 0.999999 0 0 1 0 0 1 0 0 0.999999 0 0 1 0 0 1 0 0 1 0 -1.05051e-15 1 2.18142e-15 0 1 0 -6.07851e-17 1 2.43393e-15 -6.97568e-16 1 2.29958e-15 -5.3446e-16 1 2.34162e-15 -2.36854e-16 1 2.40482e-15 -9.96316e-16 1 2.20827e-15 0 0.999999 0 0 0.999999 0 0 1 0 0 1 0 0 1 0 0 1 0 0 1 0 0 1 0 0 1 0 0 1 0 0 1 0 0 1 0 0 1 0 0 0.999999 0 0 1 0 0 1 0 0 0.999999 0 0 1 0 0 1 0 0 1 0 0 0.999999 0 0 0.999999 0 0 1 0 0 1 0 0 1 0 0 1 0 -6.83471e-30 1 2.42206e-15 0 1 0 0 1 0 0 1 0 2.36854e-16 1 2.40482e-15 9.96316e-16 1 2.20827e-15 0 1 0 0 1 0 0 1 0 6.97568e-16 1 2.29958e-15 5.3446e-16 1 2.34162e-15 0 0.999999 0 6.07851e-17 1 2.43393e-15 0 0.999999 0 0 1 0 0 1 0 0 1 0 0 1 0 0 1 0 0 1 0 0 1 0 0 1 0 0 1 0 0 1 0 0 1 0 0 1 0 0 0.999999 0 0 0.999999 0 0 1 0 0 1 0 1.14996e-15 1 2.15143e-15 1.05051e-15 1 2.18142e-15 1.84543e-15 1 1.54861e-15 1.49646e-15 1 1.8765e-15 1.52191e-15 1 1.85445e-15 0 1 0 0 1 0 1.86484e-15 1 1.53043e-15 -2.65763e-15 1 5.09919e-15 1.11561e-15 1 2.17588e-15 0 0.999999 0 0 1 0 0 1 0 0 1 0 0 1 0 -1.15565e-14 1 -5.77584e-16 2.61944e-15 1 9.30751e-15 0 0.999999 0 0 1 0 0 1 0 0 1 0 -1.0909e-14 1 1.64307e-15 6.89554e-16 1 9.1883e-15 -8.90625e-15 1 3.24018e-15 0 1 0 -1.3869e-15 1 1.108e-14 0 0.999999 0 0 0.999999 0 -9.79865e-15 1 5.98543e-15 -3.22758e-15 1 9.61208e-15 0 1 0 0 1 0 0 0.999999 0 0 0.999999 0 -2.86548e-14 0.999999 2.65764e-14 -1.96425e-14 0.999999 2.73068e-14 4.27516e-16 1 1.41405e-14 2.10651e-14 1 1.67988e-14 0 0.999999 0 0 0.999999 0 0.0980171 9.8563e-16 -0.995185 0.0980171 9.86497e-16 -0.995185 0.290285 9.48587e-16 -0.95694 0.471397 8.74223e-16 -0.881921 0.290285 9.45806e-16 -0.95694 0.471397 8.74223e-16 -0.881921 0.634393 8.62045e-16 -0.77301 0.634393 7.56645e-16 -0.77301 0.77301 6.28855e-16 -0.634393 0.881921 4.67282e-16 -0.471397 0.77301 6.9691e-16 -0.634393 0.881921 4.08871e-16 -0.471397 0.95694 2.69766e-16 -0.290285 0.95694 2.48896e-16 -0.290285 0.995185 9.71615e-17 -0.0980171 0.995185 9.20916e-17 -0.0980171 0.995185 -9.70696e-17 0.0980171 0.995185 -9.71615e-17 0.0980171 0.95694 -2.8872e-16 0.290285 0.95694 -2.87751e-16 0.290285 0.881921 -4.67282e-16 0.471397 0.881921 -4.67282e-16 0.471397 0.77301 -6.17263e-16 0.634393 0.77301 -6.28855e-16 0.634393 0.634393 -7.56645e-16 0.77301 0.634393 -7.66262e-16 0.77301 0.471397 -8.74223e-16 0.881921 0.471397 -1.09278e-15 0.881921 0.290285 -1.18475e-15 0.95694 0.290285 -9.48587e-16 0.95694 0.0980171 -9.86497e-16 0.995185 0.0980171 -1.23312e-15 0.995185 -0.0980171 -1.23312e-15 0.995185 -0.0980171 -9.86497e-16 0.995185 -0.290285 -9.45806e-16 0.95694 -0.290285 -9.48587e-16 0.95694 -0.471397 -8.76115e-16 0.881921 -0.471397 -8.74223e-16 0.881921 -0.634393 -7.76557e-16 0.77301 -0.634393 -7.66262e-16 0.77301 -0.77301 -6.28855e-16 0.634393 -0.77301 -6.37175e-16 0.634393 -0.881921 -4.67282e-16 0.471397 -0.881921 -4.67282e-16 0.471397 -0.95694 -2.87751e-16 0.290285 -0.95694 -2.8872e-16 0.290285 -0.995185 -9.71615e-17 0.0980171 -0.995185 -9.70696e-17 0.0980171 -0.995185 8.50163e-17 -0.0980171 -0.95694 2.51782e-16 -0.290285 -0.995185 9.70696e-17 -0.0980171 -0.881921 4.38077e-16 -0.471397 -0.95694 2.69766e-16 -0.290285 -0.77301 6.28855e-16 -0.634393 -0.881921 4.67282e-16 -0.471397 -0.77301 6.28855e-16 -0.634393 -0.634393 7.66262e-16 -0.77301 -0.634393 7.56645e-16 -0.77301 -0.471397 9.835e-16 -0.881921 -0.290285 1.06716e-15 -0.95694 -0.471397 8.76115e-16 -0.881921 -0.290285 9.48587e-16 -0.95694 -0.0980171 9.86497e-16 -0.995185 -0.0980171 9.8563e-16 -0.995185 0 1 0 0 1 0 -0 1 0 0 1 0 0 1 -0 0 1 0 -0 1 0 -0 1 0 0 1 -0 0 1 0 -0 1 0 -0 1 0 0 1 -0 0 1 -0 -0 1 0 -0 1 0 0 1 -0 0 1 -0 0 1 0 0 1 0 -0 1 0 0 1 -0 0 1 0 -0 1 0 0 1 -0 0 1 0 0 1 -0 -0 1 0 0 1 -0 -0 1 0 0 1 0 -0 1 0 0 1 -0 0 1 0 0 1 -0 3.7645e-14 1 1.63728e-14 1.96773e-14 1 -1.05178e-14 0 1 -0 0 1 0 1.96773e-14 1 -1.05178e-14 2.13511e-14 1 -6.4768e-15 0 1 0 0 1 -0 2.22045e-14 1 -2.18695e-15 2.13511e-14 1 -6.4768e-15 0 1 0 0 1 -0 2.22045e-14 1 2.18695e-15 2.22045e-14 1 -2.18695e-15 0 1 0 -0 1 0 2.13511e-14 1 6.4768e-15 2.22045e-14 1 2.18695e-15 0 1 0 -0 1 0 1.96773e-14 1 1.05178e-14 2.13511e-14 1 6.4768e-15 0 1 0 -0 1 0 1.96773e-14 1 1.05178e-14 0 1 0 0 1 0 -0 1 0 3.7645e-14 1 -1.63728e-14 0.0980171 -8.63185e-16 0.995185 0.290285 -8.30013e-16 0.95694 0.0980171 -8.63185e-16 0.995185 0.471397 -6.79951e-16 0.881921 0.290285 -7.3779e-16 0.95694 0.634393 -6.7048e-16 0.77301 0.471397 -7.64945e-16 0.881921 0.77301 -5.50248e-16 0.634393 0.634393 -6.7048e-16 0.77301 0.881921 -1.90807e-15 0.471397 0.77301 -2.56783e-15 0.634393 0.95694 -1.18897e-15 0.290285 0.881921 -1.93078e-15 0.471397 0.995185 -3.96743e-16 0.0980171 0.95694 -1.17498e-15 0.290285 0.995185 8.50163e-17 -0.0980171 0.995185 -8.50163e-17 0.0980171 0.995185 3.96743e-16 -0.0980171 0.95694 1.17498e-15 -0.290285 0.95694 2.6577e-16 -0.290285 0.881921 4.31587e-16 -0.471397 0.881921 1.91942e-15 -0.471397 0.77301 2.58311e-15 -0.634393 0.634393 7.07729e-16 -0.77301 0.77301 5.80818e-16 -0.634393 0.634393 3.12891e-15 -0.77301 0.471397 7.64945e-16 -0.881921 0.471397 3.56927e-15 -0.881921 0.290285 8.3159e-16 -0.95694 0.0980171 4.0282e-15 -0.995185 0.290285 3.8734e-15 -0.95694 -0.0980171 8.63185e-16 -0.995185 0.0980171 8.63185e-16 -0.995185 -0.290285 8.30013e-16 -0.95694 -0.0980171 8.63185e-16 -0.995185 -0.471397 7.64945e-16 -0.881921 -0.290285 8.30013e-16 -0.95694 -0.634393 6.7048e-16 -0.77301 -0.471397 7.64945e-16 -0.881921 -0.77301 5.80818e-16 -0.634393 -0.634393 7.07729e-16 -0.77301 -0.77301 3.34638e-15 -0.634393 -0.95694 -6.50436e-16 -0.290285 -0.881921 -1.05625e-15 -0.471397 -0.881921 4.38085e-15 -0.471397 -0.95694 2.6577e-16 -0.290285 -0.995185 -2.17264e-16 -0.0980171 -0.995185 8.93031e-17 -0.0980171 -0.995185 -8.97394e-17 0.0980171 -0.995185 2.17185e-16 0.0980171 -0.881921 -4.54302e-16 0.471397 -0.95694 -2.79758e-16 0.290285 -0.95694 -2.65766e-16 0.290285 -0.881921 -4.54302e-16 0.471397 -0.77301 -6.11387e-16 0.634393 -0.77301 -6.11548e-16 0.634393 -0.471397 -8.49939e-16 0.881921 -0.634393 -7.44977e-16 0.77301 -0.634393 -7.43002e-16 0.77301 -0.290285 -9.22237e-16 0.95694 -0.471397 -8.49939e-16 0.881921 -0.0980171 -8.63185e-16 0.995185 -0.290285 -8.30013e-16 0.95694 -0.0980171 -8.63185e-16 0.995185 -0.962692 2.2532e-16 -0.270601 -0.962692 2.2532e-16 -0.270601 -0.99722 6.2048e-17 -0.0745172 -0.99722 6.22192e-17 -0.0745172 -0.992217 -1.03684e-16 0.12452 -0.992217 -1.0423e-16 0.12452 -0.947882 -3.09523e-16 0.318622 -0.947882 -2.65894e-16 0.318622 -0.865972 -4.16411e-16 0.500092 -0.865972 -4.87118e-16 0.500092 -0.603776 -6.63764e-16 0.797154 -0.749734 -5.51009e-16 0.661739 -0.749734 -5.48805e-16 0.661739 -0.433884 -7.50207e-16 0.900969 -0.603776 -6.63764e-16 0.797154 -0.246792 -8.06912e-16 0.969068 -0.433884 -7.50207e-16 0.900969 -0.246792 -8.06912e-16 0.969068 0.148937 -8.2338e-16 0.988847 -0.049917 -8.31629e-16 0.998753 -0.049917 -8.31716e-16 0.998753 0.341886 -7.82492e-16 0.939741 0.148937 -8.2338e-16 0.988847 0.341886 -9.12907e-16 0.939741 0.521283 -7.10585e-16 0.853384 0.521283 -8.29589e-16 0.853384 0.811793 -2.28877e-15 0.583946 0.680016 -2.12045e-15 0.733197 0.680016 -6.08365e-16 0.733197 0.811793 -5.67271e-16 0.583946 -0.661419 -6.24514e-16 0.750017 -0.661419 -6.24514e-16 0.750017 -0.62349 -6.51005e-16 0.781831 -0.62349 -6.51852e-16 0.781831 -0.584033 -7.88551e-16 0.81173 -0.584033 -6.77516e-16 0.81173 -0.749946 5.50809e-16 -0.661499 -0.749946 5.50809e-16 -0.661499 -0.866132 4.85543e-16 -0.499815 -0.866132 4.16922e-16 -0.499815 -0.947984 2.65053e-16 -0.318318 -0.947984 3.08437e-16 -0.318318 -0.997196 -6.23139e-17 0.0748366 -0.992257 1.03419e-16 -0.124202 -0.992257 1.03167e-16 -0.124202 -0.997196 -6.23139e-17 0.0748366 -0.962605 -2.25577e-16 0.270909 -0.962605 -2.25478e-16 0.270909 -0.781831 -5.1916e-16 0.62349 -0.889856 -3.79898e-16 0.456242 -0.889856 -3.8076e-16 0.456242 -0.781831 -5.1916e-16 0.62349 -0.642815 -6.37841e-16 0.766022 -0.642815 -6.38145e-16 0.766022 -0.294857 -7.95648e-16 0.955541 -0.478316 -7.31238e-16 0.878187 -0.478316 -7.29613e-16 0.878187 -0.294857 -1.06086e-15 0.955541 -0.0997095 -9.66604e-16 0.995017 -0.0997095 -1.10506e-15 0.995017 0.294551 -9.28348e-16 0.955636 0.0993908 -9.66635e-16 0.995048 0.0993908 -9.6679e-16 0.995048 0.294551 -7.95727e-16 0.955636 0.478035 -7.31366e-16 0.878341 0.478035 -7.3174e-16 0.878341 -0.921338 -3.50686e-16 0.388763 -0.921338 -3.79819e-16 0.388763 -0.900969 -4.21494e-16 0.433884 -0.900969 -3.90085e-16 0.433884 -0.878392 -3.97966e-16 0.477941 -0.878392 -4.61942e-16 0.477941 -0.388664 8.9507e-16 -0.921379 -0.388664 8.9507e-16 -0.921379 -0.563496 8.02529e-16 -0.826118 -0.563496 8.04063e-16 -0.826118 -0.715991 6.29734e-16 -0.698109 -0.715991 6.80688e-16 -0.698109 -0.930913 3.29468e-16 -0.365242 -0.840103 4.89299e-16 -0.542427 -0.840103 4.89245e-16 -0.542427 -0.930913 3.29468e-16 -0.365242 -0.98482 1.62599e-16 -0.173578 -0.98482 1.57409e-16 -0.173578 -0.999688 -2.33872e-17 0.0249663 -0.999688 -2.33987e-17 0.0249663 -0.974928 -2.08447e-16 0.222521 -0.974928 -2.08461e-16 0.222521 -0.81198 -5.46768e-16 0.583686 -0.91152 -3.85243e-16 0.411255 -0.91152 -3.85014e-16 0.411255 -0.81198 -5.46768e-16 0.583686 -0.680251 8.49272e-16 0.732979 -0.680251 -6.84943e-16 0.732979 -0.521557 -7.69649e-16 0.853217 -0.521557 3.89269e-16 0.853217 -0.149253 -8.91952e-16 0.988799 -0.342187 -8.47601e-16 0.939632 -0.342187 -8.46606e-16 0.939632 -0.149253 -8.91952e-16 0.988799 0.0495971 -9.00946e-16 0.998769 0.0495971 -9.00849e-16 0.998769 -0.998775 4.46432e-17 -0.0494904 -0.998775 4.49111e-17 -0.0494904 -1 0 0 -1 0 -0 -0.998775 -4.46432e-17 0.0494904 -0.998775 -4.29863e-17 0.0494904 0.0495971 9.00849e-16 -0.998769 0.0495971 9.00946e-16 -0.998769 -0.149253 8.91952e-16 -0.988799 -0.149253 8.91276e-16 -0.988799 -0.521557 7.69649e-16 -0.853217 -0.342187 8.47601e-16 -0.939632 -0.342187 8.46606e-16 -0.939632 -0.521557 8.28853e-16 -0.853217 -0.680251 7.12049e-16 -0.732979 -0.680251 7.14723e-16 -0.732979 -0.91152 4.28048e-16 -0.411255 -0.81198 6.0752e-16 -0.583686 -0.81198 5.67949e-16 -0.583686 -0.91152 4.28048e-16 -0.411255 -0.974928 2.16167e-16 -0.222521 -0.974928 2.3186e-16 -0.222521 -0.999688 2.42534e-17 -0.0249663 -0.999688 2.43293e-17 -0.0249663 -0.98482 -1.56577e-16 0.173578 -0.98482 -1.69109e-16 0.173578 -0.930913 -3.54812e-16 0.365242 -0.930913 -3.29708e-16 0.365242 -0.840103 -4.51661e-16 0.542427 -0.840103 -5.27534e-16 0.542427 -0.715991 -5.81293e-16 0.698109 -0.715991 -5.82839e-16 0.698109 -0.388664 -7.67202e-16 0.921379 -0.563496 -6.87882e-16 0.826118 -0.563496 -6.89197e-16 0.826118 -0.388664 -7.67202e-16 0.921379 -0.878392 3.97966e-16 -0.477941 -0.878392 4.0035e-16 -0.477941 -0.900969 3.61281e-16 -0.433884 -0.900969 3.59289e-16 -0.433884 -0.921338 3.2371e-16 -0.388763 -0.921338 3.2336e-16 -0.388763 0.478035 7.29613e-16 -0.878341 0.478035 7.31366e-16 -0.878341 0.294551 9.28348e-16 -0.955636 0.294551 7.95555e-16 -0.955636 0.0993908 9.66635e-16 -0.995048 0.0993908 9.66259e-16 -0.995048 -0.0997095 9.66604e-16 -0.995017 -0.0997095 9.66259e-16 -0.995017 -0.294857 7.95648e-16 -0.955541 -0.294857 9.27438e-16 -0.955541 -0.478316 8.53111e-16 -0.878187 -0.478316 7.3174e-16 -0.878187 -0.642815 6.37841e-16 -0.766022 -0.642815 7.44503e-16 -0.766022 -0.781831 6.05686e-16 -0.62349 -0.781831 5.19025e-16 -0.62349 -0.889856 3.79898e-16 -0.456242 -0.889856 4.42448e-16 -0.456242 -0.962605 2.25577e-16 -0.270909 -0.962605 2.25478e-16 -0.270909 -0.997196 6.23139e-17 -0.0748366 -0.997196 6.22192e-17 -0.0748366 -0.992257 -1.20656e-16 0.124202 -0.992257 -1.0423e-16 0.124202 -0.947984 -2.65053e-16 0.318318 -0.947984 -3.08437e-16 0.318318 -0.866132 -4.1618e-16 0.499815 -0.866132 -4.14795e-16 0.499815 -0.749946 -5.50809e-16 0.661499 -0.749946 -5.53059e-16 0.661499 -0.584033 6.75901e-16 -0.81173 -0.584033 9.03354e-16 -0.81173 -0.62349 6.51005e-16 -0.781831 -0.62349 6.51852e-16 -0.781831 -0.661419 6.24514e-16 -0.750017 -0.661419 6.21056e-16 -0.750017 0.811793 6.48781e-16 -0.583946 0.811793 -1.15423e-15 -0.583946 0.680016 6.10509e-16 -0.733197 0.680016 -6.93451e-16 -0.733197 0.521283 7.10585e-16 -0.853384 0.521283 7.10469e-16 -0.853384 0.341886 7.82492e-16 -0.939741 0.341886 7.82792e-16 -0.939741 0.148937 9.6061e-16 -0.988847 0.148937 8.24271e-16 -0.988847 -0.049917 8.31629e-16 -0.998753 -0.049917 9.70247e-16 -0.998753 -0.246792 8.06912e-16 -0.969068 -0.246792 8.07254e-16 -0.969068 -0.433884 7.50207e-16 -0.900969 -0.433884 7.48757e-16 -0.900969 -0.603776 6.63764e-16 -0.797154 -0.603776 6.63671e-16 -0.797154 -0.749734 7.34678e-16 -0.661739 -0.749734 5.53059e-16 -0.661739 -0.947882 3.53741e-16 -0.318622 -0.865972 5.55214e-16 -0.500092 -0.865972 5.55187e-16 -0.500092 -0.947882 3.53741e-16 -0.318622 -0.992217 1.38245e-16 -0.12452 -0.992217 1.38265e-16 -0.12452 -0.99722 -8.27307e-17 0.0745172 -0.99722 -8.29589e-17 0.0745172 -0.962692 -3.00427e-16 0.270601 -0.962692 -2.99928e-16 0.270601 -0.173999 1.09329e-15 -0.984746 -0.173999 1.09326e-15 -0.984746 -0.222521 5.41194e-16 -0.974928 -0.270498 5.34417e-16 -0.962721 -0.222521 1.08043e-15 -0.974928 -0.270498 1.06883e-15 -0.962721 0.984764 1.92507e-16 -0.173893 0.984764 1.93061e-16 -0.173893 0.930796 3.04373e-16 -0.36554 0.930796 4.06286e-16 -0.36554 0.715767 5.81484e-16 -0.698339 0.839929 4.51885e-16 -0.542696 0.839929 4.50956e-16 -0.542696 0.563232 6.88032e-16 -0.826299 0.715767 5.81484e-16 -0.698339 0.563232 6.88032e-16 -0.826299 0.388369 7.67306e-16 -0.921504 0.388369 7.67902e-16 -0.921504 6.97025e-15 8.32667e-16 -1 0.198111 8.16163e-16 -0.980179 0.198111 8.16826e-16 -0.980179 6.97025e-15 8.32667e-16 -1 -0.388369 7.67306e-16 -0.921504 -0.198111 8.16163e-16 -0.980179 -0.198111 8.15763e-16 -0.980179 -0.388369 7.67306e-16 -0.921504 -0.715767 5.81484e-16 -0.698339 -0.563232 6.88032e-16 -0.826299 -0.563232 6.89197e-16 -0.826299 -0.715767 5.81484e-16 -0.698339 -0.930796 3.04373e-16 -0.36554 -0.839929 4.51885e-16 -0.542696 -0.839929 4.53083e-16 -0.542696 -0.930796 4.05831e-16 -0.36554 -0.984764 1.93061e-16 -0.173893 -0.984764 1.92507e-16 -0.173893 0.270498 5.34417e-16 -0.962721 0.270498 5.36366e-16 -0.962721 0.222521 1.08239e-15 -0.974928 0.222521 5.41499e-16 -0.974928 0.173999 1.09329e-15 -0.984746 0.173999 1.09326e-15 -0.984746 0.962692 -1.51028e-16 0.270601 0.962692 -1.50214e-16 0.270601 0.992217 6.91226e-17 -0.12452 0.99722 -4.13653e-17 0.0745172 0.99722 -4.14795e-17 0.0745172 0.992217 6.91226e-17 -0.12452 0.947882 1.76871e-16 -0.318622 0.947882 1.76554e-16 -0.318622 0.749734 3.67339e-16 -0.661739 0.865972 2.77607e-16 -0.500092 0.865972 2.78657e-16 -0.500092 0.749734 7.34678e-16 -0.661739 0.433884 7.50207e-16 -0.900969 0.603776 6.63764e-16 -0.797154 0.603776 8.84895e-16 -0.797154 0.433884 7.50207e-16 -0.900969 0.246792 8.06912e-16 -0.969068 0.246792 8.0619e-16 -0.969068 0.049917 8.31629e-16 -0.998753 0.049917 8.3145e-16 -0.998753 -0.148937 8.2338e-16 -0.988847 -0.148937 8.23208e-16 -0.988847 -0.341886 7.82492e-16 -0.939741 -0.341886 7.82792e-16 -0.939741 -0.680016 6.10509e-16 -0.733197 -0.521283 7.10585e-16 -0.853384 -0.521283 7.10469e-16 -0.853384 -0.680016 4.07006e-16 -0.733197 -0.811793 3.24155e-16 -0.583946 -0.811793 3.23327e-16 -0.583946 0.661419 6.24514e-16 -0.750017 0.661419 6.26189e-16 -0.750017 0.62349 6.51005e-16 -0.781831 0.62349 6.51852e-16 -0.781831 0.584033 4.50601e-16 -0.81173 0.584033 6.72383e-16 -0.81173 0.749946 -5.53059e-16 0.661499 0.749946 -5.50809e-16 0.661499 0.947984 -3.09228e-16 0.318318 0.866132 -4.85543e-16 0.499815 0.866132 -4.14795e-16 0.499815 0.947984 -3.09228e-16 0.318318 0.992257 -1.03419e-16 0.124202 0.992257 -1.20184e-16 0.124202 0.997196 7.26996e-17 -0.0748366 0.997196 6.22192e-17 -0.0748366 0.889856 4.43214e-16 -0.456242 0.962605 2.63173e-16 -0.270909 0.962605 2.6164e-16 -0.270909 0.889856 3.79898e-16 -0.456242 0.781831 5.1916e-16 -0.62349 0.781831 5.19025e-16 -0.62349 0.642815 7.44148e-16 -0.766022 0.642815 6.38145e-16 -0.766022 0.478316 7.31238e-16 -0.878187 0.478316 8.52988e-16 -0.878187 0.0997095 8.28518e-16 -0.995017 0.294857 7.95648e-16 -0.955541 0.294857 7.95555e-16 -0.955541 0.0997095 8.28518e-16 -0.995017 -0.294551 7.95727e-16 -0.955636 -0.0993908 8.28544e-16 -0.995048 -0.0993908 8.28525e-16 -0.995048 -0.478035 7.31366e-16 -0.878341 -0.294551 7.95727e-16 -0.955636 -0.478035 8.5326e-16 -0.878341 0.921338 3.2371e-16 -0.388763 0.921338 3.2371e-16 -0.388763 0.900969 3.61281e-16 -0.433884 0.900969 3.59289e-16 -0.433884 0.878392 4.64294e-16 -0.477941 0.878392 3.95217e-16 -0.477941 0.388664 -7.67202e-16 0.921379 0.388664 -7.67202e-16 0.921379 0.563496 -6.87882e-16 0.826118 0.563496 -6.89197e-16 0.826118 0.715991 -6.78175e-16 0.698109 0.715991 -5.82839e-16 0.698109 0.840103 -5.26938e-16 0.542427 0.840103 -5.27534e-16 0.542427 0.98482 -1.56577e-16 0.173578 0.930913 -3.29468e-16 0.365242 0.930913 -3.53107e-16 0.365242 0.999688 2.07886e-17 -0.0249663 0.98482 -1.44533e-16 0.173578 0.974928 1.85286e-16 -0.222521 0.999688 2.07886e-17 -0.0249663 0.974928 1.85286e-16 -0.222521 0.81198 4.86016e-16 -0.583686 0.91152 3.42438e-16 -0.411255 0.91152 3.42471e-16 -0.411255 0.680251 6.10328e-16 -0.732979 0.81198 4.86016e-16 -0.583686 0.680251 6.61188e-16 -0.732979 0.342187 7.82401e-16 -0.939632 0.521557 7.10446e-16 -0.853217 0.521557 7.70029e-16 -0.853217 0.342187 8.47601e-16 -0.939632 0.149253 8.91952e-16 -0.988799 0.149253 8.9234e-16 -0.988799 -0.0495971 -1.31677e-15 -0.998769 -0.0495971 9.00849e-16 -0.998769 0.998775 -4.46432e-17 0.0494904 0.998775 -4.49111e-17 0.0494904 1 0 0 1 0 -0 0.998775 -6.52477e-17 -0.0494904 0.998775 4.49111e-17 -0.0494904 -0.0495971 -9.00946e-16 0.998769 0.149253 -8.91952e-16 0.988799 -0.0495971 -9.00946e-16 0.998769 0.342187 -8.47601e-16 0.939632 0.149253 -8.91952e-16 0.988799 0.342187 -8.63901e-16 0.939632 0.680251 -6.61188e-16 0.732979 0.521557 -7.69649e-16 0.853217 0.521557 -7.82792e-16 0.853217 0.81198 -5.46768e-16 0.583686 0.680251 -6.86619e-16 0.732979 0.81198 -5.26517e-16 0.583686 0.91152 -3.70975e-16 0.411255 0.91152 -3.72252e-16 0.411255 0.974928 -2.08447e-16 0.222521 0.974928 -2.01016e-16 0.222521 0.999688 -2.2521e-17 0.0249663 0.999688 -2.33987e-17 0.0249663 0.98482 1.56577e-16 -0.173578 0.98482 1.56346e-16 -0.173578 0.930913 3.04125e-16 -0.365242 0.930913 3.29708e-16 -0.365242 0.715991 6.29734e-16 -0.698109 0.840103 4.89299e-16 -0.542427 0.840103 4.53083e-16 -0.542427 0.715991 6.29734e-16 -0.698109 0.563496 8.02529e-16 -0.826118 0.563496 7.4663e-16 -0.826118 0.388664 -8.30947e-16 -0.921379 0.388664 8.95531e-16 -0.921379 0.878392 -4.64294e-16 0.477941 0.878392 -3.95217e-16 0.477941 0.900969 -3.91388e-16 0.433884 0.900969 -4.20881e-16 0.433884 0.921338 -4.46922e-15 0.388763 0.921338 -3.49023e-16 0.388763 -0.478035 -7.3174e-16 0.878341 -0.294551 -7.95727e-16 0.955636 -0.478035 -7.31366e-16 0.878341 -0.294551 -9.28348e-16 0.955636 0.0997095 -9.66604e-16 0.995017 -0.0993908 -9.66635e-16 0.995048 -0.0993908 -9.6679e-16 0.995048 0.0997095 -8.28518e-16 0.995017 0.478316 -7.31238e-16 0.878187 0.294857 -7.95648e-16 0.955541 0.294857 -7.95555e-16 0.955541 0.642815 -6.37841e-16 0.766022 0.478316 -7.31238e-16 0.878187 0.642815 -6.37841e-16 0.766022 0.781831 -5.1916e-16 0.62349 0.781831 -5.19025e-16 0.62349 0.889856 -3.79898e-16 0.456242 0.889856 -3.78633e-16 0.456242 0.962605 -2.25577e-16 0.270909 0.962605 -2.25478e-16 0.270909 0.997196 -6.23139e-17 0.0748366 0.997196 -6.22192e-17 0.0748366 0.992257 1.03419e-16 -0.124202 0.992257 1.03167e-16 -0.124202 0.947984 3.09228e-16 -0.318318 0.947984 2.63767e-16 -0.318318 0.749946 5.50809e-16 -0.661499 0.866132 4.1618e-16 -0.499815 0.866132 4.84991e-16 -0.499815 0.749946 5.50809e-16 -0.661499 0.584033 -6.75901e-16 0.81173 0.584033 -7.90435e-16 0.81173 0.62349 -6.51005e-16 0.781831 0.62349 -6.51852e-16 0.781831 0.661419 -6.24514e-16 0.750017 0.661419 -6.26189e-16 0.750017 -0.811793 -5.65822e-16 0.583946 -0.680016 -6.10509e-16 0.733197 -0.811793 -4.86233e-16 0.583946 -0.680016 -6.10509e-16 0.733197 -0.521283 -7.10585e-16 0.853384 -0.521283 -7.10469e-16 0.853384 -0.341886 -7.82492e-16 0.939741 -0.341886 -7.82792e-16 0.939741 0.049917 -8.31629e-16 0.998753 -0.148937 -8.2338e-16 0.988847 -0.148937 -8.23208e-16 0.988847 0.049917 -8.31629e-16 0.998753 0.246792 -8.06912e-16 0.969068 0.246792 -8.07254e-16 0.969068 0.603776 -7.74391e-16 0.797154 0.433884 -8.75242e-16 0.900969 0.433884 -7.48757e-16 0.900969 0.603776 -6.63764e-16 0.797154 0.865972 -4.16411e-16 0.500092 0.749734 -5.51009e-16 0.661739 0.749734 -5.48805e-16 0.661739 0.865972 -4.16411e-16 0.500092 0.947882 -2.65306e-16 0.318622 0.947882 -2.65894e-16 0.318622 0.992217 -1.03684e-16 0.12452 0.992217 -1.03167e-16 0.12452 0.99722 6.2048e-17 -0.0745172 0.99722 6.16874e-17 -0.0745172 0.962692 2.2532e-16 -0.270601 0.962692 2.25478e-16 -0.270601 0.173999 -1.09329e-15 0.984746 0.173999 -1.09326e-15 0.984746 0.222521 -5.41194e-16 0.974928 0.222521 -1.083e-15 0.974928 0.270498 -8.01626e-16 0.962721 0.270498 -5.338e-16 0.962721 -0.984764 -1.92507e-16 0.173893 -0.930796 -4.05831e-16 0.36554 -0.984764 -1.93061e-16 0.173893 -0.930796 -3.55102e-16 0.36554 -0.715767 -5.81484e-16 0.698339 -0.839929 -4.51885e-16 0.542696 -0.839929 -5.27534e-16 0.542696 -0.715767 -5.81484e-16 0.698339 -0.563232 -6.88032e-16 0.826299 -0.563232 -6.89197e-16 0.826299 -0.388369 -7.67306e-16 0.921504 -0.388369 -7.67902e-16 0.921504 -0.198111 -8.16163e-16 0.980179 -0.198111 -8.15763e-16 0.980179 0.198111 -8.16163e-16 0.980179 -6.97025e-15 -8.32667e-16 1 -6.97025e-15 -8.32667e-16 1 0.388369 -7.67306e-16 0.921504 0.198111 -8.16163e-16 0.980179 0.388369 -7.67306e-16 0.921504 0.563232 -6.88032e-16 0.826299 0.563232 -6.89197e-16 0.826299 0.839929 -4.51885e-16 0.542696 0.715767 -5.81484e-16 0.698339 0.715767 -5.82839e-16 0.698339 0.839929 -5.27199e-16 0.542696 0.930796 -4.05831e-16 0.36554 0.930796 -3.55234e-16 0.36554 0.984764 -1.44795e-16 0.173893 0.984764 -1.92507e-16 0.173893 -0.270498 -8.01626e-16 0.962721 -0.270498 -8.007e-16 0.962721 -0.222521 -1.08239e-15 0.974928 -0.173999 -1.09329e-15 0.984746 -0.222521 -8.10966e-16 0.974928 -0.173999 -8.19966e-16 0.984746 0 0.999999 -0 -0 0.999999 0 0 0.999999 -0 -0 0.999999 0 -0 1 0 0 1 0 0 0.999999 0 -0 0.999999 0 0 1 0 -0 1 0 -6.53687e-15 0.999999 1.54965e-14 -0 1 0 0 1 0 1.78168e-15 1 6.84543e-15 -1.10113e-14 0.999999 1.61432e-14 -5.70608e-16 1 5.71263e-15 1.21375e-14 1 5.84512e-15 0 0.999999 -0 -0 1 0 0 1 0 0 0.999999 -0 0 1 0 -3.62989e-15 1 3.53924e-15 -5.83261e-14 1 -2.28011e-14 0 1 0 0 1 0 -1.19429e-14 1 7.71115e-15 0 0.999999 0 -1.54047e-14 1 6.04402e-15 8.30183e-15 1 1.52421e-14 4.07528e-15 1 1.32067e-14 -0 1 0 0 0.999999 0 -1.42835e-14 1 2.51751e-15 0 0.999999 0 0 1 0 -0 1 0 0 0.999999 0 0 1 0 -0 1 0 0 1 -0 0 1 0 -0 1 0 0 1 0 -0 1 0 -0 0.999999 0 0 0.999999 0 0 1 0 0 1 0 0 1 0 3.31251e-14 0.999999 5.84936e-15 3.63774e-14 0.999999 1.4286e-14 0 1 0 0 1 0 0 1 0 0 1 -0 0 1 0 0 1 0 0 0.999999 -0 0 1 0 0 0.999999 -0 1.44777e-14 1 -1.49457e-14 8.51646e-15 1 5.50266e-15 7.99258e-15 1 7.79796e-15 1.13927e-14 1 -1.42976e-15 6.21358e-15 1 9.11573e-15 8.98341e-15 1 -3.01969e-15 4.49378e-15 1 1.06626e-14 7.97919e-15 1 -4.60792e-15 1.10113e-14 0.999999 1.61432e-14 6.53687e-15 0.999999 1.54965e-14 7.24924e-15 1 -6.39841e-15 -0 0.999999 0 -5.67468e-15 1 8.7202e-15 -0 0.999999 0 0 1 0 1.21533e-15 1 6.23119e-16 3.3591e-16 1 1.319e-15 8.57983e-16 1 1.04546e-15 8.46375e-16 1 1.06132e-15 1.03893e-15 1 8.5263e-16 1.0515e-15 1 8.38547e-16 8.80695e-16 1 1.0495e-15 5.70608e-16 1 5.71263e-15 4.69048e-15 1 3.02849e-15 3.62989e-15 1 3.53924e-15 -2.71135e-15 1 -6.77134e-17 -4.44727e-15 1 7.25437e-15 1.18606e-15 1 6.33964e-16 5.83972e-16 1 1.21263e-15 6.33817e-16 1 1.18579e-15 -5.13492e-15 1 -2.01467e-15 -5.84103e-14 1 2.36414e-14 -2.62551e-15 1 -5.99256e-16 -2.57714e-15 1 -7.81767e-16 3.02428e-16 1 1.32503e-15 -2.67599e-16 1 1.32398e-15 8.08518e-16 1 1.06747e-15 3.95207e-16 1 1.30282e-15 1.35843e-15 1 -4.40225e-15 -2.6969e-15 1 -2.65622e-16 -2.71861e-15 1 0 -2.45214e-15 1 -1.10634e-15 -2.45214e-15 1 1.10634e-15 -9.38694e-30 1 1.34671e-15 1.32325e-16 1 1.34352e-15 2.76728e-15 1 -5.08071e-15 -4.76116e-15 1 -8.39171e-16 0 0.999999 0 -0 0.999999 0 -2.6969e-15 1 2.65622e-16 -2.62551e-15 1 5.99256e-16 -1.32325e-16 1 1.34352e-15 2.67599e-16 1 1.32398e-15 8.08518e-16 1 -1.06747e-15 5.48884e-15 1 1.31441e-15 -2.57714e-15 1 7.81767e-16 -3.11437e-15 1 -1.63222e-15 -2.71135e-15 1 6.77134e-17 3.95207e-16 1 -1.30282e-15 5.83972e-16 1 -1.21263e-15 -1.0515e-15 1 8.38547e-16 -1.18606e-15 1 6.33964e-16 -8.80695e-16 1 1.0495e-15 3.3591e-16 1 -1.319e-15 6.33817e-16 1 -1.18579e-15 0 0.999999 -0 0 1 0 0 1 0 0 0.999999 -0 0 1 0 0 1 -0 -1.21533e-15 1 6.23119e-16 -1.03893e-15 1 8.5263e-16 0 1 0 0 1 0 0 1 -0 0 1 0 -8.57983e-16 1 1.04546e-15 8.46375e-16 1 -1.06132e-15 0 1 0 8.57983e-16 1 -1.04546e-15 0 1 0 1.21533e-15 1 -6.23119e-16 2.33163e-14 1 2.81322e-14 0 0.999999 0 0 0.999999 0 -1.0515e-15 1 8.38547e-16 -1.18606e-15 1 6.33964e-16 -8.80695e-16 1 1.0495e-15 0 0.999999 0 -0 1 0 0 1 0 0 0.999999 -0 0 1 0 -0 1 0 0 1 0 0 1 0 -0 1 0 -0 1 0 0 1 0 0 1 0 -8.46375e-16 1 1.06132e-15 -3.3591e-16 1 1.319e-15 -6.33817e-16 1 1.18579e-15 -5.83972e-16 1 1.21263e-15 -3.95207e-16 1 1.30282e-15 0 0.999999 0 0 0.999999 0 -8.08518e-16 1 1.06747e-15 0 1 0 -5.67468e-15 1 8.7202e-15 5.03886e-16 1 5.04465e-15 4.11055e-15 1 4.00789e-15 1.10113e-14 0.999999 1.61432e-14 -5.84103e-14 1 2.36414e-14 1.62643e-15 1 -5.27077e-15 4.69048e-15 1 3.02849e-15 6.53687e-15 0.999999 1.54965e-14 -4.28878e-15 1 -1.68269e-15 2.76728e-15 1 -5.08071e-15 -3.11437e-15 1 -1.63222e-15 -4.76116e-15 1 -8.39171e-16 -2.71135e-15 1 6.77134e-17 -2.57714e-15 1 7.81767e-16 -2.6969e-15 1 2.65622e-16 -2.62551e-15 1 5.99256e-16 -2.45214e-15 1 1.10634e-15 0 0.999999 0 0 0.999999 0 0 1 0 0 1 -0 0 1 0 -0 1 0 0 1 -0 0 1 0 0 1 0 -0 1 0 0 1 0 -3.02428e-16 1 1.32503e-15 -0 1 0 -0 0.999999 -0 2.67599e-16 1 1.32398e-15 -1.32325e-16 1 1.34352e-15 0 0.999999 -0 -9.38694e-30 1 1.34671e-15 1.32325e-16 1 1.34352e-15 -2.67599e-16 1 1.32398e-15 0 0.999999 0 0 0.999999 0 0 1 0 0 1 -0 -0 1 0 -2.71861e-15 1 -1.5343e-29 0 1 0 0 1 0 -0 1 0 -2.45214e-15 1 -1.10634e-15 -2.6969e-15 1 -2.65622e-16 0 1 0 -0 1 0 0 1 0 -0 1 0 -2.62551e-15 1 -5.99256e-16 -2.57714e-15 1 -7.81767e-16 -0 0.999999 -0 -2.71135e-15 1 -6.77134e-17 0 0.999999 -0 6.0937e-15 1 1.33565e-15 3.75518e-15 1 -8.9101e-15 8.6751e-15 1 7.65692e-15 2.42555e-15 1 3.20241e-15 1.18562e-15 1 3.90847e-15 7.97919e-15 1 4.60792e-15 6.21358e-15 1 -9.11573e-15 1.90145e-15 1 3.55737e-15 1.75192e-15 1 3.63789e-15 7.99258e-15 1 -7.79796e-15 8.98341e-15 1 3.01969e-15 1.00773e-15 1 3.95701e-15 3.63774e-14 0.999999 -1.4286e-14 3.31251e-14 0.999999 -5.84936e-15 9.64416e-15 1 -6.23129e-15 1.00606e-14 1 1.26257e-15 -4.44727e-15 1 7.25437e-15 8.80695e-16 1 1.0495e-15 1.18606e-15 1 6.33964e-16 1.0515e-15 1 8.38547e-16 2.53941e-14 1 -2.64269e-14 -1.70929e-14 1 3.01268e-15 6.93732e-15 1 1.27369e-14 2.53913e-15 1 3.18396e-15 2.57395e-15 1 3.13637e-15 3.64599e-15 1 1.86936e-15 5.99543e-15 1 2.62677e-14 0 0.999999 0 1.25547e-14 1 6.52052e-15 -1.54047e-14 1 6.04402e-15 4.07528e-15 1 1.32067e-14 0 1 0 -0 1 -0 -0 0.999999 0 -5.74654e-14 1 -1.42113e-14 -3.62989e-15 1 3.53924e-15 -4.69048e-15 1 3.02849e-15 0 1 0 -0 1 -0 -5.70608e-16 1 5.71263e-15 -0 1 0 0 1 0 -6.53687e-15 0.999999 1.54965e-14 -1.10113e-14 0.999999 1.61432e-14 -0 1 0 0 1 0 1.78168e-15 1 6.84543e-15 0 0.999999 0 1.21375e-14 1 5.84512e-15 0 0.999999 -0 -0 0.999999 0 0 0.999999 0 -0 1 -0 0 1 0 0 0.999999 0 -0 0.999999 0 0 -0.999999 0 0 -0.999999 0 0 -0.999999 0 8.03998e-15 -0.999999 -1.47726e-14 0 -1 0 0 -1 0 0 -0.999999 0 5.75582e-15 -0.999999 -1.86741e-14 0 -1 0 0 -1 0 0 -0.999999 0 0 -1 0 0 -1 0 1.03558e-14 -1 -1.00032e-15 0 -0.999999 0 5.70608e-16 -1 -5.71263e-15 0 -1 0 0 -0.999999 0 0 -1 0 0 -1 0 0 -0.999999 0 -1.95714e-14 -1 -1.01648e-14 3.62989e-15 -1 -3.53924e-15 -5.567e-16 -1 -5.5554e-15 2.97823e-14 -1 3.73458e-14 4.65375e-15 -1 1.30972e-15 3.98097e-15 -1 -2.57038e-15 0 -0.999999 0 5.13492e-15 -1 -2.01467e-15 -2.76728e-15 -1 -5.08071e-15 -1.35843e-15 -1 -4.40225e-15 -4.24112e-15 -1 5.66103e-15 0 -0.999999 0 4.76116e-15 -1 -8.39171e-16 0 -0.999999 0 -5.03029e-15 -1 -6.31286e-16 -4.82208e-15 -1 3.11565e-15 0 -0.999999 0 -4.4917e-15 -1 -1.50984e-15 -3.99629e-15 -1 3.89898e-15 -3.98959e-15 -1 -2.30396e-15 -3.10679e-15 -1 4.55787e-15 -3.62462e-15 -1 -3.19921e-15 -2.24689e-15 -1 5.33132e-15 0 -0.999999 0 0 -0.999999 0 0 -1 0 0 -1 0 0 -1 0 0 -1 0 0 -0.999999 0 0 -0.999999 0 0 -1 0 0 -1 0 0 -1 0 0 -1 0 0 -1 0 0 -1 0 0 -1 0 0 -0.999999 0 0 -1 0 0 -1 0 0 -0.999999 0 0 -1 0 0 -1 0 0 -1 0 0 -1 0 0 -1 0 0 -1 0 0 -0.999999 0 0 -0.999999 0 0 -1 0 0 -1 0 -8.03998e-15 -0.999999 -1.47726e-14 -5.75582e-15 -0.999999 -1.86741e-14 -1.03558e-14 -1 -1.00032e-15 -5.70608e-16 -1 -5.71263e-15 -3.62989e-15 -1 -3.53924e-15 -5.13492e-15 -1 -2.01467e-15 -3.98097e-15 -1 -2.57038e-15 5.567e-16 -1 -5.5554e-15 1.35843e-15 -1 -4.40225e-15 -1.08794e-15 -1 -5.57804e-16 -9.27225e-16 -1 -7.60954e-16 -9.38248e-16 -1 -7.48228e-16 -6.02208e-16 -1 -2.36467e-15 1.04069e-15 -1 -3.22092e-15 -7.65216e-16 -1 -9.32418e-16 7.11646e-16 -1 -2.78931e-15 -1.07572e-15 -1 -5.74982e-16 -7.74304e-16 -1 -9.22713e-16 0 -1 0 -1.04184e-15 -1 -2.16341e-15 -1.13129e-15 -1 -2.11649e-15 2.76728e-15 -1 -5.08071e-15 -4.76116e-15 -1 -8.39171e-16 -1.36534e-14 -0.999999 -9.82127e-15 -1.32882e-14 -0.999999 -1.43274e-14 0 -1 0 0 -1 0 2.40591e-16 -1 -1.19035e-15 -1.45875e-15 -1 -1.92596e-15 -3.15125e-15 -1 -1.12525e-15 -7.04445e-16 -1 -2.32225e-15 0 -1 0 0 -1 0 0 -1 0 0 -1 0 8.37147e-30 -1 -1.20103e-15 -1.18041e-16 -1 -1.19849e-15 0 -1 0 0 -1 0 -2.40591e-16 -1 -1.19035e-15 7.29374e-16 -1 -9.62978e-16 2.69455e-16 -1 -1.18056e-15 1.18041e-16 -1 -1.19849e-15 -7.11646e-16 -1 -2.78931e-15 0 -1 0 0 -1 0 7.74304e-16 -1 -9.22713e-16 3.52223e-16 -1 -1.16112e-15 5.20921e-16 -1 -1.0817e-15 0 -0.999999 0 1.07572e-15 -1 -5.74982e-16 9.38248e-16 -1 -7.48228e-16 5.65644e-16 -1 -1.05825e-15 3.01104e-16 -1 -1.18233e-15 -9.7643e-15 -1 3.59197e-15 0 -1 0 0 -0.999999 0 -2.64278e-15 -1 -4.32644e-15 -5.44243e-15 -1 -1.82748e-15 9.27225e-16 -1 -7.60954e-16 1.08794e-15 -1 -5.57804e-16 -5.53999e-15 -1 -6.9345e-16 -1.62009e-15 -1 -4.45313e-15 -8.21535e-16 -1 -5.45448e-15 -4.59415e-15 -1 3.44777e-16 7.65216e-16 -1 -9.32418e-16 7.54454e-16 -1 -9.46055e-16 2.97823e-14 -1 -3.73458e-14 7.65216e-16 -1 -9.32418e-16 -5.5691e-15 -1 1.56733e-15 9.27225e-16 -1 -7.60954e-16 1.08794e-15 -1 -5.57804e-16 0 -0.999999 0 0 -0.999999 0 1.07572e-15 -1 -5.74982e-16 9.38248e-16 -1 -7.48228e-16 7.74304e-16 -1 -9.22713e-16 0 -1 0 0 -1 0 0 -0.999999 0 0 -0.999999 0 0 -1 0 0 -1 0 0 -1 0 0 -1 0 0 -1 0 0 -1 0 2.97823e-14 -1 -3.73458e-14 2.5496e-15 -1 1.32881e-15 4.65375e-15 -1 -1.30972e-15 0 -1 0 0 -1 0 0 -1 0 0 -1 0 -8.03998e-15 -0.999999 -1.47726e-14 -5.75582e-15 -0.999999 -1.86741e-14 0 -1 0 -1.21375e-14 -1 5.84512e-15 -5.70608e-16 -1 -5.71263e-15 -6.46283e-15 -1 -2.87508e-15 -3.62989e-15 -1 -3.53924e-15 0 -0.999999 0 4.72491e-16 -1 -4.71506e-15 -4.69048e-15 -1 -3.02849e-15 0 -0.999999 0 -5.13492e-15 -1 -2.01467e-15 1.35843e-15 -1 -4.40225e-15 2.76728e-15 -1 -5.08071e-15 -7.11646e-16 -1 -2.78931e-15 -4.76116e-15 -1 -8.39171e-16 0 -1 0 0 -1 0 0 -1 0 0 -1 0 0 -1 0 0 -0.999999 0 0 -0.999999 0 -4.4917e-15 -1 1.50984e-15 -3.99629e-15 -1 -3.89898e-15 -3.98959e-15 -1 2.30396e-15 -3.10679e-15 -1 -4.55787e-15 -5.69637e-15 -1 7.14878e-16 -1.32229e-14 -1 -1.76499e-14 -4.25823e-15 -1 -2.75133e-15 -6.27734e-15 -1 3.26026e-15 -3.62462e-15 -1 3.19921e-15 -2.61234e-15 -1 -1.23588e-15 -2.24689e-15 -1 -5.33132e-15 0 -0.999999 0 -2.40591e-16 -1 -1.19035e-15 1.18041e-16 -1 -1.19849e-15 0 -0.999999 0 8.37147e-30 -1 -1.20103e-15 -1.18041e-16 -1 -1.19849e-15 2.40591e-16 -1 -1.19035e-15 0 -0.999999 0 0 -0.999999 0 0 -1 0 0 -1 0 0 -1 0 0 -1 0 0 -1 0 0 -1 0 0 -1 0 0 -1 0 0 -1 0 0 -1 0 0 -1 0 0 -1 0 0 -1 0 0 -1 0 0 -1 0 0 -0.999999 0 0 -1 0 0 -0.999999 0 -2.69455e-16 -1 -1.18056e-15 0 -1 0 0 -1 0 -7.29374e-16 -1 -9.62978e-16 -3.52223e-16 -1 -1.16112e-15 0 -1 0 0 -1 0 -5.20921e-16 -1 -1.0817e-15 -5.65644e-16 -1 -1.05825e-15 0 -1 0 0 -1 0 -3.01104e-16 -1 -1.18233e-15 0 -0.999999 0 0 -0.999999 0 0 -1 0 0 -1 0 -1.07572e-15 -1 -5.74982e-16 7.11646e-16 -1 -2.78931e-15 -7.74304e-16 -1 -9.22713e-16 -9.38248e-16 -1 -7.48228e-16 -9.27225e-16 -1 -7.60954e-16 5.69763e-15 -1 -1.00423e-15 -2.31244e-15 -1 -4.24564e-15 -7.65216e-16 -1 -9.32418e-16 -7.54454e-16 -1 -9.46055e-16 -1.08794e-15 -1 -5.57804e-16 0 -0.999999 0 0 -1 0 0 -1 0 5.13492e-15 -1 -2.01467e-15 -1.35843e-15 -1 -4.40225e-15 3.00711e-14 -1 4.31241e-14 0 -1 0 0 -0.999999 0 -4.72491e-16 -1 -4.71506e-15 3.62989e-15 -1 -3.53924e-15 4.69048e-15 -1 -3.02849e-15 -8.21535e-16 -1 5.45448e-15 -4.59415e-15 -1 -3.44777e-16 -1.62009e-15 -1 4.45313e-15 5.70608e-16 -1 -5.71263e-15 -5.53999e-15 -1 6.9345e-16 0 -0.999999 0 0 -0.999999 0 -2.99272e-15 -1 4.89932e-15 -4.80604e-15 -1 1.61379e-15 1.03558e-14 -1 -1.00032e-15 0 -1 0 5.75582e-15 -0.999999 -1.86741e-14 8.03998e-15 -0.999999 -1.47726e-14 -1.32882e-14 -0.999999 1.43274e-14 -1.36534e-14 -0.999999 9.82127e-15 -7.07026e-15 -1 -2.13758e-16 -8.39942e-15 -1 -1.05325e-14 0 -0.999999 0 0 -0.999999 0</float_array>
   <technique_common><accessor source="#na" count="3040" stride="3">
    <param name="X" type="float"/><param name="Y" type="float"/><param name="Z" type="float"/>
   </accessor></technique_common></source>
  <vertices id="v"><input semantic="POSITION" source="#p"/></vertices>
  <triangles material="m" count="3040">
   <input semantic="VERTEX" source="#v" offset="0"/><input semantic="NORMAL" source="#n" offset="1"/>
   <p>759 0 730 0 734 0 759 1 757 1 730 1 791 2 789 2 757 2 791 3 757 3 759 3 823 4 821 4 789 4 823 5 789 5 791 5 851 6 849 6 821 6 851 7 821 7 823 7 887 8 885 8 849 8 887 9 849 9 851 9 907 10 905 10 885 10 907 11 885 11 887 11 927 12 925 12 905 12 927 13 905 13 907 13 934 14 933 14 925 14 934 15 925 15 927 15 926 16 933 16 934 16 926 17 924 17 933 17 906 18 924 18 926 18 906 19 904 19 924 19 886 20 904 20 906 20 886 21 884 21 904 21 850 22 884 22 886 22 850 23 848 23 884 23 822 24 848 24 850 24 822 25 820 25 848 25 790 26 820 26 822 26 790 27 788 27 820 27 758 28 788 28 790 28 758 29 756 29 788 29 733 30 756 30 758 30 733 31 729 31 756 31 702 32 729 32 733 32 702 33 700 33 729 33 670 34 700 34 702 34 670 35 668 35 700 35 638 36 668 36 670 36 638 37 636 37 668 37 610 38 636 38 638 38 610 39 608 39 636 39 574 40 572 40 608 40 574 41 608 41 610 41 554 42 552 42 572 42 554 43 572 43 574 43 534 44 532 44 552 44 534 45 552 45 554 45 524 46 523 46 532 46 524 47 532 47 534 47 535 48 533 48 523 48 535 49 523 49 524 49 555 50 553 50 533 50 555 51 533 51 535 51 575 52 573 52 553 52 575 53 553 53 555 53 611 54 609 54 573 54 611 55 573 55 575 55 639 56 637 56 609 56 639 57 609 57 611 57 671 58 669 58 637 58 671 59 637 59 639 59 703 60 701 60 669 60 703 61 669 61 671 61 734 62 701 62 703 62 734 63 730 63 701 63 781 64 735 64 731 64 781 65 731 65 779 65 861 66 779 66 859 66 861 67 781 67 779 67 951 68 859 68 949 68 951 69 861 69 859 69 979 70 949 70 977 70 979 71 951 71 949 71 1015 72 977 72 1013 72 1015 73 979 73 977 73 1027 74 1013 74 1025 74 1027 75 1015 75 1013 75 1051 76 1025 76 1049 76 1051 77 1027 77 1025 77 1063 78 1051 78 1049 78 1063 79 1049 79 1062 79 1050 80 1063 80 1062 80 1050 81 1062 81 1048 81 1026 82 1050 82 1048 82 1026 83 1048 83 1024 83 1014 84 1026 84 1024 84 1014 85 1024 85 1012 85 978 86 1014 86 1012 86 978 87 1012 87 976 87 950 88 978 88 976 88 950 89 976 89 948 89 860 90 950 90 948 90 860 91 948 91 858 91 780 92 860 92 858 92 780 93 858 93 778 93 732 94 780 94 778 94 732 95 728 95 678 95 732 96 778 96 728 96 680 97 732 97 678 97 600 98 680 98 678 98 600 99 678 99 598 99 510 100 598 100 508 100 510 101 600 101 598 101 482 102 508 102 480 102 482 103 510 103 508 103 446 104 480 104 444 104 446 105 482 105 480 105 434 106 444 106 432 106 434 107 446 107 444 107 410 108 408 108 394 108 410 109 432 109 408 109 410 110 434 110 432 110 395 111 410 111 394 111 411 112 409 112 433 112 411 113 394 113 409 113 411 114 395 114 394 114 435 115 411 115 433 115 447 116 433 116 445 116 447 117 435 117 433 117 483 118 481 118 509 118 483 119 445 119 481 119 483 120 447 120 445 120 511 121 483 121 509 121 601 122 599 122 679 122 601 123 509 123 599 123 601 124 511 124 509 124 681 125 601 125 679 125 735 126 679 126 731 126 735 127 681 127 679 127 574 128 482 128 446 128 574 129 610 129 482 129 638 130 510 130 482 130 638 131 600 131 510 131 638 132 482 132 610 132 554 133 446 133 434 133 554 134 574 134 446 134 670 135 600 135 638 135 534 136 434 136 410 136 534 137 554 137 434 137 702 138 680 138 600 138 702 139 600 139 670 139 524 140 410 140 395 140 524 141 534 141 410 141 733 142 732 142 680 142 733 143 780 143 732 143 733 144 680 144 702 144 535 145 524 145 395 145 535 146 395 146 411 146 758 147 780 147 733 147 555 148 411 148 435 148 555 149 535 149 411 149 790 150 780 150 758 150 790 151 860 151 780 151 575 152 435 152 447 152 575 153 555 153 435 153 822 154 860 154 790 154 822 155 950 155 860 155 611 156 447 156 483 156 611 157 575 157 447 157 978 158 950 158 822 158 978 159 822 159 850 159 511 160 611 160 483 160 511 161 639 161 611 161 1014 162 978 162 850 162 1014 163 850 163 886 163 906 164 1014 164 886 164 601 165 671 165 639 165 601 166 639 166 511 166 1026 167 1014 167 906 167 681 168 703 168 671 168 681 169 671 169 601 169 1050 170 1026 170 906 170 1050 171 906 171 926 171 735 172 734 172 703 172 735 173 759 173 734 173 735 174 703 174 681 174 1063 175 926 175 934 175 1063 176 934 176 927 176 1063 177 1050 177 926 177 781 178 791 178 759 178 781 179 759 179 735 179 1051 180 1063 180 927 180 861 181 791 181 781 181 1027 182 927 182 907 182 1027 183 907 183 887 183 1027 184 1051 184 927 184 951 185 823 185 791 185 951 186 791 186 861 186 1015 187 887 187 851 187 1015 188 1027 188 887 188 979 189 851 189 823 189 979 190 823 190 951 190 979 191 1015 191 851 191 608 192 444 192 480 192 636 193 480 193 508 193 636 194 608 194 480 194 572 195 432 195 444 195 572 196 444 196 608 196 668 197 508 197 598 197 668 198 636 198 508 198 552 199 408 199 432 199 552 200 432 200 572 200 700 201 598 201 678 201 700 202 668 202 598 202 532 203 394 203 408 203 532 204 408 204 552 204 729 205 678 205 728 205 729 206 700 206 678 206 523 207 409 207 394 207 523 208 394 208 532 208 756 209 728 209 778 209 756 210 729 210 728 210 533 211 433 211 409 211 533 212 409 212 523 212 788 213 756 213 778 213 788 214 778 214 858 214 553 215 433 215 533 215 445 216 433 216 553 216 820 217 788 217 858 217 820 218 858 218 948 218 573 219 445 219 553 219 848 220 820 220 948 220 481 221 445 221 573 221 609 222 481 222 573 222 976 223 848 223 948 223 884 224 848 224 976 224 509 225 481 225 609 225 509 226 609 226 637 226 1012 227 884 227 976 227 904 228 884 228 1012 228 599 229 509 229 637 229 599 230 637 230 669 230 1024 231 924 231 904 231 1024 232 904 232 1012 232 679 233 599 233 669 233 679 234 669 234 701 234 1048 235 924 235 1024 235 1048 236 933 236 924 236 731 237 730 237 757 237 731 238 701 238 730 238 731 239 679 239 701 239 1062 240 925 240 933 240 1062 241 933 241 1048 241 779 242 731 242 757 242 1049 243 905 243 925 243 1049 244 925 244 1062 244 859 245 757 245 789 245 859 246 789 246 821 246 859 247 779 247 757 247 1025 248 885 248 905 248 1025 249 905 249 1049 249 949 250 859 250 821 250 1013 251 885 251 1025 251 977 252 821 252 849 252 977 253 849 253 885 253 977 254 885 254 1013 254 977 255 949 255 821 255 755 256 722 256 726 256 755 257 753 257 722 257 787 258 785 258 753 258 787 259 753 259 755 259 819 260 817 260 785 260 819 261 785 261 787 261 847 262 845 262 817 262 847 263 817 263 819 263 883 264 881 264 845 264 883 265 845 265 847 265 903 266 901 266 881 266 903 267 881 267 883 267 923 268 921 268 901 268 923 269 901 269 903 269 932 270 931 270 921 270 932 271 921 271 923 271 922 272 931 272 932 272 922 273 920 273 931 273 902 274 920 274 922 274 902 275 900 275 920 275 882 276 900 276 902 276 882 277 880 277 900 277 846 278 880 278 882 278 846 279 844 279 880 279 818 280 844 280 846 280 818 281 816 281 844 281 786 282 816 282 818 282 786 283 784 283 816 283 754 284 784 284 786 284 754 285 752 285 784 285 725 286 752 286 754 286 725 287 721 287 752 287 698 288 721 288 725 288 698 289 696 289 721 289 666 290 696 290 698 290 666 291 664 291 696 291 634 292 664 292 666 292 634 293 632 293 664 293 606 294 632 294 634 294 606 295 604 295 632 295 570 296 568 296 604 296 570 297 604 297 606 297 550 298 548 298 568 298 550 299 568 299 570 299 530 300 528 300 548 300 530 301 548 301 550 301 522 302 521 302 528 302 522 303 528 303 530 303 531 304 529 304 521 304 531 305 521 305 522 305 551 306 549 306 529 306 551 307 529 307 531 307 571 308 569 308 549 308 571 309 549 309 551 309 607 310 605 310 569 310 607 311 569 311 571 311 635 312 633 312 605 312 635 313 605 313 607 313 667 314 665 314 633 314 667 315 633 315 635 315 699 316 697 316 665 316 699 317 665 317 667 317 726 318 697 318 699 318 726 319 722 319 697 319 777 320 727 320 723 320 777 321 723 321 775 321 857 322 775 322 855 322 857 323 777 323 775 323 947 324 855 324 945 324 947 325 857 325 855 325 975 326 945 326 973 326 975 327 947 327 945 327 1011 328 973 328 1009 328 1011 329 975 329 973 329 1023 330 1009 330 1021 330 1023 331 1011 331 1009 331 1047 332 1021 332 1045 332 1047 333 1023 333 1021 333 1061 334 1047 334 1045 334 1061 335 1045 335 1060 335 1046 336 1061 336 1060 336 1046 337 1060 337 1044 337 1022 338 1046 338 1044 338 1022 339 1044 339 1020 339 1010 340 1022 340 1020 340 1010 341 1020 341 1008 341 974 342 1010 342 1008 342 974 343 1008 343 972 343 946 344 974 344 972 344 946 345 972 345 944 345 856 346 946 346 944 346 856 347 944 347 854 347 776 348 856 348 854 348 776 349 854 349 774 349 724 350 776 350 774 350 724 351 720 351 674 351 724 352 774 352 720 352 676 353 724 353 674 353 596 354 676 354 674 354 596 355 674 355 594 355 506 356 594 356 504 356 506 357 596 357 594 357 478 358 504 358 476 358 478 359 506 359 504 359 442 360 476 360 440 360 442 361 478 361 476 361 430 362 440 362 428 362 430 363 442 363 440 363 406 364 404 364 392 364 406 365 428 365 404 365 406 366 430 366 428 366 393 367 406 367 392 367 407 368 405 368 429 368 407 369 392 369 405 369 407 370 393 370 392 370 431 371 407 371 429 371 443 372 429 372 441 372 443 373 431 373 429 373 479 374 477 374 505 374 479 375 441 375 477 375 479 376 443 376 441 376 507 377 479 377 505 377 597 378 595 378 675 378 597 379 505 379 595 379 597 380 507 380 505 380 677 381 597 381 675 381 727 382 675 382 723 382 727 383 677 383 675 383 570 384 478 384 442 384 570 385 606 385 478 385 634 386 506 386 478 386 634 387 596 387 506 387 634 388 478 388 606 388 550 389 442 389 430 389 550 390 570 390 442 390 666 391 596 391 634 391 530 392 430 392 406 392 530 393 550 393 430 393 698 394 676 394 596 394 698 395 596 395 666 395 522 396 406 396 393 396 522 397 530 397 406 397 725 398 724 398 676 398 725 399 776 399 724 399 725 400 676 400 698 400 531 401 522 401 393 401 531 402 393 402 407 402 754 403 776 403 725 403 551 404 407 404 431 404 551 405 531 405 407 405 786 406 776 406 754 406 786 407 856 407 776 407 571 408 431 408 443 408 571 409 551 409 431 409 818 410 856 410 786 410 818 411 946 411 856 411 607 412 443 412 479 412 607 413 571 413 443 413 974 414 946 414 818 414 974 415 818 415 846 415 507 416 607 416 479 416 507 417 635 417 607 417 1010 418 974 418 846 418 1010 419 846 419 882 419 902 420 1010 420 882 420 597 421 667 421 635 421 597 422 635 422 507 422 1022 423 1010 423 902 423 677 424 699 424 667 424 677 425 667 425 597 425 1046 426 1022 426 902 426 1046 427 902 427 922 427 727 428 726 428 699 428 727 429 755 429 726 429 727 430 699 430 677 430 1061 431 922 431 932 431 1061 432 932 432 923 432 1061 433 1046 433 922 433 777 434 787 434 755 434 777 435 755 435 727 435 1047 436 1061 436 923 436 857 437 787 437 777 437 1023 438 923 438 903 438 1023 439 903 439 883 439 1023 440 1047 440 923 440 947 441 819 441 787 441 947 442 787 442 857 442 1011 443 883 443 847 443 1011 444 1023 444 883 444 975 445 847 445 819 445 975 446 819 446 947 446 975 447 1011 447 847 447 604 448 440 448 476 448 632 449 476 449 504 449 632 450 604 450 476 450 568 451 428 451 440 451 568 452 440 452 604 452 664 453 504 453 594 453 664 454 632 454 504 454 548 455 404 455 428 455 548 456 428 456 568 456 696 457 594 457 674 457 696 458 664 458 594 458 528 459 392 459 404 459 528 460 404 460 548 460 721 461 674 461 720 461 721 462 696 462 674 462 521 463 405 463 392 463 521 464 392 464 528 464 752 465 720 465 774 465 752 466 721 466 720 466 529 467 429 467 405 467 529 468 405 468 521 468 784 469 752 469 774 469 784 470 774 470 854 470 549 471 429 471 529 471 441 472 429 472 549 472 816 473 784 473 854 473 816 474 854 474 944 474 569 475 441 475 549 475 844 476 816 476 944 476 477 477 441 477 569 477 605 478 477 478 569 478 972 479 844 479 944 479 880 480 844 480 972 480 505 481 477 481 605 481 505 482 605 482 633 482 1008 483 880 483 972 483 900 484 880 484 1008 484 595 485 505 485 633 485 595 486 633 486 665 486 1020 487 920 487 900 487 1020 488 900 488 1008 488 675 489 595 489 665 489 675 490 665 490 697 490 1044 491 920 491 1020 491 1044 492 931 492 920 492 723 493 722 493 753 493 723 494 697 494 722 494 723 495 675 495 697 495 1060 496 921 496 931 496 1060 497 931 497 1044 497 775 498 723 498 753 498 1045 499 901 499 921 499 1045 500 921 500 1060 500 855 501 753 501 785 501 855 502 785 502 817 502 855 503 775 503 753 503 1021 504 881 504 901 504 1021 505 901 505 1045 505 945 506 855 506 817 506 1009 507 881 507 1021 507 973 508 817 508 845 508 973 509 845 509 881 509 973 510 881 510 1009 510 973 511 945 511 817 511 463 512 456 512 457 512 463 513 461 513 456 513 471 514 469 514 461 514 471 515 493 515 469 515 471 516 461 516 463 516 495 517 493 517 471 517 515 518 513 518 493 518 515 519 493 519 495 519 581 520 579 520 513 520 581 521 623 521 579 521 581 522 513 522 515 522 625 523 623 523 581 523 685 524 683 524 623 524 685 525 623 525 625 525 719 526 715 526 683 526 719 527 683 527 685 527 769 528 715 528 719 528 769 529 767 529 715 529 829 530 767 530 769 530 829 531 827 531 767 531 829 532 871 532 827 532 873 533 871 533 829 533 939 534 871 534 873 534 939 535 937 535 871 535 959 536 937 536 939 536 959 537 957 537 937 537 959 538 981 538 957 538 983 539 981 539 959 539 991 540 981 540 983 540 991 541 989 541 981 541 991 542 996 542 989 542 997 543 996 543 991 543 997 544 988 544 996 544 990 545 988 545 997 545 982 546 988 546 990 546 982 547 980 547 988 547 958 548 980 548 982 548 958 549 956 549 980 549 938 550 956 550 958 550 938 551 936 551 956 551 872 552 870 552 936 552 872 553 936 553 938 553 872 554 826 554 870 554 828 555 826 555 872 555 768 556 766 556 826 556 768 557 826 557 828 557 716 558 714 558 766 558 716 559 766 559 768 559 684 560 682 560 714 560 684 561 622 561 682 561 684 562 714 562 716 562 624 563 578 563 622 563 624 564 622 564 684 564 580 565 512 565 578 565 580 566 578 566 624 566 514 567 512 567 580 567 494 568 492 568 512 568 494 569 512 569 514 569 470 570 468 570 492 570 470 571 460 571 468 571 470 572 492 572 494 572 462 573 460 573 470 573 457 574 456 574 460 574 457 575 460 575 462 575 602 576 514 576 580 576 566 577 494 577 514 577 566 578 514 578 602 578 630 579 580 579 624 579 630 580 602 580 580 580 546 581 470 581 494 581 546 582 494 582 566 582 662 583 624 583 684 583 662 584 630 584 624 584 526 585 462 585 470 585 526 586 470 586 546 586 694 587 684 587 716 587 694 588 662 588 684 588 520 589 457 589 462 589 520 590 462 590 526 590 717 591 716 591 768 591 717 592 694 592 716 592 527 593 463 593 457 593 527 594 457 594 520 594 750 595 768 595 828 595 750 596 717 596 768 596 547 597 471 597 463 597 547 598 463 598 527 598 782 599 750 599 828 599 872 600 782 600 828 600 567 601 495 601 471 601 567 602 471 602 547 602 814 603 782 603 872 603 938 604 814 604 872 604 515 605 495 605 567 605 515 606 567 606 603 606 842 607 814 607 938 607 631 608 515 608 603 608 958 609 878 609 842 609 958 610 842 610 938 610 581 611 515 611 631 611 663 612 581 612 631 612 982 613 878 613 958 613 982 614 898 614 878 614 625 615 581 615 663 615 625 616 663 616 695 616 990 617 898 617 982 617 990 618 918 618 898 618 685 619 695 619 718 619 685 620 625 620 695 620 997 621 918 621 990 621 997 622 930 622 918 622 719 623 718 623 751 623 719 624 685 624 718 624 991 625 919 625 930 625 991 626 930 626 997 626 769 627 751 627 783 627 769 628 719 628 751 628 983 629 899 629 919 629 983 630 919 630 991 630 829 631 783 631 815 631 829 632 769 632 783 632 959 633 879 633 899 633 959 634 899 634 983 634 873 635 829 635 815 635 939 636 843 636 879 636 939 637 815 637 843 637 939 638 879 638 959 638 939 639 873 639 815 639 930 640 921 640 931 640 919 641 901 641 921 641 919 642 921 642 930 642 899 643 881 643 901 643 899 644 901 644 919 644 879 645 845 645 881 645 879 646 881 646 899 646 843 647 817 647 845 647 843 648 845 648 879 648 815 649 785 649 817 649 815 650 817 650 843 650 783 651 753 651 785 651 783 652 785 652 815 652 751 653 722 653 753 653 751 654 753 654 783 654 718 655 697 655 722 655 718 656 722 656 751 656 695 657 697 657 718 657 695 658 665 658 697 658 663 659 665 659 695 659 663 660 633 660 665 660 631 661 633 661 663 661 631 662 605 662 633 662 603 663 569 663 605 663 603 664 605 664 631 664 567 665 569 665 603 665 547 666 549 666 569 666 547 667 569 667 567 667 527 668 549 668 547 668 527 669 521 669 529 669 527 670 529 670 549 670 520 671 528 671 521 671 520 672 521 672 527 672 526 673 548 673 528 673 526 674 528 674 520 674 546 675 568 675 548 675 546 676 548 676 526 676 566 677 604 677 568 677 566 678 568 678 546 678 602 679 632 679 604 679 602 680 604 680 566 680 630 681 632 681 602 681 662 682 696 682 664 682 662 683 664 683 632 683 662 684 632 684 630 684 694 685 696 685 662 685 717 686 721 686 696 686 717 687 696 687 694 687 750 688 752 688 721 688 750 689 721 689 717 689 782 690 816 690 784 690 782 691 784 691 752 691 782 692 752 692 750 692 814 693 816 693 782 693 842 694 844 694 816 694 842 695 816 695 814 695 878 696 900 696 880 696 878 697 880 697 844 697 878 698 844 698 842 698 898 699 920 699 900 699 898 700 900 700 878 700 918 701 931 701 920 701 918 702 920 702 898 702 930 703 931 703 918 703 29 704 47 704 31 704 45 705 47 705 29 705 65 706 67 706 47 706 65 707 47 707 45 707 89 708 91 708 67 708 89 709 67 709 65 709 125 710 127 710 91 710 125 711 91 711 89 711 149 712 151 712 127 712 149 713 127 713 125 713 165 714 179 714 167 714 165 715 167 715 151 715 165 716 151 716 149 716 177 717 191 717 179 717 177 718 179 718 165 718 189 719 199 719 191 719 189 720 191 720 177 720 197 721 199 721 189 721 205 722 195 722 207 722 205 723 207 723 199 723 205 724 199 724 197 724 193 725 187 725 195 725 193 726 195 726 205 726 185 727 187 727 193 727 173 728 175 728 187 728 173 729 187 729 185 729 157 730 143 730 159 730 157 731 159 731 175 731 157 732 175 732 173 732 141 733 143 733 157 733 209 734 211 734 183 734 181 735 209 735 183 735 161 736 183 736 163 736 161 737 181 737 183 737 141 738 163 738 143 738 141 739 161 739 163 739 209 740 219 740 211 740 217 741 219 741 209 741 225 742 227 742 219 742 225 743 219 743 217 743 241 744 243 744 227 744 241 745 227 745 225 745 273 746 283 746 275 746 273 747 275 747 243 747 273 748 243 748 241 748 281 749 283 749 273 749 285 750 287 750 283 750 285 751 283 751 281 751 297 752 307 752 299 752 297 753 299 753 287 753 297 754 287 754 285 754 305 755 307 755 297 755 309 756 311 756 307 756 309 757 307 757 305 757 321 758 331 758 323 758 321 759 323 759 311 759 321 760 311 760 309 760 329 761 331 761 321 761 337 762 339 762 331 762 337 763 331 763 329 763 333 764 327 764 335 764 333 765 335 765 339 765 333 766 339 766 337 766 325 767 327 767 333 767 313 768 315 768 327 768 313 769 327 769 325 769 357 770 367 770 359 770 357 771 365 771 367 771 345 772 359 772 347 772 345 773 357 773 359 773 313 774 347 774 315 774 313 775 345 775 347 775 365 776 375 776 367 776 373 777 375 777 365 777 377 778 379 778 375 778 377 779 375 779 373 779 385 780 387 780 379 780 385 781 379 781 377 781 413 782 439 782 415 782 413 783 415 783 387 783 413 784 387 784 385 784 437 785 439 785 413 785 453 786 455 786 439 786 453 787 439 787 437 787 485 788 487 788 455 788 485 789 455 789 453 789 501 790 503 790 487 790 501 791 487 791 485 791 543 792 589 792 545 792 543 793 545 793 503 793 543 794 503 794 501 794 587 795 589 795 543 795 615 796 617 796 589 796 615 797 589 797 587 797 643 798 645 798 617 798 643 799 617 799 615 799 647 800 657 800 649 800 647 801 649 801 645 801 647 802 645 802 643 802 655 803 657 803 647 803 651 804 653 804 657 804 651 805 657 805 655 805 747 806 805 806 749 806 747 807 803 807 805 807 707 808 749 808 709 808 707 809 747 809 749 809 651 810 709 810 653 810 651 811 707 811 709 811 799 812 805 812 803 812 799 813 801 813 805 813 807 814 809 814 801 814 807 815 801 815 799 815 811 816 841 816 813 816 811 817 813 817 809 817 811 818 809 818 807 818 839 819 841 819 811 819 867 820 869 820 841 820 867 821 841 821 839 821 911 822 955 822 913 822 911 823 913 823 869 823 911 824 869 824 867 824 953 825 955 825 911 825 969 826 971 826 955 826 969 827 955 827 953 827 1001 828 1003 828 971 828 1001 829 971 829 969 829 1017 830 1019 830 1003 830 1017 831 1003 831 1001 831 1041 832 1043 832 1019 832 1041 833 1019 833 1017 833 1069 834 1071 834 1043 834 1069 835 1043 835 1041 835 1077 836 1079 836 1071 836 1077 837 1071 837 1069 837 1081 838 1091 838 1083 838 1081 839 1083 839 1079 839 1081 840 1079 840 1077 840 1089 841 1091 841 1081 841 1109 842 1143 842 1111 842 1109 843 1141 843 1143 843 1097 844 1111 844 1099 844 1097 845 1109 845 1111 845 1089 846 1099 846 1091 846 1089 847 1097 847 1099 847 1129 848 1143 848 1141 848 1129 849 1131 849 1143 849 1121 850 1123 850 1131 850 1121 851 1131 851 1129 851 1117 852 1119 852 1123 852 1117 853 1123 853 1121 853 1125 854 1127 854 1119 854 1125 855 1119 855 1117 855 1133 856 1135 856 1127 856 1133 857 1127 857 1125 857 1145 858 1147 858 1135 858 1145 859 1135 859 1133 859 1149 860 1151 860 1147 860 1149 861 1147 861 1145 861 1157 862 1159 862 1151 862 1157 863 1151 863 1149 863 1169 864 1171 864 1159 864 1169 865 1159 865 1157 865 1173 866 1175 866 1171 866 1173 867 1171 867 1169 867 1181 868 1183 868 1175 868 1181 869 1175 869 1173 869 1213 870 1215 870 1183 870 1213 871 1183 871 1181 871 1229 872 1231 872 1215 872 1229 873 1215 873 1213 873 1237 874 1239 874 1231 874 1237 875 1231 875 1229 875 1245 876 1247 876 1239 876 1245 877 1239 877 1237 877 1293 878 1315 878 1295 878 1293 879 1313 879 1315 879 1273 880 1295 880 1275 880 1273 881 1293 881 1295 881 1245 882 1275 882 1247 882 1245 883 1273 883 1275 883 1297 884 1315 884 1313 884 1297 885 1299 885 1315 885 1281 886 1283 886 1299 886 1281 887 1299 887 1297 887 1269 888 1271 888 1283 888 1269 889 1283 889 1281 889 1261 890 1263 890 1271 890 1261 891 1271 891 1269 891 1249 892 1251 892 1263 892 1249 893 1263 893 1261 893 1257 894 1259 894 1251 894 1257 895 1251 895 1249 895 1265 896 1267 896 1259 896 1265 897 1259 897 1257 897 1277 898 1279 898 1267 898 1277 899 1267 899 1265 899 1289 900 1291 900 1279 900 1289 901 1279 901 1277 901 1305 902 1307 902 1291 902 1305 903 1291 903 1289 903 1329 904 1367 904 1331 904 1329 905 1331 905 1307 905 1329 906 1307 906 1305 906 1365 907 1367 907 1329 907 1389 908 1391 908 1367 908 1389 909 1367 909 1365 909 1409 910 1411 910 1391 910 1409 911 1391 911 1389 911 1425 912 1427 912 1411 912 1425 913 1411 913 1409 913 1441 914 1447 914 1443 914 1441 915 1445 915 1447 915 1437 916 1443 916 1439 916 1437 917 1439 917 1427 917 1437 918 1441 918 1443 918 1425 919 1437 919 1427 919 1429 920 1447 920 1445 920 1429 921 1431 921 1447 921 1417 922 1419 922 1431 922 1417 923 1431 923 1429 923 1397 924 1383 924 1399 924 1397 925 1399 925 1419 925 1397 926 1419 926 1417 926 1381 927 1371 927 1383 927 1381 928 1383 928 1397 928 1369 929 1371 929 1381 929 1349 930 1351 930 1371 930 1349 931 1371 931 1369 931 1345 932 1346 932 1347 932 1345 933 1347 933 1351 933 1345 934 1351 934 1349 934 1344 935 1346 935 1345 935 1348 936 1370 936 1350 936 1348 937 1350 937 1346 937 1348 938 1346 938 1344 938 1368 939 1370 939 1348 939 1380 940 1398 940 1382 940 1380 941 1382 941 1370 941 1380 942 1370 942 1368 942 1396 943 1398 943 1380 943 1416 944 1430 944 1418 944 1416 945 1418 945 1398 945 1416 946 1398 946 1396 946 1428 947 1430 947 1416 947 1444 948 1446 948 1430 948 1444 949 1430 949 1428 949 1436 950 1426 950 1438 950 1436 951 1424 951 1426 951 1440 952 1438 952 1442 952 1440 953 1436 953 1438 953 1444 954 1442 954 1446 954 1444 955 1440 955 1442 955 1408 956 1426 956 1424 956 1408 957 1410 957 1426 957 1388 958 1366 958 1390 958 1388 959 1390 959 1410 959 1388 960 1410 960 1408 960 1364 961 1366 961 1388 961 1328 962 1330 962 1366 962 1328 963 1366 963 1364 963 1304 964 1290 964 1306 964 1304 965 1306 965 1330 965 1304 966 1330 966 1328 966 1288 967 1290 967 1304 967 1276 968 1266 968 1278 968 1276 969 1278 969 1290 969 1276 970 1290 970 1288 970 1264 971 1266 971 1276 971 1256 972 1258 972 1266 972 1256 973 1266 973 1264 973 1248 974 1250 974 1258 974 1248 975 1258 975 1256 975 1260 976 1262 976 1250 976 1260 977 1250 977 1248 977 1268 978 1270 978 1262 978 1268 979 1262 979 1260 979 1280 980 1298 980 1282 980 1280 981 1282 981 1270 981 1280 982 1270 982 1268 982 1296 983 1298 983 1280 983 1312 984 1314 984 1298 984 1312 985 1298 985 1296 985 1272 986 1246 986 1274 986 1272 987 1244 987 1246 987 1292 988 1274 988 1294 988 1292 989 1272 989 1274 989 1312 990 1294 990 1314 990 1312 991 1292 991 1294 991 1236 992 1246 992 1244 992 1236 993 1238 993 1246 993 1228 994 1214 994 1230 994 1228 995 1230 995 1238 995 1228 996 1238 996 1236 996 1212 997 1214 997 1228 997 1180 998 1182 998 1214 998 1180 999 1214 999 1212 999 1172 1000 1174 1000 1182 1000 1172 1001 1182 1001 1180 1001 1168 1002 1158 1002 1170 1002 1168 1003 1170 1003 1174 1003 1168 1004 1174 1004 1172 1004 1156 1005 1158 1005 1168 1005 1148 1006 1150 1006 1158 1006 1148 1007 1158 1007 1156 1007 1144 1008 1146 1008 1150 1008 1144 1009 1150 1009 1148 1009 1132 1010 1134 1010 1146 1010 1132 1011 1146 1011 1144 1011 1124 1012 1118 1012 1126 1012 1124 1013 1126 1013 1134 1013 1124 1014 1134 1014 1132 1014 1116 1015 1118 1015 1124 1015 1120 1016 1130 1016 1122 1016 1120 1017 1122 1017 1118 1017 1120 1018 1118 1018 1116 1018 1128 1019 1142 1019 1130 1019 1128 1020 1130 1020 1120 1020 1140 1021 1142 1021 1128 1021 1088 1022 1090 1022 1098 1022 1096 1023 1088 1023 1098 1023 1108 1024 1098 1024 1110 1024 1108 1025 1096 1025 1098 1025 1140 1026 1110 1026 1142 1026 1140 1027 1108 1027 1110 1027 1088 1028 1082 1028 1090 1028 1080 1029 1082 1029 1088 1029 1076 1030 1078 1030 1082 1030 1076 1031 1082 1031 1080 1031 1068 1032 1070 1032 1078 1032 1068 1033 1078 1033 1076 1033 1040 1034 1042 1034 1070 1034 1040 1035 1070 1035 1068 1035 1016 1036 1002 1036 1018 1036 1016 1037 1018 1037 1042 1037 1016 1038 1042 1038 1040 1038 1000 1039 970 1039 1002 1039 1000 1040 1002 1040 1016 1040 968 1041 954 1041 970 1041 968 1042 970 1042 1000 1042 952 1043 954 1043 968 1043 910 1044 868 1044 912 1044 910 1045 912 1045 954 1045 910 1046 954 1046 952 1046 866 1047 840 1047 868 1047 866 1048 868 1048 910 1048 838 1049 840 1049 866 1049 810 1050 808 1050 812 1050 810 1051 812 1051 840 1051 810 1052 840 1052 838 1052 806 1053 808 1053 810 1053 798 1054 800 1054 808 1054 798 1055 808 1055 806 1055 802 1056 804 1056 800 1056 802 1057 800 1057 798 1057 706 1058 652 1058 708 1058 706 1059 650 1059 652 1059 746 1060 708 1060 748 1060 746 1061 706 1061 708 1061 802 1062 748 1062 804 1062 802 1063 746 1063 748 1063 650 1064 656 1064 652 1064 654 1065 648 1065 656 1065 654 1066 656 1066 650 1066 646 1067 644 1067 648 1067 646 1068 648 1068 654 1068 642 1069 644 1069 646 1069 614 1070 588 1070 616 1070 614 1071 616 1071 644 1071 614 1072 644 1072 642 1072 586 1073 544 1073 588 1073 586 1074 588 1074 614 1074 542 1075 544 1075 586 1075 500 1076 502 1076 544 1076 500 1077 544 1077 542 1077 484 1078 486 1078 502 1078 484 1079 502 1079 500 1079 452 1080 454 1080 486 1080 452 1081 486 1081 484 1081 436 1082 438 1082 454 1082 436 1083 454 1083 452 1083 412 1084 414 1084 438 1084 412 1085 438 1085 436 1085 384 1086 378 1086 386 1086 384 1087 386 1087 414 1087 384 1088 414 1088 412 1088 376 1089 378 1089 384 1089 372 1090 374 1090 378 1090 372 1091 378 1091 376 1091 364 1092 366 1092 374 1092 364 1093 374 1093 372 1093 344 1094 314 1094 346 1094 344 1095 312 1095 314 1095 356 1096 346 1096 358 1096 356 1097 344 1097 346 1097 364 1098 358 1098 366 1098 364 1099 356 1099 358 1099 324 1100 314 1100 312 1100 324 1101 334 1101 326 1101 324 1102 326 1102 314 1102 332 1103 334 1103 324 1103 336 1104 330 1104 338 1104 336 1105 338 1105 334 1105 336 1106 334 1106 332 1106 328 1107 330 1107 336 1107 320 1108 310 1108 322 1108 320 1109 322 1109 330 1109 320 1110 330 1110 328 1110 308 1111 306 1111 310 1111 308 1112 310 1112 320 1112 304 1113 306 1113 308 1113 296 1114 298 1114 306 1114 296 1115 306 1115 304 1115 284 1116 286 1116 298 1116 284 1117 298 1117 296 1117 280 1118 282 1118 286 1118 280 1119 286 1119 284 1119 272 1120 274 1120 282 1120 272 1121 282 1121 280 1121 240 1122 242 1122 274 1122 240 1123 274 1123 272 1123 224 1124 226 1124 242 1124 224 1125 242 1125 240 1125 216 1126 210 1126 218 1126 216 1127 218 1127 226 1127 216 1128 226 1128 224 1128 208 1129 210 1129 216 1129 160 1130 142 1130 162 1130 160 1131 140 1131 142 1131 180 1132 162 1132 182 1132 180 1133 160 1133 162 1133 208 1134 182 1134 210 1134 208 1135 180 1135 182 1135 156 1136 142 1136 140 1136 156 1137 174 1137 158 1137 156 1138 158 1138 142 1138 172 1139 174 1139 156 1139 184 1140 186 1140 174 1140 184 1141 174 1141 172 1141 192 1142 194 1142 186 1142 192 1143 186 1143 184 1143 204 1144 198 1144 206 1144 204 1145 206 1145 194 1145 204 1146 194 1146 192 1146 196 1147 198 1147 204 1147 188 1148 190 1148 198 1148 188 1149 198 1149 196 1149 176 1150 166 1150 178 1150 176 1151 178 1151 190 1151 176 1152 190 1152 188 1152 164 1153 166 1153 176 1153 148 1154 126 1154 150 1154 148 1155 150 1155 166 1155 148 1156 166 1156 164 1156 124 1157 126 1157 148 1157 88 1158 90 1158 126 1158 88 1159 126 1159 124 1159 64 1160 66 1160 90 1160 64 1161 90 1161 88 1161 44 1162 46 1162 66 1162 44 1163 66 1163 64 1163 28 1164 30 1164 46 1164 28 1165 46 1165 44 1165 12 1166 10 1166 14 1166 12 1167 8 1167 10 1167 16 1168 14 1168 18 1168 16 1169 12 1169 14 1169 28 1170 18 1170 30 1170 28 1171 16 1171 18 1171 24 1172 10 1172 8 1172 24 1173 38 1173 26 1173 24 1174 26 1174 10 1174 36 1175 38 1175 24 1175 56 1176 74 1176 58 1176 56 1177 58 1177 38 1177 56 1178 38 1178 36 1178 72 1179 74 1179 56 1179 84 1180 86 1180 74 1180 84 1181 74 1181 72 1181 104 1182 106 1182 86 1182 104 1183 86 1183 84 1183 108 1184 110 1184 106 1184 108 1185 106 1185 104 1185 109 1186 107 1186 111 1186 109 1187 111 1187 110 1187 109 1188 110 1188 108 1188 105 1189 87 1189 107 1189 105 1190 107 1190 109 1190 85 1191 87 1191 105 1191 73 1192 75 1192 87 1192 73 1193 87 1193 85 1193 57 1194 39 1194 59 1194 57 1195 59 1195 75 1195 57 1196 75 1196 73 1196 37 1197 39 1197 57 1197 25 1198 27 1198 39 1198 25 1199 39 1199 37 1199 9 1200 11 1200 27 1200 9 1201 27 1201 25 1201 17 1202 31 1202 19 1202 17 1203 29 1203 31 1203 13 1204 19 1204 15 1204 13 1205 15 1205 11 1205 13 1206 17 1206 19 1206 9 1207 13 1207 11 1207 216 1208 180 1208 208 1208 156 1209 140 1209 160 1209 224 1210 180 1210 216 1210 324 1211 312 1211 344 1211 172 1212 160 1212 180 1212 172 1213 180 1213 224 1213 172 1214 156 1214 160 1214 332 1215 324 1215 344 1215 184 1216 224 1216 240 1216 184 1217 172 1217 224 1217 372 1218 356 1218 364 1218 192 1219 184 1219 240 1219 192 1220 240 1220 272 1220 376 1221 332 1221 344 1221 376 1222 356 1222 372 1222 376 1223 336 1223 332 1223 376 1224 344 1224 356 1224 44 1225 16 1225 28 1225 204 1226 192 1226 272 1226 204 1227 272 1227 280 1227 64 1228 16 1228 44 1228 12 1229 16 1229 64 1229 384 1230 336 1230 376 1230 384 1231 328 1231 336 1231 196 1232 280 1232 284 1232 196 1233 204 1233 280 1233 412 1234 328 1234 384 1234 24 1235 8 1235 12 1235 436 1236 328 1236 412 1236 436 1237 308 1237 320 1237 436 1238 320 1238 328 1238 36 1239 12 1239 64 1239 36 1240 24 1240 12 1240 452 1241 308 1241 436 1241 706 1242 654 1242 650 1242 56 1243 64 1243 88 1243 56 1244 36 1244 64 1244 646 1245 654 1245 706 1245 72 1246 88 1246 124 1246 72 1247 56 1247 88 1247 746 1248 646 1248 706 1248 84 1249 124 1249 148 1249 84 1250 72 1250 124 1250 104 1251 148 1251 164 1251 104 1252 84 1252 148 1252 798 1253 746 1253 802 1253 806 1254 746 1254 798 1254 806 1255 646 1255 746 1255 810 1256 642 1256 646 1256 810 1257 646 1257 806 1257 13 1258 9 1258 25 1258 13 1259 25 1259 37 1259 838 1260 642 1260 810 1260 838 1261 614 1261 642 1261 866 1262 614 1262 838 1262 866 1263 542 1263 586 1263 866 1264 586 1264 614 1264 910 1265 542 1265 866 1265 45 1266 29 1266 17 1266 65 1267 17 1267 13 1267 65 1268 45 1268 17 1268 65 1269 13 1269 37 1269 89 1270 37 1270 57 1270 89 1271 57 1271 73 1271 89 1272 65 1272 37 1272 125 1273 73 1273 85 1273 125 1274 89 1274 73 1274 149 1275 85 1275 105 1275 149 1276 125 1276 85 1276 1096 1277 1076 1277 1080 1277 1096 1278 1080 1278 1088 1278 165 1279 149 1279 105 1279 1128 1280 1108 1280 1140 1280 1120 1281 1076 1281 1096 1281 1120 1282 1108 1282 1128 1282 1120 1283 1096 1283 1108 1283 512 1284 284 1284 296 1284 492 1285 188 1285 196 1285 492 1286 284 1286 512 1286 492 1287 196 1287 284 1287 578 1288 512 1288 296 1288 578 1289 296 1289 304 1289 578 1290 304 1290 308 1290 1116 1291 1076 1291 1120 1291 1116 1292 1040 1292 1068 1292 1116 1293 1068 1293 1076 1293 622 1294 452 1294 484 1294 622 1295 308 1295 452 1295 622 1296 578 1296 308 1296 468 1297 176 1297 188 1297 468 1298 188 1298 492 1298 1124 1299 1016 1299 1040 1299 1124 1300 1040 1300 1116 1300 682 1301 484 1301 500 1301 682 1302 622 1302 484 1302 460 1303 104 1303 164 1303 460 1304 108 1304 104 1304 460 1305 164 1305 176 1305 460 1306 176 1306 468 1306 1132 1307 1016 1307 1124 1307 714 1308 682 1308 500 1308 714 1309 542 1309 910 1309 714 1310 500 1310 542 1310 714 1311 910 1311 952 1311 456 1312 109 1312 108 1312 456 1313 108 1313 460 1313 1144 1314 1016 1314 1132 1314 1144 1315 1000 1315 1016 1315 161 1316 141 1316 157 1316 161 1317 157 1317 173 1317 766 1318 714 1318 952 1318 766 1319 952 1319 968 1319 461 1320 109 1320 456 1320 461 1321 105 1321 109 1321 461 1322 177 1322 165 1322 461 1323 165 1323 105 1323 826 1324 766 1324 968 1324 826 1325 1000 1325 1144 1325 826 1326 968 1326 1000 1326 469 1327 177 1327 461 1327 469 1328 189 1328 177 1328 870 1329 1148 1329 1156 1329 870 1330 826 1330 1144 1330 870 1331 1144 1331 1148 1331 493 1332 197 1332 189 1332 493 1333 189 1333 469 1333 217 1334 209 1334 181 1334 225 1335 181 1335 161 1335 225 1336 173 1336 185 1336 225 1337 217 1337 181 1337 225 1338 161 1338 173 1338 241 1339 225 1339 185 1339 936 1340 1156 1340 1168 1340 936 1341 870 1341 1156 1341 273 1342 185 1342 193 1342 273 1343 193 1343 205 1343 273 1344 241 1344 185 1344 281 1345 273 1345 205 1345 956 1346 936 1346 1168 1346 285 1347 197 1347 493 1347 285 1348 205 1348 197 1348 285 1349 493 1349 513 1349 285 1350 281 1350 205 1350 297 1351 285 1351 513 1351 297 1352 513 1352 579 1352 1272 1353 1228 1353 1236 1353 1272 1354 1236 1354 1244 1354 305 1355 297 1355 579 1355 309 1356 579 1356 623 1356 309 1357 305 1357 579 1357 1280 1358 1292 1358 1296 1358 1280 1359 1272 1359 1292 1359 1280 1360 1228 1360 1272 1360 1312 1361 1296 1361 1292 1361 1268 1362 1212 1362 1228 1362 1268 1363 1228 1363 1280 1363 1260 1364 1172 1364 1180 1364 1260 1365 1180 1365 1212 1365 1260 1366 1212 1366 1268 1366 1248 1367 1172 1367 1260 1367 1256 1368 1168 1368 1172 1368 1256 1369 1172 1369 1248 1369 1256 1370 956 1370 1168 1370 1264 1371 956 1371 1256 1371 1264 1372 980 1372 956 1372 1276 1373 980 1373 1264 1373 1276 1374 988 1374 980 1374 345 1375 313 1375 325 1375 345 1376 325 1376 333 1376 1288 1377 988 1377 1276 1377 357 1378 345 1378 333 1378 377 1379 357 1379 333 1379 385 1380 333 1380 337 1380 385 1381 377 1381 333 1381 373 1382 357 1382 377 1382 413 1383 337 1383 329 1383 413 1384 329 1384 321 1384 413 1385 385 1385 337 1385 365 1386 357 1386 373 1386 437 1387 413 1387 321 1387 437 1388 321 1388 309 1388 453 1389 309 1389 623 1389 453 1390 437 1390 309 1390 485 1391 453 1391 623 1391 485 1392 623 1392 683 1392 501 1393 683 1393 715 1393 501 1394 485 1394 683 1394 543 1395 501 1395 715 1395 1436 1396 1388 1396 1408 1396 1436 1397 1408 1397 1424 1397 1396 1398 1328 1398 1364 1398 1396 1399 1380 1399 1328 1399 1368 1400 1304 1400 1328 1400 1368 1401 1328 1401 1380 1401 1416 1402 1396 1402 1364 1402 1416 1403 1364 1403 1388 1403 1416 1404 1436 1404 1440 1404 1416 1405 1388 1405 1436 1405 1348 1406 1288 1406 1304 1406 1348 1407 988 1407 1288 1407 1348 1408 1304 1408 1368 1408 1428 1409 1416 1409 1440 1409 1344 1410 988 1410 1348 1410 1344 1411 996 1411 988 1411 1444 1412 1428 1412 1440 1412 1345 1413 996 1413 1344 1413 1345 1414 989 1414 996 1414 1349 1415 989 1415 1345 1415 707 1416 651 1416 655 1416 707 1417 655 1417 647 1417 867 1418 615 1418 587 1418 867 1419 587 1419 543 1419 839 1420 615 1420 867 1420 911 1421 543 1421 715 1421 911 1422 867 1422 543 1422 811 1423 643 1423 615 1423 811 1424 615 1424 839 1424 953 1425 911 1425 715 1425 953 1426 715 1426 767 1426 807 1427 647 1427 643 1427 807 1428 643 1428 811 1428 747 1429 707 1429 647 1429 747 1430 647 1430 807 1430 969 1431 953 1431 767 1431 969 1432 767 1432 827 1432 799 1433 747 1433 807 1433 1001 1434 969 1434 827 1434 803 1435 747 1435 799 1435 1289 1436 989 1436 1349 1436 1289 1437 1349 1437 1369 1437 1305 1438 1289 1438 1369 1438 1277 1439 989 1439 1289 1439 1277 1440 981 1440 989 1440 1329 1441 1305 1441 1369 1441 1329 1442 1369 1442 1381 1442 1265 1443 957 1443 981 1443 1265 1444 981 1444 1277 1444 1365 1445 1381 1445 1397 1445 1365 1446 1329 1446 1381 1446 1257 1447 957 1447 1265 1447 1441 1448 1417 1448 1429 1448 1441 1449 1429 1449 1445 1449 1389 1450 1397 1450 1417 1450 1389 1451 1365 1451 1397 1451 1145 1452 1001 1452 827 1452 1145 1453 871 1453 1149 1453 1145 1454 827 1454 871 1454 1157 1455 1149 1455 871 1455 1157 1456 871 1456 937 1456 1133 1457 1017 1457 1001 1457 1133 1458 1001 1458 1145 1458 1169 1459 957 1459 1257 1459 1169 1460 937 1460 957 1460 1169 1461 1157 1461 937 1461 1437 1462 1417 1462 1441 1462 1437 1463 1409 1463 1389 1463 1437 1464 1389 1464 1417 1464 1125 1465 1041 1465 1017 1465 1125 1466 1017 1466 1133 1466 1173 1467 1257 1467 1249 1467 1173 1468 1169 1468 1257 1468 1425 1469 1409 1469 1437 1469 1117 1470 1041 1470 1125 1470 1117 1471 1077 1471 1069 1471 1117 1472 1069 1472 1041 1472 1181 1473 1249 1473 1261 1473 1181 1474 1173 1474 1249 1474 1121 1475 1077 1475 1117 1475 1213 1476 1181 1476 1261 1476 1213 1477 1261 1477 1269 1477 1097 1478 1089 1478 1081 1478 1097 1479 1081 1479 1077 1479 1229 1480 1213 1480 1269 1480 1229 1481 1269 1481 1281 1481 1109 1482 1077 1482 1121 1482 1109 1483 1121 1483 1129 1483 1109 1484 1097 1484 1077 1484 1141 1485 1109 1485 1129 1485 1293 1486 1281 1486 1297 1486 1293 1487 1297 1487 1313 1487 1273 1488 1229 1488 1281 1488 1273 1489 1281 1489 1293 1489 1273 1490 1237 1490 1229 1490 1245 1491 1237 1491 1273 1491 218 1492 210 1492 182 1492 158 1493 162 1493 142 1493 226 1494 218 1494 182 1494 326 1495 346 1495 314 1495 174 1496 182 1496 162 1496 174 1497 226 1497 182 1497 174 1498 162 1498 158 1498 334 1499 346 1499 326 1499 186 1500 242 1500 226 1500 186 1501 226 1501 174 1501 374 1502 366 1502 358 1502 194 1503 242 1503 186 1503 194 1504 274 1504 242 1504 378 1505 346 1505 334 1505 378 1506 374 1506 358 1506 378 1507 334 1507 338 1507 378 1508 358 1508 346 1508 46 1509 30 1509 18 1509 206 1510 274 1510 194 1510 206 1511 282 1511 274 1511 66 1512 46 1512 18 1512 14 1513 66 1513 18 1513 386 1514 378 1514 338 1514 386 1515 338 1515 330 1515 198 1516 282 1516 206 1516 198 1517 286 1517 282 1517 414 1518 386 1518 330 1518 26 1519 14 1519 10 1519 438 1520 414 1520 330 1520 438 1521 322 1521 310 1521 438 1522 330 1522 322 1522 38 1523 66 1523 14 1523 38 1524 14 1524 26 1524 454 1525 438 1525 310 1525 708 1526 652 1526 656 1526 58 1527 90 1527 66 1527 58 1528 66 1528 38 1528 648 1529 708 1529 656 1529 74 1530 126 1530 90 1530 74 1531 90 1531 58 1531 86 1532 150 1532 126 1532 86 1533 126 1533 74 1533 106 1534 166 1534 150 1534 106 1535 150 1535 86 1535 800 1536 804 1536 748 1536 808 1537 800 1537 748 1537 808 1538 648 1538 644 1538 808 1539 748 1539 708 1539 808 1540 708 1540 648 1540 812 1541 808 1541 644 1541 15 1542 27 1542 11 1542 15 1543 39 1543 27 1543 840 1544 812 1544 644 1544 840 1545 616 1545 588 1545 840 1546 644 1546 616 1546 868 1547 840 1547 588 1547 19 1548 39 1548 15 1548 912 1549 868 1549 588 1549 912 1550 588 1550 544 1550 47 1551 19 1551 31 1551 67 1552 59 1552 39 1552 67 1553 39 1553 19 1553 67 1554 19 1554 47 1554 91 1555 59 1555 67 1555 127 1556 75 1556 59 1556 127 1557 87 1557 75 1557 127 1558 59 1558 91 1558 151 1559 107 1559 87 1559 151 1560 87 1560 127 1560 1098 1561 1082 1561 1078 1561 1098 1562 1090 1562 1082 1562 167 1563 107 1563 151 1563 1110 1564 1098 1564 1078 1564 1130 1565 1142 1565 1110 1565 1122 1566 1130 1566 1110 1566 1122 1567 1110 1567 1078 1567 1118 1568 1122 1568 1078 1568 1118 1569 1078 1569 1070 1569 1126 1570 1042 1570 1018 1570 1126 1571 1070 1571 1042 1571 1126 1572 1118 1572 1070 1572 1134 1573 1126 1573 1018 1573 604 1574 298 1574 286 1574 632 1575 298 1575 604 1575 632 1576 306 1576 298 1576 568 1577 198 1577 190 1577 568 1578 286 1578 198 1578 568 1579 604 1579 286 1579 664 1580 454 1580 310 1580 664 1581 306 1581 632 1581 664 1582 310 1582 306 1582 664 1583 486 1583 454 1583 548 1584 190 1584 178 1584 548 1585 568 1585 190 1585 1146 1586 1134 1586 1018 1586 1146 1587 1018 1587 1002 1587 163 1588 159 1588 143 1588 163 1589 175 1589 159 1589 696 1590 486 1590 664 1590 696 1591 502 1591 486 1591 528 1592 106 1592 110 1592 528 1593 178 1593 166 1593 528 1594 166 1594 106 1594 528 1595 548 1595 178 1595 721 1596 912 1596 544 1596 721 1597 544 1597 502 1597 721 1598 954 1598 912 1598 721 1599 502 1599 696 1599 521 1600 110 1600 111 1600 521 1601 528 1601 110 1601 752 1602 954 1602 721 1602 752 1603 970 1603 954 1603 529 1604 111 1604 107 1604 529 1605 167 1605 179 1605 529 1606 107 1606 167 1606 529 1607 521 1607 111 1607 784 1608 1146 1608 1002 1608 784 1609 970 1609 752 1609 784 1610 1002 1610 970 1610 784 1611 1150 1611 1146 1611 549 1612 529 1612 179 1612 549 1613 179 1613 191 1613 219 1614 183 1614 211 1614 816 1615 1150 1615 784 1615 816 1616 1158 1616 1150 1616 569 1617 549 1617 191 1617 569 1618 191 1618 199 1618 227 1619 175 1619 163 1619 227 1620 163 1620 183 1620 227 1621 183 1621 219 1621 243 1622 187 1622 175 1622 243 1623 175 1623 227 1623 844 1624 1158 1624 816 1624 844 1625 1170 1625 1158 1625 275 1626 187 1626 243 1626 275 1627 195 1627 187 1627 275 1628 207 1628 195 1628 283 1629 207 1629 275 1629 880 1630 1170 1630 844 1630 287 1631 569 1631 199 1631 287 1632 199 1632 207 1632 287 1633 605 1633 569 1633 287 1634 207 1634 283 1634 299 1635 633 1635 605 1635 299 1636 605 1636 287 1636 1274 1637 1238 1637 1230 1637 1274 1638 1246 1638 1238 1638 307 1639 665 1639 633 1639 307 1640 633 1640 299 1640 311 1641 665 1641 307 1641 1282 1642 1294 1642 1274 1642 1282 1643 1274 1643 1230 1643 1282 1644 1298 1644 1294 1644 1314 1645 1294 1645 1298 1645 1270 1646 1214 1646 1182 1646 1270 1647 1230 1647 1214 1647 1270 1648 1282 1648 1230 1648 1262 1649 1270 1649 1182 1649 1250 1650 1182 1650 1174 1650 1250 1651 1262 1651 1182 1651 1258 1652 1250 1652 1174 1652 1258 1653 1170 1653 880 1653 1258 1654 1174 1654 1170 1654 1266 1655 880 1655 900 1655 1266 1656 1258 1656 880 1656 1278 1657 1266 1657 900 1657 1278 1658 900 1658 920 1658 347 1659 327 1659 315 1659 347 1660 335 1660 327 1660 1290 1661 1278 1661 920 1661 359 1662 335 1662 347 1662 379 1663 339 1663 335 1663 379 1664 335 1664 359 1664 387 1665 339 1665 379 1665 375 1666 379 1666 359 1666 415 1667 331 1667 339 1667 415 1668 339 1668 387 1668 367 1669 375 1669 359 1669 439 1670 331 1670 415 1670 439 1671 323 1671 331 1671 439 1672 311 1672 323 1672 455 1673 665 1673 311 1673 455 1674 311 1674 439 1674 487 1675 665 1675 455 1675 487 1676 697 1676 665 1676 503 1677 697 1677 487 1677 503 1678 722 1678 697 1678 545 1679 722 1679 503 1679 1438 1680 1410 1680 1390 1680 1438 1681 1426 1681 1410 1681 1382 1682 1366 1682 1330 1682 1398 1683 1366 1683 1382 1683 1370 1684 1330 1684 1306 1684 1370 1685 1382 1685 1330 1685 1418 1686 1390 1686 1366 1686 1418 1687 1442 1687 1438 1687 1418 1688 1366 1688 1398 1688 1418 1689 1438 1689 1390 1689 1350 1690 1306 1690 1290 1690 1350 1691 1290 1691 920 1691 1350 1692 1370 1692 1306 1692 1430 1693 1442 1693 1418 1693 1346 1694 1350 1694 920 1694 1346 1695 920 1695 931 1695 1446 1696 1442 1696 1430 1696 1347 1697 1346 1697 931 1697 1347 1698 931 1698 921 1698 1351 1699 1347 1699 921 1699 709 1700 657 1700 653 1700 709 1701 649 1701 657 1701 841 1702 589 1702 617 1702 841 1703 869 1703 589 1703 913 1704 545 1704 589 1704 913 1705 589 1705 869 1705 913 1706 722 1706 545 1706 813 1707 617 1707 645 1707 813 1708 841 1708 617 1708 813 1709 645 1709 649 1709 955 1710 753 1710 722 1710 955 1711 722 1711 913 1711 809 1712 813 1712 649 1712 749 1713 649 1713 709 1713 749 1714 809 1714 649 1714 971 1715 785 1715 753 1715 971 1716 753 1716 955 1716 801 1717 809 1717 749 1717 1003 1718 785 1718 971 1718 805 1719 801 1719 749 1719 1291 1720 1351 1720 921 1720 1307 1721 1351 1721 1291 1721 1307 1722 1371 1722 1351 1722 1279 1723 1291 1723 921 1723 1279 1724 921 1724 901 1724 1331 1725 1383 1725 1371 1725 1331 1726 1371 1726 1307 1726 1267 1727 1279 1727 901 1727 1267 1728 901 1728 881 1728 1367 1729 1399 1729 1383 1729 1367 1730 1383 1730 1331 1730 1259 1731 1267 1731 881 1731 1443 1732 1431 1732 1419 1732 1443 1733 1447 1733 1431 1733 1391 1734 1419 1734 1399 1734 1391 1735 1399 1735 1367 1735 1151 1736 817 1736 785 1736 1147 1737 785 1737 1003 1737 1147 1738 1151 1738 785 1738 1159 1739 817 1739 1151 1739 1159 1740 845 1740 817 1740 1135 1741 1003 1741 1019 1741 1135 1742 1147 1742 1003 1742 1171 1743 881 1743 845 1743 1171 1744 1259 1744 881 1744 1171 1745 845 1745 1159 1745 1439 1746 1391 1746 1411 1746 1439 1747 1419 1747 1391 1747 1439 1748 1443 1748 1419 1748 1127 1749 1019 1749 1043 1749 1127 1750 1135 1750 1019 1750 1175 1751 1251 1751 1259 1751 1175 1752 1259 1752 1171 1752 1427 1753 1439 1753 1411 1753 1119 1754 1127 1754 1043 1754 1119 1755 1071 1755 1079 1755 1119 1756 1043 1756 1071 1756 1183 1757 1263 1757 1251 1757 1183 1758 1251 1758 1175 1758 1271 1759 1263 1759 1183 1759 1123 1760 1119 1760 1079 1760 1215 1761 1271 1761 1183 1761 1099 1762 1083 1762 1091 1762 1099 1763 1079 1763 1083 1763 1231 1764 1283 1764 1271 1764 1231 1765 1271 1765 1215 1765 1111 1766 1123 1766 1079 1766 1111 1767 1079 1767 1099 1767 1111 1768 1131 1768 1123 1768 1143 1769 1131 1769 1111 1769 1295 1770 1299 1770 1283 1770 1295 1771 1315 1771 1299 1771 1275 1772 1283 1772 1231 1772 1275 1773 1295 1773 1283 1773 1275 1774 1231 1774 1239 1774 1247 1775 1275 1775 1239 1775 687 1776 741 1776 739 1776 687 1777 689 1777 741 1777 627 1778 629 1778 689 1778 627 1779 585 1779 629 1779 627 1780 689 1780 687 1780 583 1781 585 1781 627 1781 517 1782 519 1782 585 1782 517 1783 585 1783 583 1783 497 1784 499 1784 519 1784 497 1785 475 1785 499 1785 497 1786 519 1786 517 1786 473 1787 475 1787 497 1787 465 1788 467 1788 475 1788 465 1789 475 1789 473 1789 458 1790 459 1790 467 1790 458 1791 467 1791 465 1791 464 1792 459 1792 458 1792 464 1793 466 1793 459 1793 472 1794 466 1794 464 1794 472 1795 474 1795 466 1795 472 1796 498 1796 474 1796 496 1797 498 1797 472 1797 516 1798 498 1798 496 1798 516 1799 518 1799 498 1799 582 1800 518 1800 516 1800 582 1801 584 1801 518 1801 582 1802 628 1802 584 1802 626 1803 628 1803 582 1803 686 1804 628 1804 626 1804 686 1805 688 1805 628 1805 686 1806 740 1806 688 1806 736 1807 740 1807 686 1807 736 1808 772 1808 740 1808 770 1809 772 1809 736 1809 830 1810 772 1810 770 1810 830 1811 832 1811 772 1811 874 1812 832 1812 830 1812 874 1813 876 1813 832 1813 940 1814 876 1814 874 1814 940 1815 942 1815 876 1815 960 1816 962 1816 942 1816 960 1817 942 1817 940 1817 960 1818 986 1818 962 1818 984 1819 986 1819 960 1819 992 1820 994 1820 986 1820 992 1821 986 1821 984 1821 998 1822 999 1822 994 1822 998 1823 994 1823 992 1823 993 1824 995 1824 999 1824 993 1825 987 1825 995 1825 993 1826 999 1826 998 1826 985 1827 963 1827 987 1827 985 1828 987 1828 993 1828 961 1829 943 1829 963 1829 961 1830 963 1830 985 1830 941 1831 943 1831 961 1831 875 1832 877 1832 943 1832 875 1833 943 1833 941 1833 831 1834 833 1834 877 1834 831 1835 773 1835 833 1835 831 1836 877 1836 875 1836 771 1837 773 1837 831 1837 739 1838 741 1838 773 1838 739 1839 773 1839 771 1839 853 1840 941 1840 961 1840 825 1841 875 1841 941 1841 825 1842 941 1842 853 1842 889 1843 961 1843 985 1843 889 1844 853 1844 961 1844 793 1845 831 1845 875 1845 793 1846 875 1846 825 1846 909 1847 985 1847 993 1847 909 1848 889 1848 985 1848 761 1849 771 1849 831 1849 761 1850 831 1850 793 1850 929 1851 993 1851 998 1851 929 1852 909 1852 993 1852 738 1853 739 1853 771 1853 738 1854 771 1854 761 1854 935 1855 998 1855 992 1855 935 1856 929 1856 998 1856 705 1857 687 1857 739 1857 705 1858 739 1858 738 1858 928 1859 992 1859 984 1859 928 1860 935 1860 992 1860 673 1861 627 1861 687 1861 673 1862 687 1862 705 1862 908 1863 928 1863 984 1863 960 1864 908 1864 984 1864 641 1865 583 1865 627 1865 641 1866 627 1866 673 1866 888 1867 908 1867 960 1867 940 1868 888 1868 960 1868 517 1869 583 1869 641 1869 517 1870 641 1870 613 1870 852 1871 888 1871 940 1871 577 1872 517 1872 613 1872 874 1873 824 1873 852 1873 874 1874 852 1874 940 1874 497 1875 517 1875 577 1875 557 1876 497 1876 577 1876 830 1877 824 1877 874 1877 830 1878 792 1878 824 1878 473 1879 497 1879 557 1879 473 1880 557 1880 537 1880 770 1881 792 1881 830 1881 770 1882 760 1882 792 1882 465 1883 537 1883 525 1883 465 1884 473 1884 537 1884 736 1885 760 1885 770 1885 736 1886 737 1886 760 1886 458 1887 525 1887 536 1887 458 1888 465 1888 525 1888 686 1889 704 1889 737 1889 686 1890 737 1890 736 1890 464 1891 536 1891 556 1891 464 1892 458 1892 536 1892 626 1893 672 1893 704 1893 626 1894 704 1894 686 1894 472 1895 556 1895 576 1895 472 1896 464 1896 556 1896 582 1897 640 1897 672 1897 582 1898 672 1898 626 1898 496 1899 472 1899 576 1899 516 1900 612 1900 640 1900 516 1901 576 1901 612 1901 516 1902 640 1902 582 1902 516 1903 496 1903 576 1903 737 1904 702 1904 733 1904 704 1905 670 1905 702 1905 704 1906 702 1906 737 1906 672 1907 638 1907 670 1907 672 1908 670 1908 704 1908 640 1909 610 1909 638 1909 640 1910 638 1910 672 1910 612 1911 574 1911 610 1911 612 1912 610 1912 640 1912 576 1913 554 1913 574 1913 576 1914 574 1914 612 1914 556 1915 534 1915 554 1915 556 1916 554 1916 576 1916 536 1917 524 1917 534 1917 536 1918 534 1918 556 1918 525 1919 535 1919 524 1919 525 1920 524 1920 536 1920 537 1921 535 1921 525 1921 537 1922 555 1922 535 1922 557 1923 555 1923 537 1923 557 1924 575 1924 555 1924 577 1925 575 1925 557 1925 577 1926 611 1926 575 1926 613 1927 639 1927 611 1927 613 1928 611 1928 577 1928 641 1929 639 1929 613 1929 673 1930 671 1930 639 1930 673 1931 639 1931 641 1931 705 1932 671 1932 673 1932 705 1933 734 1933 703 1933 705 1934 703 1934 671 1934 738 1935 759 1935 734 1935 738 1936 734 1936 705 1936 761 1937 791 1937 759 1937 761 1938 759 1938 738 1938 793 1939 823 1939 791 1939 793 1940 791 1940 761 1940 825 1941 851 1941 823 1941 825 1942 823 1942 793 1942 853 1943 887 1943 851 1943 853 1944 851 1944 825 1944 889 1945 887 1945 853 1945 909 1946 927 1946 907 1946 909 1947 907 1947 887 1947 909 1948 887 1948 889 1948 929 1949 927 1949 909 1949 935 1950 934 1950 927 1950 935 1951 927 1951 929 1951 928 1952 926 1952 934 1952 928 1953 934 1953 935 1953 908 1954 886 1954 906 1954 908 1955 906 1955 926 1955 908 1956 926 1956 928 1956 888 1957 886 1957 908 1957 852 1958 850 1958 886 1958 852 1959 886 1959 888 1959 824 1960 790 1960 822 1960 824 1961 822 1961 850 1961 824 1962 850 1962 852 1962 792 1963 758 1963 790 1963 792 1964 790 1964 824 1964 760 1965 733 1965 758 1965 760 1966 758 1966 792 1966 737 1967 733 1967 760 1967 403 1968 421 1968 401 1968 423 1969 421 1969 403 1969 427 1970 425 1970 421 1970 427 1971 421 1971 423 1971 419 1972 417 1972 425 1972 419 1973 425 1973 427 1973 399 1974 397 1974 417 1974 399 1975 417 1975 419 1975 391 1976 389 1976 397 1976 391 1977 397 1977 399 1977 383 1978 369 1978 381 1978 383 1979 381 1979 389 1979 383 1980 389 1980 391 1980 371 1981 361 1981 369 1981 371 1982 369 1982 383 1982 363 1983 353 1983 361 1983 363 1984 361 1984 371 1984 355 1985 353 1985 363 1985 351 1986 341 1986 349 1986 351 1987 349 1987 353 1987 351 1988 353 1988 355 1988 343 1989 317 1989 341 1989 343 1990 341 1990 351 1990 319 1991 317 1991 343 1991 303 1992 301 1992 317 1992 303 1993 317 1993 319 1993 295 1994 289 1994 293 1994 295 1995 293 1995 301 1995 295 1996 301 1996 303 1996 291 1997 289 1997 295 1997 231 1998 229 1998 253 1998 255 1999 231 1999 253 1999 279 2000 253 2000 277 2000 279 2001 255 2001 253 2001 291 2002 277 2002 289 2002 291 2003 279 2003 277 2003 231 2004 237 2004 229 2004 239 2005 237 2005 231 2005 251 2006 249 2006 237 2006 251 2007 237 2007 239 2007 263 2008 261 2008 249 2008 263 2009 249 2009 251 2009 271 2010 265 2010 269 2010 271 2011 269 2011 261 2011 271 2012 261 2012 263 2012 267 2013 265 2013 271 2013 259 2014 257 2014 265 2014 259 2015 265 2015 267 2015 247 2016 233 2016 245 2016 247 2017 245 2017 257 2017 247 2018 257 2018 259 2018 235 2019 233 2019 247 2019 223 2020 221 2020 233 2020 223 2021 233 2021 235 2021 215 2022 201 2022 213 2022 215 2023 213 2023 221 2023 215 2024 221 2024 223 2024 203 2025 201 2025 215 2025 171 2026 169 2026 201 2026 171 2027 201 2027 203 2027 155 2028 121 2028 153 2028 155 2029 153 2029 169 2029 155 2030 169 2030 171 2030 123 2031 121 2031 155 2031 95 2032 93 2032 121 2032 95 2033 121 2033 123 2033 51 2034 41 2034 49 2034 51 2035 43 2035 41 2035 71 2036 49 2036 69 2036 71 2037 51 2037 49 2037 95 2038 69 2038 93 2038 95 2039 71 2039 69 2039 43 2040 61 2040 41 2040 63 2041 61 2041 43 2041 83 2042 81 2042 61 2042 83 2043 61 2043 63 2043 103 2044 101 2044 81 2044 103 2045 81 2045 83 2045 119 2046 133 2046 117 2046 119 2047 117 2047 101 2047 119 2048 101 2048 103 2048 135 2049 133 2049 119 2049 147 2050 145 2050 133 2050 147 2051 133 2051 135 2051 139 2052 137 2052 145 2052 139 2053 145 2053 147 2053 131 2054 129 2054 137 2054 131 2055 137 2055 139 2055 115 2056 97 2056 113 2056 115 2057 113 2057 129 2057 115 2058 129 2058 131 2058 99 2059 97 2059 115 2059 79 2060 77 2060 97 2060 79 2061 97 2061 99 2061 55 2062 53 2062 77 2062 55 2063 77 2063 79 2063 35 2064 21 2064 33 2064 35 2065 33 2065 53 2065 35 2066 53 2066 55 2066 23 2067 21 2067 35 2067 7 2068 5 2068 21 2068 7 2069 21 2069 23 2069 2 2070 4 2070 0 2070 2 2071 6 2071 4 2071 3 2072 0 2072 1 2072 3 2073 2 2073 0 2073 7 2074 1 2074 5 2074 7 2075 3 2075 1 2075 22 2076 4 2076 6 2076 22 2077 20 2077 4 2077 34 2078 32 2078 20 2078 34 2079 20 2079 22 2079 54 2080 76 2080 52 2080 54 2081 52 2081 32 2081 54 2082 32 2082 34 2082 78 2083 76 2083 54 2083 98 2084 96 2084 76 2084 98 2085 76 2085 78 2085 114 2086 128 2086 112 2086 114 2087 112 2087 96 2087 114 2088 96 2088 98 2088 130 2089 128 2089 114 2089 138 2090 136 2090 128 2090 138 2091 128 2091 130 2091 146 2092 144 2092 136 2092 146 2093 136 2093 138 2093 134 2094 132 2094 144 2094 134 2095 144 2095 146 2095 118 2096 116 2096 132 2096 118 2097 132 2097 134 2097 102 2098 100 2098 116 2098 102 2099 116 2099 118 2099 82 2100 80 2100 100 2100 82 2101 100 2101 102 2101 62 2102 40 2102 60 2102 62 2103 60 2103 80 2103 62 2104 80 2104 82 2104 42 2105 40 2105 62 2105 70 2106 92 2106 68 2106 70 2107 94 2107 92 2107 50 2108 68 2108 48 2108 50 2109 70 2109 68 2109 42 2110 48 2110 40 2110 42 2111 50 2111 48 2111 122 2112 92 2112 94 2112 122 2113 120 2113 92 2113 154 2114 152 2114 120 2114 154 2115 120 2115 122 2115 170 2116 168 2116 152 2116 170 2117 152 2117 154 2117 202 2118 200 2118 168 2118 202 2119 168 2119 170 2119 214 2120 212 2120 200 2120 214 2121 200 2121 202 2121 222 2122 220 2122 212 2122 222 2123 212 2123 214 2123 234 2124 232 2124 220 2124 234 2125 220 2125 222 2125 246 2126 244 2126 232 2126 246 2127 232 2127 234 2127 258 2128 256 2128 244 2128 258 2129 244 2129 246 2129 266 2130 264 2130 256 2130 266 2131 256 2131 258 2131 270 2132 268 2132 264 2132 270 2133 264 2133 266 2133 262 2134 260 2134 268 2134 262 2135 268 2135 270 2135 250 2136 248 2136 260 2136 250 2137 260 2137 262 2137 238 2138 236 2138 248 2138 238 2139 248 2139 250 2139 230 2140 228 2140 236 2140 230 2141 236 2141 238 2141 278 2142 288 2142 276 2142 278 2143 290 2143 288 2143 254 2144 276 2144 252 2144 254 2145 278 2145 276 2145 230 2146 252 2146 228 2146 230 2147 254 2147 252 2147 294 2148 288 2148 290 2148 294 2149 292 2149 288 2149 302 2150 300 2150 292 2150 302 2151 292 2151 294 2151 318 2152 316 2152 300 2152 318 2153 300 2153 302 2153 342 2154 340 2154 316 2154 342 2155 316 2155 318 2155 350 2156 348 2156 340 2156 350 2157 340 2157 342 2157 354 2158 352 2158 348 2158 354 2159 348 2159 350 2159 362 2160 360 2160 352 2160 362 2161 352 2161 354 2161 370 2162 368 2162 360 2162 370 2163 360 2163 362 2163 382 2164 380 2164 368 2164 382 2165 368 2165 370 2165 390 2166 388 2166 380 2166 390 2167 380 2167 382 2167 398 2168 416 2168 396 2168 398 2169 396 2169 388 2169 398 2170 388 2170 390 2170 418 2171 416 2171 398 2171 426 2172 424 2172 416 2172 426 2173 416 2173 418 2173 422 2174 420 2174 424 2174 422 2175 424 2175 426 2175 402 2176 400 2176 420 2176 402 2177 420 2177 422 2177 490 2178 538 2178 488 2178 490 2179 540 2179 538 2179 450 2180 488 2180 448 2180 450 2181 448 2181 400 2181 450 2182 490 2182 488 2182 402 2183 450 2183 400 2183 560 2184 538 2184 540 2184 560 2185 558 2185 538 2185 564 2186 562 2186 558 2186 564 2187 558 2187 560 2187 592 2188 618 2188 590 2188 592 2189 590 2189 562 2189 592 2190 562 2190 564 2190 620 2191 658 2191 618 2191 620 2192 618 2192 592 2192 660 2193 658 2193 620 2193 692 2194 690 2194 658 2194 692 2195 658 2195 660 2195 712 2196 742 2196 710 2196 712 2197 710 2197 690 2197 712 2198 690 2198 692 2198 744 2199 742 2199 712 2199 764 2200 794 2200 762 2200 764 2201 762 2201 742 2201 764 2202 742 2202 744 2202 796 2203 794 2203 764 2203 836 2204 862 2204 834 2204 836 2205 834 2205 794 2205 836 2206 794 2206 796 2206 864 2207 862 2207 836 2207 892 2208 894 2208 890 2208 892 2209 890 2209 862 2209 892 2210 862 2210 864 2210 896 2211 894 2211 892 2211 916 2212 914 2212 894 2212 916 2213 894 2213 896 2213 1006 2214 1052 2214 1004 2214 1006 2215 1054 2215 1052 2215 966 2216 1004 2216 964 2216 966 2217 1006 2217 1004 2217 916 2218 964 2218 914 2218 916 2219 966 2219 964 2219 1034 2220 1052 2220 1054 2220 1034 2221 1032 2221 1052 2221 1030 2222 1036 2222 1028 2222 1030 2223 1028 2223 1032 2223 1030 2224 1032 2224 1034 2224 1038 2225 1036 2225 1030 2225 1058 2226 1056 2226 1036 2226 1058 2227 1036 2227 1038 2227 1066 2228 1072 2228 1064 2228 1066 2229 1064 2229 1056 2229 1066 2230 1056 2230 1058 2230 1074 2231 1072 2231 1066 2231 1086 2232 1092 2232 1084 2232 1086 2233 1084 2233 1072 2233 1086 2234 1072 2234 1074 2234 1094 2235 1092 2235 1086 2235 1102 2236 1100 2236 1092 2236 1102 2237 1092 2237 1094 2237 1106 2238 1104 2238 1100 2238 1106 2239 1100 2239 1102 2239 1114 2240 1112 2240 1104 2240 1114 2241 1104 2241 1106 2241 1138 2242 1136 2242 1112 2242 1138 2243 1112 2243 1114 2243 1154 2244 1160 2244 1152 2244 1154 2245 1152 2245 1136 2245 1154 2246 1136 2246 1138 2246 1162 2247 1160 2247 1154 2247 1166 2248 1164 2248 1160 2248 1166 2249 1160 2249 1162 2249 1202 2250 1224 2250 1200 2250 1202 2251 1226 2251 1224 2251 1178 2252 1200 2252 1176 2252 1178 2253 1202 2253 1200 2253 1166 2254 1176 2254 1164 2254 1166 2255 1178 2255 1176 2255 1218 2256 1224 2256 1226 2256 1218 2257 1216 2257 1224 2257 1206 2258 1192 2258 1204 2258 1206 2259 1204 2259 1216 2259 1206 2260 1216 2260 1218 2260 1194 2261 1192 2261 1206 2261 1186 2262 1184 2262 1192 2262 1186 2263 1192 2263 1194 2263 1190 2264 1188 2264 1184 2264 1190 2265 1184 2265 1186 2265 1198 2266 1208 2266 1196 2266 1198 2267 1196 2267 1188 2267 1198 2268 1188 2268 1190 2268 1210 2269 1208 2269 1198 2269 1222 2270 1220 2270 1208 2270 1222 2271 1208 2271 1210 2271 1234 2272 1232 2272 1220 2272 1234 2273 1220 2273 1222 2273 1242 2274 1240 2274 1232 2274 1242 2275 1232 2275 1234 2275 1254 2276 1284 2276 1252 2276 1254 2277 1252 2277 1240 2277 1254 2278 1240 2278 1242 2278 1286 2279 1284 2279 1254 2279 1302 2280 1332 2280 1300 2280 1302 2281 1300 2281 1284 2281 1302 2282 1284 2282 1286 2282 1334 2283 1360 2283 1332 2283 1334 2284 1332 2284 1302 2284 1362 2285 1360 2285 1334 2285 1414 2286 1412 2286 1404 2286 1406 2287 1414 2287 1404 2287 1386 2288 1404 2288 1384 2288 1386 2289 1406 2289 1404 2289 1362 2290 1384 2290 1360 2290 1362 2291 1386 2291 1384 2291 1414 2292 1392 2292 1412 2292 1394 2293 1392 2293 1414 2293 1374 2294 1372 2294 1392 2294 1374 2295 1392 2295 1394 2295 1354 2296 1352 2296 1372 2296 1354 2297 1372 2297 1374 2297 1338 2298 1336 2298 1352 2298 1338 2299 1352 2299 1354 2299 1322 2300 1308 2300 1320 2300 1322 2301 1320 2301 1336 2301 1322 2302 1336 2302 1338 2302 1310 2303 1316 2303 1308 2303 1310 2304 1308 2304 1322 2304 1318 2305 1324 2305 1316 2305 1318 2306 1316 2306 1310 2306 1326 2307 1324 2307 1318 2307 1342 2308 1356 2308 1340 2308 1342 2309 1340 2309 1324 2309 1342 2310 1324 2310 1326 2310 1358 2311 1376 2311 1356 2311 1358 2312 1356 2312 1342 2312 1378 2313 1376 2313 1358 2313 1402 2314 1420 2314 1400 2314 1402 2315 1400 2315 1376 2315 1402 2316 1376 2316 1378 2316 1422 2317 1420 2317 1402 2317 1434 2318 1432 2318 1420 2318 1434 2319 1420 2319 1422 2319 1450 2320 1448 2320 1432 2320 1450 2321 1432 2321 1434 2321 1455 2322 1449 2322 1453 2322 1455 2323 1451 2323 1449 2323 1454 2324 1453 2324 1452 2324 1454 2325 1455 2325 1453 2325 1450 2326 1452 2326 1448 2326 1450 2327 1454 2327 1452 2327 1451 2328 1433 2328 1449 2328 1435 2329 1421 2329 1433 2329 1435 2330 1433 2330 1451 2330 1423 2331 1401 2331 1421 2331 1423 2332 1421 2332 1435 2332 1403 2333 1401 2333 1423 2333 1379 2334 1357 2334 1377 2334 1379 2335 1377 2335 1401 2335 1379 2336 1401 2336 1403 2336 1359 2337 1341 2337 1357 2337 1359 2338 1357 2338 1379 2338 1343 2339 1341 2339 1359 2339 1327 2340 1325 2340 1341 2340 1327 2341 1341 2341 1343 2341 1319 2342 1317 2342 1325 2342 1319 2343 1325 2343 1327 2343 1311 2344 1309 2344 1317 2344 1311 2345 1317 2345 1319 2345 1323 2346 1321 2346 1309 2346 1323 2347 1309 2347 1311 2347 1339 2348 1337 2348 1321 2348 1339 2349 1321 2349 1323 2349 1355 2350 1373 2350 1353 2350 1355 2351 1353 2351 1337 2351 1355 2352 1337 2352 1339 2352 1375 2353 1373 2353 1355 2353 1395 2354 1393 2354 1373 2354 1395 2355 1373 2355 1375 2355 1415 2356 1413 2356 1393 2356 1415 2357 1393 2357 1395 2357 1387 2358 1361 2358 1385 2358 1387 2359 1363 2359 1361 2359 1407 2360 1385 2360 1405 2360 1407 2361 1387 2361 1385 2361 1415 2362 1405 2362 1413 2362 1415 2363 1407 2363 1405 2363 1335 2364 1361 2364 1363 2364 1335 2365 1301 2365 1333 2365 1335 2366 1333 2366 1361 2366 1303 2367 1301 2367 1335 2367 1287 2368 1253 2368 1285 2368 1287 2369 1285 2369 1301 2369 1287 2370 1301 2370 1303 2370 1255 2371 1253 2371 1287 2371 1243 2372 1233 2372 1241 2372 1243 2373 1241 2373 1253 2373 1243 2374 1253 2374 1255 2374 1235 2375 1221 2375 1233 2375 1235 2376 1233 2376 1243 2376 1223 2377 1221 2377 1235 2377 1211 2378 1209 2378 1221 2378 1211 2379 1221 2379 1223 2379 1199 2380 1197 2380 1209 2380 1199 2381 1209 2381 1211 2381 1191 2382 1189 2382 1197 2382 1191 2383 1197 2383 1199 2383 1187 2384 1185 2384 1189 2384 1187 2385 1189 2385 1191 2385 1195 2386 1193 2386 1185 2386 1195 2387 1185 2387 1187 2387 1207 2388 1205 2388 1193 2388 1207 2389 1193 2389 1195 2389 1219 2390 1225 2390 1217 2390 1219 2391 1217 2391 1205 2391 1219 2392 1205 2392 1207 2392 1227 2393 1225 2393 1219 2393 1179 2394 1165 2394 1177 2394 1179 2395 1167 2395 1165 2395 1203 2396 1177 2396 1201 2396 1203 2397 1179 2397 1177 2397 1227 2398 1201 2398 1225 2398 1227 2399 1203 2399 1201 2399 1163 2400 1165 2400 1167 2400 1163 2401 1153 2401 1161 2401 1163 2402 1161 2402 1165 2402 1155 2403 1153 2403 1163 2403 1139 2404 1137 2404 1153 2404 1139 2405 1153 2405 1155 2405 1115 2406 1113 2406 1137 2406 1115 2407 1137 2407 1139 2407 1107 2408 1101 2408 1105 2408 1107 2409 1105 2409 1113 2409 1107 2410 1113 2410 1115 2410 1103 2411 1101 2411 1107 2411 1095 2412 1093 2412 1101 2412 1095 2413 1101 2413 1103 2413 1087 2414 1073 2414 1085 2414 1087 2415 1085 2415 1093 2415 1087 2416 1093 2416 1095 2416 1075 2417 1073 2417 1087 2417 1067 2418 1057 2418 1065 2418 1067 2419 1065 2419 1073 2419 1067 2420 1073 2420 1075 2420 1059 2421 1057 2421 1067 2421 1039 2422 1037 2422 1057 2422 1039 2423 1057 2423 1059 2423 1031 2424 1029 2424 1037 2424 1031 2425 1037 2425 1039 2425 1035 2426 1033 2426 1029 2426 1035 2427 1029 2427 1031 2427 1055 2428 1053 2428 1033 2428 1055 2429 1033 2429 1035 2429 967 2430 915 2430 965 2430 967 2431 917 2431 915 2431 1007 2432 965 2432 1005 2432 1007 2433 967 2433 965 2433 1055 2434 1005 2434 1053 2434 1055 2435 1007 2435 1005 2435 897 2436 915 2436 917 2436 897 2437 891 2437 895 2437 897 2438 895 2438 915 2438 893 2439 891 2439 897 2439 865 2440 835 2440 863 2440 865 2441 863 2441 891 2441 865 2442 891 2442 893 2442 837 2443 835 2443 865 2443 797 2444 795 2444 835 2444 797 2445 835 2445 837 2445 765 2446 763 2446 795 2446 765 2447 795 2447 797 2447 745 2448 743 2448 763 2448 745 2449 763 2449 765 2449 713 2450 691 2450 711 2450 713 2451 711 2451 743 2451 713 2452 743 2452 745 2452 693 2453 659 2453 691 2453 693 2454 691 2454 713 2454 661 2455 659 2455 693 2455 621 2456 619 2456 659 2456 621 2457 659 2457 661 2457 593 2458 563 2458 591 2458 593 2459 591 2459 619 2459 593 2460 619 2460 621 2460 565 2461 563 2461 593 2461 561 2462 559 2462 563 2462 561 2463 563 2463 565 2463 541 2464 539 2464 559 2464 541 2465 559 2465 561 2465 451 2466 401 2466 449 2466 451 2467 403 2467 401 2467 491 2468 449 2468 489 2468 491 2469 489 2469 539 2469 491 2470 451 2470 449 2470 541 2471 491 2471 539 2471 1219 2472 1203 2472 1227 2472 1163 2473 1167 2473 1179 2473 1207 2474 1203 2474 1219 2474 1335 2475 1363 2475 1387 2475 1155 2476 1179 2476 1203 2476 1155 2477 1203 2477 1207 2477 1155 2478 1163 2478 1179 2478 1303 2479 1335 2479 1387 2479 1139 2480 1207 2480 1195 2480 1139 2481 1155 2481 1207 2481 1395 2482 1407 2482 1415 2482 1115 2483 1139 2483 1195 2483 1115 2484 1195 2484 1187 2484 1375 2485 1303 2485 1387 2485 1375 2486 1407 2486 1395 2486 1375 2487 1287 2487 1303 2487 1375 2488 1387 2488 1407 2488 1035 2489 1007 2489 1055 2489 1107 2490 1115 2490 1187 2490 1107 2491 1187 2491 1191 2491 1031 2492 1007 2492 1035 2492 967 2493 1007 2493 1031 2493 1355 2494 1287 2494 1375 2494 1355 2495 1255 2495 1287 2495 1103 2496 1191 2496 1199 2496 1103 2497 1107 2497 1191 2497 1339 2498 1255 2498 1355 2498 897 2499 917 2499 967 2499 1323 2500 1255 2500 1339 2500 1323 2501 1235 2501 1243 2501 1323 2502 1243 2502 1255 2502 893 2503 967 2503 1031 2503 893 2504 897 2504 967 2504 1311 2505 1235 2505 1323 2505 1455 2506 1435 2506 1451 2506 865 2507 1031 2507 1039 2507 865 2508 893 2508 1031 2508 1423 2509 1435 2509 1455 2509 837 2510 1039 2510 1059 2510 837 2511 865 2511 1039 2511 1454 2512 1423 2512 1455 2512 797 2513 1059 2513 1067 2513 797 2514 837 2514 1059 2514 765 2515 1067 2515 1075 2515 765 2516 797 2516 1067 2516 1434 2517 1454 2517 1450 2517 1422 2518 1454 2518 1434 2518 1422 2519 1423 2519 1454 2519 1402 2520 1403 2520 1423 2520 1402 2521 1423 2521 1422 2521 491 2522 541 2522 561 2522 491 2523 561 2523 565 2523 1378 2524 1403 2524 1402 2524 1378 2525 1379 2525 1403 2525 1358 2526 1379 2526 1378 2526 1358 2527 1343 2527 1359 2527 1358 2528 1359 2528 1379 2528 1342 2529 1343 2529 1358 2529 423 2530 403 2530 451 2530 427 2531 451 2531 491 2531 427 2532 423 2532 451 2532 427 2533 491 2533 565 2533 419 2534 565 2534 593 2534 419 2535 593 2535 621 2535 419 2536 427 2536 565 2536 399 2537 621 2537 661 2537 399 2538 419 2538 621 2538 391 2539 661 2539 693 2539 391 2540 399 2540 661 2540 1406 2541 1374 2541 1394 2541 1406 2542 1394 2542 1414 2542 383 2543 391 2543 693 2543 1334 2544 1386 2544 1362 2544 1302 2545 1374 2545 1406 2545 1302 2546 1386 2546 1334 2546 1302 2547 1406 2547 1386 2547 943 2548 1199 2548 1211 2548 877 2549 1095 2549 1103 2549 877 2550 1199 2550 943 2550 877 2551 1103 2551 1199 2551 963 2552 943 2552 1211 2552 963 2553 1211 2553 1223 2553 963 2554 1223 2554 1235 2554 1286 2555 1374 2555 1302 2555 1286 2556 1338 2556 1354 2556 1286 2557 1354 2557 1374 2557 987 2558 1311 2558 1319 2558 987 2559 1235 2559 1311 2559 987 2560 963 2560 1235 2560 833 2561 1087 2561 1095 2561 833 2562 1095 2562 877 2562 1254 2563 1322 2563 1338 2563 1254 2564 1338 2564 1286 2564 995 2565 1319 2565 1327 2565 995 2566 987 2566 1319 2566 773 2567 765 2567 1075 2567 773 2568 745 2568 765 2568 773 2569 1075 2569 1087 2569 773 2570 1087 2570 833 2570 1242 2571 1322 2571 1254 2571 999 2572 995 2572 1327 2572 999 2573 1343 2573 1342 2573 999 2574 1327 2574 1343 2574 999 2575 1342 2575 1326 2575 741 2576 713 2576 745 2576 741 2577 745 2577 773 2577 1234 2578 1322 2578 1242 2578 1234 2579 1310 2579 1322 2579 279 2580 291 2580 295 2580 279 2581 295 2581 303 2581 994 2582 999 2582 1326 2582 994 2583 1326 2583 1318 2583 689 2584 713 2584 741 2584 689 2585 693 2585 713 2585 689 2586 371 2586 383 2586 689 2587 383 2587 693 2587 986 2588 994 2588 1318 2588 986 2589 1310 2589 1234 2589 986 2590 1318 2590 1310 2590 629 2591 371 2591 689 2591 629 2592 363 2592 371 2592 962 2593 1222 2593 1210 2593 962 2594 986 2594 1234 2594 962 2595 1234 2595 1222 2595 585 2596 355 2596 363 2596 585 2597 363 2597 629 2597 239 2598 231 2598 255 2598 251 2599 255 2599 279 2599 251 2600 303 2600 319 2600 251 2601 239 2601 255 2601 251 2602 279 2602 303 2602 263 2603 251 2603 319 2603 942 2604 1210 2604 1198 2604 942 2605 962 2605 1210 2605 271 2606 319 2606 343 2606 271 2607 343 2607 351 2607 271 2608 263 2608 319 2608 267 2609 271 2609 351 2609 876 2610 942 2610 1198 2610 259 2611 355 2611 585 2611 259 2612 351 2612 355 2612 259 2613 585 2613 519 2613 259 2614 267 2614 351 2614 247 2615 259 2615 519 2615 247 2616 519 2616 499 2616 1202 2617 1206 2617 1218 2617 1202 2618 1218 2618 1226 2618 235 2619 247 2619 499 2619 223 2620 499 2620 475 2620 223 2621 235 2621 499 2621 1154 2622 1178 2622 1162 2622 1154 2623 1202 2623 1178 2623 1154 2624 1206 2624 1202 2624 1166 2625 1162 2625 1178 2625 1138 2626 1194 2626 1206 2626 1138 2627 1206 2627 1154 2627 1114 2628 1190 2628 1186 2628 1114 2629 1186 2629 1194 2629 1114 2630 1194 2630 1138 2630 1106 2631 1190 2631 1114 2631 1102 2632 1198 2632 1190 2632 1102 2633 1190 2633 1106 2633 1102 2634 876 2634 1198 2634 1094 2635 876 2635 1102 2635 1094 2636 832 2636 876 2636 1086 2637 832 2637 1094 2637 1086 2638 772 2638 832 2638 71 2639 95 2639 123 2639 71 2640 123 2640 155 2640 1074 2641 772 2641 1086 2641 51 2642 71 2642 155 2642 83 2643 51 2643 155 2643 103 2644 155 2644 171 2644 103 2645 83 2645 155 2645 63 2646 51 2646 83 2646 119 2647 171 2647 203 2647 119 2648 203 2648 215 2648 119 2649 103 2649 171 2649 43 2650 51 2650 63 2650 135 2651 119 2651 215 2651 135 2652 215 2652 223 2652 147 2653 223 2653 475 2653 147 2654 135 2654 223 2654 139 2655 147 2655 475 2655 139 2656 475 2656 467 2656 131 2657 467 2657 459 2657 131 2658 139 2658 467 2658 115 2659 131 2659 459 2659 1006 2660 1030 2660 1034 2660 1006 2661 1034 2661 1054 2661 864 2662 1058 2662 1038 2662 864 2663 836 2663 1058 2663 796 2664 1066 2664 1058 2664 796 2665 1058 2665 836 2665 892 2666 864 2666 1038 2666 892 2667 1038 2667 1030 2667 892 2668 1006 2668 966 2668 892 2669 1030 2669 1006 2669 764 2670 1074 2670 1066 2670 764 2671 772 2671 1074 2671 764 2672 1066 2672 796 2672 896 2673 892 2673 966 2673 744 2674 772 2674 764 2674 744 2675 740 2675 772 2675 916 2676 896 2676 966 2676 712 2677 740 2677 744 2677 712 2678 688 2678 740 2678 692 2679 688 2679 712 2679 3 2680 7 2680 23 2680 3 2681 23 2681 35 2681 98 2682 79 2682 99 2682 98 2683 99 2683 115 2683 78 2684 79 2684 98 2684 114 2685 115 2685 459 2685 114 2686 98 2686 115 2686 54 2687 55 2687 79 2687 54 2688 79 2688 78 2688 130 2689 114 2689 459 2689 130 2690 459 2690 466 2690 34 2691 35 2691 55 2691 34 2692 55 2692 54 2692 2 2693 3 2693 35 2693 2 2694 35 2694 34 2694 138 2695 130 2695 466 2695 138 2696 466 2696 474 2696 22 2697 2 2697 34 2697 146 2698 138 2698 474 2698 6 2699 2 2699 22 2699 382 2700 688 2700 692 2700 382 2701 692 2701 660 2701 390 2702 382 2702 660 2702 370 2703 688 2703 382 2703 370 2704 628 2704 688 2704 398 2705 390 2705 660 2705 398 2706 660 2706 620 2706 362 2707 584 2707 628 2707 362 2708 628 2708 370 2708 418 2709 620 2709 592 2709 418 2710 398 2710 620 2710 354 2711 584 2711 362 2711 490 2712 564 2712 560 2712 490 2713 560 2713 540 2713 426 2714 592 2714 564 2714 426 2715 418 2715 592 2715 222 2716 146 2716 474 2716 222 2717 498 2717 234 2717 222 2718 474 2718 498 2718 246 2719 234 2719 498 2719 246 2720 498 2720 518 2720 214 2721 134 2721 146 2721 214 2722 146 2722 222 2722 258 2723 584 2723 354 2723 258 2724 518 2724 584 2724 258 2725 246 2725 518 2725 450 2726 564 2726 490 2726 450 2727 422 2727 426 2727 450 2728 426 2728 564 2728 202 2729 118 2729 134 2729 202 2730 134 2730 214 2730 266 2731 354 2731 350 2731 266 2732 258 2732 354 2732 402 2733 422 2733 450 2733 170 2734 118 2734 202 2734 170 2735 82 2735 102 2735 170 2736 102 2736 118 2736 270 2737 350 2737 342 2737 270 2738 266 2738 350 2738 154 2739 82 2739 170 2739 262 2740 270 2740 342 2740 262 2741 342 2741 318 2741 50 2742 42 2742 62 2742 50 2743 62 2743 82 2743 250 2744 262 2744 318 2744 250 2745 318 2745 302 2745 70 2746 82 2746 154 2746 70 2747 154 2747 122 2747 70 2748 50 2748 82 2748 94 2749 70 2749 122 2749 278 2750 302 2750 294 2750 278 2751 294 2751 290 2751 254 2752 250 2752 302 2752 254 2753 302 2753 278 2753 254 2754 238 2754 250 2754 230 2755 238 2755 254 2755 1217 2756 1225 2756 1201 2756 1161 2757 1177 2757 1165 2757 1205 2758 1217 2758 1201 2758 1333 2759 1385 2759 1361 2759 1153 2760 1201 2760 1177 2760 1153 2761 1205 2761 1201 2761 1153 2762 1177 2762 1161 2762 1301 2763 1385 2763 1333 2763 1137 2764 1193 2764 1205 2764 1137 2765 1205 2765 1153 2765 1393 2766 1413 2766 1405 2766 1113 2767 1193 2767 1137 2767 1113 2768 1185 2768 1193 2768 1373 2769 1385 2769 1301 2769 1373 2770 1393 2770 1405 2770 1373 2771 1301 2771 1285 2771 1373 2772 1405 2772 1385 2772 1033 2773 1053 2773 1005 2773 1105 2774 1185 2774 1113 2774 1105 2775 1189 2775 1185 2775 1029 2776 1033 2776 1005 2776 965 2777 1029 2777 1005 2777 1353 2778 1373 2778 1285 2778 1353 2779 1285 2779 1253 2779 1101 2780 1189 2780 1105 2780 1101 2781 1197 2781 1189 2781 1337 2782 1353 2782 1253 2782 895 2783 965 2783 915 2783 1321 2784 1337 2784 1253 2784 1321 2785 1241 2785 1233 2785 1321 2786 1253 2786 1241 2786 891 2787 1029 2787 965 2787 891 2788 965 2788 895 2788 1309 2789 1321 2789 1233 2789 1453 2790 1449 2790 1433 2790 863 2791 1037 2791 1029 2791 863 2792 1029 2792 891 2792 1421 2793 1453 2793 1433 2793 835 2794 1057 2794 1037 2794 835 2795 1037 2795 863 2795 795 2796 1065 2796 1057 2796 795 2797 1057 2797 835 2797 763 2798 1073 2798 1065 2798 763 2799 1065 2799 795 2799 1432 2800 1448 2800 1452 2800 1420 2801 1432 2801 1452 2801 1420 2802 1421 2802 1401 2802 1420 2803 1452 2803 1453 2803 1420 2804 1453 2804 1421 2804 1400 2805 1420 2805 1401 2805 489 2806 559 2806 539 2806 489 2807 563 2807 559 2807 1376 2808 1400 2808 1401 2808 1376 2809 1377 2809 1357 2809 1376 2810 1401 2810 1377 2810 1356 2811 1376 2811 1357 2811 449 2812 563 2812 489 2812 1340 2813 1356 2813 1357 2813 1340 2814 1357 2814 1341 2814 421 2815 449 2815 401 2815 425 2816 591 2816 563 2816 425 2817 563 2817 449 2817 425 2818 449 2818 421 2818 417 2819 591 2819 425 2819 397 2820 619 2820 591 2820 397 2821 659 2821 619 2821 397 2822 591 2822 417 2822 389 2823 691 2823 659 2823 389 2824 659 2824 397 2824 1404 2825 1392 2825 1372 2825 1404 2826 1412 2826 1392 2826 381 2827 691 2827 389 2827 1384 2828 1404 2828 1372 2828 1332 2829 1360 2829 1384 2829 1300 2830 1332 2830 1384 2830 1300 2831 1384 2831 1372 2831 1284 2832 1300 2832 1372 2832 1284 2833 1372 2833 1352 2833 1252 2834 1336 2834 1320 2834 1252 2835 1352 2835 1336 2835 1252 2836 1284 2836 1352 2836 1240 2837 1252 2837 1320 2837 851 2838 1209 2838 1197 2838 887 2839 1209 2839 851 2839 887 2840 1221 2840 1209 2840 823 2841 1101 2841 1093 2841 823 2842 1197 2842 1101 2842 823 2843 851 2843 1197 2843 907 2844 1309 2844 1233 2844 907 2845 1221 2845 887 2845 907 2846 1233 2846 1221 2846 907 2847 1317 2847 1309 2847 791 2848 1093 2848 1085 2848 791 2849 823 2849 1093 2849 1232 2850 1240 2850 1320 2850 1232 2851 1320 2851 1308 2851 277 2852 293 2852 289 2852 277 2853 301 2853 293 2853 927 2854 1317 2854 907 2854 927 2855 1325 2855 1317 2855 759 2856 763 2856 743 2856 759 2857 1085 2857 1073 2857 759 2858 1073 2858 763 2858 759 2859 791 2859 1085 2859 934 2860 1340 2860 1341 2860 934 2861 1341 2861 1325 2861 934 2862 1324 2862 1340 2862 934 2863 1325 2863 927 2863 734 2864 743 2864 711 2864 734 2865 759 2865 743 2865 926 2866 1324 2866 934 2866 926 2867 1316 2867 1324 2867 703 2868 711 2868 691 2868 703 2869 381 2869 369 2869 703 2870 691 2870 381 2870 703 2871 734 2871 711 2871 906 2872 1232 2872 1308 2872 906 2873 1316 2873 926 2873 906 2874 1308 2874 1316 2874 906 2875 1220 2875 1232 2875 671 2876 703 2876 369 2876 671 2877 369 2877 361 2877 237 2878 253 2878 229 2878 886 2879 1220 2879 906 2879 886 2880 1208 2880 1220 2880 639 2881 671 2881 361 2881 639 2882 361 2882 353 2882 249 2883 301 2883 277 2883 249 2884 277 2884 253 2884 249 2885 253 2885 237 2885 261 2886 317 2886 301 2886 261 2887 301 2887 249 2887 850 2888 1208 2888 886 2888 850 2889 1196 2889 1208 2889 269 2890 317 2890 261 2890 269 2891 341 2891 317 2891 269 2892 349 2892 341 2892 265 2893 349 2893 269 2893 822 2894 1196 2894 850 2894 257 2895 639 2895 353 2895 257 2896 353 2896 349 2896 257 2897 611 2897 639 2897 257 2898 349 2898 265 2898 245 2899 575 2899 611 2899 245 2900 611 2900 257 2900 1200 2901 1216 2901 1204 2901 1200 2902 1224 2902 1216 2902 233 2903 555 2903 575 2903 233 2904 575 2904 245 2904 221 2905 555 2905 233 2905 1152 2906 1176 2906 1200 2906 1152 2907 1200 2907 1204 2907 1152 2908 1160 2908 1176 2908 1164 2909 1176 2909 1160 2909 1136 2910 1192 2910 1184 2910 1136 2911 1204 2911 1192 2911 1136 2912 1152 2912 1204 2912 1112 2913 1136 2913 1184 2913 1104 2914 1184 2914 1188 2914 1104 2915 1112 2915 1184 2915 1100 2916 1104 2916 1188 2916 1100 2917 1196 2917 822 2917 1100 2918 1188 2918 1196 2918 1092 2919 822 2919 790 2919 1092 2920 1100 2920 822 2920 1084 2921 1092 2921 790 2921 1084 2922 790 2922 758 2922 69 2923 121 2923 93 2923 69 2924 153 2924 121 2924 1072 2925 1084 2925 758 2925 49 2926 153 2926 69 2926 81 2927 169 2927 153 2927 81 2928 153 2928 49 2928 101 2929 169 2929 81 2929 61 2930 81 2930 49 2930 117 2931 201 2931 169 2931 117 2932 169 2932 101 2932 41 2933 61 2933 49 2933 133 2934 201 2934 117 2934 133 2935 213 2935 201 2935 133 2936 221 2936 213 2936 145 2937 555 2937 221 2937 145 2938 221 2938 133 2938 137 2939 555 2939 145 2939 137 2940 535 2940 555 2940 129 2941 535 2941 137 2941 129 2942 524 2942 535 2942 113 2943 524 2943 129 2943 1004 2944 1032 2944 1028 2944 1004 2945 1052 2945 1032 2945 834 2946 1036 2946 1056 2946 862 2947 1036 2947 834 2947 794 2948 1056 2948 1064 2948 794 2949 834 2949 1056 2949 890 2950 1028 2950 1036 2950 890 2951 964 2951 1004 2951 890 2952 1036 2952 862 2952 890 2953 1004 2953 1028 2953 762 2954 1064 2954 1072 2954 762 2955 1072 2955 758 2955 762 2956 794 2956 1064 2956 894 2957 964 2957 890 2957 742 2958 762 2958 758 2958 742 2959 758 2959 733 2959 914 2960 964 2960 894 2960 710 2961 742 2961 733 2961 710 2962 733 2962 702 2962 690 2963 710 2963 702 2963 1 2964 21 2964 5 2964 1 2965 33 2965 21 2965 76 2966 97 2966 77 2966 76 2967 96 2967 97 2967 112 2968 113 2968 97 2968 112 2969 97 2969 96 2969 112 2970 524 2970 113 2970 52 2971 77 2971 53 2971 52 2972 76 2972 77 2972 52 2973 53 2973 33 2973 128 2974 534 2974 524 2974 128 2975 524 2975 112 2975 32 2976 52 2976 33 2976 0 2977 33 2977 1 2977 0 2978 32 2978 33 2978 136 2979 554 2979 534 2979 136 2980 534 2980 128 2980 20 2981 32 2981 0 2981 144 2982 554 2982 136 2982 4 2983 20 2983 0 2983 380 2984 690 2984 702 2984 388 2985 690 2985 380 2985 388 2986 658 2986 690 2986 368 2987 380 2987 702 2987 368 2988 702 2988 670 2988 396 2989 618 2989 658 2989 396 2990 658 2990 388 2990 360 2991 368 2991 670 2991 360 2992 670 2992 638 2992 416 2993 590 2993 618 2993 416 2994 618 2994 396 2994 352 2995 360 2995 638 2995 488 2996 558 2996 562 2996 488 2997 538 2997 558 2997 424 2998 562 2998 590 2998 424 2999 590 2999 416 2999 232 3000 574 3000 554 3000 220 3001 554 3001 144 3001 220 3002 232 3002 554 3002 244 3003 574 3003 232 3003 244 3004 610 3004 574 3004 212 3005 144 3005 132 3005 212 3006 220 3006 144 3006 256 3007 638 3007 610 3007 256 3008 352 3008 638 3008 256 3009 610 3009 244 3009 448 3010 424 3010 420 3010 448 3011 562 3011 424 3011 448 3012 488 3012 562 3012 200 3013 132 3013 116 3013 200 3014 212 3014 132 3014 264 3015 348 3015 352 3015 264 3016 352 3016 256 3016 400 3017 448 3017 420 3017 168 3018 200 3018 116 3018 168 3019 100 3019 80 3019 168 3020 116 3020 100 3020 268 3021 340 3021 348 3021 268 3022 348 3022 264 3022 316 3023 340 3023 268 3023 152 3024 168 3024 80 3024 260 3025 316 3025 268 3025 48 3026 60 3026 40 3026 48 3027 80 3027 60 3027 248 3028 300 3028 316 3028 248 3029 316 3029 260 3029 68 3030 152 3030 80 3030 68 3031 80 3031 48 3031 68 3032 120 3032 152 3032 92 3033 120 3033 68 3033 276 3034 292 3034 300 3034 276 3035 288 3035 292 3035 252 3036 300 3036 248 3036 252 3037 276 3037 300 3037 252 3038 248 3038 236 3038 228 3039 252 3039 236 3039</p>
  </triangles>
 </mesh></geometry></library_geometries>
 <library_visual_scenes><visual_scene id="s"><node id="nodo">
  <instance_geometry url="#g"><bind_material><technique_common>
   <instance_material symbol="m" target="#mat"/>
  </technique_common></bind_material></instance_geometry>
 </node></visual_scene></library_visual_scenes>
 <scene><instance_visual_scene url="#s"/></scene>
</COLLADA>
