<?xml version="1.0" encoding="utf-8"?>
<COLLADA xmlns="http://www.collada.org/2005/11/COLLADASchema" version="1.4.1">
 <asset><unit name="meter" meter="1"/><up_axis>Z_UP</up_axis></asset>
 <library_effects><effect id="fx"><profile_COMMON><technique sid="c"><phong>
  <diffuse><color>0.850 0.750 0.380 1</color></diffuse>
  <specular><color>0.2 0.2 0.2 1</color></specular><shininess><float>20</float></shininess>
 </phong></technique></profile_COMMON></effect></library_effects>
 <library_materials><material id="mat"><instance_effect url="#fx"/></material></library_materials>
 <library_geometries><geometry id="g"><mesh>
  <source id="p"><float_array id="pa" count="4464">0.222416 0.0158 -0.001484 0.222416 0.0408 -0.001484 0.22242 -0.037144 -0.001566 0.22242 -0.012144 -0.001566 0.222531 0.0158 -0.0031303 0.222531 0.0408 -0.0031303 0.222539 -0.037144 -0.003212 0.222539 -0.012144 -0.003212 0.222726 0.0158 -0.0047689 0.222726 0.0408 -0.0047689 0.222738 -0.037144 -0.0048501 0.222738 -0.012144 -0.0048501 0.223003 0.0158 -0.0063959 0.223003 0.0408 -0.0063959 0.223019 -0.037144 -0.0064764 0.223019 -0.012144 -0.0064764 0.22341 0.0158 -0.0014152 0.22341 0.0408 -0.0014152 0.223413 -0.037144 -0.0014947 0.223413 -0.012144 -0.0014947 0.223447 -0.037144 0.0083529 0.223447 -0.012144 0.0083529 0.223468 0.0158 0.0084323 0.223468 0.0408 0.0084323 0.2239 -0.037144 0.0099398 0.2239 -0.012144 0.0099398 0.223924 0.0158 0.0100181 0.223924 0.0408 0.0100181 0.223984 0.0158 -0.006229 0.223984 0.0408 -0.006229 0.224 -0.037144 -0.0063071 0.224 -0.012144 -0.0063071 0.224369 0.0158 -0.001151 0.224369 0.0408 -0.001151 0.224372 -0.037144 -0.0012281 0.224372 -0.012144 -0.0012281 0.224404 -0.037144 0.0080798 0.224404 -0.012144 0.0080798 0.224424 0.0158 0.0081568 0.224424 0.0408 0.0081568 0.224431 -0.037144 0.0115023 0.224431 -0.012144 0.0115023 0.224459 0.0158 0.0115793 0.224459 0.0408 0.0115793 0.224979 0.0158 -0.0062599 0.224979 0.0408 -0.0062599 0.224995 -0.037144 -0.0063355 0.224995 -0.012144 -0.0063355 0.225038 -0.037144 0.0130367 0.225038 -0.012144 0.0130367 0.225071 0.0158 0.0131122 0.225071 0.0408 0.0131122 0.225258 0.0158 -0.0007018 0.225258 0.0408 -0.0007018 0.22526 -0.037144 -0.0007769 0.22526 -0.012144 -0.0007769 0.225288 -0.037144 0.0076224 0.225288 -0.012144 0.0076224 0.225307 0.0158 0.0076973 0.225307 0.0408 0.0076973 0.225948 0.0158 -0.0064873 0.225948 0.0408 -0.0064873 0.225964 -0.037144 0.01267 0.225964 -0.012144 0.01267 0.225964 -0.037144 -0.0065605 0.225964 -0.012144 -0.0065605 0.225995 0.0158 0.0127433 0.225995 0.0408 0.0127433 0.22604 0.0158 -8.56e-05 0.22604 0.0408 -8.56e-05 0.22604 -0.037144 -0.0001587 0.22604 -0.012144 -0.0001587 0.226065 -0.037144 0.0069989 0.226065 -0.012144 0.0069989 0.226082 0.0158 0.0070719 0.226082 0.0408 0.0070719 0.226358 0.0158 -0.0157862 0.226358 0.0408 -0.0157862 0.226397 -0.037144 -0.0158584 0.226397 -0.012144 -0.0158584 0.226682 -0.037144 0.0006018 0.226682 -0.012144 0.0006018 0.226684 0.0158 0.0006733 0.226684 0.0408 0.0006733 0.226702 -0.037144 0.0062341 0.226702 -0.012144 0.0062341 0.226717 0.0158 0.0063055 0.226717 0.0408 0.0063055 0.226853 0.0158 -0.0069021 0.226853 0.0408 -0.0069021 0.22687 -0.037144 -0.0069732 0.22687 -0.012144 -0.0069732 0.226944 -0.037144 0.012494 0.226944 -0.012144 0.012494 0.226974 0.0158 0.0125649 0.226974 0.0408 0.0125649 0.227161 -0.037144 0.0014744 0.227161 -0.012144 0.0014744 0.227165 0.0158 0.0015448 0.227165 0.0408 0.0015448 0.227175 -0.037144 0.0053581 0.227175 -0.012144 0.0053581 0.227176 0.0158 -0.0172199 0.227176 0.0408 -0.0172199 0.227188 0.0158 0.0054284 0.227188 0.0408 0.0054284 0.227218 -0.037144 -0.0172901 0.227218 -0.012144 -0.0172901 0.227223 0.0158 -0.0152933 0.227223 0.0408 -0.0152933 0.227261 -0.037144 -0.0153634 0.227261 -0.012144 -0.0153634 0.227458 -0.037144 0.0024247 0.227458 -0.012144 0.0024247 0.227464 0.0158 0.0024943 0.227464 0.0408 0.0024943 0.227465 -0.037144 0.0044058 0.227465 -0.012144 0.0044058 0.227476 0.0158 0.0044754 0.227476 0.0408 0.0044754 0.22756 -0.037144 0.0034149 0.22756 -0.012144 0.0034149 0.227569 0.0158 0.0034843 0.227569 0.0408 0.0034843 0.227658 0.0158 -0.0074881 0.227658 0.0408 -0.0074881 0.227677 -0.037144 -0.0075572 0.227677 -0.012144 -0.0075572 0.227939 -0.037144 0.0125156 0.227939 -0.012144 0.0125156 0.22797 0.0158 0.012584 0.22797 0.0408 0.012584 0.227973 0.0158 -0.0146388 0.227973 0.0408 -0.0146388 0.228009 -0.037144 -0.0147071 0.228009 -0.012144 -0.0147071 0.228063 0.0158 -0.0186114 0.228063 0.0408 -0.0186114 0.228109 -0.037144 -0.0186794 0.228109 -0.012144 -0.0186794 0.228331 0.0158 -0.0082218 0.228331 0.0408 -0.0082218 0.228351 -0.037144 -0.0082893 0.228351 -0.012144 -0.0082893 0.228579 0.0158 -0.0138487 0.228579 0.0408 -0.0138487 0.228613 -0.037144 -0.0139155 0.228613 -0.012144 -0.0139155 0.228845 0.0158 -0.0090743 0.228845 0.0408 -0.0090743 0.228867 -0.037144 -0.0091405 0.228867 -0.012144 -0.0091405 0.22891 -0.037144 0.012734 0.22891 -0.012144 0.012734 0.228942 0.0158 0.0128 0.228942 0.0408 0.0128 0.229016 0.0158 -0.0129543 0.229016 0.0408 -0.0129543 0.229018 0.0158 -0.0199573 0.229018 0.0408 -0.0199573 0.229048 -0.037144 -0.01302 0.229048 -0.012144 -0.01302 0.229067 -0.037144 -0.020023 0.229067 -0.012144 -0.020023 0.22918 0.0158 -0.0100118 0.22918 0.0408 -0.0100118 0.229205 -0.037144 -0.0100771 0.229205 -0.012144 -0.0100771 0.229267 0.0158 -0.011991 0.229267 0.0408 -0.011991 0.229297 -0.037144 -0.0120561 0.229297 -0.012144 -0.0120561 0.229323 0.0158 -0.010997 0.229323 0.0408 -0.010997 0.22935 -0.037144 -0.011062 0.22935 -0.012144 -0.011062 0.229819 -0.037144 0.0131404 0.229819 -0.012144 0.0131404 0.229829 0.0158 -0.0193811 0.229829 0.0408 -0.0193811 0.229851 0.0158 0.0132042 0.229851 0.0408 0.0132042 0.229877 -0.037144 -0.0194448 0.229877 -0.012144 -0.0194448 0.230267 -0.037144 0.0215278 0.230267 -0.012144 0.0215278 0.23032 0.0158 0.0215904 0.23032 0.0408 0.0215904 0.230629 -0.037144 0.0137189 0.230629 -0.012144 0.0137189 0.230663 0.0158 0.0137806 0.230663 0.0408 0.0137806 0.230739 0.0158 -0.0189772 0.230739 0.0408 -0.0189772 0.230786 -0.037144 -0.0190387 0.230786 -0.012144 -0.0190387 0.231011 -0.037144 0.0208663 0.231011 -0.012144 0.0208663 0.231062 0.0158 0.0209271 0.231062 0.0408 0.0209271 0.231309 -0.037144 0.0144463 0.231309 -0.012144 0.0144463 0.231344 0.0158 0.0145064 0.231344 0.0408 0.0145064 0.231363 -0.037144 0.022761 0.231363 -0.012144 0.022761 0.23142 0.0158 0.0228209 0.23142 0.0408 0.0228209 0.231609 -0.037144 0.0200706 0.231609 -0.012144 0.0200706 0.231659 0.0158 0.0201299 0.231659 0.0408 0.0201299 0.231711 0.0158 -0.0187616 0.231711 0.0408 -0.0187616 0.231758 -0.037144 -0.0188206 0.231758 -0.012144 -0.0188206 0.231831 -0.037144 0.015294 0.231831 -0.012144 0.015294 0.231868 0.0158 0.0153528 0.231868 0.0408 0.0153528 0.232038 -0.037144 0.0191722 0.232038 -0.012144 0.0191722 0.232085 0.0158 0.0192304 0.232085 0.0408 0.0192304 0.232174 -0.037144 0.0162283 0.232174 -0.012144 0.0162283 0.232214 0.0158 0.0162862 0.232214 0.0408 0.0162862 0.23228 -0.037144 0.0182066 0.23228 -0.012144 0.0182066 0.232325 0.0158 0.0182642 0.232325 0.0408 0.0182642 0.232326 -0.037144 0.0172121 0.232326 -0.012144 0.0172121 0.232369 0.0158 0.0172697 0.232369 0.0408 0.0172697 0.23252 -0.037144 0.0239384 0.23252 -0.012144 0.0239384 0.232579 0.0158 0.0239955 0.232579 0.0408 0.0239955 0.232707 0.0158 -0.0187427 0.232707 0.0408 -0.0187427 0.232753 -0.037144 -0.0187993 0.232753 -0.012144 -0.0187993 0.233686 0.0158 -0.0189214 0.233686 0.0408 -0.0189214 0.233733 -0.037144 -0.0189756 0.233733 -0.012144 -0.0189756 0.233733 -0.037144 0.0250572 0.233733 -0.012144 0.0250572 0.233795 0.0158 0.0251113 0.233795 0.0408 0.0251113 0.234408 -0.037144 0.0243253 0.234408 -0.012144 0.0243253 0.234468 0.0158 0.0243777 0.234468 0.0408 0.0243777 0.23461 0.0158 -0.0192906 0.23461 0.0408 -0.0192906 0.234658 -0.037144 -0.0193426 0.234658 -0.012144 -0.0193426 0.235214 -0.037144 0.0237416 0.235214 -0.012144 0.0237416 0.235273 0.0158 0.023792 0.235273 0.0408 0.023792 0.235443 0.0158 -0.0198357 0.235443 0.0408 -0.0198357 0.235492 -0.037144 -0.0198855 0.235492 -0.012144 -0.0198855 0.236115 0.0158 -0.0269618 0.236115 0.0408 -0.0269618 0.23612 -0.037144 0.0233293 0.23612 -0.012144 0.0233293 0.236152 0.0158 -0.0205349 0.236152 0.0408 -0.0205349 0.236178 0.0158 0.0233775 0.236178 0.0408 0.0233775 0.236182 -0.037144 -0.0270099 0.236182 -0.012144 -0.0270099 0.236203 -0.037144 -0.0205831 0.236203 -0.012144 -0.0205831 0.236681 0.0158 -0.0261424 0.236681 0.0408 -0.0261424 0.236708 0.0158 -0.0213607 0.236708 0.0408 -0.0213607 0.236745 -0.037144 -0.0261892 0.236745 -0.012144 -0.0261892 0.236761 -0.037144 -0.0214075 0.236761 -0.012144 -0.0214075 0.237072 0.0158 -0.0252273 0.237072 0.0408 -0.0252273 0.237089 0.0158 -0.0222803 0.237089 0.0408 -0.0222803 0.23709 -0.037144 0.0231046 0.23709 -0.012144 0.0231046 0.237135 -0.037144 -0.0252731 0.237135 -0.012144 -0.0252731 0.237144 -0.037144 -0.0223261 0.237144 -0.012144 -0.0223261 0.237147 0.0158 0.0231504 0.237147 0.0408 0.0231504 0.237275 0.0158 -0.0242526 0.237275 0.0408 -0.0242526 0.237281 0.0158 -0.0232572 0.237281 0.0408 -0.0232572 0.237335 -0.037144 -0.024298 0.237335 -0.012144 -0.024298 0.237338 -0.037144 -0.0233025 0.237338 -0.012144 -0.0233025 0.237474 0.0158 -0.0278989 0.237474 0.0408 -0.0278989 0.237542 -0.037144 -0.0279437 0.237542 -0.012144 -0.0279437 0.238085 -0.037144 0.0230765 0.238085 -0.012144 0.0230765 0.238142 0.0158 0.0231198 0.238142 0.0408 0.0231198 0.238877 0.0158 -0.0287676 0.238877 0.0408 -0.0287676 0.238948 -0.037144 -0.028809 0.238948 -0.012144 -0.028809 0.239066 -0.037144 0.0232461 0.239066 -0.012144 0.0232461 0.239123 0.0158 0.023287 0.239123 0.0408 0.023287 0.239994 -0.037144 0.0236066 0.239994 -0.012144 0.0236066 0.240052 0.0158 0.0236453 0.240052 0.0408 0.0236453 0.240321 0.0158 -0.0295659 0.240321 0.0408 -0.0295659 0.240394 -0.037144 -0.0296037 0.240394 -0.012144 -0.0296037 0.240803 0.0158 -0.0286946 0.240803 0.0408 -0.0286946 0.240832 -0.037144 0.0241439 0.240832 -0.012144 0.0241439 0.240873 -0.037144 -0.0287312 0.240873 -0.012144 -0.0287312 0.240892 0.0158 0.0241805 0.240892 0.0408 0.0241805 0.241447 0.0158 -0.0279359 0.241447 0.0408 -0.0279359 0.241516 -0.037144 -0.0279709 0.241516 -0.012144 -0.0279709 0.241547 -0.037144 0.0248365 0.241547 -0.012144 0.0248365 0.241608 0.0158 0.0248714 0.241608 0.0408 0.0248714 0.242111 -0.037144 0.0256571 0.242111 -0.012144 0.0256571 0.242128 -0.037144 0.0304388 0.242128 -0.012144 0.0304388 0.242174 0.0158 0.0256905 0.242174 0.0408 0.0256905 0.242203 0.0158 0.0304722 0.242203 0.0408 0.0304722 0.242229 0.0158 -0.0273199 0.242229 0.0408 -0.0273199 0.242296 -0.037144 -0.027353 0.242296 -0.012144 -0.027353 0.242501 -0.037144 0.0265731 0.242501 -0.012144 0.0265731 0.242511 -0.037144 0.0295201 0.242511 -0.012144 0.0295201 0.242566 0.0158 0.0266055 0.242566 0.0408 0.0266055 0.242584 0.0158 0.0295525 0.242584 0.0408 0.0295525 0.242701 -0.037144 0.0275481 0.242701 -0.012144 0.0275481 0.242705 -0.037144 0.0285436 0.242705 -0.012144 0.0285436 0.242769 0.0158 0.0275801 0.242769 0.0408 0.0275801 0.242775 0.0158 0.0285756 0.242775 0.0408 0.0285756 0.243118 0.0158 -0.0268711 0.243118 0.0408 -0.0268711 0.243184 -0.037144 -0.026902 0.243184 -0.012144 -0.026902 0.243651 -0.037144 0.0310741 0.243651 -0.012144 0.0310741 0.243728 0.0158 0.0311037 0.243728 0.0408 0.0311037 0.244078 0.0158 -0.0266072 0.244078 0.0408 -0.0266072 0.244143 -0.037144 -0.0266358 0.244143 -0.012144 -0.0266358 0.245071 0.0158 -0.0265387 0.245071 0.0408 -0.0265387 0.245136 -0.037144 -0.0265648 0.245136 -0.012144 -0.0265648 0.245204 -0.037144 0.0316333 0.245204 -0.012144 0.0316333 0.245282 0.0158 0.0316591 0.245282 0.0408 0.0316591 0.245759 -0.012144 -0.0009062 0.245759 -0.010144 -0.0009062 0.245759 0.0138 -0.0009062 0.245759 0.0158 -0.0009062 0.245774 -0.012144 0.0010541 0.245774 -0.010144 0.0010541 0.245774 0.0138 0.0010541 0.245774 0.0158 0.0010541 0.246058 0.0158 -0.0266683 0.246058 0.0408 -0.0266683 0.246123 -0.037144 -0.026692 0.246123 -0.012144 -0.026692 0.246128 -0.012144 -0.0028317 0.246128 -0.010144 -0.0028317 0.246128 0.0138 -0.0028317 0.246128 0.0158 -0.0028317 0.246171 -0.012144 0.0029738 0.246171 -0.010144 0.0029738 0.246171 0.0138 0.0029738 0.246171 0.0158 0.0029738 0.246782 -0.037144 0.0321149 0.246782 -0.012144 0.0321149 0.246861 0.0158 0.0321368 0.246861 0.0408 0.0321368 0.246864 -0.012144 -0.0046483 0.246864 -0.010144 -0.0046483 0.246864 0.0138 -0.0046483 0.246864 0.0158 -0.0046483 0.246934 -0.012144 0.0047793 0.246934 -0.010144 0.0047793 0.246934 0.0138 0.0047793 0.246934 0.0158 0.0047793 0.247 0.0158 -0.0269909 0.247 0.0408 -0.0269909 0.247066 -0.037144 -0.0270123 0.247066 -0.012144 -0.0270123 0.247073 -0.037144 0.0311627 0.247073 -0.012144 0.0311627 0.247149 0.0158 0.0311839 0.247149 0.0408 0.0311839 0.247546 -0.037144 0.0302869 0.247546 -0.012144 0.0302869 0.24762 0.0158 0.0303069 0.24762 0.0408 0.0303069 0.247859 0.0158 -0.0274937 0.247859 0.0408 -0.0274937 0.247926 -0.037144 -0.0275129 0.247926 -0.012144 -0.0275129 0.247941 -0.012144 -0.0062863 0.247941 -0.010144 -0.0062863 0.247941 0.0138 -0.0062863 0.247941 0.0158 -0.0062863 0.248 0.0338 -0.0007023 0.248 0.0408 -0.0007023 0.248002 -0.037144 -0.0007213 0.248002 -0.030144 -0.0007213 0.24801 -0.037144 0.0007979 0.24801 -0.030144 0.0007979 0.248012 0.0338 0.0008169 0.248012 0.0408 0.0008169 0.248036 -0.012144 0.0064012 0.248036 -0.010144 0.0064012 0.248036 0.0138 0.0064012 0.248036 0.0158 0.0064012 0.248183 -0.037144 0.0295222 0.248183 -0.012144 0.0295222 0.248256 0.0158 0.0295407 0.248256 0.0408 0.0295407 0.248286 0.0338 -0.0021946 0.248286 0.0408 -0.0021946 0.248291 -0.037144 -0.0022129 0.248291 -0.030144 -0.0022129 0.248313 -0.037144 0.0022865 0.248313 -0.030144 0.0022865 0.248319 0.0338 0.0023047 0.248319 0.0408 0.0023047 0.248601 0.0158 -0.0281567 0.248601 0.0408 -0.0281567 0.248671 -0.037144 -0.0281741 0.248671 -0.012144 -0.0281741 0.248857 0.0338 -0.0036025 0.248857 0.0408 -0.0036025 0.248865 -0.037144 -0.0036193 0.248865 -0.030144 -0.0036193 0.248902 -0.037144 0.0036872 0.248902 -0.030144 0.0036872 0.248911 0.0338 0.003704 0.248911 0.0408 0.003704 0.24896 -0.037144 0.028899 0.24896 -0.012144 0.028899 0.249031 0.0158 0.0289156 0.249031 0.0408 0.0289156 0.249198 0.0158 -0.0289537 0.249198 0.0408 -0.0289537 0.249269 -0.037144 -0.0289697 0.249269 -0.012144 -0.0289697 0.249317 -0.012144 -0.0076828 0.249317 -0.010144 -0.0076828 0.249317 0.0138 -0.0076828 0.249317 0.0158 -0.0076828 0.249432 -0.012144 0.007777 0.249432 -0.010144 0.007777 0.249432 0.0138 0.007777 0.249432 0.0158 0.007777 0.249624 0.0158 -0.0298531 0.249624 0.0408 -0.0298531 0.249691 0.0338 -0.0048719 0.249691 0.0408 -0.0048719 0.249698 -0.037144 -0.029868 0.249698 -0.012144 -0.029868 0.249703 -0.037144 -0.0048867 0.249703 -0.030144 -0.0048867 0.249752 -0.037144 0.0049462 0.249752 -0.030144 0.0049462 0.249755 0.0158 -0.0327972 0.249755 0.0408 -0.0327972 0.249764 0.0338 0.0049609 0.249764 0.0408 0.0049609 0.249836 -0.037144 -0.0328118 0.249836 -0.012144 -0.0328118 0.249844 -0.037144 0.0284419 0.249844 -0.012144 0.0284419 0.249865 0.0158 -0.0308192 0.249865 0.0408 -0.0308192 0.249909 0.0158 -0.0318137 0.249909 0.0408 -0.0318137 0.249914 0.0158 0.0284563 0.249914 0.0408 0.0284563 0.249941 -0.037144 -0.0308335 0.249941 -0.012144 -0.0308335 0.249987 -0.037144 -0.0318279 0.249987 -0.012144 -0.0318279 0.25049 -0.012144 -0.0004758 0.25049 -0.010144 -0.0004758 0.25049 0.0138 -0.0004758 0.25049 0.0158 -0.0004758 0.25049 0.0338 -0.0004758 0.250491 -0.030144 -0.0004886 0.250491 -0.012144 -0.0004886 0.250496 -0.030144 0.0005405 0.250496 -0.012144 0.0005405 0.250498 -0.012144 0.0005534 0.250498 -0.010144 0.0005534 0.250498 0.0138 0.0005534 0.250498 0.0158 0.0005534 0.250498 0.0338 0.0005534 0.250683 -0.012144 -0.0014866 0.250683 -0.010144 -0.0014866 0.250683 0.0138 -0.0014866 0.250683 0.0158 -0.0014866 0.250683 0.0338 -0.0014866 0.250687 -0.030144 -0.001499 0.250687 -0.012144 -0.001499 0.250702 -0.030144 0.0015489 0.250702 -0.012144 0.0015489 0.250706 -0.012144 0.0015613 0.250706 -0.010144 0.0015613 0.250706 0.0138 0.0015613 0.250706 0.0158 0.0015613 0.250706 0.0338 0.0015613 0.250758 0.0338 -0.0059542 0.250758 0.0408 -0.0059542 0.250772 -0.037144 -0.0059663 0.250772 -0.030144 -0.0059663 0.250801 -0.037144 0.0281691 0.250801 -0.012144 0.0281691 0.250832 -0.037144 0.0060152 0.250832 -0.030144 0.0060152 0.250846 0.0338 0.0060272 0.250846 0.0408 0.0060272 0.250871 0.0158 0.0281811 0.250871 0.0408 0.0281811 0.250939 -0.012144 -0.008784 0.250939 -0.010144 -0.008784 0.250939 0.0138 -0.008784 0.250939 0.0158 -0.008784 0.25107 -0.012144 -0.0024404 0.25107 -0.012144 0.008854 0.25107 -0.010144 -0.0024404 0.25107 -0.010144 0.008854 0.25107 0.0138 -0.0024404 0.25107 0.0138 0.008854 0.25107 0.0158 -0.0024404 0.25107 0.0158 0.008854 0.25107 0.0338 -0.0024404 0.251076 -0.030144 -0.0024518 0.251076 -0.012144 -0.0024518 0.251101 -0.030144 0.0024978 0.251101 -0.012144 0.0024978 0.251107 -0.012144 0.0025092 0.251107 -0.010144 0.0025092 0.251107 0.0138 0.0025092 0.251107 0.0158 0.0025092 0.251107 0.0338 0.0025092 0.251385 0.0158 -0.0330522 0.251385 0.0408 -0.0330522 0.251467 -0.037144 -0.0330627 0.251467 -0.012144 -0.0330627 0.251636 -0.012144 -0.0033003 0.251636 -0.010144 -0.0033003 0.251636 0.0138 -0.0033003 0.251636 0.0158 -0.0033003 0.251636 0.0338 -0.0033003 0.251644 -0.030144 -0.0033104 0.251644 -0.012144 -0.0033104 0.251677 -0.030144 0.0033507 0.251677 -0.012144 0.0033507 0.251685 -0.012144 0.0033606 0.251685 -0.010144 0.0033606 0.251685 0.0138 0.0033606 0.251685 0.0158 0.0033606 0.251685 0.0338 0.0033606 0.251794 -0.037144 0.0280914 0.251794 -0.012144 0.0280914 0.251863 0.0158 0.028101 0.251863 0.0408 0.028101 0.252014 0.0338 -0.0068076 0.252014 0.0408 -0.0068076 0.252031 -0.037144 -0.0068167 0.252031 -0.030144 -0.0068167 0.252099 -0.037144 0.0068529 0.252099 -0.030144 0.0068529 0.252116 0.0338 0.0068618 0.252116 0.0408 0.0068618 0.252358 -0.012144 -0.0040335 0.252358 -0.010144 -0.0040335 0.252358 0.0138 -0.0040335 0.252358 0.0158 -0.0040335 0.252358 0.0338 -0.0040335 0.252368 -0.030144 -0.0040417 0.252368 -0.012144 -0.0040417 0.252408 -0.030144 0.0040748 0.252408 -0.012144 0.0040748 0.252418 -0.012144 0.0040829 0.252418 -0.010144 0.0040829 0.252418 0.0138 0.0040829 0.252418 0.0158 0.0040829 0.252418 0.0338 0.0040829 0.252745 -0.012144 -0.0095476 0.252745 -0.010144 -0.0095476 0.252745 0.0138 -0.0095476 0.252745 0.0158 -0.0095476 0.252782 -0.037144 0.0282118 0.252782 -0.012144 0.0282118 0.252852 0.0158 0.0282189 0.252852 0.0408 0.0282189 0.252887 -0.012144 0.0095907 0.252887 -0.010144 0.0095907 0.252887 0.0138 0.0095907 0.252887 0.0158 0.0095907 0.253026 0.0158 -0.0332261 0.253026 0.0408 -0.0332261 0.253108 -0.037144 -0.0332326 0.253108 -0.012144 -0.0332326 0.253209 -0.012144 -0.0046116 0.253209 -0.010144 -0.0046116 0.253209 0.0138 -0.0046116 0.253209 0.0158 -0.0046116 0.253209 0.0338 -0.0046116 0.253221 -0.030144 -0.0046177 0.253221 -0.012144 -0.0046177 0.253267 -0.030144 0.0046423 0.253267 -0.012144 0.0046423 0.253278 -0.012144 0.0046483 0.253278 -0.010144 0.0046483 0.253278 0.0138 0.0046483 0.253278 0.0158 0.0046483 0.253278 0.0338 0.0046483 0.253414 0.0338 -0.0073994 0.253414 0.0408 -0.0073994 0.253432 -0.037144 -0.007405 0.253432 -0.030144 -0.007405 0.253505 -0.037144 0.0074274 0.253505 -0.030144 0.0074274 0.253524 0.0338 0.0074328 0.253524 0.0408 0.0074328 0.253727 -0.037144 0.0285256 0.253727 -0.012144 0.0285256 0.253797 0.0158 0.0285304 0.253797 0.0408 0.0285304 0.254157 -0.012144 -0.0050125 0.254157 -0.010144 -0.0050125 0.254157 0.0138 -0.0050125 0.254157 0.0158 -0.0050125 0.254157 0.0338 -0.0050125 0.254169 -0.030144 -0.0050163 0.254169 -0.012144 -0.0050163 0.254219 -0.030144 0.0050314 0.254219 -0.012144 0.0050314 0.254232 -0.012144 0.0050351 0.254232 -0.010144 0.0050351 0.254232 0.0138 0.0050351 0.254232 0.0158 0.0050351 0.254232 0.0338 0.0050351 0.254591 -0.037144 0.0290204 0.254591 -0.012144 0.0290204 0.254662 0.0158 0.029023 0.254662 0.0408 0.029023 0.254664 -0.012144 -0.0099443 0.254664 -0.010144 -0.0099443 0.254664 0.0138 -0.0099443 0.254664 0.0158 -0.0099443 0.254674 0.0158 -0.0333186 0.254674 0.0408 -0.0333186 0.25473 0.0158 -0.0323247 0.25473 0.0408 -0.0323247 0.254756 -0.037144 -0.0333211 0.254756 -0.012144 -0.0333211 0.254809 -0.037144 -0.032327 0.254809 -0.012144 -0.032327 0.254812 -0.012144 0.0099589 0.254812 -0.010144 0.0099589 0.254812 0.0138 0.0099589 0.254812 0.0158 0.0099589 0.254902 0.0338 -0.0077068 0.254902 0.0408 -0.0077068 0.25492 -0.037144 -0.0077088 0.25492 -0.030144 -0.0077088 0.254981 0.0158 -0.0313615 0.254981 0.0408 -0.0313615 0.254997 -0.037144 0.0077164 0.254997 -0.030144 0.0077164 0.255016 0.0338 0.0077181 0.255016 0.0408 0.0077181 0.255058 -0.037144 -0.0313632 0.255058 -0.012144 -0.0313632 0.255165 -0.012144 -0.0052208 0.255165 -0.010144 -0.0052208 0.255165 0.0138 -0.0052208 0.255165 0.0158 -0.0052208 0.255165 0.0338 -0.0052208 0.255178 -0.030144 -0.0052221 0.255178 -0.012144 -0.0052221 0.25523 -0.030144 0.0052272 0.25523 -0.012144 0.0052272 0.255243 -0.012144 0.0052284 0.255243 -0.010144 0.0052284 0.255243 0.0138 0.0052284 0.255243 0.0158 0.0052284 0.255243 0.0338 0.0052284 0.255339 -0.037144 0.0296764 0.255339 -0.012144 0.0296764 0.255412 0.0158 0.0296773 0.255412 0.0408 0.0296773 0.255419 0.0158 -0.0304672 0.255419 0.0408 -0.0304672 0.255494 -0.037144 -0.0304678 0.255494 -0.012144 -0.0304678 0.255943 -0.037144 0.0304678 0.255943 -0.012144 0.0304678 0.256018 0.0158 0.0304672 0.256018 0.0408 0.0304672 0.256024 0.0158 -0.0296773 0.256024 0.0408 -0.0296773 0.256097 -0.037144 -0.0296764 0.256097 -0.012144 -0.0296764 0.256194 -0.012144 -0.0052284 0.256194 -0.010144 -0.0052284 0.256194 0.0138 -0.0052284 0.256194 0.0158 -0.0052284 0.256194 0.0338 -0.0052284 0.256207 -0.030144 -0.0052272 0.256207 -0.012144 -0.0052272 0.256259 -0.030144 0.0052221 0.256259 -0.012144 0.0052221 0.256272 -0.012144 0.0052208 0.256272 -0.010144 0.0052208 0.256272 0.0138 0.0052208 0.256272 0.0158 0.0052208 0.256272 0.0338 0.0052208 0.256378 -0.037144 0.0313632 0.256378 -0.012144 0.0313632 0.256421 0.0338 -0.0077181 0.256421 0.0408 -0.0077181 0.25644 -0.037144 -0.0077164 0.25644 -0.030144 -0.0077164 0.256456 0.0158 0.0313615 0.256456 0.0408 0.0313615 0.256516 -0.037144 0.0077088 0.256516 -0.030144 0.0077088 0.256535 0.0338 0.0077068 0.256535 0.0408 0.0077068 0.256625 -0.012144 -0.0099589 0.256625 -0.010144 -0.0099589 0.256625 0.0138 -0.0099589 0.256625 0.0158 -0.0099589 0.256628 -0.037144 0.032327 0.256628 -0.012144 0.032327 0.256681 -0.037144 0.0333211 0.256681 -0.012144 0.0333211 0.256707 0.0158 0.0323247 0.256707 0.0408 0.0323247 0.256763 0.0158 0.0333186 0.256763 0.0408 0.0333186 0.256773 -0.012144 0.0099443 0.256773 -0.010144 0.0099443 0.256773 0.0138 0.0099443 0.256773 0.0158 0.0099443 0.256775 0.0158 -0.029023 0.256775 0.0408 -0.029023 0.256846 -0.037144 -0.0290204 0.256846 -0.012144 -0.0290204 0.257205 -0.012144 -0.0050351 0.257205 -0.010144 -0.0050351 0.257205 0.0138 -0.0050351 0.257205 0.0158 -0.0050351 0.257205 0.0338 -0.0050351 0.257217 -0.030144 -0.0050314 0.257217 -0.012144 -0.0050314 0.257267 -0.030144 0.0050163 0.257267 -0.012144 0.0050163 0.25728 -0.012144 0.0050125 0.25728 -0.010144 0.0050125 0.25728 0.0138 0.0050125 0.25728 0.0158 0.0050125 0.25728 0.0338 0.0050125 0.25764 0.0158 -0.0285304 0.25764 0.0408 -0.0285304 0.25771 -0.037144 -0.0285256 0.25771 -0.012144 -0.0285256 0.257913 0.0338 -0.0074328 0.257913 0.0408 -0.0074328 0.257931 -0.037144 -0.0074274 0.257931 -0.030144 -0.0074274 0.258005 -0.037144 0.007405 0.258005 -0.030144 0.007405 0.258023 0.0338 0.0073994 0.258023 0.0408 0.0073994 0.258159 -0.012144 -0.0046483 0.258159 -0.010144 -0.0046483 0.258159 0.0138 -0.0046483 0.258159 0.0158 -0.0046483 0.258159 0.0338 -0.0046483 0.25817 -0.030144 -0.0046423 0.25817 -0.012144 -0.0046423 0.258216 -0.030144 0.0046177 0.258216 -0.012144 0.0046177 0.258228 -0.012144 0.0046116 0.258228 -0.010144 0.0046116 0.258228 0.0138 0.0046116 0.258228 0.0158 0.0046116 0.258228 0.0338 0.0046116 0.258329 -0.037144 0.0332326 0.258329 -0.012144 0.0332326 0.25841 0.0158 0.0332261 0.25841 0.0408 0.0332261 0.25855 -0.012144 -0.0095907 0.25855 -0.010144 -0.0095907 0.25855 0.0138 -0.0095907 0.25855 0.0158 -0.0095907 0.258585 0.0158 -0.0282189 0.258585 0.0408 -0.0282189 0.258655 -0.037144 -0.0282118 0.258655 -0.012144 -0.0282118 0.258692 -0.012144 0.0095476 0.258692 -0.010144 0.0095476 0.258692 0.0138 0.0095476 0.258692 0.0158 0.0095476 0.259019 -0.012144 -0.0040829 0.259019 -0.010144 -0.0040829 0.259019 0.0138 -0.0040829 0.259019 0.0158 -0.0040829 0.259019 0.0338 -0.0040829 0.259029 -0.030144 -0.0040748 0.259029 -0.012144 -0.0040748 0.259069 -0.030144 0.0040417 0.259069 -0.012144 0.0040417 0.259079 -0.012144 0.0040335 0.259079 -0.010144 0.0040335 0.259079 0.0138 0.0040335 0.259079 0.0158 0.0040335 0.259079 0.0338 0.0040335 0.259321 0.0338 -0.0068618 0.259321 0.0408 -0.0068618 0.259338 -0.037144 -0.0068529 0.259338 -0.030144 -0.0068529 0.259406 -0.037144 0.0068167 0.259406 -0.030144 0.0068167 0.259422 0.0338 0.0068076 0.259422 0.0408 0.0068076 0.259574 0.0158 -0.028101 0.259574 0.0408 -0.028101 0.259643 -0.037144 -0.0280914 0.259643 -0.012144 -0.0280914 0.259752 -0.012144 -0.0033606 0.259752 -0.010144 -0.0033606 0.259752 0.0138 -0.0033606 0.259752 0.0158 -0.0033606 0.259752 0.0338 -0.0033606 0.25976 -0.030144 -0.0033507 0.25976 -0.012144 -0.0033507 0.259793 -0.030144 0.0033104 0.259793 -0.012144 0.0033104 0.259801 -0.012144 0.0033003 0.259801 -0.010144 0.0033003 0.259801 0.0138 0.0033003 0.259801 0.0158 0.0033003 0.259801 0.0338 0.0033003 0.25997 -0.037144 0.0330627 0.25997 -0.012144 0.0330627 0.260052 0.0158 0.0330522 0.260052 0.0408 0.0330522 0.26033 -0.012144 -0.0025092 0.26033 -0.010144 -0.0025092 0.26033 0.0138 -0.0025092 0.26033 0.0158 -0.0025092 0.26033 0.0338 -0.0025092 0.260336 -0.030144 -0.0024978 0.260336 -0.012144 -0.0024978 0.260361 -0.030144 0.0024518 0.260361 -0.012144 0.0024518 0.260367 -0.012144 -0.008854 0.260367 -0.012144 0.0024404 0.260367 -0.010144 -0.008854 0.260367 -0.010144 0.0024404 0.260367 0.0138 -0.008854 0.260367 0.0138 0.0024404 0.260367 0.0158 -0.008854 0.260367 0.0158 0.0024404 0.260367 0.0338 0.0024404 0.260498 -0.012144 0.008784 0.260498 -0.010144 0.008784 0.260498 0.0138 0.008784 0.260498 0.0158 0.008784 0.260566 0.0158 -0.0281811 0.260566 0.0408 -0.0281811 0.26059 0.0338 -0.0060272 0.26059 0.0408 -0.0060272 0.260605 -0.037144 -0.0060152 0.260605 -0.030144 -0.0060152 0.260636 -0.037144 -0.0281691 0.260636 -0.012144 -0.0281691 0.260665 -0.037144 0.0059663 0.260665 -0.030144 0.0059663 0.260679 0.0338 0.0059542 0.260679 0.0408 0.0059542 0.260731 -0.012144 -0.0015613 0.260731 -0.010144 -0.0015613 0.260731 0.0138 -0.0015613 0.260731 0.0158 -0.0015613 0.260731 0.0338 -0.0015613 0.260735 -0.030144 -0.0015489 0.260735 -0.012144 -0.0015489 0.26075 -0.030144 0.001499 0.26075 -0.012144 0.001499 0.260754 -0.012144 0.0014866 0.260754 -0.010144 0.0014866 0.260754 0.0138 0.0014866 0.260754 0.0158 0.0014866 0.260754 0.0338 0.0014866 0.260939 -0.012144 -0.0005534 0.260939 -0.010144 -0.0005534 0.260939 0.0138 -0.0005534 0.260939 0.0158 -0.0005534 0.260939 0.0338 -0.0005534 0.260941 -0.030144 -0.0005405 0.260941 -0.012144 -0.0005405 0.260946 -0.030144 0.0004886 0.260946 -0.012144 0.0004886 0.260947 -0.012144 0.0004758 0.260947 -0.010144 0.0004758 0.260947 0.0138 0.0004758 0.260947 0.0158 0.0004758 0.260947 0.0338 0.0004758 0.26145 -0.037144 0.0318279 0.26145 -0.012144 0.0318279 0.261496 -0.037144 0.0308335 0.261496 -0.012144 0.0308335 0.261523 0.0158 -0.0284563 0.261523 0.0408 -0.0284563 0.261528 0.0158 0.0318137 0.261528 0.0408 0.0318137 0.261572 0.0158 0.0308192 0.261572 0.0408 0.0308192 0.261593 -0.037144 -0.0284419 0.261593 -0.012144 -0.0284419 0.261601 -0.037144 0.0328118 0.261601 -0.012144 0.0328118 0.261673 0.0338 -0.0049609 0.261673 0.0408 -0.0049609 0.261682 0.0158 0.0327972 0.261682 0.0408 0.0327972 0.261685 -0.037144 -0.0049462 0.261685 -0.030144 -0.0049462 0.261734 -0.037144 0.0048867 0.261734 -0.030144 0.0048867 0.261739 -0.037144 0.029868 0.261739 -0.012144 0.029868 0.261746 0.0338 0.0048719 0.261746 0.0408 0.0048719 0.261812 0.0158 0.0298531 0.261812 0.0408 0.0298531 0.262005 -0.012144 -0.007777 0.262005 -0.010144 -0.007777 0.262005 0.0138 -0.007777 0.262005 0.0158 -0.007777 0.26212 -0.012144 0.0076828 0.26212 -0.010144 0.0076828 0.26212 0.0138 0.0076828 0.26212 0.0158 0.0076828 0.262168 -0.037144 0.0289697 0.262168 -0.012144 0.0289697 0.262239 0.0158 0.0289537 0.262239 0.0408 0.0289537 0.262406 0.0158 -0.0289156 0.262406 0.0408 -0.0289156 0.262477 -0.037144 -0.028899 0.262477 -0.012144 -0.028899 0.262526 0.0338 -0.003704 0.262526 0.0408 -0.003704 0.262535 -0.037144 -0.0036872 0.262535 -0.030144 -0.0036872 0.262571 -0.037144 0.0036193 0.262571 -0.030144 0.0036193 0.26258 0.0338 0.0036025 0.26258 0.0408 0.0036025 0.262766 -0.037144 0.0281741 0.262766 -0.012144 0.0281741 0.262836 0.0158 0.0281567 0.262836 0.0408 0.0281567 0.263118 0.0338 -0.0023047 0.263118 0.0408 -0.0023047 0.263123 -0.037144 -0.0022865 0.263123 -0.030144 -0.0022865 0.263146 -0.037144 0.0022129 0.263146 -0.030144 0.0022129 0.263151 0.0338 0.0021946 0.263151 0.0408 0.0021946 0.263181 0.0158 -0.0295407 0.263181 0.0408 -0.0295407 0.263253 -0.037144 -0.0295222 0.263253 -0.012144 -0.0295222 0.263401 -0.012144 -0.0064012 0.263401 -0.010144 -0.0064012 0.263401 0.0138 -0.0064012 0.263401 0.0158 -0.0064012 0.263425 0.0338 -0.0008169 0.263425 0.0408 -0.0008169 0.263427 -0.037144 -0.0007979 0.263427 -0.030144 -0.0007979 0.263435 -0.037144 0.0007213 0.263435 -0.030144 0.0007213 0.263437 0.0338 0.0007023 0.263437 0.0408 0.0007023 0.263495 -0.012144 0.0062863 0.263495 -0.010144 0.0062863 0.263495 0.0138 0.0062863 0.263495 0.0158 0.0062863 0.26351 -0.037144 0.0275129 0.26351 -0.012144 0.0275129 0.263578 0.0158 0.0274937 0.263578 0.0408 0.0274937 0.263816 0.0158 -0.0303069 0.263816 0.0408 -0.0303069 0.263891 -0.037144 -0.0302869 0.263891 -0.012144 -0.0302869 0.264288 0.0158 -0.0311839 0.264288 0.0408 -0.0311839 0.264364 -0.037144 -0.0311627 0.264364 -0.012144 -0.0311627 0.264371 -0.037144 0.0270123 0.264371 -0.012144 0.0270123 0.264437 0.0158 0.0269909 0.264437 0.0408 0.0269909 0.264502 -0.012144 -0.0047793 0.264502 -0.010144 -0.0047793 0.264502 0.0138 -0.0047793 0.264502 0.0158 -0.0047793 0.264572 -0.012144 0.0046483 0.264572 -0.010144 0.0046483 0.264572 0.0138 0.0046483 0.264572 0.0158 0.0046483 0.264576 0.0158 -0.0321368 0.264576 0.0408 -0.0321368 0.264655 -0.037144 -0.0321149 0.264655 -0.012144 -0.0321149 0.265266 -0.012144 -0.0029738 0.265266 -0.010144 -0.0029738 0.265266 0.0138 -0.0029738 0.265266 0.0158 -0.0029738 0.265309 -0.012144 0.0028317 0.265309 -0.010144 0.0028317 0.265309 0.0138 0.0028317 0.265309 0.0158 0.0028317 0.265313 -0.037144 0.026692 0.265313 -0.012144 0.026692 0.265379 0.0158 0.0266683 0.265379 0.0408 0.0266683 0.265663 -0.012144 -0.0010541 0.265663 -0.010144 -0.0010541 0.265663 0.0138 -0.0010541 0.265663 0.0158 -0.0010541 0.265677 -0.012144 0.0009062 0.265677 -0.010144 0.0009062 0.265677 0.0138 0.0009062 0.265677 0.0158 0.0009062 0.266155 0.0158 -0.0316591 0.266155 0.0408 -0.0316591 0.266233 -0.037144 -0.0316333 0.266233 -0.012144 -0.0316333 0.266301 -0.037144 0.0265648 0.266301 -0.012144 0.0265648 0.266366 0.0158 0.0265387 0.266366 0.0408 0.0265387 0.267294 -0.037144 0.0266358 0.267294 -0.012144 0.0266358 0.267359 0.0158 0.0266072 0.267359 0.0408 0.0266072 0.267709 0.0158 -0.0311037 0.267709 0.0408 -0.0311037 0.267786 -0.037144 -0.0310741 0.267786 -0.012144 -0.0310741 0.268253 -0.037144 0.026902 0.268253 -0.012144 0.026902 0.268319 0.0158 0.0268711 0.268319 0.0408 0.0268711 0.268661 0.0158 -0.0285756 0.268661 0.0408 -0.0285756 0.268668 0.0158 -0.0275801 0.268668 0.0408 -0.0275801 0.268732 -0.037144 -0.0285436 0.268732 -0.012144 -0.0285436 0.268735 -0.037144 -0.0275481 0.268735 -0.012144 -0.0275481 0.268853 0.0158 -0.0295525 0.268853 0.0408 -0.0295525 0.268871 0.0158 -0.0266055 0.268871 0.0408 -0.0266055 0.268925 -0.037144 -0.0295201 0.268925 -0.012144 -0.0295201 0.268936 -0.037144 -0.0265731 0.268936 -0.012144 -0.0265731 0.269141 -0.037144 0.027353 0.269141 -0.012144 0.027353 0.269208 0.0158 0.0273199 0.269208 0.0408 0.0273199 0.269234 0.0158 -0.0304722 0.269234 0.0408 -0.0304722 0.269263 0.0158 -0.0256905 0.269263 0.0408 -0.0256905 0.269309 -0.037144 -0.0304388 0.269309 -0.012144 -0.0304388 0.269326 -0.037144 -0.0256571 0.269326 -0.012144 -0.0256571 0.269828 0.0158 -0.0248714 0.269828 0.0408 -0.0248714 0.26989 -0.037144 -0.0248365 0.26989 -0.012144 -0.0248365 0.269921 -0.037144 0.0279709 0.269921 -0.012144 0.0279709 0.26999 0.0158 0.0279359 0.26999 0.0408 0.0279359 0.270545 0.0158 -0.0241805 0.270545 0.0408 -0.0241805 0.270564 -0.037144 0.0287312 0.270564 -0.012144 0.0287312 0.270605 -0.037144 -0.0241439 0.270605 -0.012144 -0.0241439 0.270634 0.0158 0.0286946 0.270634 0.0408 0.0286946 0.271043 -0.037144 0.0296037 0.271043 -0.012144 0.0296037 0.271116 0.0158 0.0295659 0.271116 0.0408 0.0295659 0.271385 0.0158 -0.0236453 0.271385 0.0408 -0.0236453 0.271443 -0.037144 -0.0236066 0.271443 -0.012144 -0.0236066 0.272313 0.0158 -0.023287 0.272313 0.0408 -0.023287 0.272371 -0.037144 -0.0232461 0.272371 -0.012144 -0.0232461 0.272489 -0.037144 0.028809 0.272489 -0.012144 0.028809 0.27256 0.0158 0.0287676 0.27256 0.0408 0.0287676 0.273295 0.0158 -0.0231198 0.273295 0.0408 -0.0231198 0.273352 -0.037144 -0.0230765 0.273352 -0.012144 -0.0230765 0.273894 -0.037144 0.0279437 0.273894 -0.012144 0.0279437 0.273963 0.0158 0.0278989 0.273963 0.0408 0.0278989 0.274099 -0.037144 0.0233025 0.274099 -0.012144 0.0233025 0.274102 -0.037144 0.024298 0.274102 -0.012144 0.024298 0.274156 0.0158 0.0232572 0.274156 0.0408 0.0232572 0.274162 0.0158 0.0242526 0.274162 0.0408 0.0242526 0.27429 0.0158 -0.0231504 0.27429 0.0408 -0.0231504 0.274293 -0.037144 0.0223261 0.274293 -0.012144 0.0223261 0.274302 -0.037144 0.0252731 0.274302 -0.012144 0.0252731 0.274347 -0.037144 -0.0231046 0.274347 -0.012144 -0.0231046 0.274348 0.0158 0.0222803 0.274348 0.0408 0.0222803 0.274364 0.0158 0.0252273 0.274364 0.0408 0.0252273 0.274676 -0.037144 0.0214075 0.274676 -0.012144 0.0214075 0.274692 -0.037144 0.0261892 0.274692 -0.012144 0.0261892 0.274729 0.0158 0.0213607 0.274729 0.0408 0.0213607 0.274756 0.0158 0.0261424 0.274756 0.0408 0.0261424 0.275234 -0.037144 0.0205831 0.275234 -0.012144 0.0205831 0.275255 -0.037144 0.0270099 0.275255 -0.012144 0.0270099 0.275259 0.0158 -0.0233775 0.275259 0.0408 -0.0233775 0.275285 0.0158 0.0205349 0.275285 0.0408 0.0205349 0.275317 -0.037144 -0.0233293 0.275317 -0.012144 -0.0233293 0.275322 0.0158 0.0269618 0.275322 0.0408 0.0269618 0.275944 -0.037144 0.0198855 0.275944 -0.012144 0.0198855 0.275993 0.0158 0.0198357 0.275993 0.0408 0.0198357 0.276164 0.0158 -0.023792 0.276164 0.0408 -0.023792 0.276223 -0.037144 -0.0237416 0.276223 -0.012144 -0.0237416 0.276779 -0.037144 0.0193426 0.276779 -0.012144 0.0193426 0.276826 0.0158 0.0192906 0.276826 0.0408 0.0192906 0.276969 0.0158 -0.0243777 0.276969 0.0408 -0.0243777 0.277029 -0.037144 -0.0243253 0.277029 -0.012144 -0.0243253 0.277642 0.0158 -0.0251113 0.277642 0.0408 -0.0251113 0.277704 -0.037144 -0.0250572 0.277704 -0.012144 -0.0250572 0.277704 -0.037144 0.0189756 0.277704 -0.012144 0.0189756 0.277751 0.0158 0.0189214 0.277751 0.0408 0.0189214 0.278684 -0.037144 0.0187993 0.278684 -0.012144 0.0187993 0.27873 0.0158 0.0187427 0.27873 0.0408 0.0187427 0.278858 0.0158 -0.0239955 0.278858 0.0408 -0.0239955 0.278917 -0.037144 -0.0239384 0.278917 -0.012144 -0.0239384 0.279068 0.0158 -0.0172697 0.279068 0.0408 -0.0172697 0.279111 -0.037144 -0.0172121 0.279111 -0.012144 -0.0172121 0.279112 0.0158 -0.0182642 0.279112 0.0408 -0.0182642 0.279157 -0.037144 -0.0182066 0.279157 -0.012144 -0.0182066 0.279222 0.0158 -0.0162862 0.279222 0.0408 -0.0162862 0.279262 -0.037144 -0.0162283 0.279262 -0.012144 -0.0162283 0.279352 0.0158 -0.0192304 0.279352 0.0408 -0.0192304 0.279399 -0.037144 -0.0191722 0.279399 -0.012144 -0.0191722 0.279568 0.0158 -0.0153528 0.279568 0.0408 -0.0153528 0.279606 -0.037144 -0.015294 0.279606 -0.012144 -0.015294 0.279679 -0.037144 0.0188206 0.279679 -0.012144 0.0188206 0.279726 0.0158 0.0187616 0.279726 0.0408 0.0187616 0.279778 0.0158 -0.0201299 0.279778 0.0408 -0.0201299 0.279828 -0.037144 -0.0200706 0.279828 -0.012144 -0.0200706 0.280017 0.0158 -0.0228209 0.280017 0.0408 -0.0228209 0.280073 -0.037144 -0.022761 0.280073 -0.012144 -0.022761 0.280092 0.0158 -0.0145064 0.280092 0.0408 -0.0145064 0.280128 -0.037144 -0.0144463 0.280128 -0.012144 -0.0144463 0.280374 0.0158 -0.0209271 0.280374 0.0408 -0.0209271 0.280426 -0.037144 -0.0208663 0.280426 -0.012144 -0.0208663 0.280651 -0.037144 0.0190387 0.280651 -0.012144 0.0190387 0.280697 0.0158 0.0189772 0.280697 0.0408 0.0189772 0.280774 0.0158 -0.0137806 0.280774 0.0408 -0.0137806 0.280808 -0.037144 -0.0137189 0.280808 -0.012144 -0.0137189 0.281117 0.0158 -0.0215904 0.281117 0.0408 -0.0215904 0.28117 -0.037144 -0.0215278 0.28117 -0.012144 -0.0215278 0.28156 -0.037144 0.0194448 0.28156 -0.012144 0.0194448 0.281585 0.0158 -0.0132042 0.281585 0.0408 -0.0132042 0.281607 0.0158 0.0193811 0.281607 0.0408 0.0193811 0.281618 -0.037144 -0.0131404 0.281618 -0.012144 -0.0131404 0.282087 -0.037144 0.011062 0.282087 -0.012144 0.011062 0.282114 0.0158 0.010997 0.282114 0.0408 0.010997 0.28214 -0.037144 0.0120561 0.28214 -0.012144 0.0120561 0.28217 0.0158 0.011991 0.28217 0.0408 0.011991 0.282232 -0.037144 0.0100771 0.282232 -0.012144 0.0100771 0.282257 0.0158 0.0100118 0.282257 0.0408 0.0100118 0.28237 -0.037144 0.020023 0.28237 -0.012144 0.020023 0.282389 -0.037144 0.01302 0.282389 -0.012144 0.01302 0.282419 0.0158 0.0199573 0.282419 0.0408 0.0199573 0.282421 0.0158 0.0129543 0.282421 0.0408 0.0129543 0.282495 0.0158 -0.0128 0.282495 0.0408 -0.0128 0.282527 -0.037144 -0.012734 0.282527 -0.012144 -0.012734 0.282569 -0.037144 0.0091405 0.282569 -0.012144 0.0091405 0.282592 0.0158 0.0090743 0.282592 0.0408 0.0090743 0.282824 -0.037144 0.0139155 0.282824 -0.012144 0.0139155 0.282858 0.0158 0.0138487 0.282858 0.0408 0.0138487 0.283086 -0.037144 0.0082893 0.283086 -0.012144 0.0082893 0.283106 0.0158 0.0082218 0.283106 0.0408 0.0082218 0.283328 -0.037144 0.0186794 0.283328 -0.012144 0.0186794 0.283374 0.0158 0.0186114 0.283374 0.0408 0.0186114 0.283427 -0.037144 0.0147071 0.283427 -0.012144 0.0147071 0.283463 0.0158 0.0146388 0.283463 0.0408 0.0146388 0.283467 0.0158 -0.012584 0.283467 0.0408 -0.012584 0.283498 -0.037144 -0.0125156 0.283498 -0.012144 -0.0125156 0.28376 -0.037144 0.0075572 0.28376 -0.012144 0.0075572 0.283779 0.0158 0.0074881 0.283779 0.0408 0.0074881 0.283868 0.0158 -0.0034843 0.283868 0.0408 -0.0034843 0.283876 -0.037144 -0.0034149 0.283876 -0.012144 -0.0034149 0.283961 0.0158 -0.0044754 0.283961 0.0408 -0.0044754 0.283972 -0.037144 -0.0044058 0.283972 -0.012144 -0.0044058 0.283973 0.0158 -0.0024943 0.283973 0.0408 -0.0024943 0.283979 -0.037144 -0.0024247 0.283979 -0.012144 -0.0024247 0.284176 -0.037144 0.0153634 0.284176 -0.012144 0.0153634 0.284214 0.0158 0.0152933 0.284214 0.0408 0.0152933 0.284219 -0.037144 0.0172901 0.284219 -0.012144 0.0172901 0.284249 0.0158 -0.0054284 0.284249 0.0408 -0.0054284 0.284261 0.0158 0.0172199 0.284261 0.0408 0.0172199 0.284262 -0.037144 -0.0053581 0.284262 -0.012144 -0.0053581 0.284272 0.0158 -0.0015448 0.284272 0.0408 -0.0015448 0.284275 -0.037144 -0.0014744 0.284275 -0.012144 -0.0014744 0.284462 0.0158 -0.0125649 0.284462 0.0408 -0.0125649 0.284493 -0.037144 -0.012494 0.284493 -0.012144 -0.012494 0.284566 -0.037144 0.0069732 0.284566 -0.012144 0.0069732 0.284583 0.0158 0.0069021 0.284583 0.0408 0.0069021 0.28472 0.0158 -0.0063055 0.28472 0.0408 -0.0063055 0.284735 -0.037144 -0.0062341 0.284735 -0.012144 -0.0062341 0.284753 0.0158 -0.0006733 0.284753 0.0408 -0.0006733 0.284754 -0.037144 -0.0006018 0.284754 -0.012144 -0.0006018 0.28504 -0.037144 0.0158584 0.28504 -0.012144 0.0158584 0.285079 0.0158 0.0157862 0.285079 0.0408 0.0157862 0.285355 0.0158 -0.0070719 0.285355 0.0408 -0.0070719 0.285372 -0.037144 -0.0069989 0.285372 -0.012144 -0.0069989 0.285397 -0.037144 0.0001587 0.285397 -0.012144 0.0001587 0.285397 0.0158 8.56e-05 0.285397 0.0408 8.56e-05 0.285442 0.0158 -0.0127433 0.285442 0.0408 -0.0127433 0.285472 -0.037144 0.0065605 0.285472 -0.012144 0.0065605 0.285473 -0.037144 -0.01267 0.285473 -0.012144 -0.01267 0.285488 0.0158 0.0064873 0.285488 0.0408 0.0064873 0.286129 0.0158 -0.0076973 0.286129 0.0408 -0.0076973 0.286148 -0.037144 -0.0076224 0.286148 -0.012144 -0.0076224 0.286177 -0.037144 0.0007769 0.286177 -0.012144 0.0007769 0.286179 0.0158 0.0007018 0.286179 0.0408 0.0007018 0.286366 0.0158 -0.0131122 0.286366 0.0408 -0.0131122 0.286399 -0.037144 -0.0130367 0.286399 -0.012144 -0.0130367 0.286442 -0.037144 0.0063355 0.286442 -0.012144 0.0063355 0.286458 0.0158 0.0062599 0.286458 0.0408 0.0062599 0.286978 0.0158 -0.0115793 0.286978 0.0408 -0.0115793 0.287006 -0.037144 -0.0115023 0.287006 -0.012144 -0.0115023 0.287013 0.0158 -0.0081568 0.287013 0.0408 -0.0081568 0.287033 -0.037144 -0.0080798 0.287033 -0.012144 -0.0080798 0.287065 -0.037144 0.0012281 0.287065 -0.012144 0.0012281 0.287067 0.0158 0.001151 0.287067 0.0408 0.001151 0.287437 -0.037144 0.0063071 0.287437 -0.012144 0.0063071 0.287453 0.0158 0.006229 0.287453 0.0408 0.006229 0.287512 0.0158 -0.0100181 0.287512 0.0408 -0.0100181 0.287537 -0.037144 -0.0099398 0.287537 -0.012144 -0.0099398 0.287969 0.0158 -0.0084323 0.287969 0.0408 -0.0084323 0.28799 -0.037144 -0.0083529 0.28799 -0.012144 -0.0083529 0.288024 -0.037144 0.0014947 0.288024 -0.012144 0.0014947 0.288027 0.0158 0.0014152 0.288027 0.0408 0.0014152 0.288418 -0.037144 0.0064764 0.288418 -0.012144 0.0064764 0.288434 0.0158 0.0063959 0.288434 0.0408 0.0063959 0.288699 -0.037144 0.0048501 0.288699 -0.012144 0.0048501 0.28871 0.0158 0.0047689 0.28871 0.0408 0.0047689 0.288898 -0.037144 0.003212 0.288898 -0.012144 0.003212 0.288906 0.0158 0.0031303 0.288906 0.0408 0.0031303 0.289017 -0.037144 0.001566 0.289017 -0.012144 0.001566 0.28902 0.0158 0.001484 0.28902 0.0408 0.001484</float_array>
   <technique_common><accessor source="#pa" count="1488" stride="3">
    <param name="X" type="float"/><param name="Y" type="float"/><param name="Z" type="float"/>
   </accessor></technique_common></source>
  <source id="n"><float_array id="na" count="9120">-0.999972 -7.15577e-18 0.00742699 -0.999972 -7.36216e-18 0.00742699 -0.982207 1.86161e-16 -0.187801 -0.926696 3.72531e-16 -0.375811 -0.982207 1.89161e-16 -0.187801 -0.926696 8.09391e-15 -0.375811 -0.835573 0 -0.54938 -0.835573 7.72574e-15 -0.54938 -0.712339 6.95709e-16 -0.701836 -0.56173 8.20098e-16 -0.82732 -0.712339 0 -0.701836 -0.56173 8.20098e-16 -0.82732 -0.389534 1.82594e-15 -0.921012 -0.389534 9.05983e-16 -0.921012 -0.202369 0 -0.979309 -0.202369 1.94139e-15 -0.979309 -0.00742699 0 -0.999972 -0.00742699 9.91243e-16 -0.999972 0.187801 9.75674e-16 -0.982207 0.187801 9.73633e-16 -0.982207 0.375811 9.18607e-16 -0.926696 0.375811 1.83721e-15 -0.926696 0.54938 1.65267e-15 -0.835573 0.54938 0 -0.835573 0.701836 0 -0.712339 0.701836 7.06121e-16 -0.712339 0.82732 5.56827e-16 -0.56173 0.82732 5.56827e-16 -0.56173 0.921012 3.78322e-16 -0.389534 0.921012 3.86134e-16 -0.389534 0.979309 2.00603e-16 -0.202369 0.979309 2.00603e-16 -0.202369 0.999972 7.36216e-18 -0.00742699 0.999972 7.36216e-18 -0.00742699 0.982207 -1.84183e-16 0.187801 0.982207 -1.86161e-16 0.187801 0.926696 -3.68367e-16 0.375811 0.926696 -5.35513e-16 0.375811 0.835573 -7.96468e-16 0.54938 0.835573 -4.76511e-16 0.54938 0.712339 -6.95709e-16 0.701836 0.712339 -5.97351e-16 0.701836 0.56173 -8.20098e-16 0.82732 0.56173 -8.20098e-16 0.82732 0.389534 -9.12972e-16 0.921012 0.389534 -9.15939e-16 0.921012 0.202369 -1.45614e-15 0.979309 0.202369 -9.70696e-16 0.979309 0.00742699 -9.91243e-16 0.999972 -0.187801 -9.73633e-16 0.982207 0.00742699 -1.48684e-15 0.999972 -0.375811 -8.03781e-16 0.926696 -0.187801 -8.51929e-16 0.982207 -0.54938 -8.28279e-16 0.835573 -0.375811 -9.18607e-16 0.926696 -0.54938 -8.28279e-16 0.835573 -0.701836 -7.06121e-16 0.712339 -0.701836 -6.9691e-16 0.712339 -0.82732 -5.56827e-16 0.56173 -0.921012 -3.86134e-16 0.389534 -0.82732 -5.57528e-16 0.56173 -0.921012 -3.86134e-16 0.389534 -0.979309 -2.00603e-16 0.202369 -0.979309 -1.99117e-16 0.202369 0 1 0 0 1 0 0 1 0 0 1 0 -0 1 0 0 1 0 0 1 0 0 1 0 -0 1 0 1.09184e-14 1 3.50539e-14 2.59032e-14 1 4.76075e-14 -4.57048e-15 1 -4.15903e-16 -0 1 0 0 1 0 0 1 0 0 1 0 -6.73704e-15 1 7.141e-16 -0 1 0 0 1 0 0 1 0 0 1 0 -0 1 0 0 1 0 0 1 0 -0 1 0 -0 1 0 0 1 0 0 1 0 -0 1 0 0 1 0 0 1 0 0 1 0 -0 1 0 0 1 0 -0 1 0 1.23136e-14 1 -3.91611e-14 -1.25333e-14 1 -1.84591e-14 0 1 0 -0 1 0 -1.25333e-14 1 -1.84591e-14 -8.69125e-15 1 -2.05495e-14 -1.03965e-14 1 3.52122e-14 -4.91162e-15 1 5.39752e-14 -1.09835e-14 1 -1.98355e-14 -8.69125e-15 1 -2.05495e-14 0 1 0 0 1 0 -1.6571e-16 1 -2.23113e-14 -9.07904e-15 1 -2.13665e-14 0 1 0 0 1 0 4.19019e-15 1 -2.19149e-14 -1.6571e-16 1 -2.23113e-14 0 1 0 0 1 0 8.38506e-15 1 -2.06763e-14 4.19019e-15 1 -2.19149e-14 0 1 0 0 1 0 8.38506e-15 1 -2.06763e-14 0 1 0 0 1 0 0 1 0 -2.02496e-14 1 -3.57095e-14 0.979309 2.31599e-16 -0.202369 0.921012 3.75408e-16 -0.389535 0.979309 1.9503e-16 -0.202369 0.82732 -1.80705e-15 -0.56173 0.921012 -2.32417e-15 -0.389535 0.701836 1.09841e-15 -0.712339 0.82732 8.66175e-16 -0.56173 0.54938 1.40922e-15 -0.835573 0.701836 1.20139e-15 -0.712339 0.375811 -1.31931e-16 -0.926696 0.54938 -7.68199e-16 -0.835573 0.187801 6.98725e-16 -0.982207 0.375811 4.66872e-17 -0.926696 -0.00742699 9.86613e-16 -0.999972 0.187801 3.67419e-16 -0.982207 -0.202369 1.13255e-15 -0.979309 -0.00742699 1.15645e-15 -0.999972 -0.202369 1.56789e-15 -0.979309 -0.389535 2.08892e-15 -0.921012 -0.389535 -0 -0.921012 -0.56173 -0 -0.82732 -0.56173 1.41342e-15 -0.82732 -0.712339 1.92627e-15 -0.701836 -0.835573 -0 -0.54938 -0.712339 -0 -0.701836 -0.835573 2.04741e-15 -0.54938 -0.926696 -2.89746e-16 -0.375811 -0.926696 2.49477e-15 -0.375811 -0.982207 -1.45743e-16 -0.187801 -0.999972 3.091e-15 0.00742699 -0.982207 2.84866e-15 -0.187801 -0.979309 1.93811e-16 0.202369 -0.999972 7.11292e-18 0.00742699 -0.921012 2.95634e-16 0.389535 -0.979309 1.53586e-16 0.202369 -0.82732 4.19553e-16 0.56173 -0.921012 2.90941e-16 0.389535 -0.701836 4.11904e-16 0.712339 -0.82732 3.24816e-16 0.56173 -0.54938 0 0.835573 -0.701836 0 0.712339 -0.54938 -2.01637e-15 0.835573 -0.187801 -1.33644e-15 0.982207 -0.375811 -1.87346e-15 0.926696 -0.375811 -1.51744e-15 0.926696 -0.187801 -5.67953e-16 0.982207 0.00742699 -1.2781e-15 0.999972 0.00742699 -5.78238e-16 0.999972 0.202369 -1.51007e-15 0.979309 0.202369 -6.48698e-16 0.979309 0.56173 -1.59464e-15 0.82732 0.389535 -1.77522e-15 0.921012 0.389535 -1.42028e-15 0.921012 0.56173 -1.43517e-15 0.82732 0.712339 -1.21749e-15 0.701836 0.712339 -1.21738e-15 0.701836 0.926696 -6.51929e-16 0.375811 0.835573 -9.53022e-16 0.54938 0.835573 -9.54471e-16 0.54938 0.982207 -3.2802e-15 0.187801 0.926696 -3.36042e-15 0.375811 0.999972 8.54445e-18 -0.00742699 0.982207 -2.16057e-16 0.187801 0.999972 8.49971e-18 -0.00742699 -0.16762 -1.09452e-15 0.985852 -0.16762 -1.09452e-15 0.985852 0.0310106 -1.10969e-15 0.999519 0.0310106 -1.10958e-15 0.999519 0.228412 -1.08087e-15 0.973565 0.228412 -1.08059e-15 0.973565 0.416759 -1.90306e-15 0.909017 0.416759 -1.00827e-15 0.909017 0.588585 -8.97544e-16 0.808435 0.588585 -2.17608e-15 0.808435 0.856355 -5.73306e-16 0.516388 0.737079 -7.50296e-16 0.675806 0.737079 -7.53012e-16 0.675806 0.941684 -3.5024e-16 0.336499 0.856355 -5.37474e-16 0.516388 0.989683 -2.3566e-15 0.143272 0.941684 -2.46455e-15 0.336499 0.989683 -7.95318e-17 0.143272 0.967639 2.8015e-16 -0.252337 0.998451 6.17677e-17 -0.0556354 0.998451 3.08437e-17 -0.0556354 0.898469 4.87428e-16 -0.439036 0.967639 2.8015e-16 -0.252337 0.898469 4.87428e-16 -0.439036 0.793683 2.9548e-16 -0.608331 0.793683 6.76434e-16 -0.608331 0.495125 4.82293e-16 -0.868821 0.657435 4.18283e-16 -0.753511 0.657435 3.6587e-16 -0.753511 0.495125 4.82293e-16 -0.868821 0.815556 -6.42462e-16 0.578678 0.815556 -2.45336e-15 0.578678 0.843195 -5.96864e-16 0.537607 0.843195 -2.46883e-15 0.537607 0.868769 -2.74901e-16 0.495218 0.868769 -5.54331e-16 0.495218 -0.578765 -9.0538e-16 0.815494 -0.578765 -9.0538e-16 0.815494 -0.405736 -1.01473e-15 0.91399 -0.405736 -1.01465e-15 0.91399 -0.216622 -5.41931e-16 0.976256 -0.216622 -1.08378e-15 0.976256 0.17953 -1.09218e-15 0.983753 -0.0189211 -1.11002e-15 0.999821 -0.0189211 -5.55054e-16 0.999821 0.17953 -5.46092e-16 0.983753 0.370864 -5.15525e-16 0.928687 0.370864 -5.14771e-16 0.928687 0.702426 -3.95104e-16 0.711757 0.547497 -4.64522e-16 0.836808 0.547497 -4.63719e-16 0.836808 0.702426 -7.90209e-16 0.711757 0.829511 -6.20049e-16 0.558491 0.829511 -6.19001e-16 0.558491 0.981298 -1.06856e-16 0.192495 0.923713 -2.12655e-16 0.383086 0.923713 -4.2543e-16 0.383086 0.981298 -1.06856e-16 0.192495 0.999984 3.17876e-18 -0.00572635 0.999984 3.19073e-18 -0.00572635 0.919265 -1.60415e-15 -0.39364 0.979029 -1.94771e-15 -0.203721 0.979029 1.12739e-16 -0.203721 0.919265 4.37028e-16 -0.39364 0.82306 9.45834e-16 -0.567954 0.82306 6.29637e-16 -0.567954 0.483711 -9.71698e-16 0.875228 0.483711 -9.75212e-16 0.875228 0.526434 -9.43929e-16 0.850216 0.526434 -9.44416e-16 0.850216 0.567866 -1.37077e-15 0.823121 0.567866 -9.13619e-16 0.823121 -0.875279 -5.36924e-16 0.483618 -0.875279 -2.68462e-16 0.483618 -0.762121 -7.18797e-16 0.647435 -0.762121 -3.61616e-16 0.647435 -0.618751 -8.72177e-16 0.785587 -0.618751 -8.72132e-16 0.785587 -0.265084 -1.07051e-15 0.964225 -0.450853 -9.90983e-16 0.892598 -0.450853 -9.91253e-16 0.892598 -0.265084 -5.35253e-16 0.964225 -0.0688055 -5.53796e-16 0.99763 -0.0688055 -5.53591e-16 0.99763 0.1302 -1.10077e-15 0.991488 0.1302 -5.49869e-16 0.991488 0.324044 -1.05032e-15 0.946042 0.324044 -1.05081e-15 0.946042 0.666022 -8.28151e-16 0.745932 0.505043 -9.58227e-16 0.863094 0.505043 -9.59345e-16 0.863094 0.666022 -8.28151e-16 0.745932 0.800598 -3.32624e-16 0.599201 0.800598 -6.65798e-16 0.599201 0.903439 -2.37986e-16 0.428717 0.903439 -2.38241e-16 0.428717 0.999023 -2.45342e-17 0.0441969 0.970466 -1.33914e-16 0.241239 0.970466 -1.34011e-16 0.241239 0.999023 -4.90685e-17 0.0441969 0.987978 1.71637e-16 -0.154597 0.987978 1.72299e-16 -0.154597 0.0560617 -1.10848e-15 0.998427 0.0560617 -1.10866e-15 0.998427 0.105406 -1.33809e-15 0.994429 0.105406 -1.10481e-15 0.994429 0.154491 -1.09689e-15 0.987994 0.154491 -1.43972e-15 0.987994 -0.998433 -6.22192e-17 0.0559551 -0.998433 -6.21227e-17 0.0559551 -0.967558 -2.80494e-16 0.252647 -0.967558 -2.80784e-16 0.252647 -0.793489 -3.37833e-16 0.608585 -0.898329 -2.43874e-16 0.439324 -0.898329 -4.87118e-16 0.439324 -0.793489 -6.75665e-16 0.608585 -0.657194 -8.36799e-16 0.753722 -0.657194 -8.38098e-16 0.753722 -0.312884 -1.05448e-15 0.949791 -0.494847 -9.64762e-16 0.86898 -0.494847 -9.65727e-16 0.86898 -0.312884 -1.05448e-15 0.949791 -0.118518 -1.1024e-15 0.992952 -0.118518 -1.1024e-15 0.992952 0.0805456 -1.10662e-15 0.996751 0.0805456 -1.10665e-15 0.996751 0.276417 -1.06697e-15 0.961038 0.276417 -1.06783e-15 0.961038 0.46133 -9.85021e-16 0.887228 0.46133 -9.84871e-16 0.887228 0.627957 -8.64029e-16 0.778248 0.627957 -8.63623e-16 0.778248 0.76969 -3.54393e-16 0.638418 0.76969 -7.06214e-16 0.638418 0.957214 -1.60638e-16 0.289381 0.880912 -2.62723e-16 0.47328 0.880912 -2.6164e-16 0.47328 0.957214 -3.21277e-16 0.289381 -0.382691 -6.00836e-16 0.923876 -0.382691 -5.13269e-16 0.923876 -0.336499 -1.04548e-15 0.941684 -0.336499 -6.72383e-16 0.941684 -0.289483 -1.06269e-15 0.957183 -0.289483 -1.06247e-15 0.957183 -0.923835 2.12715e-16 -0.38279 -0.923835 4.24982e-16 -0.38279 -0.981359 2.13364e-16 -0.192181 -0.981359 2.12715e-16 -0.192181 -0.999982 -3.35655e-18 0.00604663 -0.999982 -6.71382e-18 0.00604663 -0.978964 -1.13262e-16 0.204034 -0.978964 -1.13803e-16 0.204034 -0.919139 -4.37355e-16 0.393934 -0.919139 -2.19097e-16 0.393934 -0.822878 -5.51992e-16 0.568218 -0.822878 -6.31764e-16 0.568218 -0.693998 -7.99335e-16 0.719977 -0.693998 -6.97706e-16 0.719977 -0.537607 -4.68068e-16 0.843195 -0.537607 -9.35947e-16 0.843195 -0.359905 -1.03583e-15 0.932989 -0.359905 -5.16898e-16 0.932989 -0.167936 -5.47228e-16 0.985798 -0.167936 -1.09442e-15 0.985798 0.0306904 -5.5485e-16 0.999529 0.0306904 -5.54655e-16 0.999529 0.2281 -1.08095e-15 0.973638 0.2281 -5.40296e-16 0.973638 0.416468 -1.00936e-15 0.909151 0.416468 -1.00827e-15 0.909151 0.588326 -8.97753e-16 0.808624 0.588326 -8.97658e-16 0.808624 0.736863 -7.50558e-16 0.676043 0.736863 -7.48757e-16 0.676043 -0.745648 -7.39786e-16 0.66634 -0.745648 -7.39108e-16 0.66634 -0.711757 -3.89925e-16 0.702426 -0.711757 -7.80169e-16 0.702426 -0.676121 -8.18002e-16 0.73679 -0.676121 -4.10615e-16 0.73679 -0.66626 8.29589e-16 -0.745719 -0.66626 4.13957e-16 -0.745719 -0.80079 6.64962e-16 -0.598945 -0.80079 3.31836e-16 -0.598945 -0.903576 4.75651e-16 -0.428428 -0.903576 4.76482e-16 -0.428428 -0.970543 1.33742e-16 -0.240928 -0.970543 2.68021e-16 -0.240928 -0.999037 4.87132e-17 -0.043877 -0.999037 2.41963e-17 -0.043877 -0.987928 -1.5049e-16 0.154913 -0.987928 -1.71236e-16 0.154913 -0.937657 -3.85872e-16 0.347562 -0.937657 -3.3609e-16 0.347562 -0.850216 -5.84459e-16 0.526434 -0.850216 -5.82839e-16 0.526434 -0.729072 -7.59878e-16 0.684437 -0.729072 -7.6152e-16 0.684437 -0.579027 -9.05174e-16 0.815309 -0.579027 -9.06167e-16 0.815309 -0.216934 -1.08378e-15 0.976186 -0.406028 -1.01459e-15 0.91386 -0.406028 -1.01465e-15 0.91386 -0.216934 -1.08378e-15 0.976186 -0.0192413 -1.11002e-15 0.999815 -0.0192413 -1.11011e-15 0.999815 0.179215 -1.09225e-15 0.98381 0.179215 -1.09123e-15 0.98381 0.370566 -1.54677e-15 0.928806 0.370566 -1.03167e-15 0.928806 -0.96092 -3.0734e-16 0.276827 -0.96092 -3.07962e-16 0.276827 -0.946042 -3.59761e-16 0.324044 -0.928846 -4.11301e-16 0.370467 -0.946042 -3.59289e-16 0.324044 -0.928846 -6.16952e-16 0.370467 -0.276725 1.06783e-15 -0.960949 -0.276725 1.06687e-15 -0.960949 -0.461615 9.5408e-16 -0.887081 -0.461615 9.84871e-16 -0.887081 -0.769894 6.19948e-16 -0.638171 -0.628206 7.5583e-16 -0.778047 -0.628206 8.33843e-16 -0.778047 -0.881064 6.56416e-16 -0.472998 -0.769894 8.85641e-16 -0.638171 -0.881064 5.25133e-16 -0.472998 -0.957307 2.8082e-16 -0.289074 -0.957307 3.212e-16 -0.289074 -0.994429 -1.17024e-16 0.105406 -0.995601 1.04018e-16 -0.0936912 -0.995601 9.09357e-17 -0.0936912 -0.994429 -1.31652e-16 0.105406 -0.875434 -5.3242e-16 0.483337 -0.953837 -3.30822e-16 0.300324 -0.953837 -3.74379e-16 0.300324 -0.875434 -4.6744e-16 0.483337 -0.619003 -7.58705e-16 0.785389 -0.762328 -6.25202e-16 0.647191 -0.762328 -6.25383e-16 0.647191 -0.619003 -8.68551e-16 0.785389 -0.265392 -9.28247e-16 0.96414 -0.451139 -8.59229e-16 0.892454 -0.451139 -9.86998e-16 0.892454 -0.265392 -1.07041e-15 0.96414 -0.069125 -1.02217e-15 0.997608 -0.069125 -1.10771e-15 0.997608 -0.98587 1.62731e-16 -0.167515 -0.98587 1.8606e-16 -0.167515 -0.992952 1.15134e-16 -0.118518 -0.992952 1.14202e-16 -0.118518 -0.997601 1.18382e-15 -0.0692315 -0.997601 6.73666e-17 -0.0692315 0.16762 1.09548e-15 -0.985852 0.16762 9.57701e-16 -0.985852 -0.228412 1.30068e-15 -0.973565 -0.0310106 1.10944e-15 -0.999519 -0.0310106 9.71045e-16 -0.999519 -0.228412 1.08087e-15 -0.973565 -0.416759 8.51522e-16 -0.909017 -0.416759 1.00827e-15 -0.909017 -0.737079 7.50296e-16 -0.675806 -0.588585 8.97544e-16 -0.808435 -0.588585 7.57266e-16 -0.808435 -0.737079 7.03402e-16 -0.675806 -0.941684 3.73589e-16 -0.336499 -0.856355 5.73306e-16 -0.516388 -0.856355 5.38169e-16 -0.516388 -0.941684 3.73589e-16 -0.336499 -0.989683 1.25783e-15 -0.143272 -0.989683 1.58473e-16 -0.143272 -0.998451 1.04288e-15 0.0556354 -0.998451 1.04682e-15 0.0556354 -0.967639 -2.62641e-16 0.252337 -0.967639 7.7641e-16 0.252337 -0.898469 -4.26499e-16 0.439036 -0.898469 -4.57338e-16 0.439036 -0.657435 -6.27424e-16 0.753511 -0.793683 -5.06537e-16 0.608331 -0.793683 -5.91348e-16 0.608331 -0.657435 -7.31995e-16 0.753511 -0.495125 -9.64586e-16 0.868821 -0.495125 -8.44479e-16 0.868821 -0.815556 5.62154e-16 -0.578678 -0.815556 5.64596e-16 -0.578678 -0.843195 4.47648e-16 -0.537607 -0.843195 5.23535e-16 -0.537607 -0.868769 5.49803e-16 -0.495218 -0.868769 4.15748e-16 -0.495218 0.578765 7.913e-16 -0.815494 0.578765 7.92208e-16 -0.815494 0.216622 9.48379e-16 -0.976256 0.405736 8.87892e-16 -0.91399 0.405736 8.89149e-16 -0.91399 0.216622 1.08386e-15 -0.976256 0.0189211 1.11002e-15 -0.999821 0.0189211 1.10997e-15 -0.999821 -0.17953 9.55662e-16 -0.983753 -0.17953 1.09229e-15 -0.983753 -0.547497 6.96783e-16 -0.836808 -0.370864 7.73287e-16 -0.928687 -0.370864 9.01912e-16 -0.928687 -0.547497 6.96783e-16 -0.836808 -0.702426 6.91433e-16 -0.711757 -0.702426 5.91348e-16 -0.711757 -0.829511 1.38598e-15 -0.558491 -0.829511 5.42424e-16 -0.558491 -0.923713 1.39767e-15 -0.383086 -0.923713 1.34436e-15 -0.383086 -0.999984 -5.56283e-18 0.00572635 -0.981298 1.86998e-16 -0.192495 -0.981298 1.27629e-15 -0.192495 -0.999984 -5.56283e-18 0.00572635 -0.919265 -3.82399e-16 0.39364 -0.979029 -1.97904e-16 0.203721 -0.979029 -1.97825e-16 0.203721 -0.82306 3.62044e-16 0.567954 -0.919265 6.3819e-16 0.39364 -0.82306 2.83224e-16 0.567954 -0.483711 8.50236e-16 -0.875228 -0.483711 8.50236e-16 -0.875228 -0.526434 8.25938e-16 -0.850216 -0.526434 8.26364e-16 -0.850216 -0.567866 1.54431e-15 -0.823121 -0.567866 8.007e-16 -0.823121 0.875279 4.69808e-16 -0.483618 0.875279 4.69808e-16 -0.483618 0.762121 6.28948e-16 -0.647435 0.762121 6.25383e-16 -0.647435 0.618751 6.54133e-16 -0.785587 0.618751 7.6152e-16 -0.785587 0.450853 9.90983e-16 -0.892598 0.450853 7.42376e-16 -0.892598 0.0688055 8.30694e-16 -0.99763 0.265084 8.02879e-16 -0.964225 0.265084 1.06996e-15 -0.964225 -0.1302 1.10773e-15 -0.991488 0.0688055 8.92753e-16 -0.99763 -0.324044 1.27879e-15 -0.946042 -0.1302 1.10773e-15 -0.991488 -0.324044 1.1475e-15 -0.946042 -0.666022 6.21114e-16 -0.745932 -0.505043 7.1867e-16 -0.863094 -0.505043 1.28055e-15 -0.863094 -0.800598 4.98935e-16 -0.599201 -0.666022 6.21114e-16 -0.745932 -0.800598 4.98935e-16 -0.599201 -0.970466 1.67393e-16 -0.241239 -0.903439 2.97482e-16 -0.428717 -0.903439 3.57361e-16 -0.428717 -0.970466 2.00871e-16 -0.241239 -0.999023 4.90685e-17 -0.0441969 -0.999023 3.69593e-17 -0.0441969 -0.987978 -2.4083e-15 0.154597 -0.987978 -1.72299e-16 0.154597 -0.0560617 1.10848e-15 -0.998427 -0.0560617 1.38583e-15 -0.998427 -0.105406 1.10404e-15 -0.994429 -0.105406 1.10353e-15 -0.994429 -0.154491 1.02808e-15 -0.987994 -0.154491 1.09711e-15 -0.987994 0.998433 7.76534e-17 -0.0559551 0.967558 2.80494e-16 -0.252647 0.998433 6.21227e-17 -0.0559551 0.898329 4.87747e-16 -0.439324 0.967558 2.80494e-16 -0.252647 0.898329 4.87747e-16 -0.439324 0.657194 8.36799e-16 -0.753722 0.793489 6.75665e-16 -0.608585 0.793489 6.76434e-16 -0.608585 0.494847 8.44166e-16 -0.86898 0.657194 7.32199e-16 -0.753722 0.494847 8.44166e-16 -0.86898 0.312884 1.05448e-15 -0.949791 0.312884 9.21057e-16 -0.949791 0.118518 8.26798e-16 -0.992952 0.118518 1.1024e-15 -0.992952 -0.0805456 8.29962e-16 -0.996751 -0.0805456 8.30121e-16 -0.996751 -0.276417 9.33596e-16 -0.961038 -0.276417 7.99809e-16 -0.961038 -0.46133 7.38766e-16 -0.887228 -0.46133 8.61496e-16 -0.887228 -0.76969 5.3159e-16 -0.638418 -0.627957 6.48022e-16 -0.778248 -0.627957 6.50908e-16 -0.778248 -0.76969 5.3159e-16 -0.638418 -0.880912 4.59765e-16 -0.47328 -0.880912 3.93523e-16 -0.47328 -0.957214 2.40958e-16 -0.289381 -0.957214 2.80784e-16 -0.289381 0.382691 8.97495e-16 -0.923876 0.382691 7.69904e-16 -0.923876 0.336499 7.84109e-16 -0.941684 0.336499 9.16186e-16 -0.941684 0.289483 7.97015e-16 -0.957183 0.289483 7.95568e-16 -0.957183 0.923835 -3.19073e-16 0.38279 0.981359 -1.60023e-16 0.192181 0.923835 -3.18737e-16 0.38279 0.981359 -1.86693e-16 0.192181 0.978964 1.98208e-16 -0.204034 0.999982 5.87397e-18 -0.00604663 0.999982 5.8829e-18 -0.00604663 0.978964 1.98208e-16 -0.204034 0.822878 5.51992e-16 -0.568218 0.919139 3.82685e-16 -0.393934 0.919139 3.82887e-16 -0.393934 0.693998 6.99418e-16 -0.719977 0.822878 5.51992e-16 -0.568218 0.693998 5.99501e-16 -0.719977 0.537607 8.19118e-16 -0.843195 0.537607 7.0196e-16 -0.843195 0.359905 9.06348e-16 -0.932989 0.359905 9.06167e-16 -0.932989 0.167936 8.20842e-16 -0.985798 0.167936 9.57218e-16 -0.985798 -0.0306904 9.70987e-16 -0.999529 -0.0306904 8.32248e-16 -0.999529 -0.2281 8.10716e-16 -0.973638 -0.2281 9.46582e-16 -0.973638 -0.416468 8.8319e-16 -0.909151 -0.416468 7.57266e-16 -0.909151 -0.736863 5.62918e-16 -0.676043 -0.588326 6.73315e-16 -0.808624 -0.588326 7.84919e-16 -0.808624 -0.736863 6.56738e-16 -0.676043 0.745648 6.47313e-16 -0.66634 0.745648 5.54331e-16 -0.66634 0.711757 6.82368e-16 -0.702426 0.711757 6.82648e-16 -0.702426 0.676121 7.15751e-16 -0.73679 0.676121 7.13444e-16 -0.73679 0.66626 -6.21128e-16 0.745719 0.80079 -6.64962e-16 0.598945 0.66626 -8.27914e-16 0.745719 0.80079 -5.81842e-16 0.598945 0.903576 -4.16194e-16 0.428428 0.903576 -4.16922e-16 0.428428 0.970543 -2.67484e-16 0.240928 0.970543 -2.33987e-16 0.240928 0.987928 -2.02165e-15 -0.154913 0.999037 -2.26702e-15 0.043877 0.999037 -4.86586e-17 0.043877 0.987928 1.71988e-16 -0.154913 0.937657 3.85872e-16 -0.347562 0.937657 3.87142e-16 -0.347562 0.729072 7.12385e-16 -0.684437 0.850216 5.4793e-16 -0.526434 0.850216 5.84967e-16 -0.526434 0.729072 -8.58987e-16 -0.684437 0.406028 8.87765e-16 -0.91386 0.579027 7.92028e-16 -0.815309 0.579027 -3.8076e-16 -0.815309 0.406028 1.01459e-15 -0.91386 0.216934 1.08378e-15 -0.976186 0.216934 1.08378e-15 -0.976186 0.0192413 1.04064e-15 -0.999815 0.0192413 1.10997e-15 -0.999815 -0.179215 1.09225e-15 -0.98381 -0.179215 1.02316e-15 -0.98381 -0.370566 1.03118e-15 -0.928806 -0.370566 1.03167e-15 -0.928806 0.96092 3.0734e-16 -0.276827 0.96092 2.69466e-16 -0.276827 0.946042 3.59761e-16 -0.324044 0.946042 3.59289e-16 -0.324044 0.928846 4.11301e-16 -0.370467 0.928846 4.10615e-16 -0.370467 0.276725 -9.33819e-16 0.960949 0.461615 -9.84857e-16 0.887081 0.276725 -1.06687e-15 0.960949 0.461615 -1.10796e-15 0.887081 0.769894 -6.86371e-16 0.638171 0.628206 -8.36812e-16 0.778047 0.628206 -9.69981e-16 0.778047 0.769894 -6.19948e-16 0.638171 0.881064 -5.08722e-16 0.472998 0.881064 -4.59465e-16 0.472998 0.957307 -3.61054e-16 0.289074 0.957307 -3.10564e-16 0.289074 0.995601 -8.93905e-17 0.0936912 0.995601 -1.16993e-16 0.0936912 0.953837 2.91748e-16 -0.300324 0.994429 1.02396e-16 -0.105406 0.994429 1.00508e-16 -0.105406 0.875434 6.03689e-16 -0.483337 0.953837 3.75105e-16 -0.300324 0.875434 5.99497e-16 -0.483337 0.762328 7.14667e-16 -0.647191 0.762328 8.04063e-16 -0.647191 0.451139 9.86952e-16 -0.892454 0.619003 8.68551e-16 -0.785389 0.619003 8.67878e-16 -0.785389 0.451139 9.83082e-16 -0.892454 0.265392 1.06205e-15 -0.96414 0.265392 1.06145e-15 -0.96414 0.069125 8.22023e-16 -0.997608 0.069125 1.09867e-15 -0.997608 0.98587 -1.39484e-16 0.167515 0.98587 -1.8606e-16 0.167515 0.992952 -1.31582e-16 0.118518 0.997601 -7.68625e-17 0.0692315 0.992952 -9.88044e-17 0.118518 0.997601 -5.70464e-17 0.0692315 -0 0.999999 0 0 0.999999 0 0 0.999999 0 0 0.999999 0 0 1 0 0 1 0 0 0.999999 0 0 0.999999 0 0 1 0 0 1 0 0 0.999999 0 0 1 0 0 1 0 -0 1 0 0 0.999999 0 0 1 0 0 1 0 -0 0.999999 0 0 1 0 0 1 0 -0 0.999999 0 0 1 0 -0 1 0 -2.19919e-14 1 6.15438e-14 0 1 0 0 1 0 5.95136e-15 1 7.37573e-15 0 0.999999 0 5.0894e-15 1 9.78791e-15 9.52144e-15 1 -6.57479e-15 8.46907e-15 1 -3.62976e-15 0 1 0 0 0.999999 0 2.6727e-15 1 9.29236e-15 -0 0.999999 0 0 1 0 0 1 0 0 0.999999 0 0 1 0 0 1 0 -3.80538e-15 1 3.98958e-15 0 1 0 0 1 0 -1.11973e-14 1 1.57666e-14 -1.80759e-13 1 6.19146e-14 0 0.999999 0 0 0.999999 0 -1.46167e-15 1 -9.95316e-16 -1.13858e-15 1 5.56815e-16 -1.39287e-15 1 -3.46241e-16 4.6504e-15 0.999999 -6.71143e-14 2.07441e-14 0.999999 -7.53611e-14 -1.26102e-15 1 -5.98406e-16 -9.40021e-16 1 7.20971e-16 -1.10403e-15 1 -8.26299e-16 -7.15728e-16 1 1.25686e-15 -7.56934e-16 1 8.68112e-16 -8.04977e-16 1 -9.01561e-16 -0 0.999999 0 0 1 0 0 0.999999 0 -3.27768e-14 1 -2.56433e-14 9.14865e-15 1 -1.80981e-14 1.38241e-14 1 -1.754e-14 -5.2453e-15 1 -2.23572e-14 1.682e-14 1 -1.42796e-14 -7.89953e-15 1 -1.72301e-14 2.02591e-14 1 -1.11853e-14 -1.08466e-14 1 -1.48981e-14 0 0.999999 0 -0 0.999999 0 -1.42538e-14 1 -1.30689e-14 0 0.999999 0 0 1 0 0 0.999999 0 0 1 0 0 1 0 0 1 0 0 1 0 0 1 0 -0 1 0 0 1 0 0 1 0 0 1 0 0 1 0 0 1 0 2.18455e-16 1 2.70338e-15 4.81707e-15 1 3.29141e-15 -0 1 0 0 1 0 0 1 0 -2.9244e-15 1 1.06373e-14 2.49279e-14 1 5.56202e-14 -3.19174e-16 1 2.67405e-15 -5.05767e-16 1 2.64519e-15 1.19974e-15 1 1.15203e-14 0 1 0 -3.90521e-15 1 3.66612e-15 3.87211e-14 1 6.29667e-14 -9.04182e-15 1 -1.77368e-15 -4.55085e-15 1 2.22725e-15 -3.97067e-16 1 2.94679e-15 -9.46925e-16 1 2.87448e-15 1.35865e-15 1 2.32187e-15 0 1 0 0 1 0 -1.06882e-14 1 -4.43265e-15 -6.65286e-16 1 9.64617e-15 0 0.999999 0 0 0.999999 0 5.48411e-16 1 2.65388e-15 8.72661e-16 1 2.54772e-15 0 1 0 0 1 0 -4.58698e-15 1 -2.76598e-15 -1.24199e-15 1 -1.15158e-14 1.04906e-15 1 2.48038e-15 -4.02003e-15 1 4.22811e-15 3.53128e-16 1 2.68911e-15 -5.34889e-15 1 -1.02272e-15 -5.06972e-15 1 -1.8116e-15 0 1 0 0 1 0 0 1 0 -5.38825e-15 1 -7.80031e-16 -4.98396e-15 1 -2.02119e-15 -0 0.999999 0 0 1 0 0 1 0 -0 0.999999 0 0 1 0 -0 1 0 0 1 0 0 1 0 0 1 0 0 1 0 -0 1 0 0 1 0 0 1 0 -4.57849e-15 1 -2.91917e-15 0 1 0 -4.52027e-15 1 -2.97203e-15 0 1 0 -2.991e-15 1 -4.57152e-15 4.91208e-14 1 -5.41899e-14 0 0.999999 0 0 0.999999 0 0 1 0 0 1 0 0 1 0 0 0.999999 0 0 1 0 0 1 0 -0 0.999999 0 0 1 0 0 1 0 0 1 0 0 1 0 0 1 0 0 1 0 0 1 0 0 1 0 -0 1 0 -0 1 0 0 1 0 -0 1 0 -2.46605e-14 1 6.96849e-14 0 0.999999 0 0 0.999999 0 4.58698e-15 1 2.76598e-15 0 1 0 -0 1 0 0 1 0 -0 1 0 -0 0.999999 0 4.98558e-14 1 1.1124e-13 -2.16514e-14 1 -4.24721e-15 -0 1 0 0 0.999999 0 -4.88503e-15 1 1.7769e-14 -2.13764e-14 1 -8.8653e-15 -8.04005e-15 1 8.45622e-15 -1.33057e-15 1 1.92923e-14 7.06256e-16 1 5.37822e-15 2.09811e-15 1 4.96076e-15 -3.27141e-15 1 6.73791e-15 1.74532e-15 1 5.09544e-15 2.54747e-15 1 4.3535e-15 0 0.999999 0 0 0.999999 0 0 1 0 -0 1 0 0 1 0 0 1 0 -0 1 0 0 1 0 0 1 0 0 1 0 1.42538e-14 1 1.30689e-14 1.24199e-15 1 1.15158e-14 1.89722e-13 1 2.26451e-14 -0 0.999999 0 0 1 0 0 1 0 -0 0.999999 0 0 1 0 0 1 0 0 1 0 0 0.999999 0 0 0.999999 0 -9.22103e-16 1 -6.90141e-16 -9.63309e-16 1 -1.07889e-15 -9.0627e-16 1 1.03938e-15 -1.4633e-16 1 5.31232e-15 -5.9809e-16 1 1.05028e-15 -1.26102e-15 1 -5.98406e-16 -9.40021e-16 1 7.20971e-16 -1.68342e-15 1 5.11019e-15 4.02536e-17 1 5.41975e-15 -1.39287e-15 1 -3.46241e-16 -1.13858e-15 1 5.56815e-16 -4.55718e-15 1 -3.10318e-15 -1.22054e-15 1 1.27962e-15 -6.38348e-16 1 5.3481e-15 -1.01153e-15 1 5.29037e-15 -0 0.999999 0 4.36911e-16 1 5.40677e-15 0 0.999999 0 -1.19974e-15 1 -1.15203e-14 -1.85126e-14 1 -5.59016e-15 1.33997e-14 1 -1.88677e-14 3.90521e-15 1 -3.66612e-15 5.01564e-15 1 -2.12132e-15 7.4824e-15 1 -1.68409e-14 -1.94398e-14 1 -1.04362e-14 4.4495e-15 1 -3.0211e-15 4.57729e-15 1 -2.83415e-15 -1.7194e-14 1 -1.42522e-14 4.11193e-15 1 -1.85033e-14 5.105e-15 1 -1.89228e-15 -3.60816e-14 0.999999 -6.93378e-14 -1.86167e-14 0.999999 -6.46481e-14 -1.44263e-14 1 -1.78673e-14 3.90194e-16 1 -2.02752e-14 9.63413e-15 1 6.58282e-15 0 1 0 0 1 0 -0 1 0 -5.93895e-14 1 -4.26882e-14 6.39678e-15 1 2.22401e-14 1.5913e-14 1 -1.09883e-14 3.86478e-15 1 -3.81412e-15 3.79678e-15 1 -3.8536e-15 1.96618e-15 1 -5.09697e-15 5.09789e-14 1 -1.74616e-14 0 0.999999 0 1.03217e-14 1 -2.63441e-14 1.01788e-14 1 1.95758e-14 1.69381e-14 1 -7.25953e-15 0 1 0 -0 1 0 0 0.999999 0 -2.54279e-14 1 1.1922e-13 0 1 0 0 1 0 0 1 0 0 1 0 -0 1 0 0 1 0 0 1 0 -0 0.999999 0 0 0.999999 0 0 1 0 0 1 0 0 1 0 0 0.999999 0 -0 1 0 -0 0.999999 0 0 0.999999 0 0 0.999999 0 0 1 0 0 1 0 -0 0.999999 0 0 0.999999 0 0 -0.999999 0 0 -0.999999 -0 0 -0.999999 0 0 -0.999999 -0 0 -1 -0 0 -1 0 0 -0.999999 0 0 -0.999999 -0 0 -1 0 0 -1 -0 0 -0.999999 0 0 -1 -0 0 -1 0 8.27437e-16 -1 -3.11663e-16 0 -0.999999 0 7.17619e-16 -1 -4.33926e-18 1.37973e-15 -1 2.38658e-15 0 -0.999999 0 0 -1 -0 0 -1 0 0 -0.999999 0 -8.04522e-15 -1 2.05338e-14 4.87767e-16 -1 4.04577e-16 6.83221e-16 -1 -1.42396e-16 6.79971e-14 -1 -6.71057e-14 1.62379e-15 -1 -9.53176e-15 3.7196e-16 -1 4.60983e-16 0 -0.999999 0 3.18087e-16 -1 6.11744e-16 5.9509e-16 -1 -4.10925e-16 5.29317e-16 -1 -2.2686e-16 6.07653e-15 -1 3.62078e-15 0 -0.999999 0 1.67044e-16 -1 5.80772e-16 0 -0.999999 0 -9.75485e-17 -1 5.06881e-15 3.60657e-15 -1 4.46681e-15 0 -0.999999 0 -1.02798e-15 -1 4.62583e-15 4.29849e-15 -1 3.56305e-15 -1.8706e-15 -1 4.21022e-15 4.85995e-15 -1 2.60906e-15 -2.79933e-15 -1 3.94164e-15 5.53845e-15 -1 1.67242e-15 0 -0.999999 -0 0 -0.999999 0 0 -1 0 0 -1 0 0 -1 0 0 -1 0 0 -0.999999 -0 0 -0.999999 0 0 -1 0 0 -1 0 0 -1 0 0 -1 0 0 -1 -0 0 -1 0 0 -1 0 0 -0.999999 0 0 -1 -0 0 -1 0 0 -0.999999 0 0 -1 0 0 -1 0 0 -1 0 0 -1 0 0 -1 0 0 -1 0 1.86157e-15 -0.999999 -1.58144e-15 1.84014e-15 -0.999999 -1.01673e-15 0 -1 0 8.8649e-16 -1 1.43172e-15 0 -0.999999 -0 0 -0.999999 -0 8.74387e-16 -1 1.31276e-16 7.02583e-16 -1 -1.46197e-16 3.92114e-16 -1 -4.97841e-16 1.82775e-16 -1 -6.64834e-16 2.67056e-16 -1 -5.28716e-16 6.97891e-16 -1 -3.99643e-18 5.65113e-16 -1 1.10855e-16 4.95024e-16 -1 -1.28326e-15 7.41353e-16 -1 -1.12755e-15 7.25808e-16 -1 -1.13837e-15 -1.00101e-15 -1 3.71045e-16 -3.93391e-15 -1 -4.04693e-15 9.52386e-16 -1 -9.66639e-16 7.63463e-16 -1 -1.08829e-15 5.15691e-16 -1 -1.27162e-15 9.40452e-16 -1 -9.75656e-16 -9.80517e-17 -1 -1.21339e-15 -8.93173e-16 -1 5.53032e-16 -8.68637e-16 -1 5.89783e-16 6.68012e-16 -1 2.77041e-16 4.15804e-17 -1 -6.02886e-16 -8.32742e-15 -0.999999 1.46125e-14 -1.28469e-14 -0.999999 1.47244e-14 2.25647e-16 -1 -1.18015e-15 1.42331e-16 -1 -1.19246e-15 1.51135e-16 -1 1.42226e-17 -7.70642e-16 -1 7.23462e-16 5.01962e-16 -1 2.81087e-15 -9.77837e-16 -1 4.13568e-16 -1.2765e-16 -1 -1.20428e-15 3.79001e-16 -1 -1.15049e-15 -6.11765e-16 -1 -1.04548e-15 -8.97349e-18 -1 -1.20819e-15 1.49292e-16 -1 -1.58244e-17 1.47421e-16 -1 -3.04638e-17 -2.44508e-16 -1 -1.18323e-15 -3.89152e-16 -1 -1.13612e-15 1.44795e-16 -1 -4.559e-17 1.29312e-16 -1 7.79759e-17 1.50298e-16 -1 1.79396e-17 1.50531e-16 -1 -1.11803e-18 -2.99953e-16 -1 -1.15448e-15 -4.68035e-16 -1 -1.10662e-15 -1.58498e-16 -1 -1.20698e-15 -8.7429e-16 -1 -5.8864e-16 1.48973e-16 -1 2.8484e-17 1.41323e-16 -1 5.05001e-17 0 -0.999999 0 -5.9952e-16 -1 -8.82977e-16 -7.37587e-16 -1 -7.47384e-16 1.38997e-16 -1 5.63685e-17 1.50936e-16 -1 2.18503e-17 4.60118e-15 -1 9.33129e-15 0 -1 0 0 -0.999999 0 -4.02378e-15 -1 3.08409e-15 -1.24364e-15 -1 5.60474e-15 -7.47644e-16 -1 -7.3662e-16 -5.85701e-16 -1 -8.952e-16 -1.0564e-16 -1 5.58222e-15 -4.25755e-15 -1 2.08045e-15 -5.3375e-15 -1 1.39189e-15 8.27106e-16 -1 4.53222e-15 -8.81897e-16 -1 -5.79837e-16 1.18021e-15 -1 -2.59414e-15 -7.5727e-14 -1 -5.16289e-14 -8.81897e-16 -1 -5.79837e-16 2.14561e-15 -1 5.37287e-15 -7.47644e-16 -1 -7.3662e-16 -5.85701e-16 -1 -8.952e-16 0 -0.999999 0 0 -0.999999 0 -5.9952e-16 -1 -8.82977e-16 -7.37587e-16 -1 -7.47384e-16 -8.7429e-16 -1 -5.8864e-16 0 -1 -0 0 -1 0 0 -0.999999 0 0 -0.999999 0 0 -1 0 0 -1 0 0 -1 -0 0 -1 -0 0 -1 0 0 -1 -0 -8.0554e-14 -1 -5.13599e-14 3.25318e-15 -1 -4.61907e-15 -3.58591e-15 -1 -8.97956e-15 1.25097e-15 -1 5.07316e-16 1.35842e-15 -1 1.96652e-16 1.27191e-15 -1 4.54501e-16 1.34075e-15 -1 2.56356e-16 0 -0.999999 0 0 -0.999999 0 1.16381e-15 -1 7.01783e-16 2.72615e-15 -1 4.0929e-16 7.02583e-16 -1 -1.46197e-16 2.72231e-16 -1 -8.41235e-16 3.92114e-16 -1 -4.97841e-16 0 -0.999999 -0 5.92324e-16 -1 -3.39191e-18 3.14652e-16 -1 -6.22946e-16 0 -0.999999 -0 1.82775e-16 -1 -6.64834e-16 5.65113e-16 -1 1.10855e-16 6.68012e-16 -1 2.77041e-16 -2.99953e-16 -1 -1.15448e-15 4.15804e-17 -1 -6.02886e-16 -1.58498e-16 -1 -1.20698e-15 -4.68035e-16 -1 -1.10662e-15 -3.89152e-16 -1 -1.13612e-15 -2.44508e-16 -1 -1.18323e-15 -6.11765e-16 -1 -1.04548e-15 0 -0.999999 0 0 -0.999999 0 1.97488e-15 -1 4.30754e-15 -3.45603e-15 -1 4.385e-15 2.71165e-15 -1 3.72452e-15 -4.205e-15 -1 3.56991e-15 1.31133e-15 -1 5.58929e-15 -1.61578e-14 -1 1.50096e-14 -2.28716e-15 -1 4.52452e-15 3.90377e-15 -1 5.89872e-15 3.56344e-15 -1 3.26722e-15 3.99051e-16 -1 2.88952e-15 -5.06478e-15 -1 2.79633e-15 0 -0.999999 -0 1.44795e-16 -1 -4.559e-17 1.50531e-16 -1 -1.11803e-18 0 -0.999999 0 1.49292e-16 -1 -1.58244e-17 1.47421e-16 -1 -3.04638e-17 1.51135e-16 -1 1.42226e-17 0 -0.999999 0 0 -0.999999 0 0 -1 0 0 -1 -0 0 -1 0 0 -1 0 -1.2765e-16 -1 -1.20428e-15 0 -1 0 0 -1 -0 0 -1 0 -8.97349e-18 -1 -1.20819e-15 3.79001e-16 -1 -1.15049e-15 0 -1 -0 0 -1 0 0 -1 -0 2.25647e-16 -1 -1.18015e-15 1.42331e-16 -1 -1.19246e-15 0 -0.999999 -0 -9.80517e-17 -1 -1.21339e-15 0 -0.999999 -0 1.43198e-16 -1 -4.9049e-17 0 -1 -0 0 -1 0 1.10092e-16 -1 -1.03352e-16 1.39691e-16 -1 -5.90812e-17 0 -1 0 0 -1 -0 1.27596e-16 -1 -7.90045e-17 1.24091e-16 -1 -8.42548e-17 0 -1 0 0 -1 -0 1.43001e-16 -1 -5.30065e-17 0 -0.999999 0 0 -0.999999 -0 0 -1 0 0 -1 -0 5.15691e-16 -1 -1.27162e-15 7.63463e-16 -1 -1.08829e-15 9.40452e-16 -1 -9.75656e-16 7.25808e-16 -1 -1.13837e-15 7.41353e-16 -1 -1.12755e-15 1.99899e-16 -1 6.95005e-16 4.9728e-16 -1 -3.43384e-16 9.52386e-16 -1 -9.66639e-16 -1.48249e-15 -1 -2.50157e-15 4.95024e-16 -1 -1.28326e-15 0 -0.999999 0 0 -1 0 0 -1 -0 3.18087e-16 -1 6.11744e-16 5.29317e-16 -1 -2.2686e-16 7.37128e-14 -1 -6.8002e-14 8.11893e-16 -1 -4.76588e-15 0 -0.999999 -0 5.79874e-16 -1 -1.20857e-16 4.87767e-16 -1 4.04577e-16 4.38253e-16 -1 5.43142e-16 5.51069e-15 -1 2.42025e-16 1.41393e-16 -1 4.6049e-15 4.59909e-15 -1 1.14168e-15 7.17619e-16 -1 -4.33926e-18 1.27353e-15 -1 5.43603e-15 2.0124e-15 -0.999999 6.08379e-16 2.15174e-15 -0.999999 1.15605e-15 5.18748e-15 -1 2.45963e-15 2.11139e-15 -1 4.60916e-15 8.27437e-16 -1 -3.11663e-16 5.66649e-16 -1 -1.58575e-15 0 -0.999999 0 0 -0.999999 0 1.56482e-14 -0.999999 1.1704e-14 1.12057e-14 -0.999999 1.25421e-14 5.32679e-16 -1 7.05341e-15 -9.58851e-15 -1 9.46281e-15 0 -0.999999 0 0 -0.999999 -0 0.979805 1.99117e-16 -0.199957 0.979805 1.98212e-16 -0.199957 0.921968 3.83885e-16 -0.387265 0.828701 5.54805e-16 -0.559691 0.921968 3.88278e-16 -0.387265 0.828701 4.85455e-16 -0.559691 0.703587 7.04405e-16 -0.710609 0.703587 6.17263e-16 -0.710609 0.551435 8.26935e-16 -0.834217 0.378092 9.17687e-16 -0.925768 0.551435 8.1638e-16 -0.834217 0.378092 0 -0.925768 0.190219 9.73172e-16 -0.981742 0.190219 0 -0.981742 -0.00496464 9.91258e-16 -0.999988 -0.00496464 9.9123e-16 -0.999988 -0.199957 9.75674e-16 -0.979805 -0.199957 9.71251e-16 -0.979805 -0.387265 9.15939e-16 -0.921968 -0.387265 9.1392e-16 -0.921968 -0.559691 8.21467e-16 -0.828701 -0.559691 8.21467e-16 -0.828701 -0.710609 6.9691e-16 -0.703587 -0.710609 -0 -0.703587 -0.834217 0 -0.551435 -0.834217 5.46622e-16 -0.551435 -0.925768 3.74791e-16 -0.378092 -0.925768 1.87396e-16 -0.378092 -0.981742 9.45806e-17 -0.190219 -0.981742 1.88558e-16 -0.190219 -0.999988 -4.9213e-18 0.00496464 -0.999988 -4.9213e-18 0.00496464 -0.979805 -1.98212e-16 0.199957 -0.979805 -1.98212e-16 0.199957 -0.921968 -3.88278e-16 0.387265 -0.921968 -3.83885e-16 0.387265 -0.828701 -5.57528e-16 0.559691 -0.828701 -5.54805e-16 0.559691 -0.703587 -6.9691e-16 0.710609 -0.703587 -1.05661e-15 0.710609 -0.551435 -5.61338e-15 0.834217 -0.551435 -1.25444e-15 0.834217 -0.378092 -4.37486e-15 0.925768 -0.378092 -9.17687e-16 0.925768 -0.190219 -9.73172e-16 0.981742 -0.190219 -9.70696e-16 0.981742 0.00496464 -9.91258e-16 0.999988 0.00496464 -9.9123e-16 0.999988 0.199957 -9.71251e-16 0.979805 0.387265 -9.1392e-16 0.921968 0.199957 -9.70696e-16 0.979805 0.559691 -8.21467e-16 0.828701 0.387265 -9.1392e-16 0.921968 0.710609 -6.97446e-16 0.703587 0.559691 -8.21467e-16 0.828701 0.710609 -6.97446e-16 0.703587 0.834217 -5.46622e-16 0.551435 0.834217 -5.57528e-16 0.551435 0.925768 -3.74791e-16 0.378092 0.981742 -1.88558e-16 0.190219 0.925768 -3.68367e-16 0.378092 0.981742 -1.88558e-16 0.190219 0.999988 4.9213e-18 -0.00496464 0.999988 4.97793e-18 -0.00496464 0 -1 0 0 -1 0 0 -1 -0 0 -1 0 -0 -1 0 0 -1 0 0 -1 -0 0 -1 -0 -0 -1 0 0 -1 0 0 -1 -0 0 -1 -0 -0 -1 0 -0 -1 0 0 -1 0 0 -1 -0 -0 -1 0 -0 -1 0 0 -1 0 0 -1 0 -0 -1 -0 -0 -1 0 0 -1 0 0 -1 -0 -0 -1 0 0 -1 0 -0 -1 0 0 -1 -0 -0 -1 0 0 -1 -0 0 -1 0 0 -1 -0 -0 -1 0 0 -1 0 -0 -1 0 -2.01616e-14 -1 -3.57593e-14 8.43595e-15 -1 -2.06556e-14 -0 -1 0 0 -1 0 8.43595e-15 -1 -2.06556e-14 4.24414e-15 -1 -2.19045e-14 0 -1 0 -0 -1 0 -1.1077e-16 -1 -2.23116e-14 4.24414e-15 -1 -2.19045e-14 0 -1 0 -0 -1 0 -4.46142e-15 -1 -2.18613e-14 -1.1077e-16 -1 -2.23116e-14 0 -1 0 0 -1 0 -8.64062e-15 -1 -2.05709e-14 -4.46142e-15 -1 -2.18613e-14 0 -1 0 0 -1 -0 -1.24878e-14 -1 -1.84899e-14 -8.64062e-15 -1 -2.05709e-14 0 -1 0 0 -1 -0 -1.24878e-14 -1 -1.84899e-14 0 -1 0 0 -1 0 0 -1 -0 1.241e-14 -1 -3.91307e-14 -0.999988 -4.75469e-18 0.00496464 -0.981742 1.82175e-16 -0.190219 -0.999988 -4.75469e-18 0.00496464 -0.925768 3.07365e-15 -0.378092 -0.981742 3.13764e-15 -0.190219 -0.834218 2.12575e-16 -0.551435 -0.925768 1.45752e-16 -0.378092 -0.710609 1.35614e-16 -0.703587 -0.834218 1.06288e-16 -0.551435 -0.559691 1.4066e-15 -0.828701 -0.710609 1.92025e-15 -0.703587 -0.387265 1.54972e-15 -0.921968 -0.559691 2.04552e-15 -0.828701 -0.199957 9.94367e-16 -0.979805 -0.387265 1.54972e-15 -0.921968 -0.00496464 1.52665e-15 -0.999988 -0.199957 8.94177e-16 -0.979805 -0.00496464 4.16111e-16 -0.999988 0.190219 -7.94795e-16 -0.981742 0.190219 1.51382e-15 -0.981742 0.378092 1.42751e-15 -0.925768 0.378092 -9.53835e-17 -0.925768 0.551435 -7.35843e-16 -0.834218 0.703587 4.08738e-15 -0.710609 0.551435 3.9517e-15 -0.834218 0.703587 -5.26218e-16 -0.710609 0.828701 1.40243e-15 -0.559691 0.828701 -1.2631e-15 -0.559691 0.921968 9.6876e-16 -0.387265 0.979805 -2.56159e-15 -0.199957 0.921968 -1.95224e-15 -0.387265 0.999988 1.4294e-17 -0.00496464 0.979805 5.75708e-16 -0.199957 0.981742 -5.0986e-16 0.190219 0.999988 1.33072e-17 -0.00496464 0.925768 1.69356e-15 0.378092 0.981742 2.44331e-15 0.190219 0.834218 -1.47474e-15 0.551435 0.925768 -1.01116e-15 0.378092 0.710609 3.09833e-16 0.703587 0.834218 1.09795e-15 0.551435 0.710609 5.6411e-16 0.703587 0.387265 -3.60625e-16 0.921968 0.559691 3.28427e-16 0.828701 0.559691 -1.88608e-16 0.828701 0.387265 -1.02181e-15 0.921968 0.199957 -5.16468e-16 0.979805 0.199957 -1.08593e-15 0.979805 0.00496464 -5.78234e-16 0.999988 0.00496464 -1.14116e-15 0.999988 -0.378092 0 0.925768 -0.190219 0 0.981742 -0.190219 -5.67253e-16 0.981742 -0.378092 -1.78439e-16 0.925768 -0.551435 -1.60793e-16 0.834218 -0.551435 -1.60031e-16 0.834218 -0.828701 2.4478e-15 0.559691 -0.703587 2.03286e-15 0.710609 -0.703587 -1.3717e-16 0.710609 -0.921968 -2.23933e-16 0.387265 -0.828701 -3.23637e-16 0.559691 -0.979805 -1.15623e-16 0.199957 -0.921968 -2.23933e-16 0.387265 -0.979805 -1.91501e-16 0.199957 0.368278 -5.16096e-16 0.929716 0.368278 -1.03219e-15 0.929716 0.176792 -4.26995e-16 0.984248 0.176792 -1.09229e-15 0.984248 -0.0217032 -5.54981e-16 0.999764 -0.0217032 -8.80641e-16 0.999764 -0.219338 -5.41594e-16 0.975649 -0.219338 -5.42424e-16 0.975649 -0.408277 -1.01348e-15 0.912858 -0.408277 -5.08389e-16 0.912858 -0.730755 -7.57882e-16 0.68264 -0.581032 -9.03589e-16 0.81388 -0.581032 -9.04039e-16 0.81388 -0.85151 3.63233e-16 0.524339 -0.730755 5.34186e-17 0.68264 -0.93851 -3.83307e-16 0.345252 -0.85151 -5.82133e-16 0.524339 -0.93851 -1.91654e-16 0.345252 -0.998926 2.57221e-17 -0.0463369 -0.988307 -8.46434e-17 0.15248 -0.988307 -8.50861e-17 0.15248 -0.969947 1.35068e-16 -0.243317 -0.998926 2.57221e-17 -0.0463369 -0.969947 1.34699e-15 -0.243317 -0.902518 4.78119e-16 -0.430652 -0.902518 1.4805e-15 -0.430652 -0.664422 1.2446e-15 -0.747357 -0.799313 1.00072e-15 -0.600915 -0.799313 6.65798e-16 -0.600915 -0.664422 8.29733e-16 -0.747357 -0.677933 -2.5255e-15 0.735123 -0.677933 -6.34935e-17 0.735123 -0.713484 -7.77901e-16 0.700671 -0.713484 1.53981e-17 0.700671 -0.747286 -7.37745e-16 0.664502 -0.747286 -7.39108e-16 0.664502 0.735196 6.9175e-16 0.677855 0.735196 -1.5688e-15 0.677855 0.586333 -8.99358e-16 0.81007 0.586333 -1.55069e-15 0.81007 0.414228 -1.0105e-15 0.910173 0.414228 -1.0104e-15 0.910173 0.0282291 -5.86231e-16 0.999601 0.225702 -7.91367e-16 0.974196 0.225702 -1.08166e-15 0.974196 0.0282291 -1.10978e-15 0.999601 -0.170363 -1.09399e-15 0.985381 -0.170363 -1.09336e-15 0.985381 -0.539682 -2.36666e-15 0.841869 -0.362201 -2.0978e-15 0.9321 -0.362201 -1.0338e-15 0.9321 -0.539682 -9.34662e-16 0.841869 -0.695769 -7.97435e-16 0.718266 -0.695769 -7.99809e-16 0.718266 -0.920106 -4.34841e-16 0.39167 -0.824275 -6.28597e-16 0.56619 -0.824275 -6.29637e-16 0.56619 -0.920106 -4.34841e-16 0.39167 -0.979463 -2.42667e-15 0.201623 -0.979463 -2.23351e-16 0.201623 -0.980883 -8.45948e-16 -0.194597 -0.999994 -1.11469e-15 0.00358426 -0.999994 -2.22492e-15 0.00358426 -0.980883 2.16046e-16 -0.194597 -0.92289 4.27507e-16 -0.385064 -0.92289 4.27557e-16 -0.385064 -0.291839 -1.97538e-15 0.956467 -0.291839 -1.0599e-15 0.956467 -0.338817 -5.22278e-16 0.940852 -0.338817 -2.05821e-15 0.940852 -0.384965 -1.02466e-15 0.922931 -0.384965 -5.13269e-16 0.922931 0.956499 -3.23893e-16 0.291737 0.956499 -3.23893e-16 0.291737 0.879744 1.35959e-15 0.475448 0.879744 -5.27534e-16 0.475448 0.768116 -7.10888e-16 0.640311 0.768116 9.06167e-16 0.640311 0.459144 2.79796e-16 0.888362 0.626038 7.40777e-16 0.779792 0.626038 -8.63623e-16 0.779792 0.459144 -8.62995e-16 0.888362 0.274049 -1.06772e-15 0.961716 0.274049 -9.33819e-16 0.961716 0.078091 -6.56728e-16 0.996946 0.078091 -1.10718e-15 0.996946 -0.120963 -1.50842e-15 0.992657 -0.120963 -1.09548e-15 0.992657 -0.496985 -8.4298e-16 0.867759 -0.315222 -9.21919e-16 0.949018 -0.315222 -1.88466e-15 0.949018 -0.496985 -9.63406e-16 0.867759 -0.659048 -8.35e-16 0.752101 -0.659048 -8.38098e-16 0.752101 -0.794985 -6.73494e-16 0.606629 -0.794985 -6.76434e-16 0.606629 -0.968178 -2.4971e-15 0.250264 -0.899408 -2.6037e-15 0.43711 -0.899408 -4.84991e-16 0.43711 -0.968178 -1.38924e-16 0.250264 -0.998568 -2.96965e-17 0.0534964 -0.998568 -2.97801e-17 0.0534964 0.152058 -1.034e-15 0.988372 0.152058 -5.49198e-16 0.988372 0.102957 -1.10432e-15 0.994686 0.102957 -1.15229e-15 0.994686 0.053603 -5.54313e-16 0.998562 0.053603 -1.10866e-15 0.998562 0.988355 8.50861e-17 -0.152163 0.988355 2.27906e-15 -0.152163 0.998911 -2.58997e-17 0.0466568 0.998911 2.1923e-15 0.0466568 0.90238 -4.7844e-16 0.430941 0.969869 -2.70481e-16 0.243628 0.969869 -1.35074e-16 0.243628 0.90238 -4.7844e-16 0.430941 0.79912 9.40112e-16 0.601171 0.79912 -6.65798e-16 0.601171 0.502916 -9.59605e-16 0.864335 0.664183 -8.2997e-16 0.74757 0.664183 4.38193e-16 0.74757 0.502916 -4.79802e-16 0.864335 0.321714 -1.0512e-15 0.946837 0.321714 -5.25406e-16 0.946837 0.127758 -1.10113e-15 0.991805 0.127758 -1.10186e-15 0.991805 -0.0712619 -2.09618e-15 0.997458 -0.0712619 -1.10718e-15 0.997458 -0.267457 -1.06978e-15 0.96357 -0.267457 -2.46537e-15 0.96357 -0.45305 1.62256e-17 0.891485 -0.45305 -9.91253e-16 0.891485 -0.620683 -8.70483e-16 0.784061 -0.620683 5.06262e-16 0.784061 -0.876467 1.41162e-15 0.481461 -0.763713 9.79071e-16 0.645556 -0.763713 -7.18977e-16 0.645556 -0.876467 1.67888e-15 0.481461 0.565838 -9.15397e-16 0.824517 0.565838 -9.13619e-16 0.824517 0.524339 -9.45366e-16 0.85151 0.524339 -9.44416e-16 0.85151 0.481555 -1.55577e-15 0.876416 0.481555 -9.70079e-16 0.876416 0.824456 6.2751e-16 -0.565926 0.824456 6.28304e-16 -0.565926 0.920231 4.34513e-16 -0.391375 0.920231 4.36066e-16 -0.391375 0.979528 2.23498e-16 -0.201309 0.979528 2.23351e-16 -0.201309 0.999995 3.62374e-18 -0.00326397 0.999995 3.6228e-18 -0.00326397 0.980821 -1.08197e-16 0.194911 0.980821 -2.15906e-16 0.194911 0.922767 -2.13917e-16 0.385359 0.922767 -2.12715e-16 0.385359 0.828133 1.44988e-15 0.560532 0.828133 -3.12691e-16 0.560532 0.700671 -7.92127e-16 0.713484 0.700671 1.06358e-15 0.713484 0.545434 -9.30537e-16 0.838154 0.545434 -9.31692e-16 0.838154 0.368576 -1.03206e-15 0.929598 0.368576 -1.03167e-15 0.929598 0.177107 -1.09267e-15 0.984192 0.177107 -1.09229e-15 0.984192 -0.021383 -1.10997e-15 0.999771 -0.021383 -1.10997e-15 0.999771 -0.219025 -1.08327e-15 0.975719 -0.219025 -1.08272e-15 0.975719 -0.407985 -5.06811e-16 0.912989 -0.407985 -1.01465e-15 0.912989 -0.580772 -9.03795e-16 0.814066 -0.580772 -4.50956e-16 0.814066 0.867547 -2.76088e-16 0.497356 0.867547 -5.54331e-16 0.497356 0.841869 -5.99167e-16 0.539682 0.841869 -3.02829e-16 0.539682 0.814128 -6.4469e-16 0.580685 0.814128 -6.41587e-16 0.580685 0.497263 9.636e-16 -0.8676 0.497263 2.30818e-15 -0.8676 0.659289 2.50737e-15 -0.75189 0.659289 2.50578e-15 -0.75189 0.795179 6.73211e-16 -0.606375 0.795179 2.60789e-15 -0.606375 0.899548 4.8497e-16 -0.436822 0.899548 4.84991e-16 -0.436822 0.968258 2.77504e-16 -0.249954 0.968258 2.7653e-16 -0.249954 0.998585 5.90379e-17 -0.0531766 0.998585 5.90285e-17 -0.0531766 0.989328 -8.08844e-17 0.145708 0.989328 -1.61664e-16 0.145708 0.940852 -3.76163e-16 0.338817 0.940852 -1.89316e-16 0.338817 0.855081 -5.39667e-16 0.518495 0.855081 -5.74331e-16 0.518495 0.735413 6.92558e-16 0.677619 0.735413 -7.06214e-16 0.677619 0.414519 -5.05174e-16 0.910041 0.586592 -4.49575e-16 0.809882 0.586592 1.78681e-16 0.809882 0.414519 -1.01035e-15 0.910041 0.226014 -5.40747e-16 0.974124 0.226014 -1.08166e-15 0.974124 0.0285492 -7.68936e-16 0.999592 0.0285492 -5.54788e-16 0.999592 -0.170047 -5.47027e-16 0.985436 -0.170047 -1.19865e-15 0.985436 0.997427 -5.96921e-17 0.0716878 0.997427 -5.96676e-17 0.0716878 0.992657 -1.00722e-16 0.120963 0.985454 -1.41505e-16 0.169942 0.992657 -1.01371e-16 0.120963 0.985454 -9.43367e-17 0.169942 0.0715813 8.30653e-16 -0.997435 0.0715813 1.1279e-15 -0.997435 0.267766 8.02262e-16 -0.963484 0.267766 1.52942e-15 -0.963484 0.620935 2.24561e-15 -0.783862 0.453335 1.99233e-15 -0.89134 0.453335 7.42376e-16 -0.89134 0.763919 4.44976e-16 -0.645312 0.620935 5.40514e-16 -0.783862 0.763919 4.44976e-16 -0.645312 0.876622 4.00663e-16 -0.48118 0.876622 3.31836e-16 -0.48118 0.994686 8.57286e-17 -0.102957 0.954574 2.48114e-16 -0.297974 0.954574 2.48877e-16 -0.297974 0.994686 8.57286e-17 -0.102957 0.956592 -2.42665e-16 0.29143 0.995368 -8.00547e-17 0.0961424 0.995368 -7.97682e-17 0.0961424 0.956592 -2.72998e-16 0.29143 0.768321 -6.21788e-16 0.640065 0.879896 -4.61597e-16 0.475166 0.879896 -4.44575e-16 0.475166 0.768321 -6.21788e-16 0.640065 0.459429 -8.92438e-17 0.888215 0.626288 4.16928e-16 0.779592 0.626288 -7.57266e-16 0.779592 0.459429 2.8055e-16 0.888215 0.274357 -7.3399e-16 0.961628 0.274357 -1.91444e-16 0.961628 0.929755 3.57666e-16 -0.368179 0.929755 3.07962e-16 -0.368179 0.946837 2.50422e-15 -0.321714 0.946837 3.13094e-16 -0.321714 0.961598 2.09489e-16 -0.27446 0.961598 2.47909e-15 -0.27446 -0.368278 7.74283e-16 -0.929716 -0.368278 9.03168e-16 -0.929716 0.0217032 8.32471e-16 -0.999764 -0.176792 8.19551e-16 -0.984248 -0.176792 9.56155e-16 -0.984248 0.0217032 8.32471e-16 -0.999764 0.219338 8.12391e-16 -0.975649 0.219338 8.12572e-16 -0.975649 0.581032 7.9064e-16 -0.81388 0.408277 8.86791e-16 -0.912858 0.408277 7.59393e-16 -0.912858 0.581032 -6.1246e-16 -0.81388 0.85151 5.09366e-16 -0.524339 0.730755 6.63147e-16 -0.68264 0.730755 -1.05507e-15 -0.68264 0.85151 2.47286e-15 -0.524339 0.93851 2.8748e-16 -0.345252 0.93851 2.4675e-15 -0.345252 0.988307 1.26965e-16 -0.15248 0.988307 1.26566e-16 -0.15248 0.998926 -3.85832e-17 0.0463369 0.998926 -3.85546e-17 0.0463369 0.969947 -2.02602e-16 0.243317 0.969947 -2.03143e-16 0.243317 0.799313 -5.83756e-16 0.600915 0.902518 -4.18354e-16 0.430652 0.902518 -3.57361e-16 0.430652 0.799313 1.10768e-15 0.600915 0.664422 6.4558e-16 0.747357 0.664422 6.46654e-16 0.747357 0.677933 2.32147e-15 -0.735123 0.677933 6.10791e-16 -0.735123 0.713484 6.80664e-16 -0.700671 0.713484 2.36104e-15 -0.700671 0.747286 2.39705e-15 -0.664502 0.747286 6.41587e-16 -0.664502 -0.735196 5.65822e-16 -0.677855 -0.735196 -7.85821e-16 -0.677855 -0.414228 7.57871e-16 -0.910173 -0.586333 6.74519e-16 -0.81007 -0.586333 -2.9142e-16 -0.81007 -0.414228 7.57871e-16 -0.910173 -0.225702 5.80416e-16 -0.974196 -0.225702 8.11508e-16 -0.974196 -0.0282291 8.32335e-16 -0.999601 -0.0282291 1.04709e-15 -0.999601 0.362201 1.96844e-15 -0.9321 0.170363 1.60902e-15 -0.985381 0.170363 8.20017e-16 -0.985381 0.362201 9.05484e-16 -0.9321 0.539682 7.00997e-16 -0.841869 0.539682 8.16826e-16 -0.841869 0.695769 6.97756e-16 -0.718266 0.695769 5.99857e-16 -0.718266 0.824275 4.71448e-16 -0.56619 0.824275 5.50932e-16 -0.56619 0.979463 2.37071e-15 -0.201623 0.920106 2.42353e-15 -0.39167 0.920106 3.27581e-16 -0.39167 0.979463 1.67885e-16 -0.201623 0.980883 -1.62034e-16 0.194597 0.999994 2.98449e-18 -0.00358426 0.999994 2.97469e-18 -0.00358426 0.92289 -3.2063e-16 0.385064 0.980883 -1.62034e-16 0.194597 0.92289 -3.74068e-16 0.385064 0.291839 7.96419e-16 -0.956467 0.291839 7.96419e-16 -0.956467 0.338817 9.13986e-16 -0.940852 0.338817 7.82736e-16 -0.940852 0.384965 8.96577e-16 -0.922931 0.384965 8.98221e-16 -0.922931 -0.956499 2.4292e-16 -0.291737 -0.956499 2.4292e-16 -0.291737 -0.879744 3.9589e-16 -0.475448 -0.879744 3.9565e-16 -0.475448 -0.768116 7.10888e-16 -0.640311 -0.768116 5.31788e-16 -0.640311 -0.626038 6.49307e-16 -0.779792 -0.626038 8.67878e-16 -0.779792 -0.274049 5.92672e-16 -0.961716 -0.459144 9.00592e-17 -0.888362 -0.459144 7.40249e-16 -0.888362 -0.078091 8.30124e-16 -0.996946 -0.274049 8.00789e-16 -0.961716 0.120963 8.26553e-16 -0.992657 -0.078091 8.30124e-16 -0.996946 0.120963 9.64312e-16 -0.992657 0.496985 8.4298e-16 -0.867759 0.315222 9.21919e-16 -0.949018 0.315222 9.23184e-16 -0.949018 0.659048 7.30625e-16 -0.752101 0.496985 8.4298e-16 -0.867759 0.659048 7.30625e-16 -0.752101 0.899408 4.8529e-16 -0.43711 0.794985 6.73494e-16 -0.606629 0.794985 5.91348e-16 -0.606629 0.899408 3.63967e-16 -0.43711 0.968178 2.42763e-15 -0.250264 0.968178 2.08461e-16 -0.250264 0.998568 2.27666e-15 -0.0534964 0.998568 2.27685e-15 -0.0534964 -0.152058 8.22985e-16 -0.988372 -0.152058 5.49198e-16 -0.988372 -0.102957 5.99633e-16 -0.994686 -0.102957 8.27647e-16 -0.994686 -0.053603 9.89604e-16 -0.998562 -0.053603 7.12161e-16 -0.998562 -0.988355 -8.44677e-17 0.152163 -0.998911 3.88496e-17 -0.0466568 -0.988355 -1.26702e-16 0.152163 -0.969869 -1.95068e-15 -0.243628 -0.998911 -2.17918e-15 -0.0466568 -0.969869 -1.91687e-15 -0.243628 -0.79912 4.17146e-16 -0.601171 -0.90238 2.99025e-16 -0.430941 -0.90238 -1.58685e-15 -0.430941 -0.664183 6.22477e-16 -0.74757 -0.79912 5.00575e-16 -0.601171 -0.664183 6.22477e-16 -0.74757 -0.502916 1.27805e-15 -0.864335 -0.502916 7.18977e-16 -0.864335 -0.321714 4.68252e-16 -0.946837 -0.321714 1.14653e-15 -0.946837 -0.127758 1.10113e-15 -0.991805 -0.127758 9.55091e-16 -0.991805 0.0712619 8.3055e-16 -0.997458 0.0712619 1.10771e-15 -0.997458 0.267457 1.66365e-15 -0.96357 0.267457 8.01936e-16 -0.96357 0.620683 7.61672e-16 -0.784061 0.45305 8.66029e-16 -0.891485 0.45305 1.99527e-15 -0.891485 0.620683 7.61672e-16 -0.784061 0.763713 6.27123e-16 -0.645556 0.763713 6.25383e-16 -0.645556 0.876467 2.54749e-15 -0.481461 0.876467 4.67973e-16 -0.481461 -0.565838 8.00973e-16 -0.824517 -0.565838 8.007e-16 -0.824517 -0.524339 7.09024e-16 -0.85151 -0.524339 8.26364e-16 -0.85151 -0.481555 2.53784e-17 -0.876416 -0.481555 7.28842e-16 -0.876416 -0.824456 -5.50932e-16 0.565926 -0.920231 -3.80199e-16 0.391375 -0.824456 -5.49766e-16 0.565926 -0.920231 -2.42352e-15 0.391375 -0.999995 -2.7178e-18 0.00326397 -0.979528 -1.67624e-16 0.201309 -0.979528 -2.36965e-15 0.201309 -0.999995 -3.17077e-18 0.00326397 -0.922767 1.39883e-15 -0.385359 -0.980821 1.27828e-15 -0.194911 -0.980821 1.89316e-16 -0.194911 -0.828133 4.66736e-16 -0.560532 -0.922767 3.20876e-16 -0.385359 -0.828133 6.22315e-16 -0.560532 -0.700671 6.93111e-16 -0.713484 -0.700671 7.913e-16 -0.713484 -0.545434 6.97903e-16 -0.838154 -0.545434 8.14699e-16 -0.838154 -0.368576 9.03053e-16 -0.929598 -0.368576 7.74283e-16 -0.929598 -0.177107 8.19504e-16 -0.984192 -0.177107 9.56155e-16 -0.984192 0.021383 1.2962e-15 -0.999771 0.021383 8.32514e-16 -0.999771 0.219025 8.12449e-16 -0.975719 0.219025 1.70491e-15 -0.975719 0.580772 2.30634e-15 -0.814066 0.407985 2.04623e-15 -0.912989 0.407985 7.59393e-16 -0.912989 0.580772 2.30634e-15 -0.814066 -0.867547 -1.44319e-15 -0.497356 -0.867547 -3.38758e-16 -0.497356 -0.841869 -1.27016e-15 -0.539682 -0.841869 -1.34477e-15 -0.539682 -0.814128 -1.08245e-15 -0.580685 -0.814128 -1.15999e-15 -0.580685 -0.497263 -1.63578e-15 0.8676 -0.659289 -6.26074e-16 0.75189 -0.497263 -7.22422e-16 0.8676 -0.659289 -6.26074e-16 0.75189 -0.795179 -5.04908e-16 0.606375 -0.795179 -5.02008e-16 0.606375 -0.899548 6.04661e-16 0.436822 -0.899548 -3.63743e-16 0.436822 -0.998585 -4.79683e-17 0.0531766 -0.968258 -2.25472e-16 0.249954 -0.968258 8.48733e-16 0.249954 -0.998585 -4.79683e-17 0.0531766 -0.989328 1.31437e-16 -0.145708 -0.989328 1.31883e-16 -0.145708 -0.855081 4.67712e-16 -0.518495 -0.940852 3.05632e-16 -0.338817 -0.940852 3.0631e-16 -0.338817 -0.855081 4.31734e-16 -0.518495 -0.586592 6.74362e-16 -0.809882 -0.735413 5.64232e-16 -0.677619 -0.735413 5.61568e-16 -0.677619 -0.586592 6.74362e-16 -0.809882 -0.414519 7.57761e-16 -0.910041 -0.414519 7.57266e-16 -0.910041 -0.226014 5.45847e-16 -0.974124 -0.226014 8.10445e-16 -0.974124 -0.0285492 9.71049e-16 -0.999592 -0.0285492 1.01159e-15 -0.999592 0.170047 1.60839e-15 -0.985436 0.170047 9.57218e-16 -0.985436 -0.997427 6.96408e-17 -0.0716878 -0.997427 6.92914e-17 -0.0716878 -0.992657 1.20279e-15 -0.120963 -0.992657 1.16769e-16 -0.120963 -0.985454 -1.97589e-15 -0.169942 -0.985454 1.2357e-15 -0.169942 -0.0715813 -9.60409e-16 0.997435 -0.267766 -7.93905e-16 0.963484 -0.0715813 -8.2188e-16 0.997435 -0.267766 -1.52217e-15 0.963484 -0.620935 -6.49297e-16 0.783862 -0.453335 -7.38324e-16 0.89134 -0.453335 -1.86551e-15 0.89134 -0.620935 -6.49297e-16 0.783862 -0.763919 -5.34531e-16 0.645312 -0.763919 -5.31788e-16 0.645312 -0.876622 -3.9649e-16 0.48118 -0.876622 -3.97777e-16 0.48118 -0.954574 -2.89466e-16 0.297974 -0.954574 -2.44622e-16 0.297974 -0.995368 -9.84998e-16 -0.0961424 -0.994686 -1.23292e-15 0.102957 -0.994686 -9.99761e-17 0.102957 -0.956592 2.0222e-16 -0.29143 -0.995368 6.67122e-17 -0.0961424 -0.956592 2.42665e-16 -0.29143 -0.879896 -4.49341e-16 -0.475166 -0.879896 3.9565e-16 -0.475166 -0.626288 6.4914e-16 -0.779592 -0.768321 5.32961e-16 -0.640065 -0.768321 -1.40392e-16 -0.640065 -0.626288 6.4914e-16 -0.779592 -0.459429 9.86116e-16 -0.888215 -0.459429 7.40249e-16 -0.888215 -0.274357 5.33811e-16 -0.961628 -0.274357 1.06783e-15 -0.961628 -0.929755 -3.83213e-16 0.368179 -0.929755 -2.05308e-16 0.368179 -0.946837 -2.41493e-15 0.321714 -0.961598 -2.4018e-15 0.27446 -0.946837 -3.33625e-16 0.321714 -0.961598 -1.52356e-16 0.27446 -0 -0.999999 0 0 -0.999999 0 -0 -0.999999 0 0 -0.999999 -0 0 -1 -0 0 -1 0 0 -0.999999 0 0 -0.999999 -0 0 -1 0 0 -1 -0 0 -0.999999 0 0 -1 -0 0 -1 0 0 -1 0 0 -0.999999 0 0 -1 0 -0 -1 0 -0 -0.999999 0 0 -1 -0 0 -1 0 0 -0.999999 0 0 -1 0 -0 -1 0 3.42682e-14 -1 5.56504e-14 0 -1 0 0 -1 -0 -4.29371e-15 -1 8.44891e-15 0 -0.999999 0 -2.95059e-15 -1 1.06301e-14 -1.06772e-14 -1 -4.45896e-15 -9.03742e-15 -1 -1.79594e-15 0 -1 -0 0 -0.999999 0 -6.89037e-16 -1 9.6445e-15 0 -0.999999 0 0 -1 -0 0 -1 0 0 -0.999999 0 0 -1 -0 0 -1 0 4.54953e-15 -1 3.11439e-15 0 -1 0 0 -1 -0 0 -1 0 0 -1 -0 0 -0.999999 0 0 -0.999999 0 1.22369e-15 -1 -1.27661e-15 1.22925e-15 -1 3.08783e-16 1.29089e-15 -1 -6.27369e-16 -9.22873e-15 -0.999999 -3.23469e-14 -1.79554e-14 -0.999999 -3.47132e-14 1.10964e-15 -1 -8.46736e-16 1.06902e-15 -1 5.10522e-16 9.08827e-16 -1 -1.03715e-15 9.60649e-16 -1 1.08126e-15 9.20401e-16 -1 6.92409e-16 6.00674e-16 -1 -1.0488e-15 -0 -0.999999 0 0 -1 0 -0 -0.999999 0 1.33757e-14 -1 -1.59395e-14 -6.35025e-15 -1 -7.90467e-15 -8.57941e-15 -1 -7.14725e-15 2.49198e-16 -1 -1.14794e-14 -9.70702e-15 -1 -5.24203e-15 2.07874e-15 -1 -9.24656e-15 -1.10686e-14 -1 -3.37211e-15 3.76192e-15 -1 -8.4112e-15 0 -0.999999 0 -0 -0.999999 0 5.61805e-15 -1 -7.86948e-15 0 -0.999999 -0 0 -1 0 0 -0.999999 -0 0 -1 0 0 -1 0 0 -1 0 0 -1 -0 0 -1 0 -0 -1 0 1.88049e-14 -1 -2.06431e-14 -1.13459e-15 -1 -7.67962e-16 0 -1 0 0 -1 0 0 -1 0 1.73253e-16 -1 1.34498e-15 -4.74273e-15 -1 3.06143e-15 -7.52708e-16 -1 -1.11449e-15 0 -1 0 0 -1 -0 5.06528e-15 -1 9.80041e-15 -1.28607e-14 -1 5.95786e-14 4.33193e-16 -1 1.27493e-15 5.21473e-16 -1 1.24148e-15 -0 -1 0 0 -1 0 0 -1 0 0 -1 -0 8.47798e-15 -1 -3.6089e-15 2.70937e-16 -1 1.32761e-15 8.24171e-16 -1 1.11044e-15 6.76464e-16 -1 1.1626e-15 -3.18e-16 -1 9.57381e-16 -2.20076e-15 -1 -2.78022e-14 -0 -1 0 9.5376e-15 -1 -6.55133e-15 2.64981e-15 -1 9.29891e-15 0 -0.999999 0 0 -0.999999 -0 4.5765e-15 -1 1.84884e-15 -1.62879e-16 -1 1.33663e-15 1.32276e-15 -1 -2.69946e-16 1.3445e-15 -1 1.29865e-16 2.93567e-15 -1 -2.74237e-15 7.01161e-16 -1 -6.19883e-15 -2.56139e-16 -1 1.32197e-15 5.26923e-15 -1 2.02512e-15 1.05899e-16 -1 1.35196e-15 3.76563e-15 -1 -1.58172e-15 3.43819e-15 -1 -2.11715e-15 7.25832e-16 -1 -1.13225e-15 5.08482e-16 -1 -1.24503e-15 9.53245e-16 -1 -9.84067e-16 3.83223e-15 -1 -1.40977e-15 3.3427e-15 -1 -2.2576e-15 -0 -0.999999 0 -0 -1 0 0 -1 0 0 -0.999999 0 0 -1 0 -0 -1 0 4.94681e-16 -1 -1.27303e-15 7.41134e-16 -1 -1.1212e-15 0 -1 0 0 -1 0 -0 -1 0 -0 -1 0 9.51565e-16 -1 -9.61061e-16 2.90562e-15 -1 -2.85344e-15 0 -1 0 2.8547e-15 -1 -2.88318e-15 0 -1 0 1.48404e-15 -1 -3.81908e-15 -2.8901e-14 -1 -2.25384e-14 -0 -0.999999 0 0 -0.999999 0 7.25832e-16 -1 -1.13225e-15 5.08482e-16 -1 -1.24503e-15 9.53245e-16 -1 -9.84067e-16 0 -0.999999 0 0 -1 -0 0 -1 0 -0 -0.999999 0 0 -1 0 0 -1 -0 0 -1 0 0 -1 0 0 -1 -0 0 -1 -0 0 -1 0 0 -1 0 9.68541e-16 -1 -9.51148e-16 1.27741e-15 -1 -4.69925e-16 1.11423e-15 -1 -7.52534e-16 1.14606e-15 -1 -7.05717e-16 1.25521e-15 -1 -5.27241e-16 0 -0.999999 0 0 -0.999999 0 9.78555e-16 -1 -9.14124e-16 0 -1 0 -0 -1 0 0 -1 0 -0 -1 0 -0 -0.999999 -0 -1.28607e-14 -1 5.95786e-14 1.01506e-14 -1 -4.3209e-15 -0 -1 0 0 -0.999999 -0 4.23062e-15 -1 8.18549e-15 9.5376e-15 -1 -6.55133e-15 5.26923e-15 -1 2.02512e-15 2.64981e-15 -1 9.29891e-15 1.05899e-16 -1 1.35196e-15 -2.56139e-16 -1 1.32197e-15 6.72696e-18 -1 1.35496e-15 -1.62879e-16 -1 1.33663e-15 -4.24e-16 -1 1.27651e-15 0 -0.999999 0 0 -0.999999 0 0 -1 0 -0 -1 0 0 -1 0 0 -1 -0 -0 -1 0 0 -1 0 0 -1 0 0 -1 -0 0 -1 0 1.28685e-15 -1 -4.37241e-16 0 -1 -0 -0 -0.999999 -0 1.3445e-15 -1 1.29865e-16 1.32276e-15 -1 -2.69946e-16 -0 -0.999999 0 -2.20076e-15 -1 -2.78022e-14 0 -1 0 -0 -1 0 -0 -0.999999 0 0 -0.999999 0 7.5907e-16 -1 -8.66246e-16 7.18821e-16 -1 -1.25509e-15 1.10199e-15 -1 8.29015e-16 8.59158e-16 -1 1.44846e-15 8.02755e-16 -1 9.0354e-16 1.10964e-15 -1 -8.46736e-16 1.06902e-15 -1 5.10522e-16 8.4558e-16 -1 1.45325e-15 4.64268e-15 -1 -9.1779e-17 1.29089e-15 -1 -6.27369e-16 1.22925e-15 -1 3.08783e-16 3.81519e-15 -1 -3.98019e-15 1.45922e-15 -1 9.98912e-16 4.33193e-16 -1 1.27493e-15 5.21473e-16 -1 1.24148e-15 -0 -0.999999 -0 1.73253e-16 -1 1.34498e-15 -0 -0.999999 0 -6.06814e-16 -1 -5.7594e-15 8.47613e-15 -1 -4.65257e-15 -8.50939e-15 -1 -7.84067e-15 -2.29008e-15 -1 -1.38864e-15 -2.67318e-15 -1 -5.17945e-16 -5.40494e-15 -1 -7.46237e-15 8.42756e-15 -1 -7.11908e-15 -2.48949e-15 -1 -1.01673e-15 -2.53262e-15 -1 -9.12041e-16 6.93363e-15 -1 -8.75295e-15 -3.92854e-15 -1 -8.62477e-15 -2.69316e-15 -1 -3.96649e-16 1.04648e-14 -0.999999 -3.76549e-14 2.40782e-15 -0.999999 -3.35513e-14 5.20525e-15 -1 -1.02345e-14 -2.29167e-15 -1 -9.87713e-15 -4.74273e-15 -1 3.06143e-15 -1.13459e-15 -1 -7.67962e-16 -7.52708e-16 -1 -1.11449e-15 1.88049e-14 -1 -2.06431e-14 2.4627e-14 -1 -2.70344e-14 -8.24564e-16 -1 1.15415e-14 -8.92231e-15 -1 -3.72607e-15 -2.28564e-15 -1 -1.46522e-15 -2.25647e-15 -1 -1.49157e-15 -1.48987e-15 -1 -2.28944e-15 -2.67454e-14 -1 -3.25914e-15 0 -0.999999 0 -7.77846e-15 -1 -1.18166e-14 -2.95059e-15 -1 1.06301e-14 -9.03742e-15 -1 -1.79594e-15 0 -1 0 -0 -1 -0 0 -0.999999 -0 2.47909e-14 -1 5.56814e-14 0 -1 0 0 -1 0 0 -1 0 -0 -1 -0 -0 -1 0 0 -1 -0 0 -1 0 -0 -0.999999 0 0 -0.999999 0 0 -1 -0 0 -1 0 -0 -1 -0 0 -0.999999 0 0 -1 0 -0 -0.999999 0 0 -0.999999 0 0 -0.999999 -0 -0 -1 -0 0 -1 0 0 -0.999999 0 0 -0.999999 -0 0 0.999999 0 0 0.999999 0 0 0.999999 0 0 0.999999 0 0 1 0 0 1 0 0 0.999999 0 0 0.999999 0 0 1 0 0 1 0 0 0.999999 0 0 1 0 0 1 0 0 1 0 0 0.999999 0 0 1 0 0 1 0 0 0.999999 0 0 1 0 -1.95044e-15 1 -9.99633e-16 0 0.999999 0 1.21258e-14 1 1.84208e-14 0 1 0 0 1 0 -4.05747e-14 1 -2.57598e-14 -1.67053e-15 1 -4.21329e-15 0 1 0 0 0.999999 0 0 1 0 2.50462e-14 1 4.06742e-14 0 1 0 -5.1943e-15 1 4.80142e-15 0 0.999999 0 -3.44519e-16 1 4.82225e-15 0 0.999999 0 1.14583e-15 1 4.93856e-15 -2.60262e-15 1 5.11723e-15 0 0.999999 0 1.96427e-15 1 4.31239e-15 -3.46681e-15 1 4.37648e-15 2.70247e-15 1 3.73118e-15 -4.21378e-15 1 3.55954e-15 3.55538e-15 1 3.27598e-15 -5.07165e-15 1 2.78385e-15 0 0.999999 0 0 0.999999 0 0 1 0 0 1 0 0 1 0 0 1 0 0 0.999999 0 0 0.999999 0 0 1 0 0 1 0 0 1 0 0 1 0 0 1 0 0 1 0 0 1 0 0 0.999999 0 0 1 0 0 1 0 0 0.999999 0 0 1 0 0 1 0 0 1 0 0 1 0 -4.52277e-14 1 1.53673e-14 0 1 0 0 0.999999 0 0 0.999999 0 -2.80903e-15 1 3.93474e-15 0 1 0 0 0.999999 0 0 0.999999 0 0 1 0 0 1 0 0 1 0 0 1 0 0 1 0 0 1 0 0 1 0 -4.16782e-17 1 -6.40457e-17 -5.32734e-17 1 -5.2747e-17 -5.25531e-17 1 -5.35142e-17 1.05617e-15 1 1.55553e-16 1.88442e-15 1 -1.93439e-15 -6.28904e-17 1 -4.15719e-17 -2.10613e-15 1 1.96145e-15 -4.26674e-17 1 -6.31751e-17 -6.23456e-17 1 -4.21994e-17 1.45805e-16 1 1.13191e-15 9.88388e-16 1 3.55936e-16 9.72001e-16 1 3.96974e-16 0 1 0 0 1 0 1.11748e-14 0.999999 1.25697e-14 1.56194e-14 0.999999 1.17425e-14 4.36227e-16 1 1.03853e-15 -1.27207e-15 1 1.67266e-15 -1.44907e-16 1 4.52333e-17 9.03836e-16 1 5.48059e-16 9.14268e-17 1 2.85387e-15 1.04231e-15 1 2.01955e-16 1.24684e-16 1 1.2046e-15 6.09189e-16 1 1.04698e-15 -3.81832e-16 1 1.14956e-15 2.41594e-16 1 1.18383e-15 -1.49331e-16 1 1.54567e-17 -1.50534e-16 1 7.47355e-19 5.99841e-18 1 1.20821e-15 -1.45267e-16 1 1.1921e-15 -1.511e-16 1 -1.45947e-17 -9.93113e-16 1 9.27723e-16 2.08402e-16 1 2.90949e-15 -1.47496e-16 1 3.01007e-17 -4.35806e-16 1 1.21018e-15 -2.28552e-16 1 1.17959e-15 -1.66736e-15 1 1.02825e-15 -8.90471e-16 1 9.19263e-16 -1.25852e-15 1 5.28633e-16 -1.15011e-15 1 7.08211e-16 0 0.999999 0 -4.89998e-16 1 1.19977e-15 -6.88131e-16 1 1.07344e-15 -1.11868e-15 1 7.55541e-16 -1.28818e-15 1 4.73888e-16 -2.56758e-15 1 1.00822e-14 0 1 0 0 0.999999 0 4.57554e-15 1 2.1833e-15 2.3781e-15 1 5.22536e-15 -7.02787e-16 1 1.06318e-15 -4.70506e-16 1 1.21081e-15 1.26014e-15 1 5.43915e-15 4.59626e-15 1 1.153e-15 5.51008e-15 1 2.55594e-16 -1.57429e-15 1 5.98316e-15 -9.01721e-16 1 9.10719e-16 -1.07029e-15 1 8.03876e-16 3.37825e-14 1 -3.3423e-14 -9.01721e-16 1 9.10719e-16 -9.24024e-16 1 5.34457e-15 -7.02787e-16 1 1.06318e-15 -4.70506e-16 1 1.21081e-15 0 0.999999 0 0 0.999999 0 -4.89998e-16 1 1.19977e-15 -6.88131e-16 1 1.07344e-15 -8.90471e-16 1 9.19263e-16 0 1 0 0 1 0 0 0.999999 0 0 0.999999 0 -1.45718e-15 1 1.43101e-15 0 1 0 0 1 0 -2.87266e-16 1 -7.20625e-17 -8.12834e-18 1 -2.87827e-16 -3.4438e-16 1 -1.59746e-17 3.37237e-14 1 -3.34139e-14 -3.51789e-15 1 -7.47513e-16 8.75103e-16 1 -5.06161e-15 -2.11307e-15 1 1.42713e-15 -2.43323e-15 1 8.95121e-16 -2.17243e-15 1 1.33773e-15 -2.37721e-15 1 9.9853e-16 0 0.999999 0 0 0.999999 0 -1.87588e-15 1 1.75237e-15 0 1 0 0 1 0 0 1 0 0 1 0 0 0.999999 0 0 1 0 0 1 0 0 0.999999 0 0 1 0 0 1 0 0 1 0 -4.35806e-16 1 1.21018e-15 0 1 0 1.01005e-16 1 1.28948e-15 -2.42837e-16 1 1.25331e-15 -1.87823e-15 1 1.00755e-15 5.99841e-18 1 1.20821e-15 -3.81832e-16 1 1.14956e-15 0 0.999999 0 0 0.999999 0 -1.03937e-15 1 4.62328e-15 4.2897e-15 1 3.57362e-15 -1.88096e-15 1 4.2056e-15 4.85351e-15 1 2.62102e-15 -1.24599e-16 1 5.7397e-15 1.89174e-14 1 1.13354e-14 3.17512e-15 1 3.95233e-15 -2.59664e-15 1 6.57965e-15 -5.61805e-15 1 7.86948e-15 5.60122e-16 1 5.77028e-15 -3.96934e-14 1 1.70534e-14 0 0.999999 0 -1.511e-16 1 -1.45947e-17 -1.47496e-16 1 3.01007e-17 0 0.999999 0 -1.49331e-16 1 1.54567e-17 -1.50534e-16 1 7.47355e-19 -1.44907e-16 1 4.52333e-17 0 0.999999 0 0 0.999999 0 0 1 0 0 1 0 0 1 0 0 1 0 1.24684e-16 1 1.2046e-15 0 1 0 0 1 0 0 1 0 2.41594e-16 1 1.18383e-15 6.09189e-16 1 1.04698e-15 0 1 0 0 1 0 0 1 0 4.65309e-16 1 1.10777e-15 3.86353e-16 1 1.13708e-15 0 0.999999 0 1.55526e-16 1 1.20737e-15 0 0.999999 0 -1.50254e-16 1 -1.83096e-17 0 1 0 0 1 0 -1.29119e-16 1 -7.82941e-17 -1.48902e-16 1 -2.88507e-17 0 1 0 0 1 0 -1.41198e-16 1 -5.0848e-17 -1.38857e-16 1 -5.67106e-17 0 1 0 0 1 0 -1.50882e-16 1 -2.22219e-17 0 0.999999 0 0 0.999999 0 0 1 0 0 1 0 -4.26674e-17 1 -6.31751e-17 -2.23529e-15 1 2.08807e-15 -6.23456e-17 1 -4.21994e-17 -5.25531e-17 1 -5.35142e-17 -5.32734e-17 1 -5.2747e-17 -1.56538e-15 1 -2.54214e-15 2.03062e-14 1 3.86947e-14 -6.28904e-17 1 -4.15719e-17 -1.93541e-16 1 8.54233e-17 -4.16782e-17 1 -6.40457e-17 0 0.999999 0 0 1 0 0 1 0 0 1 0 0 1 0 -4.6352e-14 1 -2.54522e-14 1.11369e-16 1 2.80886e-16 0 0.999999 0 0 1 0 0 1 0 0 1 0 -5.67472e-15 1 1.46492e-15 8.6694e-16 1 4.81763e-15 -4.52908e-15 1 2.19933e-15 0 1 0 -1.26847e-16 1 5.93082e-15 0 0.999999 0 0 0.999999 0 -4.56517e-15 1 3.48123e-15 -2.74106e-15 1 4.25497e-15 0 1 0 0 1 0 0 0.999999 0 0 0.999999 0 -1.28832e-14 0.999999 1.46927e-14 -8.36337e-15 0.999999 1.4592e-14 9.40553e-16 1 7.01068e-15 1.13413e-14 1 7.27039e-15 0 0.999999 0 0 0.999999 0 -0.00742699 3.46969e-15 -0.999972 -0.00742699 0 -0.999972 0.187801 8.62023e-15 -0.982207 0.187801 0 -0.982207 0.375811 8.82329e-15 -0.926696 0.375811 1.36312e-14 -0.926696 0.549379 -1.44949e-15 -0.835572 0.549379 1.37855e-14 -0.835572 0.701835 -4.78838e-15 -0.712339 0.701835 -1.23453e-15 -0.712339 0.82732 -5.84668e-15 -0.56173 0.82732 -3.75501e-15 -0.56173 0.921011 -6.03938e-15 -0.389534 0.921011 -4.06365e-15 -0.389534 0.979309 -3.14852e-15 -0.202369 0.979309 -3.11203e-15 -0.202369 0.999972 -1.15737e-16 -0.00742699 0.999972 -2.79086e-14 -0.00742699 0.982207 -2.33788e-14 0.187801 0.982207 2.93204e-15 0.187801 0.926696 5.864e-15 0.375811 0.926696 -1.99351e-14 0.375811 0.835572 -1.47114e-14 0.549379 0.835572 4.76511e-15 0.549379 0.712339 6.06975e-15 0.701835 0.712339 -1.12489e-14 0.701835 0.56173 -5.50393e-15 0.82732 0.56173 2.87034e-15 0.82732 0.389534 3.21491e-15 0.921011 0.389534 -6.01865e-15 0.921011 0.202369 -5.14386e-16 0.979309 0.202369 -1.69883e-15 0.979309 0.00742699 -1.73444e-15 0.999972 0.00742699 -1.94082e-15 0.999972 -0.187801 3.51068e-15 0.982207 -0.187801 1.8048e-15 0.982207 -0.375811 7.22712e-15 0.926696 -0.375811 7.85486e-16 0.926696 -0.549379 6.58414e-15 0.835572 -0.549379 -1.01464e-14 0.835572 -0.701835 -1.11214e-14 0.712339 -0.701835 -8.64168e-15 0.712339 -0.82732 -1.07189e-14 0.56173 -0.82732 -8.79599e-15 0.56173 -0.921011 -7.39084e-15 0.389534 -0.921011 -7.43287e-15 0.389534 -0.979309 -3.83966e-15 0.202369 -0.979309 -3.85789e-15 0.202369 -0.999972 -1.40916e-16 0.00742699 -0.999972 -1.41456e-16 0.00742699 -0.982207 2.60626e-15 -0.187801 -0.982207 3.57498e-15 -0.187801 -0.926696 -2.05055e-14 -0.375811 -0.926696 5.22101e-15 -0.375811 -0.835572 3.81208e-15 -0.549379 -0.835572 -1.55859e-14 -0.549379 -0.712339 4.86996e-15 -0.701835 -0.712339 4.83522e-15 -0.701835 -0.56173 2.87034e-15 -0.82732 -0.56173 5.76112e-15 -0.82732 -0.389534 0 -0.921011 -0.389534 3.18919e-15 -0.921011 -0.202369 0 -0.979309 -0.202369 3.39766e-15 -0.979309 0.00742699 0 0.999972 0.00742699 -0 0.999972 -0.187801 0 0.982207 -0.187801 0 0.982207 -0.375811 -3.21512e-15 0.926696 -0.375811 0 0.926696 -0.549379 0 0.835573 -0.549379 -2.91657e-15 0.835573 -0.701835 0 0.712339 -0.701835 0 0.712339 -0.82732 -1.94889e-15 0.56173 -0.82732 0 0.56173 -0.921012 0 0.389534 -0.921012 -1.35026e-15 0.389534 -0.979309 0 0.202369 -0.979309 -7.02109e-16 0.202369 -0.999972 -2.53174e-17 0.00742699 -0.999972 -1.28838e-17 0.00742699 -0.982207 3.24063e-16 -0.187801 -0.982207 3.25782e-16 -0.187801 -0.926696 6.48126e-16 -0.375811 -0.926696 6.51928e-16 -0.375811 -0.835573 9.18178e-16 -0.549379 -0.835573 9.53021e-16 -0.549379 -0.712339 1.18823e-15 -0.701835 -0.712339 2.43498e-15 -0.701835 -0.56173 2.86256e-15 -0.82732 -0.56173 1.43517e-15 -0.82732 -0.389534 1.62031e-15 -0.921012 -0.389534 0 -0.921012 -0.202369 0 -0.979309 -0.00742699 1.73468e-15 -0.999972 -0.202369 1.69883e-15 -0.979309 -0.00742699 0 -0.999972 0.187801 0 -0.982207 0.187801 0 -0.982207 0.375811 1.60756e-15 -0.926696 0.375811 0 -0.926696 0.549379 0 -0.835573 0.549379 1.45828e-15 -0.835573 0.701835 2.47142e-15 -0.712339 0.701835 0 -0.712339 0.82732 9.74446e-16 -0.56173 0.82732 1.94438e-15 -0.56173 0.979309 7.02109e-16 -0.202369 0.921012 1.35147e-15 -0.389534 0.921012 6.48126e-16 -0.389534 0.979309 3.51055e-16 -0.202369 0.982207 -6.51564e-16 0.187801 0.999972 2.57675e-17 -0.00742699 0.999972 1.26587e-17 -0.00742699 0.982207 -3.25782e-16 0.187801 0.926696 -1.30386e-15 0.375811 0.926696 -6.48126e-16 0.375811 0.712339 -0 0.701835 0.835573 -0 0.549379 0.835573 -1.89037e-15 0.549379 0.712339 -2.43498e-15 0.701835 0.389534 -0 0.921012 0.56173 -0 0.82732 0.56173 -2.86256e-15 0.82732 0.389534 -0 0.921012 0.202369 -0 0.979309 0.202369 0 0.979309 8.26739e-16 -1 4.21736e-16 0 -1 -0 0 -1 0 0 -1 0 0 -1 0 3.03603e-16 -1 -2.06139e-16 3.03603e-16 -1 -2.06139e-16 0 -1 0 3.37986e-16 -1 -1.42948e-16 3.37986e-16 -1 -1.42948e-16 0 -1 0 0 -1 0 3.59379e-16 -1 -7.42638e-17 3.59379e-16 -1 -7.42638e-17 0 -1 -0 0 -1 0 0 -1 0 3.66962e-16 -1 -2.7255e-18 3.66962e-16 -1 -2.7255e-18 0 -1 -0 3.60443e-16 -1 6.89176e-17 3.60442e-16 -1 6.89176e-17 0 -1 -0 0 -1 0 3.40072e-16 -1 1.37912e-16 3.40072e-16 -1 1.37912e-16 0 -1 -0 0 -1 0 5.58976e-16 -1 -6.91524e-16 3.06632e-16 -1 2.01607e-16 6.83145e-16 -1 -5.69185e-16 2.61408e-16 -1 2.57554e-16 -8.94361e-15 -1 1.10644e-14 4.18253e-15 -1 4.12086e-15 3.06632e-16 -1 2.01607e-16 3.06632e-16 -1 2.01607e-16 3.40072e-16 -1 1.37912e-16 3.29823e-15 -1 4.85765e-15 3.29823e-15 -1 4.85765e-15 3.40072e-16 -1 1.37912e-16 2.28717e-15 -1 5.40777e-15 2.28717e-15 -1 5.40777e-15 3.60443e-16 -1 6.89176e-17 3.60442e-16 -1 6.89176e-17 1.18822e-15 -1 5.75006e-15 4.3608e-17 -1 5.87139e-15 1.18822e-15 -1 5.75007e-15 3.66962e-16 -1 -2.7255e-18 3.59379e-16 -1 -7.42638e-17 3.66962e-16 -1 -2.7255e-18 -1.10268e-15 -1 5.76708e-15 4.3608e-17 -1 5.87139e-15 3.59379e-16 -1 -7.42638e-17 -1.10268e-15 -1 5.76708e-15 -5.06978e-15 -1 2.14422e-15 -4.55405e-15 -1 3.09209e-15 4.56888e-15 -1 1.34404e-14 -2.20659e-15 -1 5.44114e-15 -2.2066e-15 -1 5.44114e-15 -3.86331e-15 -1 3.92113e-15 -4.55405e-15 -1 3.09209e-15 -3.0241e-15 -1 4.59948e-15 -2.43842e-15 -1 5.31943e-15 -3.86331e-15 -1 3.92113e-15 -6.91524e-16 1 -5.58976e-16 0 1 0 -0 1 0 -3.03603e-16 1 2.06139e-16 -2.57554e-16 1 2.61408e-16 0 1 0 -0 1 0 -3.37986e-16 1 1.42948e-16 -3.03603e-16 1 2.06139e-16 0 1 0 -0 1 0 -3.59379e-16 1 7.42638e-17 -3.37986e-16 1 1.42948e-16 0 1 0 0 1 0 -3.66962e-16 1 2.7255e-18 -3.59379e-16 1 7.42638e-17 0 1 0 0 1 0 -3.60443e-16 1 -6.89176e-17 -3.66962e-16 1 2.7255e-18 0 1 0 0 1 0 -3.60442e-16 1 -6.89176e-17 -3.40072e-16 1 -1.37912e-16 0 1 0 0 1 0 -3.40072e-16 1 -1.37912e-16 0 1 0 -7.19957e-16 1 5.8568e-16 -0 1 0 -8.20384e-16 1 4.3397e-16 -3.06632e-16 1 -2.01607e-16 8.94361e-15 1 -1.10644e-14 -4.18253e-15 1 -4.12086e-15 -3.06632e-16 1 -2.01607e-16 -3.40072e-16 1 -1.37912e-16 -3.29823e-15 1 -4.85765e-15 -3.29823e-15 1 -4.85765e-15 -3.60442e-16 1 -6.89176e-17 -3.40072e-16 1 -1.37912e-16 -2.28717e-15 1 -5.40777e-15 -2.28717e-15 1 -5.40777e-15 -3.60443e-16 1 -6.89176e-17 -3.66962e-16 1 2.7255e-18 -4.3608e-17 1 -5.87139e-15 -1.18822e-15 1 -5.75006e-15 -1.18822e-15 1 -5.75007e-15 -3.59379e-16 1 7.42638e-17 -3.66962e-16 1 2.7255e-18 -4.3608e-17 1 -5.87139e-15 -3.37986e-16 1 1.42948e-16 -3.59379e-16 1 7.42638e-17 1.10268e-15 1 -5.76708e-15 2.20659e-15 1 -5.44114e-15 1.10268e-15 1 -5.76708e-15 4.55405e-15 1 -3.09209e-15 -1.7298e-15 1 -1.46412e-14 2.2066e-15 1 -5.44114e-15 4.55405e-15 1 -3.09209e-15 3.0241e-15 1 -4.59948e-15 3.86331e-15 1 -3.92113e-15 3.86331e-15 1 -3.92113e-15 2.43842e-15 1 -5.31943e-15 -0.00742699 3.46969e-15 -0.999972 -0.00742699 0 -0.999972 0.187801 8.62023e-15 -0.982207 0.187801 0 -0.982207 0.375811 1.3646e-14 -0.926696 0.375811 1.36569e-14 -0.926696 0.549379 -1.44949e-15 -0.835572 0.549379 1.81578e-14 -0.835572 0.701835 -3.70713e-15 -0.712339 0.701835 -1.23453e-15 -0.712339 0.82732 -4.75042e-15 -0.56173 0.82732 -2.932e-15 -0.56173 0.921011 -5.36364e-15 -0.389534 0.921011 -3.29207e-15 -0.389534 0.979309 -3.13755e-15 -0.202369 0.979309 -2.79054e-15 -0.202369 0.999972 -1.14933e-16 -0.00742699 0.999972 -2.78957e-14 -0.00742699 0.982207 -2.37003e-14 0.187801 0.982207 3.23746e-15 0.187801 0.926696 6.48126e-15 0.375811 0.926696 -2.0587e-14 0.375811 0.835572 -1.56888e-14 0.549379 0.835572 4.76511e-15 0.549379 0.712339 6.12119e-15 0.701835 0.712339 -1.24664e-14 0.701835 0.56173 -6.99564e-15 0.82732 0.56173 1.66675e-14 0.82732 0.389534 1.20109e-14 0.921011 0.389534 -9.21405e-15 0.921011 0.202369 -3.90933e-15 0.979309 0.202369 -1.69883e-15 0.979309 0.00742699 -1.73444e-15 0.999972 0.00742699 -1.94082e-15 0.999972 -0.187801 3.51068e-15 0.982207 -0.187801 -8.51928e-15 0.982207 -0.375811 -8.02442e-15 0.926696 -0.375811 2.39305e-15 0.926696 -0.549379 8.02442e-15 0.835572 -0.549379 -1.15959e-14 0.835572 -0.701835 -9.73122e-15 0.712339 -0.701835 -9.8762e-15 0.712339 -0.82732 -1.15715e-14 0.56173 -0.82732 -7.66435e-15 0.56173 -0.921011 -8.06658e-15 0.389534 -0.921011 -8.02442e-15 0.389534 -0.979309 -4.19071e-15 0.202369 -0.979309 -4.16652e-15 0.202369 -0.999972 -1.28234e-16 0.00742699 -0.999972 -1.54316e-16 0.00742699 -0.982207 2.60626e-15 -0.187801 -0.982207 3.24063e-15 -0.187801 -0.926696 -2.1239e-14 -0.375811 -0.926696 5.22101e-15 -0.375811 -0.835572 5.71813e-15 -0.549379 -0.835572 -1.66147e-14 -0.549379 -0.712339 4.86996e-15 -0.701835 -0.712339 7.30428e-15 -0.701835 -0.56173 2.87034e-15 -0.82732 -0.56173 5.76112e-15 -0.82732 -0.389534 3.1954e-15 -0.921011 -0.389534 3.21491e-15 -0.921011 -0.202369 3.39494e-15 -0.979309 -0.202369 3.39766e-15 -0.979309 0.00742699 0 0.999972 0.00742699 -0 0.999972 -0.187801 -3.40771e-15 0.982207 -0.187801 0 0.982207 -0.375811 -3.21512e-15 0.926696 -0.375811 -3.18662e-15 0.926696 -0.549379 0 0.835573 -0.549379 -2.91657e-15 0.835573 -0.701835 0 0.712339 -0.701835 0 0.712339 -0.82732 -9.74446e-16 0.56173 -0.82732 0 0.56173 -0.921012 0 0.389534 -0.921012 -6.48126e-16 0.389534 -0.979309 0 0.202369 -0.979309 -6.80168e-16 0.202369 -0.999972 -2.44735e-17 0.00742699 -0.999972 -1.28838e-17 0.00742699 -0.982207 3.24063e-16 -0.187801 -0.982207 0 -0.187801 -0.926696 0 -0.375811 -0.926696 1.30386e-15 -0.375811 -0.835573 1.89037e-15 -0.549379 -0.835573 0 -0.549379 -0.712339 0 -0.701835 -0.712339 1.21749e-15 -0.701835 -0.56173 1.40427e-15 -0.82732 -0.56173 1.43517e-15 -0.82732 -0.389534 1.5663e-15 -0.921012 -0.389534 0 -0.921012 -0.202369 0 -0.979309 -0.00742699 1.73468e-15 -0.999972 -0.202369 1.69883e-15 -0.979309 -0.00742699 1.73468e-15 -0.999972 0.187801 1.70133e-15 -0.982207 0.187801 0 -0.982207 0.375811 0 -0.926696 0.375811 0 -0.926696 0.549379 0 -0.835573 0.549379 0 -0.835573 0.701835 2.47142e-15 -0.712339 0.701835 0 -0.712339 0.82732 1.94889e-15 -0.56173 0.82732 1.94438e-15 -0.56173 0.979309 7.02109e-16 -0.202369 0.921012 1.35147e-15 -0.389534 0.921012 1.35026e-15 -0.389534 0.979309 3.51055e-16 -0.202369 0.982207 -6.51564e-16 0.187801 0.999972 2.57675e-17 -0.00742699 0.999972 1.26587e-17 -0.00742699 0.982207 -6.51564e-16 0.187801 0.926696 -2.60771e-15 0.375811 0.926696 -1.29625e-15 0.375811 0.712339 -0 0.701835 0.835573 -0 0.549379 0.835573 -3.78073e-15 0.549379 0.712339 -0 0.701835 0.389534 -0 0.921012 0.56173 -0 0.82732 0.56173 0 0.82732 0.389534 -6.3908e-15 0.921012 0.202369 -0 0.979309 0.202369 -6.77832e-15 0.979309 8.26739e-16 -1 4.21736e-16 0 -1 -0 0 -1 0 0 -1 0 0 -1 0 3.03603e-16 -1 -2.06139e-16 3.03603e-16 -1 -2.06139e-16 0 -1 0 3.37986e-16 -1 -1.42948e-16 3.37986e-16 -1 -1.42948e-16 0 -1 0 0 -1 0 3.59379e-16 -1 -7.42638e-17 3.59379e-16 -1 -7.42638e-17 0 -1 -0 0 -1 0 0 -1 0 3.66962e-16 -1 -2.7255e-18 3.66962e-16 -1 -2.7255e-18 0 -1 -0 3.60443e-16 -1 6.89176e-17 3.60442e-16 -1 6.89176e-17 0 -1 -0 0 -1 0 3.40072e-16 -1 1.37912e-16 3.40072e-16 -1 1.37912e-16 0 -1 -0 0 -1 0 5.58976e-16 -1 -6.91524e-16 3.06632e-16 -1 2.01607e-16 6.83145e-16 -1 -5.69185e-16 2.61408e-16 -1 2.57554e-16 -8.94361e-15 -1 1.10644e-14 4.18253e-15 -1 4.12086e-15 3.06632e-16 -1 2.01607e-16 3.06632e-16 -1 2.01607e-16 3.40072e-16 -1 1.37912e-16 3.29823e-15 -1 4.85765e-15 3.29823e-15 -1 4.85765e-15 3.40072e-16 -1 1.37912e-16 2.28717e-15 -1 5.40777e-15 2.28717e-15 -1 5.40777e-15 3.60443e-16 -1 6.89176e-17 3.60442e-16 -1 6.89176e-17 1.18822e-15 -1 5.75006e-15 4.3608e-17 -1 5.87139e-15 1.18822e-15 -1 5.75007e-15 3.66962e-16 -1 -2.7255e-18 3.59379e-16 -1 -7.42638e-17 3.66962e-16 -1 -2.7255e-18 -1.10268e-15 -1 5.76708e-15 4.3608e-17 -1 5.87139e-15 3.59379e-16 -1 -7.42638e-17 -1.10268e-15 -1 5.76708e-15 -5.06978e-15 -1 2.14422e-15 -4.55405e-15 -1 3.09209e-15 4.56888e-15 -1 1.34404e-14 -2.20659e-15 -1 5.44114e-15 -2.2066e-15 -1 5.44114e-15 -3.86331e-15 -1 3.92113e-15 -4.55405e-15 -1 3.09209e-15 -3.0241e-15 -1 4.59948e-15 -2.43842e-15 -1 5.31943e-15 -3.86331e-15 -1 3.92113e-15 0 1 0 0 1 0 -0 1 0 0 1 0 0 1 0 0 1 0 -0 1 0 0 1 0 0 1 0 0 1 0 -0 1 0 -0 1 0 0 1 0 0 1 0 0 1 0 -0 1 0 0 1 0 0 1 0 0 1 0 0 1 0 -0 1 0 0 1 0 0 1 0 -0 1 0 0 1 0 0 1 0 0 1 0 -0 1 0 0 1 0 0 1 0 -0 1 0 -0 1 0 0 1 0 8.94361e-15 1 -1.10644e-14 -4.18253e-15 1 -4.12086e-15 -0 1 0 0 1 0 -3.29823e-15 1 -4.85765e-15 -3.29823e-15 1 -4.85765e-15 0 1 0 -0 1 0 -2.28717e-15 1 -5.40777e-15 -2.28717e-15 1 -5.40777e-15 -0 1 0 0 1 0 -4.3608e-17 1 -5.87139e-15 -1.18822e-15 1 -5.75006e-15 -1.18822e-15 1 -5.75007e-15 -0 1 0 0 1 0 -4.3608e-17 1 -5.87139e-15 0 1 0 0 1 0 1.10268e-15 1 -5.76708e-15 2.20659e-15 1 -5.44114e-15 1.10268e-15 1 -5.76708e-15 4.85765e-15 1 -3.29823e-15 -1.39181e-15 1 -1.47841e-14 2.2066e-15 1 -5.44114e-15 4.85765e-15 1 -3.29823e-15 3.22571e-15 1 -4.90611e-15 4.12086e-15 1 -4.18253e-15 4.12086e-15 1 -4.18253e-15 3.22571e-15 1 -4.90611e-15</float_array>
   <technique_common><accessor source="#na" count="3040" stride="3">
    <param name="X" type="float"/><param name="Y" type="float"/><param name="Z" type="float"/>
   </accessor></technique_common></source>
  <vertices id="v"><input semantic="POSITION" source="#p"/></vertices>
  <triangles material="m" count="3040">
   <input semantic="VERTEX" source="#v" offset="0"/><input semantic="NORMAL" source="#n" offset="1"/>
   <p>1038 0 1033 0 1032 0 1038 1 1039 1 1033 1 1022 2 1023 2 1039 2 1022 3 1011 3 1023 3 1022 4 1039 4 1038 4 1010 5 1011 5 1022 5 984 6 985 6 1011 6 984 7 1011 7 1010 7 930 8 931 8 985 8 930 9 875 9 931 9 930 10 985 10 984 10 874 11 875 11 930 11 822 12 823 12 875 12 822 13 875 13 874 13 776 14 777 14 823 14 776 15 823 15 822 15 718 16 777 16 776 16 718 17 719 17 777 17 670 18 719 18 718 18 670 19 671 19 719 19 670 20 619 20 671 20 618 21 619 21 670 21 564 22 619 22 618 22 564 23 565 23 619 23 512 24 565 24 564 24 512 25 513 25 565 25 512 26 483 26 513 26 482 27 483 27 512 27 470 28 483 28 482 28 470 29 471 29 483 29 470 30 455 30 471 30 454 31 455 31 470 31 454 32 449 32 455 32 448 33 449 33 454 33 464 34 449 34 448 34 464 35 465 35 449 35 476 36 465 36 464 36 476 37 477 37 465 37 502 38 477 38 476 38 502 39 503 39 477 39 556 40 557 40 503 40 556 41 503 41 502 41 556 42 613 42 557 42 612 43 613 43 556 43 664 44 665 44 613 44 664 45 613 45 612 45 710 46 711 46 665 46 710 47 665 47 664 47 768 48 769 48 711 48 768 49 817 49 769 49 768 50 711 50 710 50 816 51 869 51 817 51 816 52 817 52 768 52 868 53 923 53 869 53 868 54 869 54 816 54 922 55 923 55 868 55 974 56 975 56 923 56 974 57 923 57 922 57 1004 58 1005 58 975 58 1004 59 1017 59 1005 59 1004 60 975 60 974 60 1016 61 1017 61 1004 61 1032 62 1033 62 1017 62 1032 63 1017 63 1016 63 858 64 922 64 868 64 884 65 974 65 922 65 884 66 922 66 858 66 828 67 868 67 816 67 828 68 858 68 868 68 902 69 1004 69 974 69 902 70 974 70 884 70 802 71 816 71 768 71 802 72 828 72 816 72 936 73 1016 73 1004 73 936 74 1004 74 902 74 756 75 768 75 710 75 756 76 802 76 768 76 950 77 1032 77 1016 77 950 78 1016 78 936 78 726 79 710 79 664 79 726 80 756 80 710 80 959 81 1038 81 1032 81 959 82 1032 82 950 82 680 83 664 83 612 83 680 84 726 84 664 84 945 85 1022 85 1038 85 945 86 1038 86 959 86 654 87 680 87 612 87 556 88 654 88 612 88 915 89 1010 89 1022 89 915 90 1022 90 945 90 624 91 654 91 556 91 502 92 624 92 556 92 984 93 1010 93 915 93 984 94 915 94 893 94 598 95 624 95 502 95 867 96 984 96 893 96 476 97 580 97 598 97 476 98 598 98 502 98 930 99 984 99 867 99 837 100 930 100 867 100 464 101 580 101 476 101 464 102 546 102 580 102 874 103 930 103 837 103 874 104 837 104 811 104 448 105 546 105 464 105 448 106 532 106 546 106 822 107 811 107 765 107 822 108 874 108 811 108 454 109 532 109 448 109 454 110 541 110 532 110 776 111 765 111 735 111 776 112 822 112 765 112 470 113 555 113 541 113 470 114 541 114 454 114 718 115 735 115 689 115 718 116 776 116 735 116 482 117 589 117 555 117 482 118 555 118 470 118 670 119 689 119 663 119 670 120 718 120 689 120 512 121 607 121 589 121 512 122 589 122 482 122 618 123 670 123 663 123 564 124 633 124 607 124 564 125 663 125 633 125 564 126 607 126 512 126 564 127 618 127 663 127 541 128 554 128 540 128 555 129 588 129 554 129 555 130 554 130 541 130 589 131 606 131 588 131 589 132 588 132 555 132 607 133 632 133 606 133 607 134 606 134 589 134 633 135 662 135 632 135 633 136 632 136 607 136 663 137 688 137 662 137 663 138 662 138 633 138 689 139 734 139 688 139 689 140 688 140 663 140 735 141 764 141 734 141 735 142 734 142 689 142 765 143 810 143 764 143 765 144 764 144 735 144 811 145 810 145 765 145 811 146 836 146 810 146 837 147 836 147 811 147 837 148 866 148 836 148 867 149 866 149 837 149 867 150 892 150 866 150 893 151 914 151 892 151 893 152 892 152 867 152 915 153 914 153 893 153 945 154 944 154 914 154 945 155 914 155 915 155 959 156 944 156 945 156 959 157 949 157 958 157 959 158 958 158 944 158 950 159 935 159 949 159 950 160 949 160 959 160 936 161 901 161 935 161 936 162 935 162 950 162 902 163 883 163 901 163 902 164 901 164 936 164 884 165 857 165 883 165 884 166 883 166 902 166 858 167 827 167 857 167 858 168 857 168 884 168 828 169 827 169 858 169 802 170 755 170 801 170 802 171 801 171 827 171 802 172 827 172 828 172 756 173 755 173 802 173 726 174 725 174 755 174 726 175 755 175 756 175 680 176 679 176 725 176 680 177 725 177 726 177 654 178 623 178 653 178 654 179 653 179 679 179 654 180 679 180 680 180 624 181 623 181 654 181 598 182 597 182 623 182 598 183 623 183 624 183 580 184 545 184 578 184 580 185 578 185 597 185 580 186 597 186 598 186 546 187 531 187 545 187 546 188 545 188 580 188 532 189 540 189 531 189 532 190 531 190 546 190 541 191 540 191 532 191 1475 192 1458 192 1474 192 1459 193 1458 193 1475 193 1443 194 1442 194 1458 194 1443 195 1458 195 1459 195 1427 196 1426 196 1442 196 1427 197 1442 197 1443 197 1399 198 1398 198 1426 198 1399 199 1426 199 1427 199 1363 200 1362 200 1398 200 1363 201 1398 201 1399 201 1347 202 1338 202 1346 202 1347 203 1346 203 1362 203 1347 204 1362 204 1363 204 1339 205 1322 205 1338 205 1339 206 1338 206 1347 206 1323 207 1314 207 1322 207 1323 208 1322 208 1339 208 1315 209 1314 209 1323 209 1319 210 1330 210 1318 210 1319 211 1318 211 1314 211 1319 212 1314 212 1315 212 1331 213 1342 213 1330 213 1331 214 1330 214 1319 214 1343 215 1342 215 1331 215 1355 216 1354 216 1342 216 1355 217 1342 217 1343 217 1379 218 1410 218 1378 218 1379 219 1378 219 1354 219 1379 220 1354 220 1355 220 1411 221 1410 221 1379 221 1329 222 1328 222 1350 222 1351 223 1329 223 1350 223 1385 224 1350 224 1384 224 1385 225 1351 225 1350 225 1411 226 1384 226 1410 226 1411 227 1385 227 1384 227 1329 228 1308 228 1328 228 1309 229 1308 229 1329 229 1295 230 1294 230 1308 230 1295 231 1308 231 1309 231 1275 232 1274 232 1294 232 1275 233 1294 233 1295 233 1247 234 1242 234 1246 234 1247 235 1246 235 1274 235 1247 236 1274 236 1275 236 1243 237 1242 237 1247 237 1231 238 1230 238 1242 238 1231 239 1242 239 1243 239 1223 240 1214 240 1222 240 1223 241 1222 241 1230 241 1223 242 1230 242 1231 242 1215 243 1214 243 1223 243 1205 244 1204 244 1214 244 1205 245 1214 245 1215 245 1197 246 1184 246 1196 246 1197 247 1196 247 1204 247 1197 248 1204 248 1205 248 1185 249 1184 249 1197 249 1187 250 1186 250 1184 250 1187 251 1184 251 1185 251 1199 252 1206 252 1198 252 1199 253 1198 253 1186 253 1199 254 1186 254 1187 254 1207 255 1206 255 1199 255 1219 256 1218 256 1206 256 1219 257 1206 257 1207 257 1171 258 1158 258 1170 258 1171 259 1159 259 1158 259 1179 260 1170 260 1178 260 1179 261 1171 261 1170 261 1219 262 1178 262 1218 262 1219 263 1179 263 1178 263 1159 264 1154 264 1158 264 1155 265 1154 265 1159 265 1147 266 1146 266 1154 266 1147 267 1154 267 1155 267 1131 268 1130 268 1146 268 1131 269 1146 269 1147 269 1111 270 1102 270 1110 270 1111 271 1110 271 1130 271 1111 272 1130 272 1131 272 1103 273 1102 273 1111 273 1099 274 1098 274 1102 274 1099 275 1102 275 1103 275 1083 276 1082 276 1098 276 1083 277 1098 277 1099 277 1059 278 1058 278 1082 278 1059 279 1082 279 1083 279 1047 280 1014 280 1046 280 1047 281 1046 281 1058 281 1047 282 1058 282 1059 282 1015 283 1014 283 1047 283 999 284 998 284 1014 284 999 285 1014 285 1015 285 987 286 986 286 998 286 987 287 998 287 999 287 969 288 966 288 968 288 969 289 968 289 986 289 969 290 986 290 987 290 967 291 966 291 969 291 977 292 976 292 966 292 977 293 966 293 967 293 841 294 788 294 840 294 841 295 789 295 788 295 897 296 840 296 896 296 897 297 841 297 840 297 977 298 896 298 976 298 977 299 897 299 896 299 787 300 788 300 789 300 787 301 786 301 788 301 773 302 772 302 786 302 773 303 786 303 787 303 747 304 738 304 746 304 747 305 746 305 772 305 747 306 772 306 773 306 739 307 738 307 747 307 693 308 692 308 738 308 693 309 738 309 739 309 675 310 640 310 674 310 675 311 674 311 692 311 675 312 692 312 693 312 641 313 640 313 675 313 611 314 610 314 640 314 611 315 640 315 641 315 567 316 566 316 610 316 567 317 610 317 611 317 523 318 522 318 566 318 523 319 566 319 567 319 487 320 486 320 522 320 487 321 522 321 523 321 463 322 462 322 486 322 463 323 486 323 487 323 439 324 438 324 462 324 439 325 462 325 463 325 435 326 418 326 434 326 435 327 434 327 438 327 435 328 438 328 439 328 419 329 418 329 435 329 383 330 354 330 382 330 383 331 355 331 354 331 395 332 382 332 394 332 395 333 383 333 382 333 419 334 394 334 418 334 419 335 395 335 394 335 367 336 354 336 355 336 367 337 366 337 354 337 375 338 374 338 366 338 375 339 366 339 367 339 373 340 372 340 374 340 373 341 374 341 375 341 365 342 364 342 372 342 365 343 372 343 373 343 353 344 352 344 364 344 353 345 364 345 365 345 347 346 346 346 352 346 347 347 352 347 353 347 339 348 338 348 346 348 339 349 346 349 347 349 327 350 326 350 338 350 327 351 338 351 339 351 323 352 322 352 326 352 323 353 326 353 327 353 315 354 314 354 322 354 315 355 322 355 323 355 299 356 298 356 314 356 299 357 314 357 315 357 275 358 274 358 298 358 275 359 298 359 299 359 263 360 262 360 274 360 263 361 274 361 275 361 255 362 254 362 262 362 255 363 262 363 263 363 251 364 250 364 254 364 251 365 254 365 255 365 207 366 186 366 206 366 207 367 187 367 186 367 239 368 206 368 238 368 239 369 207 369 206 369 251 370 238 370 250 370 251 371 239 371 238 371 199 372 186 372 187 372 199 373 198 373 186 373 211 374 210 374 198 374 211 375 198 375 199 375 223 376 222 376 210 376 223 377 210 377 211 377 231 378 230 378 222 378 231 379 222 379 223 379 235 380 234 380 230 380 235 381 230 381 231 381 227 382 226 382 234 382 227 383 234 383 235 383 219 384 218 384 226 384 219 385 226 385 227 385 203 386 202 386 218 386 203 387 218 387 219 387 191 388 190 388 202 388 191 389 202 389 203 389 181 390 180 390 190 390 181 391 190 391 191 391 155 392 130 392 154 392 155 393 154 393 180 393 155 394 180 394 181 394 131 395 130 395 155 395 95 396 94 396 130 396 95 397 130 397 131 397 67 398 66 398 94 398 67 399 94 399 95 399 51 400 50 400 66 400 51 401 66 401 67 401 27 402 22 402 26 402 27 403 23 403 22 403 43 404 26 404 42 404 43 405 42 405 50 405 43 406 27 406 26 406 51 407 43 407 50 407 39 408 22 408 23 408 39 409 38 409 22 409 59 410 58 410 38 410 59 411 38 411 39 411 75 412 86 412 74 412 75 413 74 413 58 413 75 414 58 414 59 414 87 415 104 415 86 415 87 416 86 416 75 416 105 417 104 417 87 417 119 418 118 418 104 418 119 419 104 419 105 419 123 420 114 420 122 420 123 421 122 421 118 421 123 422 118 422 119 422 115 423 114 423 123 423 99 424 82 424 98 424 99 425 98 425 114 425 99 426 114 426 115 426 83 427 82 427 99 427 69 428 52 428 68 428 69 429 68 429 82 429 69 430 82 430 83 430 53 431 52 431 69 431 33 432 16 432 32 432 33 433 32 433 52 433 33 434 52 434 53 434 17 435 16 435 33 435 1 436 0 436 16 436 1 437 16 437 17 437 9 438 12 438 8 438 9 439 13 439 12 439 5 440 8 440 4 440 5 441 9 441 8 441 1 442 4 442 0 442 1 443 5 443 4 443 29 444 12 444 13 444 29 445 28 445 12 445 45 446 60 446 44 446 45 447 44 447 28 447 45 448 28 448 29 448 61 449 60 449 45 449 89 450 88 450 60 450 89 451 60 451 61 451 125 452 140 452 124 452 125 453 124 453 88 453 125 454 88 454 89 454 141 455 140 455 125 455 149 456 164 456 148 456 149 457 148 457 140 457 149 458 140 458 141 458 165 459 164 459 149 459 173 460 172 460 164 460 173 461 164 461 165 461 169 462 168 462 172 462 169 463 172 463 173 463 157 464 156 464 168 464 157 465 168 465 169 465 145 466 144 466 156 466 145 467 156 467 157 467 133 468 108 468 132 468 133 469 132 469 144 469 133 470 144 470 145 470 109 471 108 471 133 471 77 472 76 472 108 472 77 473 108 473 109 473 137 474 158 474 136 474 137 475 159 475 158 475 103 476 136 476 102 476 103 477 137 477 136 477 77 478 102 478 76 478 77 479 103 479 102 479 179 480 158 480 159 480 179 481 178 481 158 481 193 482 212 482 192 482 193 483 192 483 178 483 193 484 178 484 179 484 213 485 212 485 193 485 241 486 240 486 212 486 241 487 212 487 213 487 245 488 244 488 240 488 245 489 240 489 241 489 257 490 264 490 256 490 257 491 256 491 244 491 257 492 244 492 245 492 265 493 264 493 257 493 273 494 272 494 264 494 273 495 264 495 265 495 283 496 282 496 272 496 283 497 272 497 273 497 291 498 290 498 282 498 291 499 282 499 283 499 303 500 300 500 302 500 303 501 302 501 290 501 303 502 290 502 291 502 301 503 300 503 303 503 289 504 280 504 288 504 289 505 288 505 300 505 289 506 300 506 301 506 281 507 268 507 280 507 281 508 280 508 289 508 269 509 268 509 281 509 329 510 328 510 316 510 317 511 329 511 316 511 309 512 316 512 308 512 309 513 317 513 316 513 269 514 308 514 268 514 269 515 309 515 308 515 329 516 332 516 328 516 333 517 332 517 329 517 341 518 340 518 332 518 341 519 332 519 333 519 357 520 356 520 340 520 357 521 340 521 341 521 377 522 376 522 356 522 377 523 356 523 357 523 385 524 388 524 384 524 385 525 384 525 376 525 385 526 376 526 377 526 389 527 404 527 388 527 389 528 388 528 385 528 405 529 428 529 404 529 405 530 404 530 389 530 429 531 428 531 405 531 441 532 472 532 440 532 441 533 440 533 428 533 441 534 428 534 429 534 473 535 488 535 472 535 473 536 472 536 441 536 489 537 488 537 473 537 501 538 518 538 500 538 501 539 500 539 488 539 501 540 488 540 489 540 519 541 518 541 501 541 521 542 520 542 518 542 521 543 518 543 519 543 511 544 510 544 520 544 511 545 520 545 521 545 647 546 698 546 646 546 647 547 699 547 698 547 591 548 646 548 590 548 591 549 647 549 646 549 511 550 590 550 510 550 511 551 591 551 590 551 699 552 700 552 698 552 701 553 714 553 700 553 701 554 700 554 699 554 715 555 740 555 714 555 715 556 714 556 701 556 741 557 740 557 715 557 749 558 794 558 748 558 749 559 748 559 740 559 749 560 740 560 741 560 795 561 812 561 794 561 795 562 794 562 749 562 813 563 812 563 795 563 847 564 846 564 812 564 847 565 812 565 813 565 877 566 876 566 846 566 877 567 846 567 847 567 921 568 920 568 876 568 921 569 876 569 877 569 965 570 964 570 920 570 965 571 920 571 921 571 1001 572 1000 572 964 572 1001 573 964 573 965 573 1025 574 1048 574 1024 574 1025 575 1024 575 1000 575 1025 576 1000 576 1001 576 1049 577 1048 577 1025 577 1053 578 1052 578 1048 578 1053 579 1048 579 1049 579 1069 580 1068 580 1052 580 1069 581 1052 581 1053 581 1105 582 1132 582 1104 582 1105 583 1133 583 1132 583 1093 584 1104 584 1092 584 1093 585 1105 585 1104 585 1069 586 1092 586 1068 586 1069 587 1093 587 1092 587 1121 588 1132 588 1133 588 1121 589 1112 589 1120 589 1121 590 1120 590 1132 590 1113 591 1112 591 1121 591 1115 592 1122 592 1114 592 1115 593 1114 593 1112 593 1115 594 1112 594 1113 594 1123 595 1122 595 1115 595 1135 596 1140 596 1134 596 1135 597 1134 597 1122 597 1135 598 1122 598 1123 598 1141 599 1148 599 1140 599 1141 600 1140 600 1135 600 1149 601 1148 601 1141 601 1161 602 1160 602 1148 602 1161 603 1148 603 1149 603 1165 604 1164 604 1160 604 1165 605 1160 605 1161 605 1173 606 1172 606 1164 606 1173 607 1164 607 1165 607 1189 608 1188 608 1172 608 1189 609 1172 609 1173 609 1213 610 1212 610 1188 610 1213 611 1188 611 1189 611 1225 612 1224 612 1212 612 1225 613 1212 613 1213 613 1233 614 1236 614 1232 614 1233 615 1232 615 1224 615 1233 616 1224 616 1225 616 1237 617 1236 617 1233 617 1281 618 1300 618 1280 618 1281 619 1301 619 1300 619 1249 620 1280 620 1248 620 1249 621 1281 621 1280 621 1237 622 1248 622 1236 622 1237 623 1249 623 1248 623 1289 624 1300 624 1301 624 1289 625 1276 625 1288 625 1289 626 1288 626 1300 626 1277 627 1276 627 1289 627 1265 628 1264 628 1276 628 1265 629 1276 629 1277 629 1257 630 1256 630 1264 630 1257 631 1264 631 1265 631 1253 632 1260 632 1252 632 1253 633 1252 633 1256 633 1253 634 1256 634 1257 634 1261 635 1260 635 1253 635 1269 636 1268 636 1260 636 1269 637 1260 637 1261 637 1285 638 1296 638 1284 638 1285 639 1284 639 1268 639 1285 640 1268 640 1269 640 1297 641 1296 641 1285 641 1307 642 1332 642 1306 642 1307 643 1306 643 1296 643 1307 644 1296 644 1297 644 1333 645 1332 645 1307 645 1357 646 1356 646 1332 646 1357 647 1332 647 1333 647 1393 648 1392 648 1356 648 1393 649 1356 649 1357 649 1421 650 1420 650 1392 650 1421 651 1392 651 1393 651 1437 652 1436 652 1420 652 1437 653 1420 653 1421 653 1461 654 1464 654 1460 654 1461 655 1465 655 1464 655 1445 656 1460 656 1444 656 1445 657 1461 657 1460 657 1437 658 1444 658 1436 658 1437 659 1445 659 1444 659 1449 660 1464 660 1465 660 1449 661 1428 661 1448 661 1449 662 1448 662 1464 662 1429 663 1428 663 1449 663 1413 664 1400 664 1412 664 1413 665 1412 665 1428 665 1413 666 1428 666 1429 666 1401 667 1400 667 1413 667 1383 668 1382 668 1400 668 1383 669 1400 669 1401 669 1369 670 1368 670 1382 670 1369 671 1382 671 1383 671 1365 672 1364 672 1368 672 1365 673 1368 673 1369 673 1373 674 1388 674 1372 674 1373 675 1372 675 1364 675 1373 676 1364 676 1365 676 1389 677 1404 677 1388 677 1389 678 1388 678 1373 678 1405 679 1404 679 1389 679 1419 680 1418 680 1404 680 1419 681 1404 681 1405 681 1435 682 1454 682 1434 682 1435 683 1434 683 1418 683 1435 684 1418 684 1419 684 1455 685 1454 685 1435 685 1471 686 1470 686 1454 686 1471 687 1454 687 1455 687 1487 688 1486 688 1470 688 1487 689 1470 689 1471 689 1479 690 1474 690 1478 690 1479 691 1475 691 1474 691 1483 692 1478 692 1482 692 1483 693 1482 693 1486 693 1483 694 1479 694 1478 694 1487 695 1483 695 1486 695 1233 696 1249 696 1237 696 1289 697 1301 697 1281 697 1225 698 1249 698 1233 698 1121 699 1133 699 1105 699 1277 700 1281 700 1249 700 1277 701 1249 701 1225 701 1277 702 1289 702 1281 702 1113 703 1121 703 1105 703 1265 704 1225 704 1213 704 1265 705 1277 705 1225 705 1053 706 1093 706 1069 706 1257 707 1265 707 1213 707 1257 708 1213 708 1189 708 1049 709 1113 709 1105 709 1049 710 1093 710 1053 710 1049 711 1115 711 1113 711 1049 712 1105 712 1093 712 1421 713 1445 713 1437 713 1253 714 1257 714 1189 714 1253 715 1189 715 1173 715 1393 716 1445 716 1421 716 1461 717 1445 717 1393 717 1025 718 1115 718 1049 718 1025 719 1123 719 1115 719 1261 720 1173 720 1165 720 1261 721 1253 721 1173 721 1001 722 1123 722 1025 722 1449 723 1465 723 1461 723 965 724 1123 724 1001 724 965 725 1141 725 1135 725 965 726 1135 726 1123 726 1429 727 1461 727 1393 727 1429 728 1449 728 1461 728 921 729 1141 729 965 729 647 730 701 730 699 730 1413 731 1393 731 1357 731 1413 732 1429 732 1393 732 715 733 701 733 647 733 1401 734 1357 734 1333 734 1401 735 1413 735 1357 735 591 736 715 736 647 736 1383 737 1333 737 1307 737 1383 738 1401 738 1333 738 1369 739 1307 739 1297 739 1369 740 1383 740 1307 740 521 741 591 741 511 741 519 742 591 742 521 742 519 743 715 743 591 743 501 744 741 744 715 744 501 745 715 745 519 745 1483 746 1487 746 1471 746 1483 747 1471 747 1455 747 489 748 741 748 501 748 489 749 749 749 741 749 473 750 749 750 489 750 473 751 813 751 795 751 473 752 795 752 749 752 441 753 813 753 473 753 1459 754 1475 754 1479 754 1443 755 1479 755 1483 755 1443 756 1459 756 1479 756 1443 757 1483 757 1455 757 1427 758 1455 758 1435 758 1427 759 1435 759 1419 759 1427 760 1443 760 1455 760 1399 761 1419 761 1405 761 1399 762 1427 762 1419 762 1363 763 1405 763 1389 763 1363 764 1399 764 1405 764 317 765 341 765 333 765 317 766 333 766 329 766 1347 767 1363 767 1389 767 281 768 309 768 269 768 289 769 341 769 317 769 289 770 309 770 281 770 289 771 317 771 309 771 923 772 1165 772 1161 772 975 773 1269 773 1261 773 975 774 1165 774 923 774 975 775 1261 775 1165 775 869 776 923 776 1161 776 869 777 1161 777 1149 777 869 778 1149 778 1141 778 301 779 341 779 289 779 301 780 377 780 357 780 301 781 357 781 341 781 817 782 921 782 877 782 817 783 1141 783 921 783 817 784 869 784 1141 784 1005 785 1285 785 1269 785 1005 786 1269 786 975 786 303 787 385 787 377 787 303 788 377 788 301 788 769 789 877 789 847 789 769 790 817 790 877 790 1017 791 1369 791 1297 791 1017 792 1365 792 1369 792 1017 793 1297 793 1285 793 1017 794 1285 794 1005 794 291 795 385 795 303 795 711 796 769 796 847 796 711 797 813 797 441 797 711 798 847 798 813 798 711 799 441 799 429 799 1033 800 1373 800 1365 800 1033 801 1365 801 1017 801 283 802 385 802 291 802 283 803 389 803 385 803 1385 804 1411 804 1379 804 1385 805 1379 805 1355 805 665 806 711 806 429 806 665 807 429 807 405 807 1039 808 1373 808 1033 808 1039 809 1389 809 1373 809 1039 810 1339 810 1347 810 1039 811 1347 811 1389 811 613 812 665 812 405 812 613 813 389 813 283 813 613 814 405 814 389 814 1023 815 1339 815 1039 815 1023 816 1323 816 1339 816 557 817 273 817 265 817 557 818 613 818 283 818 557 819 283 819 273 819 1011 820 1315 820 1323 820 1011 821 1323 821 1023 821 1309 822 1329 822 1351 822 1295 823 1351 823 1385 823 1295 824 1355 824 1343 824 1295 825 1309 825 1351 825 1295 826 1385 826 1355 826 1275 827 1295 827 1343 827 503 828 265 828 257 828 503 829 557 829 265 829 1247 830 1343 830 1331 830 1247 831 1331 831 1319 831 1247 832 1275 832 1343 832 1243 833 1247 833 1319 833 477 834 503 834 257 834 1231 835 1315 835 1011 835 1231 836 1319 836 1315 836 1231 837 1011 837 985 837 1231 838 1243 838 1319 838 1223 839 1231 839 985 839 1223 840 985 840 931 840 137 841 193 841 179 841 137 842 179 842 159 842 1215 843 1223 843 931 843 1205 844 931 844 875 844 1205 845 1215 845 931 845 133 846 103 846 109 846 133 847 137 847 103 847 133 848 193 848 137 848 77 849 109 849 103 849 145 850 213 850 193 850 145 851 193 851 133 851 157 852 245 852 241 852 157 853 241 853 213 853 157 854 213 854 145 854 169 855 245 855 157 855 173 856 257 856 245 856 173 857 245 857 169 857 173 858 477 858 257 858 165 859 477 859 173 859 165 860 465 860 477 860 149 861 465 861 165 861 149 862 449 862 465 862 1179 863 1219 863 1207 863 1179 864 1207 864 1199 864 141 865 449 865 149 865 1171 866 1179 866 1199 866 1147 867 1171 867 1199 867 1131 868 1199 868 1187 868 1131 869 1147 869 1199 869 1155 870 1171 870 1147 870 1111 871 1187 871 1185 871 1111 872 1185 872 1197 872 1111 873 1131 873 1187 873 1159 874 1171 874 1155 874 1103 875 1111 875 1197 875 1103 876 1197 876 1205 876 1099 877 1205 877 875 877 1099 878 1103 878 1205 878 1083 879 1099 879 875 879 1083 880 875 880 823 880 1059 881 823 881 777 881 1059 882 1083 882 823 882 1047 883 1059 883 777 883 9 884 45 884 29 884 9 885 29 885 13 885 53 886 89 886 61 886 53 887 69 887 89 887 83 888 125 888 89 888 83 889 89 889 69 889 33 890 53 890 61 890 33 891 61 891 45 891 33 892 9 892 5 892 33 893 45 893 9 893 99 894 141 894 125 894 99 895 449 895 141 895 99 896 125 896 83 896 17 897 33 897 5 897 115 898 449 898 99 898 115 899 455 899 449 899 1 900 17 900 5 900 123 901 455 901 115 901 123 902 471 902 455 902 119 903 471 903 123 903 897 904 977 904 967 904 897 905 967 905 969 905 693 906 999 906 1015 906 693 907 1015 907 1047 907 739 908 999 908 693 908 675 909 1047 909 777 909 675 910 693 910 1047 910 747 911 987 911 999 911 747 912 999 912 739 912 641 913 675 913 777 913 641 914 777 914 719 914 773 915 969 915 987 915 773 916 987 916 747 916 841 917 897 917 969 917 841 918 969 918 773 918 611 919 641 919 719 919 611 920 719 920 671 920 787 921 841 921 773 921 567 922 611 922 671 922 789 923 841 923 787 923 191 924 471 924 119 924 191 925 119 925 105 925 181 926 191 926 105 926 203 927 471 927 191 927 203 928 483 928 471 928 155 929 181 929 105 929 155 930 105 930 87 930 219 931 513 931 483 931 219 932 483 932 203 932 131 933 87 933 75 933 131 934 155 934 87 934 227 935 513 935 219 935 27 936 59 936 39 936 27 937 39 937 23 937 95 938 75 938 59 938 95 939 131 939 75 939 347 940 567 940 671 940 347 941 619 941 339 941 347 942 671 942 619 942 327 943 339 943 619 943 327 944 619 944 565 944 353 945 523 945 567 945 353 946 567 946 347 946 323 947 513 947 227 947 323 948 565 948 513 948 323 949 327 949 565 949 43 950 59 950 27 950 43 951 67 951 95 951 43 952 95 952 59 952 365 953 487 953 523 953 365 954 523 954 353 954 315 955 227 955 235 955 315 956 323 956 227 956 51 957 67 957 43 957 373 958 487 958 365 958 373 959 439 959 463 959 373 960 463 960 487 960 299 961 235 961 231 961 299 962 315 962 235 962 375 963 439 963 373 963 275 964 299 964 231 964 275 965 231 965 223 965 395 966 419 966 435 966 395 967 435 967 439 967 263 968 275 968 223 968 263 969 223 969 211 969 383 970 439 970 375 970 383 971 375 971 367 971 383 972 395 972 439 972 355 973 383 973 367 973 207 974 211 974 199 974 207 975 199 975 187 975 239 976 263 976 211 976 239 977 211 977 207 977 239 978 255 978 263 978 251 979 255 979 239 979 1232 980 1236 980 1248 980 1288 981 1280 981 1300 981 1224 982 1232 982 1248 982 1120 983 1104 983 1132 983 1276 984 1248 984 1280 984 1276 985 1224 985 1248 985 1276 986 1280 986 1288 986 1112 987 1104 987 1120 987 1264 988 1212 988 1224 988 1264 989 1224 989 1276 989 1052 990 1068 990 1092 990 1256 991 1212 991 1264 991 1256 992 1188 992 1212 992 1048 993 1104 993 1112 993 1048 994 1052 994 1092 994 1048 995 1112 995 1114 995 1048 996 1092 996 1104 996 1420 997 1436 997 1444 997 1252 998 1188 998 1256 998 1252 999 1172 999 1188 999 1392 1000 1420 1000 1444 1000 1460 1001 1392 1001 1444 1001 1024 1002 1048 1002 1114 1002 1024 1003 1114 1003 1122 1003 1260 1004 1172 1004 1252 1004 1260 1005 1164 1005 1172 1005 1000 1006 1024 1006 1122 1006 1448 1007 1460 1007 1464 1007 964 1008 1000 1008 1122 1008 964 1009 1134 1009 1140 1009 964 1010 1122 1010 1134 1010 1428 1011 1392 1011 1460 1011 1428 1012 1460 1012 1448 1012 920 1013 964 1013 1140 1013 646 1014 698 1014 700 1014 1412 1015 1356 1015 1392 1015 1412 1016 1392 1016 1428 1016 714 1017 646 1017 700 1017 1400 1018 1332 1018 1356 1018 1400 1019 1356 1019 1412 1019 1382 1020 1306 1020 1332 1020 1382 1021 1332 1021 1400 1021 1368 1022 1296 1022 1306 1022 1368 1023 1306 1023 1382 1023 520 1024 510 1024 590 1024 518 1025 520 1025 590 1025 518 1026 714 1026 740 1026 518 1027 590 1027 646 1027 518 1028 646 1028 714 1028 500 1029 518 1029 740 1029 1482 1030 1470 1030 1486 1030 1482 1031 1454 1031 1470 1031 488 1032 500 1032 740 1032 488 1033 748 1033 794 1033 488 1034 740 1034 748 1034 472 1035 488 1035 794 1035 1478 1036 1454 1036 1482 1036 440 1037 472 1037 794 1037 440 1038 794 1038 812 1038 1458 1039 1478 1039 1474 1039 1442 1040 1434 1040 1454 1040 1442 1041 1454 1041 1478 1041 1442 1042 1478 1042 1458 1042 1426 1043 1434 1043 1442 1043 1398 1044 1418 1044 1434 1044 1398 1045 1404 1045 1418 1045 1398 1046 1434 1046 1426 1046 1362 1047 1388 1047 1404 1047 1362 1048 1404 1048 1398 1048 316 1049 332 1049 340 1049 316 1050 328 1050 332 1050 1346 1051 1388 1051 1362 1051 308 1052 316 1052 340 1052 280 1053 268 1053 308 1053 288 1054 280 1054 308 1054 288 1055 308 1055 340 1055 300 1056 288 1056 340 1056 300 1057 340 1057 356 1057 302 1058 376 1058 384 1058 302 1059 356 1059 376 1059 302 1060 300 1060 356 1060 290 1061 302 1061 384 1061 857 1062 1160 1062 1164 1062 827 1063 1160 1063 857 1063 827 1064 1148 1064 1160 1064 883 1065 1260 1065 1268 1065 883 1066 1164 1066 1260 1066 883 1067 857 1067 1164 1067 801 1068 920 1068 1140 1068 801 1069 1148 1069 827 1069 801 1070 1140 1070 1148 1070 801 1071 876 1071 920 1071 901 1072 1268 1072 1284 1072 901 1073 883 1073 1268 1073 282 1074 290 1074 384 1074 282 1075 384 1075 388 1075 1384 1076 1378 1076 1410 1076 1384 1077 1354 1077 1378 1077 755 1078 876 1078 801 1078 755 1079 846 1079 876 1079 935 1080 1368 1080 1364 1080 935 1081 1284 1081 1296 1081 935 1082 1296 1082 1368 1082 935 1083 901 1083 1284 1083 725 1084 440 1084 812 1084 725 1085 812 1085 846 1085 725 1086 428 1086 440 1086 725 1087 846 1087 755 1087 949 1088 1364 1088 1372 1088 949 1089 935 1089 1364 1089 679 1090 428 1090 725 1090 679 1091 404 1091 428 1091 958 1092 1372 1092 1388 1092 958 1093 1346 1093 1338 1093 958 1094 1388 1094 1346 1094 958 1095 949 1095 1372 1095 653 1096 282 1096 388 1096 653 1097 404 1097 679 1097 653 1098 388 1098 404 1098 653 1099 272 1099 282 1099 944 1100 958 1100 1338 1100 944 1101 1338 1101 1322 1101 1308 1102 1350 1102 1328 1102 623 1103 272 1103 653 1103 623 1104 264 1104 272 1104 914 1105 944 1105 1322 1105 914 1106 1322 1106 1314 1106 1294 1107 1354 1107 1384 1107 1294 1108 1384 1108 1350 1108 1294 1109 1350 1109 1308 1109 1274 1110 1342 1110 1354 1110 1274 1111 1354 1111 1294 1111 597 1112 264 1112 623 1112 597 1113 256 1113 264 1113 1246 1114 1342 1114 1274 1114 1246 1115 1330 1115 1342 1115 1246 1116 1318 1116 1330 1116 1242 1117 1318 1117 1246 1117 578 1118 256 1118 597 1118 1230 1119 914 1119 1314 1119 1230 1120 1314 1120 1318 1120 1230 1121 892 1121 914 1121 1230 1122 1318 1122 1242 1122 1222 1123 866 1123 892 1123 1222 1124 892 1124 1230 1124 136 1125 178 1125 192 1125 136 1126 158 1126 178 1126 1214 1127 836 1127 866 1127 1214 1128 866 1128 1222 1128 1204 1129 836 1129 1214 1129 132 1130 102 1130 136 1130 132 1131 136 1131 192 1131 132 1132 108 1132 102 1132 76 1133 102 1133 108 1133 144 1134 212 1134 240 1134 144 1135 192 1135 212 1135 144 1136 132 1136 192 1136 156 1137 144 1137 240 1137 168 1138 240 1138 244 1138 168 1139 156 1139 240 1139 172 1140 168 1140 244 1140 172 1141 256 1141 578 1141 172 1142 244 1142 256 1142 164 1143 578 1143 545 1143 164 1144 172 1144 578 1144 148 1145 164 1145 545 1145 148 1146 545 1146 531 1146 1178 1147 1206 1147 1218 1147 1178 1148 1198 1148 1206 1148 140 1149 148 1149 531 1149 1170 1150 1198 1150 1178 1150 1146 1151 1186 1151 1198 1151 1146 1152 1198 1152 1170 1152 1130 1153 1186 1153 1146 1153 1154 1154 1146 1154 1170 1154 1110 1155 1184 1155 1186 1155 1110 1156 1186 1156 1130 1156 1158 1157 1154 1157 1170 1157 1102 1158 1184 1158 1110 1158 1102 1159 1196 1159 1184 1159 1102 1160 1204 1160 1196 1160 1098 1161 836 1161 1204 1161 1098 1162 1204 1162 1102 1162 1082 1163 836 1163 1098 1163 1082 1164 810 1164 836 1164 1058 1165 810 1165 1082 1165 1058 1166 764 1166 810 1166 1046 1167 764 1167 1058 1167 8 1168 28 1168 44 1168 8 1169 12 1169 28 1169 68 1170 60 1170 88 1170 52 1171 60 1171 68 1171 82 1172 88 1172 124 1172 82 1173 68 1173 88 1173 32 1174 44 1174 60 1174 32 1175 4 1175 8 1175 32 1176 60 1176 52 1176 32 1177 8 1177 44 1177 98 1178 124 1178 140 1178 98 1179 140 1179 531 1179 98 1180 82 1180 124 1180 16 1181 4 1181 32 1181 114 1182 98 1182 531 1182 114 1183 531 1183 540 1183 0 1184 4 1184 16 1184 122 1185 114 1185 540 1185 122 1186 540 1186 554 1186 118 1187 122 1187 554 1187 896 1188 966 1188 976 1188 896 1189 968 1189 966 1189 738 1190 1014 1190 998 1190 738 1191 692 1191 1014 1191 674 1192 1046 1192 1014 1192 674 1193 1014 1193 692 1193 674 1194 764 1194 1046 1194 746 1195 998 1195 986 1195 746 1196 738 1196 998 1196 746 1197 986 1197 968 1197 640 1198 734 1198 764 1198 640 1199 764 1199 674 1199 772 1200 746 1200 968 1200 840 1201 968 1201 896 1201 840 1202 772 1202 968 1202 610 1203 688 1203 734 1203 610 1204 734 1204 640 1204 786 1205 772 1205 840 1205 566 1206 688 1206 610 1206 788 1207 786 1207 840 1207 190 1208 118 1208 554 1208 180 1209 118 1209 190 1209 180 1210 104 1210 118 1210 202 1211 190 1211 554 1211 202 1212 554 1212 588 1212 154 1213 86 1213 104 1213 154 1214 104 1214 180 1214 218 1215 202 1215 588 1215 218 1216 588 1216 606 1216 130 1217 74 1217 86 1217 130 1218 86 1218 154 1218 226 1219 218 1219 606 1219 26 1220 38 1220 58 1220 26 1221 22 1221 38 1221 94 1222 58 1222 74 1222 94 1223 74 1223 130 1223 338 1224 662 1224 688 1224 346 1225 688 1225 566 1225 346 1226 338 1226 688 1226 326 1227 662 1227 338 1227 326 1228 632 1228 662 1228 352 1229 566 1229 522 1229 352 1230 346 1230 566 1230 322 1231 606 1231 632 1231 322 1232 226 1232 606 1232 322 1233 632 1233 326 1233 42 1234 94 1234 66 1234 42 1235 58 1235 94 1235 42 1236 26 1236 58 1236 364 1237 522 1237 486 1237 364 1238 352 1238 522 1238 314 1239 234 1239 226 1239 314 1240 226 1240 322 1240 50 1241 42 1241 66 1241 372 1242 364 1242 486 1242 372 1243 462 1243 438 1243 372 1244 486 1244 462 1244 298 1245 230 1245 234 1245 298 1246 234 1246 314 1246 222 1247 230 1247 298 1247 374 1248 372 1248 438 1248 274 1249 222 1249 298 1249 394 1250 434 1250 418 1250 394 1251 438 1251 434 1251 262 1252 210 1252 222 1252 262 1253 222 1253 274 1253 382 1254 374 1254 438 1254 382 1255 438 1255 394 1255 382 1256 366 1256 374 1256 354 1257 366 1257 382 1257 206 1258 198 1258 210 1258 206 1259 186 1259 198 1259 238 1260 210 1260 262 1260 238 1261 206 1261 210 1261 238 1262 262 1262 254 1262 250 1263 238 1263 254 1263 469 1264 452 1264 453 1264 469 1265 468 1265 452 1265 481 1266 480 1266 468 1266 481 1267 508 1267 480 1267 481 1268 468 1268 469 1268 509 1269 508 1269 481 1269 563 1270 562 1270 508 1270 563 1271 508 1271 509 1271 617 1272 616 1272 562 1272 617 1273 668 1273 616 1273 617 1274 562 1274 563 1274 669 1275 668 1275 617 1275 717 1276 716 1276 668 1276 717 1277 668 1277 669 1277 775 1278 774 1278 716 1278 775 1279 716 1279 717 1279 821 1280 774 1280 775 1280 821 1281 820 1281 774 1281 873 1282 820 1282 821 1282 873 1283 872 1283 820 1283 873 1284 928 1284 872 1284 929 1285 928 1285 873 1285 981 1286 928 1286 929 1286 981 1287 980 1287 928 1287 1009 1288 980 1288 981 1288 1009 1289 1008 1289 980 1289 1009 1290 1020 1290 1008 1290 1021 1291 1020 1291 1009 1291 1037 1292 1020 1292 1021 1292 1037 1293 1036 1293 1020 1293 1037 1294 1034 1294 1036 1294 1035 1295 1034 1295 1037 1295 1035 1296 1018 1296 1034 1296 1019 1297 1018 1297 1035 1297 1007 1298 1018 1298 1019 1298 1007 1299 1006 1299 1018 1299 979 1300 1006 1300 1007 1300 979 1301 978 1301 1006 1301 925 1302 978 1302 979 1302 925 1303 924 1303 978 1303 871 1304 870 1304 924 1304 871 1305 924 1305 925 1305 871 1306 818 1306 870 1306 819 1307 818 1307 871 1307 771 1308 770 1308 818 1308 771 1309 818 1309 819 1309 713 1310 712 1310 770 1310 713 1311 770 1311 771 1311 667 1312 666 1312 712 1312 667 1313 614 1313 666 1313 667 1314 712 1314 713 1314 615 1315 558 1315 614 1315 615 1316 614 1316 667 1316 559 1317 506 1317 558 1317 559 1318 558 1318 615 1318 507 1319 506 1319 559 1319 479 1320 478 1320 506 1320 479 1321 506 1321 507 1321 467 1322 466 1322 478 1322 467 1323 450 1323 466 1323 467 1324 478 1324 479 1324 451 1325 450 1325 467 1325 453 1326 452 1326 450 1326 453 1327 450 1327 451 1327 599 1328 507 1328 559 1328 581 1329 479 1329 507 1329 581 1330 507 1330 599 1330 625 1331 559 1331 615 1331 625 1332 599 1332 559 1332 547 1333 467 1333 479 1333 547 1334 479 1334 581 1334 655 1335 615 1335 667 1335 655 1336 625 1336 615 1336 533 1337 451 1337 467 1337 533 1338 467 1338 547 1338 681 1339 667 1339 713 1339 681 1340 655 1340 667 1340 535 1341 453 1341 451 1341 535 1342 451 1342 533 1342 727 1343 713 1343 771 1343 727 1344 681 1344 713 1344 549 1345 469 1345 453 1345 549 1346 453 1346 535 1346 757 1347 771 1347 819 1347 757 1348 727 1348 771 1348 583 1349 481 1349 469 1349 583 1350 469 1350 549 1350 803 1351 757 1351 819 1351 871 1352 803 1352 819 1352 601 1353 509 1353 481 1353 601 1354 481 1354 583 1354 829 1355 803 1355 871 1355 925 1356 829 1356 871 1356 563 1357 509 1357 601 1357 563 1358 601 1358 627 1358 859 1359 829 1359 925 1359 657 1360 563 1360 627 1360 979 1361 885 1361 859 1361 979 1362 859 1362 925 1362 617 1363 563 1363 657 1363 683 1364 617 1364 657 1364 1007 1365 885 1365 979 1365 1007 1366 903 1366 885 1366 669 1367 617 1367 683 1367 669 1368 683 1368 729 1368 1019 1369 903 1369 1007 1369 1019 1370 937 1370 903 1370 717 1371 729 1371 759 1371 717 1372 669 1372 729 1372 1035 1373 937 1373 1019 1373 1035 1374 951 1374 937 1374 775 1375 759 1375 805 1375 775 1376 717 1376 759 1376 1037 1377 953 1377 951 1377 1037 1378 951 1378 1035 1378 821 1379 805 1379 831 1379 821 1380 775 1380 805 1380 1021 1381 939 1381 953 1381 1021 1382 953 1382 1037 1382 873 1383 831 1383 861 1383 873 1384 821 1384 831 1384 1009 1385 905 1385 939 1385 1009 1386 939 1386 1021 1386 929 1387 873 1387 861 1387 981 1388 887 1388 905 1388 981 1389 861 1389 887 1389 981 1390 905 1390 1009 1390 981 1391 929 1391 861 1391 951 1392 954 1392 952 1392 953 1393 940 1393 954 1393 953 1394 954 1394 951 1394 939 1395 906 1395 940 1395 939 1396 940 1396 953 1396 905 1397 888 1397 906 1397 905 1398 906 1398 939 1398 887 1399 862 1399 888 1399 887 1400 888 1400 905 1400 861 1401 832 1401 862 1401 861 1402 862 1402 887 1402 831 1403 806 1403 832 1403 831 1404 832 1404 861 1404 805 1405 760 1405 806 1405 805 1406 806 1406 831 1406 759 1407 730 1407 760 1407 759 1408 760 1408 805 1408 729 1409 730 1409 759 1409 729 1410 684 1410 730 1410 683 1411 684 1411 729 1411 683 1412 658 1412 684 1412 657 1413 658 1413 683 1413 657 1414 628 1414 658 1414 627 1415 602 1415 628 1415 627 1416 628 1416 657 1416 601 1417 602 1417 627 1417 583 1418 584 1418 602 1418 583 1419 602 1419 601 1419 549 1420 584 1420 583 1420 549 1421 536 1421 550 1421 549 1422 550 1422 584 1422 535 1423 534 1423 536 1423 535 1424 536 1424 549 1424 533 1425 548 1425 534 1425 533 1426 534 1426 535 1426 547 1427 582 1427 548 1427 547 1428 548 1428 533 1428 581 1429 600 1429 582 1429 581 1430 582 1430 547 1430 599 1431 626 1431 600 1431 599 1432 600 1432 581 1432 625 1433 626 1433 599 1433 655 1434 682 1434 656 1434 655 1435 656 1435 626 1435 655 1436 626 1436 625 1436 681 1437 682 1437 655 1437 727 1438 728 1438 682 1438 727 1439 682 1439 681 1439 757 1440 758 1440 728 1440 757 1441 728 1441 727 1441 803 1442 830 1442 804 1442 803 1443 804 1443 758 1443 803 1444 758 1444 757 1444 829 1445 830 1445 803 1445 859 1446 860 1446 830 1446 859 1447 830 1447 829 1447 885 1448 904 1448 886 1448 885 1449 886 1449 860 1449 885 1450 860 1450 859 1450 903 1451 938 1451 904 1451 903 1452 904 1452 885 1452 937 1453 952 1453 938 1453 937 1454 938 1454 903 1454 951 1455 952 1455 937 1455 48 1456 63 1456 49 1456 62 1457 63 1457 48 1457 92 1458 93 1458 63 1458 92 1459 63 1459 62 1459 128 1460 129 1460 93 1460 128 1461 93 1461 92 1461 152 1462 153 1462 129 1462 152 1463 129 1463 128 1463 176 1464 177 1464 153 1464 176 1465 153 1465 152 1465 188 1466 201 1466 189 1466 188 1467 189 1467 177 1467 188 1468 177 1468 176 1468 200 1469 217 1469 201 1469 200 1470 201 1470 188 1470 216 1471 225 1471 217 1471 216 1472 217 1472 200 1472 224 1473 225 1473 216 1473 232 1474 229 1474 233 1474 232 1475 233 1475 225 1475 232 1476 225 1476 224 1476 228 1477 221 1477 229 1477 228 1478 229 1478 232 1478 220 1479 221 1479 228 1479 208 1480 209 1480 221 1480 208 1481 221 1481 220 1481 196 1482 185 1482 197 1482 196 1483 197 1483 209 1483 196 1484 209 1484 208 1484 184 1485 185 1485 196 1485 248 1486 249 1486 237 1486 236 1487 248 1487 237 1487 204 1488 237 1488 205 1488 204 1489 236 1489 237 1489 184 1490 205 1490 185 1490 184 1491 204 1491 205 1491 248 1492 253 1492 249 1492 252 1493 253 1493 248 1493 260 1494 261 1494 253 1494 260 1495 253 1495 252 1495 270 1496 271 1496 261 1496 270 1497 261 1497 260 1497 292 1498 313 1498 293 1498 292 1499 293 1499 271 1499 292 1500 271 1500 270 1500 312 1501 313 1501 292 1501 320 1502 321 1502 313 1502 320 1503 313 1503 312 1503 324 1504 335 1504 325 1504 324 1505 325 1505 321 1505 324 1506 321 1506 320 1506 334 1507 335 1507 324 1507 344 1508 345 1508 335 1508 344 1509 335 1509 334 1509 348 1510 361 1510 349 1510 348 1511 349 1511 345 1511 348 1512 345 1512 344 1512 360 1513 361 1513 348 1513 368 1514 369 1514 361 1514 368 1515 361 1515 360 1515 370 1516 363 1516 371 1516 370 1517 371 1517 369 1517 370 1518 369 1518 368 1518 362 1519 363 1519 370 1519 350 1520 351 1520 363 1520 350 1521 363 1521 362 1521 392 1522 417 1522 393 1522 392 1523 416 1523 417 1523 380 1524 393 1524 381 1524 380 1525 392 1525 393 1525 350 1526 381 1526 351 1526 350 1527 380 1527 381 1527 416 1528 433 1528 417 1528 432 1529 433 1529 416 1529 436 1530 437 1530 433 1530 436 1531 433 1531 432 1531 460 1532 461 1532 437 1532 460 1533 437 1533 436 1533 484 1534 517 1534 485 1534 484 1535 485 1535 461 1535 484 1536 461 1536 460 1536 516 1537 517 1537 484 1537 560 1538 561 1538 517 1538 560 1539 517 1539 516 1539 608 1540 609 1540 561 1540 608 1541 561 1541 560 1541 638 1542 639 1542 609 1542 638 1543 609 1543 608 1543 672 1544 691 1544 673 1544 672 1545 673 1545 639 1545 672 1546 639 1546 638 1546 690 1547 691 1547 672 1547 736 1548 737 1548 691 1548 736 1549 691 1549 690 1549 744 1550 745 1550 737 1550 744 1551 737 1551 736 1551 766 1552 783 1552 767 1552 766 1553 767 1553 745 1553 766 1554 745 1554 744 1554 782 1555 783 1555 766 1555 784 1556 785 1556 783 1556 784 1557 783 1557 782 1557 894 1558 973 1558 895 1558 894 1559 972 1559 973 1559 838 1560 895 1560 839 1560 838 1561 894 1561 895 1561 784 1562 839 1562 785 1562 784 1563 838 1563 839 1563 960 1564 973 1564 972 1564 960 1565 961 1565 973 1565 962 1566 963 1566 961 1566 962 1567 961 1567 960 1567 982 1568 997 1568 983 1568 982 1569 983 1569 963 1569 982 1570 963 1570 962 1570 996 1571 997 1571 982 1571 1012 1572 1013 1572 997 1572 1012 1573 997 1573 996 1573 1044 1574 1057 1574 1045 1574 1044 1575 1045 1575 1013 1575 1044 1576 1013 1576 1012 1576 1056 1577 1057 1577 1044 1577 1080 1578 1081 1578 1057 1578 1080 1579 1057 1579 1056 1579 1096 1580 1097 1580 1081 1580 1096 1581 1081 1581 1080 1581 1100 1582 1101 1582 1097 1582 1100 1583 1097 1583 1096 1583 1108 1584 1109 1584 1101 1584 1108 1585 1101 1585 1100 1585 1128 1586 1129 1586 1109 1586 1128 1587 1109 1587 1108 1587 1144 1588 1145 1588 1129 1588 1144 1589 1129 1589 1128 1589 1150 1590 1157 1590 1151 1590 1150 1591 1151 1591 1145 1591 1150 1592 1145 1592 1144 1592 1156 1593 1157 1593 1150 1593 1176 1594 1211 1594 1177 1594 1176 1595 1210 1595 1211 1595 1168 1596 1177 1596 1169 1596 1168 1597 1176 1597 1177 1597 1156 1598 1169 1598 1157 1598 1156 1599 1168 1599 1169 1599 1202 1600 1211 1600 1210 1600 1202 1601 1203 1601 1211 1601 1192 1602 1193 1602 1203 1602 1192 1603 1203 1603 1202 1603 1182 1604 1183 1604 1193 1604 1182 1605 1193 1605 1192 1605 1180 1606 1181 1606 1183 1606 1180 1607 1183 1607 1182 1607 1190 1608 1191 1608 1181 1608 1190 1609 1181 1609 1180 1609 1200 1610 1201 1610 1191 1610 1200 1611 1191 1611 1190 1611 1208 1612 1209 1612 1201 1612 1208 1613 1201 1613 1200 1613 1220 1614 1221 1614 1209 1614 1220 1615 1209 1615 1208 1615 1228 1616 1229 1616 1221 1616 1228 1617 1221 1617 1220 1617 1240 1618 1241 1618 1229 1618 1240 1619 1229 1619 1228 1619 1244 1620 1245 1620 1241 1620 1244 1621 1241 1621 1240 1621 1272 1622 1273 1622 1245 1622 1272 1623 1245 1623 1244 1623 1292 1624 1293 1624 1273 1624 1292 1625 1273 1625 1272 1625 1304 1626 1305 1626 1293 1626 1304 1627 1293 1627 1292 1627 1324 1628 1325 1628 1305 1628 1324 1629 1305 1629 1304 1629 1380 1630 1409 1630 1381 1630 1380 1631 1408 1631 1409 1631 1348 1632 1381 1632 1349 1632 1348 1633 1380 1633 1381 1633 1324 1634 1349 1634 1325 1634 1324 1635 1348 1635 1349 1635 1376 1636 1409 1636 1408 1636 1376 1637 1377 1637 1409 1637 1352 1638 1353 1638 1377 1638 1352 1639 1377 1639 1376 1639 1340 1640 1341 1640 1353 1640 1340 1641 1353 1641 1352 1641 1326 1642 1327 1642 1341 1642 1326 1643 1341 1643 1340 1643 1316 1644 1317 1644 1327 1644 1316 1645 1327 1645 1326 1645 1312 1646 1313 1646 1317 1646 1312 1647 1317 1647 1316 1647 1320 1648 1321 1648 1313 1648 1320 1649 1313 1649 1312 1649 1336 1650 1337 1650 1321 1650 1336 1651 1321 1651 1320 1651 1344 1652 1345 1652 1337 1652 1344 1653 1337 1653 1336 1653 1360 1654 1361 1654 1345 1654 1360 1655 1345 1655 1344 1655 1396 1656 1423 1656 1397 1656 1396 1657 1397 1657 1361 1657 1396 1658 1361 1658 1360 1658 1422 1659 1423 1659 1396 1659 1440 1660 1441 1660 1423 1660 1440 1661 1423 1661 1422 1661 1456 1662 1457 1662 1441 1662 1456 1663 1441 1663 1440 1663 1472 1664 1473 1664 1457 1664 1472 1665 1457 1665 1456 1665 1480 1666 1485 1666 1481 1666 1480 1667 1484 1667 1485 1667 1476 1668 1481 1668 1477 1668 1476 1669 1477 1669 1473 1669 1476 1670 1480 1670 1481 1670 1472 1671 1476 1671 1473 1671 1468 1672 1485 1672 1484 1672 1468 1673 1469 1673 1485 1673 1452 1674 1453 1674 1469 1674 1452 1675 1469 1675 1468 1675 1432 1676 1417 1676 1433 1676 1432 1677 1433 1677 1453 1677 1432 1678 1453 1678 1452 1678 1416 1679 1407 1679 1417 1679 1416 1680 1417 1680 1432 1680 1406 1681 1407 1681 1416 1681 1390 1682 1391 1682 1407 1682 1390 1683 1407 1683 1406 1683 1374 1684 1367 1684 1375 1684 1374 1685 1375 1685 1391 1685 1374 1686 1391 1686 1390 1686 1366 1687 1367 1687 1374 1687 1370 1688 1387 1688 1371 1688 1370 1689 1371 1689 1367 1689 1370 1690 1367 1690 1366 1690 1386 1691 1387 1691 1370 1691 1402 1692 1415 1692 1403 1692 1402 1693 1403 1693 1387 1693 1402 1694 1387 1694 1386 1694 1414 1695 1415 1695 1402 1695 1430 1696 1451 1696 1431 1696 1430 1697 1431 1697 1415 1697 1430 1698 1415 1698 1414 1698 1450 1699 1451 1699 1430 1699 1466 1700 1467 1700 1451 1700 1466 1701 1451 1701 1450 1701 1446 1702 1439 1702 1447 1702 1446 1703 1438 1703 1439 1703 1462 1704 1447 1704 1463 1704 1462 1705 1446 1705 1447 1705 1466 1706 1463 1706 1467 1706 1466 1707 1462 1707 1463 1707 1424 1708 1439 1708 1438 1708 1424 1709 1425 1709 1439 1709 1394 1710 1359 1710 1395 1710 1394 1711 1395 1711 1425 1711 1394 1712 1425 1712 1424 1712 1358 1713 1359 1713 1394 1713 1334 1714 1335 1714 1359 1714 1334 1715 1359 1715 1358 1715 1310 1716 1299 1716 1311 1716 1310 1717 1311 1717 1335 1717 1310 1718 1335 1718 1334 1718 1298 1719 1299 1719 1310 1719 1286 1720 1271 1720 1287 1720 1286 1721 1287 1721 1299 1721 1286 1722 1299 1722 1298 1722 1270 1723 1271 1723 1286 1723 1262 1724 1263 1724 1271 1724 1262 1725 1271 1725 1270 1725 1254 1726 1255 1726 1263 1726 1254 1727 1263 1727 1262 1727 1258 1728 1259 1728 1255 1728 1258 1729 1255 1729 1254 1729 1266 1730 1267 1730 1259 1730 1266 1731 1259 1731 1258 1731 1278 1732 1291 1732 1279 1732 1278 1733 1279 1733 1267 1733 1278 1734 1267 1734 1266 1734 1290 1735 1291 1735 1278 1735 1302 1736 1303 1736 1291 1736 1302 1737 1291 1737 1290 1737 1250 1738 1239 1738 1251 1738 1250 1739 1238 1739 1239 1739 1282 1740 1251 1740 1283 1740 1282 1741 1250 1741 1251 1741 1302 1742 1283 1742 1303 1742 1302 1743 1282 1743 1283 1743 1234 1744 1239 1744 1238 1744 1234 1745 1235 1745 1239 1745 1226 1746 1217 1746 1227 1746 1226 1747 1227 1747 1235 1747 1226 1748 1235 1748 1234 1748 1216 1749 1217 1749 1226 1749 1194 1750 1195 1750 1217 1750 1194 1751 1217 1751 1216 1751 1174 1752 1175 1752 1195 1752 1174 1753 1195 1753 1194 1753 1166 1754 1163 1754 1167 1754 1166 1755 1167 1755 1175 1755 1166 1756 1175 1756 1174 1756 1162 1757 1163 1757 1166 1757 1152 1758 1153 1758 1163 1758 1152 1759 1163 1759 1162 1759 1142 1760 1143 1760 1153 1760 1142 1761 1153 1761 1152 1761 1138 1762 1139 1762 1143 1762 1138 1763 1143 1763 1142 1763 1126 1764 1119 1764 1127 1764 1126 1765 1127 1765 1139 1765 1126 1766 1139 1766 1138 1766 1118 1767 1119 1767 1126 1767 1116 1768 1125 1768 1117 1768 1116 1769 1117 1769 1119 1769 1116 1770 1119 1770 1118 1770 1124 1771 1137 1771 1125 1771 1124 1772 1125 1772 1116 1772 1136 1773 1137 1773 1124 1773 1070 1774 1071 1774 1095 1774 1094 1775 1070 1775 1095 1775 1106 1776 1095 1776 1107 1776 1106 1777 1094 1777 1095 1777 1136 1778 1107 1778 1137 1778 1136 1779 1106 1779 1107 1779 1070 1780 1055 1780 1071 1780 1054 1781 1055 1781 1070 1781 1050 1782 1051 1782 1055 1782 1050 1783 1055 1783 1054 1783 1026 1784 1027 1784 1051 1784 1026 1785 1051 1785 1050 1785 1002 1786 1003 1786 1027 1786 1002 1787 1027 1787 1026 1787 970 1788 927 1788 971 1788 970 1789 971 1789 1003 1789 970 1790 1003 1790 1002 1790 926 1791 879 1791 927 1791 926 1792 927 1792 970 1792 878 1793 849 1793 879 1793 878 1794 879 1794 926 1794 848 1795 849 1795 878 1795 814 1796 797 1796 815 1796 814 1797 815 1797 849 1797 814 1798 849 1798 848 1798 796 1799 751 1799 797 1799 796 1800 797 1800 814 1800 750 1801 751 1801 796 1801 742 1802 721 1802 743 1802 742 1803 743 1803 751 1803 742 1804 751 1804 750 1804 720 1805 721 1805 742 1805 704 1806 705 1806 721 1806 704 1807 721 1807 720 1807 702 1808 703 1808 705 1808 702 1809 705 1809 704 1809 592 1810 515 1810 593 1810 592 1811 514 1811 515 1811 648 1812 593 1812 649 1812 648 1813 592 1813 593 1813 702 1814 649 1814 703 1814 702 1815 648 1815 649 1815 514 1816 527 1816 515 1816 526 1817 525 1817 527 1817 526 1818 527 1818 514 1818 524 1819 505 1819 525 1819 524 1820 525 1820 526 1820 504 1821 505 1821 524 1821 490 1822 475 1822 491 1822 490 1823 491 1823 505 1823 490 1824 505 1824 504 1824 474 1825 443 1825 475 1825 474 1826 475 1826 490 1826 442 1827 443 1827 474 1827 430 1828 431 1828 443 1828 430 1829 443 1829 442 1829 406 1830 407 1830 431 1830 406 1831 431 1831 430 1831 390 1832 391 1832 407 1832 390 1833 407 1833 406 1833 386 1834 387 1834 391 1834 386 1835 391 1835 390 1835 378 1836 379 1836 387 1836 378 1837 387 1837 386 1837 358 1838 343 1838 359 1838 358 1839 359 1839 379 1839 358 1840 379 1840 378 1840 342 1841 343 1841 358 1841 336 1842 337 1842 343 1842 336 1843 343 1843 342 1843 330 1844 331 1844 337 1844 330 1845 337 1845 336 1845 310 1846 277 1846 311 1846 310 1847 276 1847 277 1847 318 1848 311 1848 319 1848 318 1849 310 1849 311 1849 330 1850 319 1850 331 1850 330 1851 318 1851 319 1851 284 1852 277 1852 276 1852 284 1853 295 1853 285 1853 284 1854 285 1854 277 1854 294 1855 295 1855 284 1855 304 1856 307 1856 305 1856 304 1857 305 1857 295 1857 304 1858 295 1858 294 1858 306 1859 307 1859 304 1859 296 1860 287 1860 297 1860 296 1861 297 1861 307 1861 296 1862 307 1862 306 1862 286 1863 279 1863 287 1863 286 1864 287 1864 296 1864 278 1865 279 1865 286 1865 266 1866 267 1866 279 1866 266 1867 279 1867 278 1867 258 1868 259 1868 267 1868 258 1869 267 1869 266 1869 246 1870 247 1870 259 1870 246 1871 259 1871 258 1871 242 1872 243 1872 247 1872 242 1873 247 1873 246 1873 214 1874 215 1874 243 1874 214 1875 243 1875 242 1875 194 1876 195 1876 215 1876 194 1877 215 1877 214 1877 182 1878 163 1878 183 1878 182 1879 183 1879 195 1879 182 1880 195 1880 194 1880 162 1881 163 1881 182 1881 106 1882 79 1882 107 1882 106 1883 78 1883 79 1883 138 1884 107 1884 139 1884 138 1885 106 1885 107 1885 162 1886 139 1886 163 1886 162 1887 138 1887 139 1887 110 1888 79 1888 78 1888 110 1889 135 1889 111 1889 110 1890 111 1890 79 1890 134 1891 135 1891 110 1891 146 1892 147 1892 135 1892 146 1893 135 1893 134 1893 160 1894 161 1894 147 1894 160 1895 147 1895 146 1895 170 1896 175 1896 171 1896 170 1897 171 1897 161 1897 170 1898 161 1898 160 1898 174 1899 175 1899 170 1899 166 1900 167 1900 175 1900 166 1901 175 1901 174 1901 150 1902 143 1902 151 1902 150 1903 151 1903 167 1903 150 1904 167 1904 166 1904 142 1905 143 1905 150 1905 126 1906 91 1906 127 1906 126 1907 127 1907 143 1907 126 1908 143 1908 142 1908 90 1909 91 1909 126 1909 64 1910 65 1910 91 1910 64 1911 91 1911 90 1911 46 1912 47 1912 65 1912 46 1913 65 1913 64 1913 30 1914 31 1914 47 1914 30 1915 47 1915 46 1915 14 1916 15 1916 31 1916 14 1917 31 1917 30 1917 6 1918 3 1918 7 1918 6 1919 2 1919 3 1919 10 1920 7 1920 11 1920 10 1921 6 1921 7 1921 14 1922 11 1922 15 1922 14 1923 10 1923 11 1923 18 1924 3 1924 2 1924 18 1925 35 1925 19 1925 18 1926 19 1926 3 1926 34 1927 35 1927 18 1927 54 1928 71 1928 55 1928 54 1929 55 1929 35 1929 54 1930 35 1930 34 1930 70 1931 71 1931 54 1931 80 1932 81 1932 71 1932 80 1933 71 1933 70 1933 96 1934 97 1934 81 1934 96 1935 81 1935 80 1935 112 1936 113 1936 97 1936 112 1937 97 1937 96 1937 120 1938 117 1938 121 1938 120 1939 121 1939 113 1939 120 1940 113 1940 112 1940 116 1941 101 1941 117 1941 116 1942 117 1942 120 1942 100 1943 101 1943 116 1943 84 1944 85 1944 101 1944 84 1945 101 1945 100 1945 72 1946 57 1946 73 1946 72 1947 73 1947 85 1947 72 1948 85 1948 84 1948 56 1949 57 1949 72 1949 36 1950 37 1950 57 1950 36 1951 57 1951 56 1951 20 1952 21 1952 37 1952 20 1953 37 1953 36 1953 40 1954 49 1954 41 1954 40 1955 48 1955 49 1955 24 1956 41 1956 25 1956 24 1957 25 1957 21 1957 24 1958 40 1958 41 1958 20 1959 24 1959 21 1959 182 1960 138 1960 162 1960 110 1961 78 1961 106 1961 194 1962 138 1962 182 1962 284 1963 276 1963 310 1963 134 1964 106 1964 138 1964 134 1965 138 1965 194 1965 134 1966 110 1966 106 1966 294 1967 284 1967 310 1967 146 1968 194 1968 214 1968 146 1969 134 1969 194 1969 336 1970 318 1970 330 1970 160 1971 146 1971 214 1971 160 1972 214 1972 242 1972 342 1973 294 1973 310 1973 342 1974 318 1974 336 1974 342 1975 304 1975 294 1975 342 1976 310 1976 318 1976 30 1977 10 1977 14 1977 170 1978 160 1978 242 1978 170 1979 242 1979 246 1979 46 1980 10 1980 30 1980 6 1981 10 1981 46 1981 358 1982 304 1982 342 1982 358 1983 306 1983 304 1983 174 1984 246 1984 258 1984 174 1985 170 1985 246 1985 378 1986 306 1986 358 1986 18 1987 2 1987 6 1987 386 1988 306 1988 378 1988 386 1989 286 1989 296 1989 386 1990 296 1990 306 1990 34 1991 6 1991 46 1991 34 1992 18 1992 6 1992 390 1993 286 1993 386 1993 592 1994 526 1994 514 1994 54 1995 46 1995 64 1995 54 1996 34 1996 46 1996 524 1997 526 1997 592 1997 70 1998 64 1998 90 1998 70 1999 54 1999 64 1999 648 2000 524 2000 592 2000 80 2001 90 2001 126 2001 80 2002 70 2002 90 2002 96 2003 126 2003 142 2003 96 2004 80 2004 126 2004 704 2005 648 2005 702 2005 720 2006 648 2006 704 2006 720 2007 524 2007 648 2007 742 2008 504 2008 524 2008 742 2009 524 2009 720 2009 24 2010 20 2010 36 2010 24 2011 36 2011 56 2011 750 2012 504 2012 742 2012 750 2013 490 2013 504 2013 796 2014 490 2014 750 2014 796 2015 442 2015 474 2015 796 2016 474 2016 490 2016 814 2017 442 2017 796 2017 62 2018 48 2018 40 2018 92 2019 40 2019 24 2019 92 2020 62 2020 40 2020 92 2021 24 2021 56 2021 128 2022 56 2022 72 2022 128 2023 72 2023 84 2023 128 2024 92 2024 56 2024 152 2025 84 2025 100 2025 152 2026 128 2026 84 2026 176 2027 100 2027 116 2027 176 2028 152 2028 100 2028 1094 2029 1050 2029 1054 2029 1094 2030 1054 2030 1070 2030 188 2031 176 2031 116 2031 1124 2032 1106 2032 1136 2032 1116 2033 1050 2033 1094 2033 1116 2034 1106 2034 1124 2034 1116 2035 1094 2035 1106 2035 506 2036 258 2036 266 2036 478 2037 166 2037 174 2037 478 2038 258 2038 506 2038 478 2039 174 2039 258 2039 558 2040 506 2040 266 2040 558 2041 266 2041 278 2041 558 2042 278 2042 286 2042 1118 2043 1050 2043 1116 2043 1118 2044 1002 2044 1026 2044 1118 2045 1026 2045 1050 2045 614 2046 390 2046 406 2046 614 2047 286 2047 390 2047 614 2048 558 2048 286 2048 466 2049 150 2049 166 2049 466 2050 166 2050 478 2050 1126 2051 970 2051 1002 2051 1126 2052 1002 2052 1118 2052 666 2053 406 2053 430 2053 666 2054 614 2054 406 2054 450 2055 96 2055 142 2055 450 2056 112 2056 96 2056 450 2057 142 2057 150 2057 450 2058 150 2058 466 2058 1138 2059 970 2059 1126 2059 712 2060 666 2060 430 2060 712 2061 442 2061 814 2061 712 2062 430 2062 442 2062 712 2063 814 2063 848 2063 452 2064 120 2064 112 2064 452 2065 112 2065 450 2065 1142 2066 970 2066 1138 2066 1142 2067 926 2067 970 2067 204 2068 184 2068 196 2068 204 2069 196 2069 208 2069 770 2070 712 2070 848 2070 770 2071 848 2071 878 2071 468 2072 120 2072 452 2072 468 2073 116 2073 120 2073 468 2074 200 2074 188 2074 468 2075 188 2075 116 2075 818 2076 770 2076 878 2076 818 2077 926 2077 1142 2077 818 2078 878 2078 926 2078 480 2079 200 2079 468 2079 480 2080 216 2080 200 2080 870 2081 1152 2081 1162 2081 870 2082 818 2082 1142 2082 870 2083 1142 2083 1152 2083 508 2084 224 2084 216 2084 508 2085 216 2085 480 2085 252 2086 248 2086 236 2086 260 2087 236 2087 204 2087 260 2088 208 2088 220 2088 260 2089 252 2089 236 2089 260 2090 204 2090 208 2090 270 2091 260 2091 220 2091 924 2092 1162 2092 1166 2092 924 2093 870 2093 1162 2093 292 2094 220 2094 228 2094 292 2095 228 2095 232 2095 292 2096 270 2096 220 2096 312 2097 292 2097 232 2097 978 2098 924 2098 1166 2098 320 2099 224 2099 508 2099 320 2100 232 2100 224 2100 320 2101 508 2101 562 2101 320 2102 312 2102 232 2102 324 2103 320 2103 562 2103 324 2104 562 2104 616 2104 1250 2105 1226 2105 1234 2105 1250 2106 1234 2106 1238 2106 334 2107 324 2107 616 2107 344 2108 616 2108 668 2108 344 2109 334 2109 616 2109 1278 2110 1282 2110 1290 2110 1278 2111 1250 2111 1282 2111 1278 2112 1226 2112 1250 2112 1302 2113 1290 2113 1282 2113 1266 2114 1216 2114 1226 2114 1266 2115 1226 2115 1278 2115 1258 2116 1174 2116 1194 2116 1258 2117 1194 2117 1216 2117 1258 2118 1216 2118 1266 2118 1254 2119 1174 2119 1258 2119 1262 2120 1166 2120 1174 2120 1262 2121 1174 2121 1254 2121 1262 2122 978 2122 1166 2122 1270 2123 978 2123 1262 2123 1270 2124 1006 2124 978 2124 1286 2125 1006 2125 1270 2125 1286 2126 1018 2126 1006 2126 380 2127 350 2127 362 2127 380 2128 362 2128 370 2128 1298 2129 1018 2129 1286 2129 392 2130 380 2130 370 2130 436 2131 392 2131 370 2131 460 2132 370 2132 368 2132 460 2133 436 2133 370 2133 432 2134 392 2134 436 2134 484 2135 368 2135 360 2135 484 2136 360 2136 348 2136 484 2137 460 2137 368 2137 416 2138 392 2138 432 2138 516 2139 484 2139 348 2139 516 2140 348 2140 344 2140 560 2141 344 2141 668 2141 560 2142 516 2142 344 2142 608 2143 560 2143 668 2143 608 2144 668 2144 716 2144 638 2145 716 2145 774 2145 638 2146 608 2146 716 2146 672 2147 638 2147 774 2147 1446 2148 1394 2148 1424 2148 1446 2149 1424 2149 1438 2149 1414 2150 1334 2150 1358 2150 1414 2151 1402 2151 1334 2151 1386 2152 1310 2152 1334 2152 1386 2153 1334 2153 1402 2153 1430 2154 1414 2154 1358 2154 1430 2155 1358 2155 1394 2155 1430 2156 1446 2156 1462 2156 1430 2157 1394 2157 1446 2157 1370 2158 1298 2158 1310 2158 1370 2159 1018 2159 1298 2159 1370 2160 1310 2160 1386 2160 1450 2161 1430 2161 1462 2161 1366 2162 1018 2162 1370 2162 1366 2163 1034 2163 1018 2163 1466 2164 1450 2164 1462 2164 1374 2165 1034 2165 1366 2165 1374 2166 1036 2166 1034 2166 1390 2167 1036 2167 1374 2167 838 2168 784 2168 782 2168 838 2169 782 2169 766 2169 1012 2170 736 2170 690 2170 1012 2171 690 2171 672 2171 996 2172 736 2172 1012 2172 1044 2173 672 2173 774 2173 1044 2174 1012 2174 672 2174 982 2175 744 2175 736 2175 982 2176 736 2176 996 2176 1056 2177 1044 2177 774 2177 1056 2178 774 2178 820 2178 962 2179 766 2179 744 2179 962 2180 744 2180 982 2180 894 2181 838 2181 766 2181 894 2182 766 2182 962 2182 1080 2183 1056 2183 820 2183 1080 2184 820 2184 872 2184 960 2185 894 2185 962 2185 1096 2186 1080 2186 872 2186 972 2187 894 2187 960 2187 1344 2188 1036 2188 1390 2188 1344 2189 1390 2189 1406 2189 1360 2190 1344 2190 1406 2190 1336 2191 1036 2191 1344 2191 1336 2192 1020 2192 1036 2192 1396 2193 1360 2193 1406 2193 1396 2194 1406 2194 1416 2194 1320 2195 1008 2195 1020 2195 1320 2196 1020 2196 1336 2196 1422 2197 1416 2197 1432 2197 1422 2198 1396 2198 1416 2198 1312 2199 1008 2199 1320 2199 1480 2200 1452 2200 1468 2200 1480 2201 1468 2201 1484 2201 1440 2202 1432 2202 1452 2202 1440 2203 1422 2203 1432 2203 1200 2204 1096 2204 872 2204 1200 2205 928 2205 1208 2205 1200 2206 872 2206 928 2206 1220 2207 1208 2207 928 2207 1220 2208 928 2208 980 2208 1190 2209 1100 2209 1096 2209 1190 2210 1096 2210 1200 2210 1228 2211 1008 2211 1312 2211 1228 2212 980 2212 1008 2212 1228 2213 1220 2213 980 2213 1476 2214 1452 2214 1480 2214 1476 2215 1456 2215 1440 2215 1476 2216 1440 2216 1452 2216 1180 2217 1108 2217 1100 2217 1180 2218 1100 2218 1190 2218 1240 2219 1312 2219 1316 2219 1240 2220 1228 2220 1312 2220 1472 2221 1456 2221 1476 2221 1182 2222 1108 2222 1180 2222 1182 2223 1144 2223 1128 2223 1182 2224 1128 2224 1108 2224 1244 2225 1316 2225 1326 2225 1244 2226 1240 2226 1316 2226 1192 2227 1144 2227 1182 2227 1272 2228 1244 2228 1326 2228 1272 2229 1326 2229 1340 2229 1168 2230 1156 2230 1150 2230 1168 2231 1150 2231 1144 2231 1292 2232 1272 2232 1340 2232 1292 2233 1340 2233 1352 2233 1176 2234 1144 2234 1192 2234 1176 2235 1192 2235 1202 2235 1176 2236 1168 2236 1144 2236 1210 2237 1176 2237 1202 2237 1380 2238 1352 2238 1376 2238 1380 2239 1376 2239 1408 2239 1348 2240 1292 2240 1352 2240 1348 2241 1352 2241 1380 2241 1348 2242 1304 2242 1292 2242 1324 2243 1304 2243 1348 2243 183 2244 163 2244 139 2244 111 2245 107 2245 79 2245 195 2246 183 2246 139 2246 285 2247 311 2247 277 2247 135 2248 139 2248 107 2248 135 2249 195 2249 139 2249 135 2250 107 2250 111 2250 295 2251 311 2251 285 2251 147 2252 215 2252 195 2252 147 2253 195 2253 135 2253 337 2254 331 2254 319 2254 161 2255 215 2255 147 2255 161 2256 243 2256 215 2256 343 2257 311 2257 295 2257 343 2258 337 2258 319 2258 343 2259 295 2259 305 2259 343 2260 319 2260 311 2260 31 2261 15 2261 11 2261 171 2262 243 2262 161 2262 171 2263 247 2263 243 2263 47 2264 31 2264 11 2264 7 2265 47 2265 11 2265 359 2266 343 2266 305 2266 359 2267 305 2267 307 2267 175 2268 247 2268 171 2268 175 2269 259 2269 247 2269 379 2270 359 2270 307 2270 19 2271 7 2271 3 2271 387 2272 379 2272 307 2272 387 2273 297 2273 287 2273 387 2274 307 2274 297 2274 35 2275 47 2275 7 2275 35 2276 7 2276 19 2276 391 2277 387 2277 287 2277 593 2278 515 2278 527 2278 55 2279 65 2279 47 2279 55 2280 47 2280 35 2280 525 2281 593 2281 527 2281 71 2282 91 2282 65 2282 71 2283 65 2283 55 2283 81 2284 127 2284 91 2284 81 2285 91 2285 71 2285 97 2286 143 2286 127 2286 97 2287 127 2287 81 2287 705 2288 703 2288 649 2288 721 2289 705 2289 649 2289 721 2290 525 2290 505 2290 721 2291 649 2291 593 2291 721 2292 593 2292 525 2292 743 2293 721 2293 505 2293 25 2294 37 2294 21 2294 25 2295 57 2295 37 2295 751 2296 743 2296 505 2296 751 2297 491 2297 475 2297 751 2298 505 2298 491 2298 797 2299 751 2299 475 2299 41 2300 57 2300 25 2300 815 2301 797 2301 475 2301 815 2302 475 2302 443 2302 63 2303 41 2303 49 2303 93 2304 73 2304 57 2304 93 2305 57 2305 41 2305 93 2306 41 2306 63 2306 129 2307 73 2307 93 2307 153 2308 85 2308 73 2308 153 2309 101 2309 85 2309 153 2310 73 2310 129 2310 177 2311 117 2311 101 2311 177 2312 101 2312 153 2312 1095 2313 1055 2313 1051 2313 1095 2314 1071 2314 1055 2314 189 2315 117 2315 177 2315 1107 2316 1095 2316 1051 2316 1125 2317 1137 2317 1107 2317 1117 2318 1125 2318 1107 2318 1117 2319 1107 2319 1051 2319 1119 2320 1117 2320 1051 2320 1119 2321 1051 2321 1027 2321 1127 2322 1003 2322 971 2322 1127 2323 1027 2323 1003 2323 1127 2324 1119 2324 1027 2324 1139 2325 1127 2325 971 2325 600 2326 267 2326 259 2326 626 2327 267 2327 600 2327 626 2328 279 2328 267 2328 582 2329 175 2329 167 2329 582 2330 259 2330 175 2330 582 2331 600 2331 259 2331 656 2332 391 2332 287 2332 656 2333 279 2333 626 2333 656 2334 287 2334 279 2334 656 2335 407 2335 391 2335 548 2336 167 2336 151 2336 548 2337 582 2337 167 2337 1143 2338 1139 2338 971 2338 1143 2339 971 2339 927 2339 205 2340 197 2340 185 2340 205 2341 209 2341 197 2341 682 2342 407 2342 656 2342 682 2343 431 2343 407 2343 534 2344 97 2344 113 2344 534 2345 151 2345 143 2345 534 2346 143 2346 97 2346 534 2347 548 2347 151 2347 728 2348 815 2348 443 2348 728 2349 443 2349 431 2349 728 2350 849 2350 815 2350 728 2351 431 2351 682 2351 536 2352 113 2352 121 2352 536 2353 534 2353 113 2353 758 2354 849 2354 728 2354 758 2355 879 2355 849 2355 550 2356 121 2356 117 2356 550 2357 189 2357 201 2357 550 2358 117 2358 189 2358 550 2359 536 2359 121 2359 804 2360 1143 2360 927 2360 804 2361 879 2361 758 2361 804 2362 927 2362 879 2362 804 2363 1153 2363 1143 2363 584 2364 550 2364 201 2364 584 2365 201 2365 217 2365 253 2366 237 2366 249 2366 830 2367 1153 2367 804 2367 830 2368 1163 2368 1153 2368 602 2369 584 2369 217 2369 602 2370 217 2370 225 2370 261 2371 209 2371 205 2371 261 2372 205 2372 237 2372 261 2373 237 2373 253 2373 271 2374 221 2374 209 2374 271 2375 209 2375 261 2375 860 2376 1163 2376 830 2376 860 2377 1167 2377 1163 2377 293 2378 221 2378 271 2378 293 2379 229 2379 221 2379 293 2380 233 2380 229 2380 313 2381 233 2381 293 2381 886 2382 1167 2382 860 2382 321 2383 602 2383 225 2383 321 2384 225 2384 233 2384 321 2385 628 2385 602 2385 321 2386 233 2386 313 2386 325 2387 658 2387 628 2387 325 2388 628 2388 321 2388 1251 2389 1235 2389 1227 2389 1251 2390 1239 2390 1235 2390 335 2391 684 2391 658 2391 335 2392 658 2392 325 2392 345 2393 684 2393 335 2393 1279 2394 1283 2394 1251 2394 1279 2395 1251 2395 1227 2395 1279 2396 1291 2396 1283 2396 1303 2397 1283 2397 1291 2397 1267 2398 1217 2398 1195 2398 1267 2399 1227 2399 1217 2399 1267 2400 1279 2400 1227 2400 1259 2401 1267 2401 1195 2401 1255 2402 1195 2402 1175 2402 1255 2403 1259 2403 1195 2403 1263 2404 1255 2404 1175 2404 1263 2405 1167 2405 886 2405 1263 2406 1175 2406 1167 2406 1271 2407 886 2407 904 2407 1271 2408 1263 2408 886 2408 1287 2409 1271 2409 904 2409 1287 2410 904 2410 938 2410 381 2411 363 2411 351 2411 381 2412 371 2412 363 2412 1299 2413 1287 2413 938 2413 393 2414 371 2414 381 2414 437 2415 369 2415 371 2415 437 2416 371 2416 393 2416 461 2417 369 2417 437 2417 433 2418 437 2418 393 2418 485 2419 361 2419 369 2419 485 2420 369 2420 461 2420 417 2421 433 2421 393 2421 517 2422 361 2422 485 2422 517 2423 349 2423 361 2423 517 2424 345 2424 349 2424 561 2425 684 2425 345 2425 561 2426 345 2426 517 2426 609 2427 684 2427 561 2427 609 2428 730 2428 684 2428 639 2429 730 2429 609 2429 639 2430 760 2430 730 2430 673 2431 760 2431 639 2431 1447 2432 1425 2432 1395 2432 1447 2433 1439 2433 1425 2433 1403 2434 1359 2434 1335 2434 1415 2435 1359 2435 1403 2435 1387 2436 1335 2436 1311 2436 1387 2437 1403 2437 1335 2437 1431 2438 1395 2438 1359 2438 1431 2439 1463 2439 1447 2439 1431 2440 1359 2440 1415 2440 1431 2441 1447 2441 1395 2441 1371 2442 1311 2442 1299 2442 1371 2443 1299 2443 938 2443 1371 2444 1387 2444 1311 2444 1451 2445 1463 2445 1431 2445 1367 2446 1371 2446 938 2446 1367 2447 938 2447 952 2447 1467 2448 1463 2448 1451 2448 1375 2449 1367 2449 952 2449 1375 2450 952 2450 954 2450 1391 2451 1375 2451 954 2451 839 2452 783 2452 785 2452 839 2453 767 2453 783 2453 997 2454 691 2454 737 2454 997 2455 1013 2455 691 2455 1045 2456 673 2456 691 2456 1045 2457 691 2457 1013 2457 1045 2458 760 2458 673 2458 983 2459 737 2459 745 2459 983 2460 997 2460 737 2460 983 2461 745 2461 767 2461 1057 2462 806 2462 760 2462 1057 2463 760 2463 1045 2463 963 2464 983 2464 767 2464 895 2465 767 2465 839 2465 895 2466 963 2466 767 2466 1081 2467 832 2467 806 2467 1081 2468 806 2468 1057 2468 961 2469 963 2469 895 2469 1097 2470 832 2470 1081 2470 973 2471 961 2471 895 2471 1345 2472 1391 2472 954 2472 1361 2473 1391 2473 1345 2473 1361 2474 1407 2474 1391 2474 1337 2475 1345 2475 954 2475 1337 2476 954 2476 940 2476 1397 2477 1417 2477 1407 2477 1397 2478 1407 2478 1361 2478 1321 2479 1337 2479 940 2479 1321 2480 940 2480 906 2480 1423 2481 1433 2481 1417 2481 1423 2482 1417 2482 1397 2482 1313 2483 1321 2483 906 2483 1481 2484 1469 2484 1453 2484 1481 2485 1485 2485 1469 2485 1441 2486 1453 2486 1433 2486 1441 2487 1433 2487 1423 2487 1209 2488 862 2488 832 2488 1201 2489 832 2489 1097 2489 1201 2490 1209 2490 832 2490 1221 2491 862 2491 1209 2491 1221 2492 888 2492 862 2492 1191 2493 1097 2493 1101 2493 1191 2494 1201 2494 1097 2494 1229 2495 906 2495 888 2495 1229 2496 1313 2496 906 2496 1229 2497 888 2497 1221 2497 1477 2498 1441 2498 1457 2498 1477 2499 1453 2499 1441 2499 1477 2500 1481 2500 1453 2500 1181 2501 1101 2501 1109 2501 1181 2502 1191 2502 1101 2502 1241 2503 1317 2503 1313 2503 1241 2504 1313 2504 1229 2504 1473 2505 1477 2505 1457 2505 1183 2506 1181 2506 1109 2506 1183 2507 1129 2507 1145 2507 1183 2508 1109 2508 1129 2508 1245 2509 1327 2509 1317 2509 1245 2510 1317 2510 1241 2510 1341 2511 1327 2511 1245 2511 1193 2512 1183 2512 1145 2512 1273 2513 1341 2513 1245 2513 1169 2514 1151 2514 1157 2514 1169 2515 1145 2515 1151 2515 1293 2516 1353 2516 1341 2516 1293 2517 1341 2517 1273 2517 1177 2518 1193 2518 1145 2518 1177 2519 1145 2519 1169 2519 1177 2520 1203 2520 1193 2520 1211 2521 1203 2521 1177 2521 1381 2522 1377 2522 1353 2522 1381 2523 1409 2523 1377 2523 1349 2524 1353 2524 1293 2524 1349 2525 1381 2525 1353 2525 1349 2526 1293 2526 1305 2526 1325 2527 1349 2527 1305 2527 731 2528 762 2528 761 2528 731 2529 732 2529 762 2529 685 2530 686 2530 732 2530 685 2531 732 2531 731 2531 659 2532 660 2532 686 2532 659 2533 686 2533 685 2533 629 2534 630 2534 660 2534 629 2535 660 2535 659 2535 603 2536 604 2536 630 2536 603 2537 630 2537 629 2537 585 2538 586 2538 604 2538 585 2539 604 2539 603 2539 551 2540 552 2540 586 2540 551 2541 586 2541 585 2541 537 2542 538 2542 552 2542 537 2543 552 2543 551 2543 528 2544 538 2544 537 2544 528 2545 529 2545 538 2545 542 2546 529 2546 528 2546 542 2547 543 2547 529 2547 572 2548 543 2548 542 2548 572 2549 574 2549 543 2549 594 2550 574 2550 572 2550 594 2551 595 2551 574 2551 620 2552 595 2552 594 2552 620 2553 621 2553 595 2553 650 2554 621 2554 620 2554 650 2555 651 2555 621 2555 676 2556 651 2556 650 2556 676 2557 677 2557 651 2557 722 2558 677 2558 676 2558 722 2559 723 2559 677 2559 752 2560 723 2560 722 2560 752 2561 753 2561 723 2561 798 2562 753 2562 752 2562 798 2563 799 2563 753 2563 824 2564 799 2564 798 2564 824 2565 825 2565 799 2565 854 2566 825 2566 824 2566 854 2567 855 2567 825 2567 880 2568 881 2568 855 2568 880 2569 855 2569 854 2569 898 2570 899 2570 881 2570 898 2571 881 2571 880 2571 932 2572 933 2572 899 2572 932 2573 899 2573 898 2573 946 2574 947 2574 933 2574 946 2575 933 2575 932 2575 955 2576 956 2576 947 2576 955 2577 947 2577 946 2577 941 2578 942 2578 956 2578 941 2579 956 2579 955 2579 908 2580 910 2580 942 2580 908 2581 942 2581 941 2581 889 2582 890 2582 910 2582 889 2583 910 2583 908 2583 863 2584 864 2584 890 2584 863 2585 890 2585 889 2585 833 2586 834 2586 864 2586 833 2587 864 2587 863 2587 807 2588 808 2588 834 2588 807 2589 834 2589 833 2589 761 2590 808 2590 807 2590 761 2591 762 2591 808 2591 706 2592 790 2592 791 2592 706 2593 791 2593 707 2593 642 2594 707 2594 643 2594 642 2595 706 2595 707 2595 573 2596 643 2596 575 2596 573 2597 642 2597 643 2597 496 2598 575 2598 497 2598 496 2599 573 2599 575 2599 456 2600 497 2600 457 2600 456 2601 496 2601 497 2601 424 2602 457 2602 425 2602 424 2603 456 2603 457 2603 412 2604 425 2604 413 2604 412 2605 424 2605 425 2605 400 2606 412 2606 413 2606 400 2607 413 2607 401 2607 396 2608 400 2608 401 2608 396 2609 401 2609 397 2609 408 2610 396 2610 397 2610 408 2611 397 2611 409 2611 420 2612 408 2612 409 2612 420 2613 409 2613 421 2613 444 2614 420 2614 421 2614 444 2615 421 2615 445 2615 492 2616 444 2616 445 2616 492 2617 445 2617 493 2617 568 2618 492 2618 493 2618 568 2619 493 2619 569 2619 634 2620 568 2620 569 2620 634 2621 569 2621 635 2621 694 2622 634 2622 635 2622 694 2623 695 2623 779 2623 694 2624 635 2624 695 2624 778 2625 694 2625 779 2625 842 2626 778 2626 779 2626 842 2627 779 2627 843 2627 907 2628 843 2628 909 2628 907 2629 842 2629 843 2629 988 2630 909 2630 989 2630 988 2631 907 2631 909 2631 1028 2632 989 2632 1029 2632 1028 2633 988 2633 989 2633 1060 2634 1029 2634 1061 2634 1060 2635 1028 2635 1029 2635 1072 2636 1073 2636 1085 2636 1072 2637 1061 2637 1073 2637 1072 2638 1060 2638 1061 2638 1084 2639 1072 2639 1085 2639 1088 2640 1089 2640 1077 2640 1088 2641 1085 2641 1089 2641 1088 2642 1084 2642 1085 2642 1076 2643 1088 2643 1077 2643 1064 2644 1077 2644 1065 2644 1064 2645 1076 2645 1077 2645 1040 2646 1041 2646 993 2646 1040 2647 1065 2647 1041 2647 1040 2648 1064 2648 1065 2648 992 2649 1040 2649 993 2649 916 2650 917 2650 851 2650 916 2651 993 2651 917 2651 916 2652 992 2652 993 2652 850 2653 916 2653 851 2653 790 2654 851 2654 791 2654 790 2655 850 2655 851 2655 880 2656 988 2656 1028 2656 880 2657 854 2657 988 2657 824 2658 907 2658 988 2658 824 2659 842 2659 907 2659 824 2660 988 2660 854 2660 898 2661 1028 2661 1060 2661 898 2662 880 2662 1028 2662 798 2663 842 2663 824 2663 932 2664 1060 2664 1072 2664 932 2665 898 2665 1060 2665 752 2666 778 2666 842 2666 752 2667 842 2667 798 2667 946 2668 1072 2668 1084 2668 946 2669 932 2669 1072 2669 722 2670 694 2670 778 2670 722 2671 634 2671 694 2671 722 2672 778 2672 752 2672 955 2673 946 2673 1084 2673 955 2674 1084 2674 1088 2674 676 2675 634 2675 722 2675 941 2676 1088 2676 1076 2676 941 2677 955 2677 1088 2677 650 2678 634 2678 676 2678 650 2679 568 2679 634 2679 908 2680 1076 2680 1064 2680 908 2681 941 2681 1076 2681 620 2682 568 2682 650 2682 620 2683 492 2683 568 2683 889 2684 1064 2684 1040 2684 889 2685 908 2685 1064 2685 444 2686 492 2686 620 2686 444 2687 620 2687 594 2687 992 2688 889 2688 1040 2688 992 2689 863 2689 889 2689 420 2690 444 2690 594 2690 420 2691 594 2691 572 2691 542 2692 420 2692 572 2692 916 2693 833 2693 863 2693 916 2694 863 2694 992 2694 408 2695 420 2695 542 2695 850 2696 807 2696 833 2696 850 2697 833 2697 916 2697 396 2698 408 2698 542 2698 396 2699 542 2699 528 2699 790 2700 761 2700 807 2700 790 2701 731 2701 761 2701 790 2702 807 2702 850 2702 400 2703 528 2703 537 2703 400 2704 537 2704 551 2704 400 2705 396 2705 528 2705 706 2706 685 2706 731 2706 706 2707 731 2707 790 2707 412 2708 400 2708 551 2708 642 2709 685 2709 706 2709 424 2710 551 2710 585 2710 424 2711 585 2711 603 2711 424 2712 412 2712 551 2712 573 2713 659 2713 685 2713 573 2714 685 2714 642 2714 456 2715 603 2715 629 2715 456 2716 424 2716 603 2716 496 2717 629 2717 659 2717 496 2718 659 2718 573 2718 496 2719 456 2719 629 2719 855 2720 1029 2720 989 2720 825 2721 989 2721 909 2721 825 2722 855 2722 989 2722 881 2723 1061 2723 1029 2723 881 2724 1029 2724 855 2724 799 2725 909 2725 843 2725 799 2726 825 2726 909 2726 899 2727 1073 2727 1061 2727 899 2728 1061 2728 881 2728 753 2729 843 2729 779 2729 753 2730 799 2730 843 2730 933 2731 1085 2731 1073 2731 933 2732 1073 2732 899 2732 723 2733 779 2733 695 2733 723 2734 753 2734 779 2734 947 2735 1089 2735 1085 2735 947 2736 1085 2736 933 2736 677 2737 695 2737 635 2737 677 2738 723 2738 695 2738 956 2739 1077 2739 1089 2739 956 2740 1089 2740 947 2740 651 2741 677 2741 635 2741 651 2742 635 2742 569 2742 942 2743 1077 2743 956 2743 1065 2744 1077 2744 942 2744 621 2745 651 2745 569 2745 621 2746 569 2746 493 2746 910 2747 1065 2747 942 2747 595 2748 621 2748 493 2748 1041 2749 1065 2749 910 2749 890 2750 1041 2750 910 2750 445 2751 595 2751 493 2751 574 2752 595 2752 445 2752 993 2753 1041 2753 890 2753 993 2754 890 2754 864 2754 421 2755 574 2755 445 2755 543 2756 574 2756 421 2756 917 2757 993 2757 864 2757 917 2758 864 2758 834 2758 409 2759 529 2759 543 2759 409 2760 543 2760 421 2760 851 2761 917 2761 834 2761 851 2762 834 2762 808 2762 397 2763 529 2763 409 2763 397 2764 538 2764 529 2764 791 2765 762 2765 732 2765 791 2766 808 2766 762 2766 791 2767 851 2767 808 2767 401 2768 552 2768 538 2768 401 2769 538 2769 397 2769 707 2770 791 2770 732 2770 413 2771 586 2771 552 2771 413 2772 552 2772 401 2772 643 2773 732 2773 686 2773 643 2774 686 2774 660 2774 643 2775 707 2775 732 2775 425 2776 604 2776 586 2776 425 2777 586 2777 413 2777 575 2778 643 2778 660 2778 457 2779 604 2779 425 2779 497 2780 660 2780 630 2780 497 2781 630 2781 604 2781 497 2782 604 2782 457 2782 497 2783 575 2783 660 2783 733 2784 764 2784 763 2784 733 2785 734 2785 764 2785 687 2786 688 2786 734 2786 687 2787 734 2787 733 2787 661 2788 662 2788 688 2788 661 2789 688 2789 687 2789 631 2790 632 2790 662 2790 631 2791 662 2791 661 2791 605 2792 606 2792 632 2792 605 2793 632 2793 631 2793 587 2794 588 2794 606 2794 587 2795 606 2795 605 2795 553 2796 554 2796 588 2796 553 2797 588 2797 587 2797 539 2798 540 2798 554 2798 539 2799 554 2799 553 2799 530 2800 540 2800 539 2800 530 2801 531 2801 540 2801 544 2802 531 2802 530 2802 544 2803 545 2803 531 2803 576 2804 545 2804 544 2804 576 2805 578 2805 545 2805 596 2806 578 2806 576 2806 596 2807 597 2807 578 2807 622 2808 597 2808 596 2808 622 2809 623 2809 597 2809 652 2810 623 2810 622 2810 652 2811 653 2811 623 2811 678 2812 653 2812 652 2812 678 2813 679 2813 653 2813 724 2814 679 2814 678 2814 724 2815 725 2815 679 2815 754 2816 725 2816 724 2816 754 2817 755 2817 725 2817 800 2818 755 2818 754 2818 800 2819 801 2819 755 2819 826 2820 801 2820 800 2820 826 2821 827 2821 801 2821 856 2822 827 2822 826 2822 856 2823 857 2823 827 2823 882 2824 883 2824 857 2824 882 2825 857 2825 856 2825 900 2826 901 2826 883 2826 900 2827 883 2827 882 2827 934 2828 935 2828 901 2828 934 2829 901 2829 900 2829 948 2830 949 2830 935 2830 948 2831 935 2831 934 2831 957 2832 958 2832 949 2832 957 2833 949 2833 948 2833 943 2834 944 2834 958 2834 943 2835 958 2835 957 2835 912 2836 914 2836 944 2836 912 2837 944 2837 943 2837 891 2838 892 2838 914 2838 891 2839 914 2839 912 2839 865 2840 866 2840 892 2840 865 2841 892 2841 891 2841 835 2842 836 2842 866 2842 835 2843 866 2843 865 2843 809 2844 810 2844 836 2844 809 2845 836 2845 835 2845 763 2846 810 2846 809 2846 763 2847 764 2847 810 2847 708 2848 792 2848 793 2848 708 2849 793 2849 709 2849 644 2850 709 2850 645 2850 644 2851 708 2851 709 2851 577 2852 645 2852 579 2852 577 2853 644 2853 645 2853 498 2854 579 2854 499 2854 498 2855 577 2855 579 2855 458 2856 499 2856 459 2856 458 2857 498 2857 499 2857 426 2858 459 2858 427 2858 426 2859 458 2859 459 2859 414 2860 427 2860 415 2860 414 2861 426 2861 427 2861 402 2862 414 2862 415 2862 402 2863 415 2863 403 2863 398 2864 402 2864 403 2864 398 2865 403 2865 399 2865 410 2866 398 2866 399 2866 410 2867 399 2867 411 2867 422 2868 410 2868 411 2868 422 2869 411 2869 423 2869 446 2870 422 2870 423 2870 446 2871 423 2871 447 2871 494 2872 446 2872 447 2872 494 2873 447 2873 495 2873 570 2874 494 2874 495 2874 570 2875 495 2875 571 2875 636 2876 570 2876 571 2876 636 2877 571 2877 637 2877 696 2878 636 2878 637 2878 696 2879 697 2879 781 2879 696 2880 637 2880 697 2880 780 2881 696 2881 781 2881 844 2882 780 2882 781 2882 844 2883 781 2883 845 2883 911 2884 845 2884 913 2884 911 2885 844 2885 845 2885 990 2886 913 2886 991 2886 990 2887 911 2887 913 2887 1030 2888 991 2888 1031 2888 1030 2889 990 2889 991 2889 1062 2890 1031 2890 1063 2890 1062 2891 1030 2891 1031 2891 1074 2892 1075 2892 1087 2892 1074 2893 1063 2893 1075 2893 1074 2894 1062 2894 1063 2894 1086 2895 1074 2895 1087 2895 1090 2896 1091 2896 1079 2896 1090 2897 1087 2897 1091 2897 1090 2898 1086 2898 1087 2898 1078 2899 1090 2899 1079 2899 1066 2900 1079 2900 1067 2900 1066 2901 1078 2901 1079 2901 1042 2902 1043 2902 995 2902 1042 2903 1067 2903 1043 2903 1042 2904 1066 2904 1067 2904 994 2905 1042 2905 995 2905 918 2906 919 2906 853 2906 918 2907 995 2907 919 2907 918 2908 994 2908 995 2908 852 2909 918 2909 853 2909 792 2910 853 2910 793 2910 792 2911 852 2911 853 2911 882 2912 990 2912 1030 2912 882 2913 856 2913 990 2913 826 2914 911 2914 990 2914 826 2915 844 2915 911 2915 826 2916 990 2916 856 2916 900 2917 1030 2917 1062 2917 900 2918 882 2918 1030 2918 800 2919 844 2919 826 2919 934 2920 1062 2920 1074 2920 934 2921 900 2921 1062 2921 754 2922 780 2922 844 2922 754 2923 844 2923 800 2923 948 2924 1074 2924 1086 2924 948 2925 934 2925 1074 2925 724 2926 696 2926 780 2926 724 2927 636 2927 696 2927 724 2928 780 2928 754 2928 957 2929 948 2929 1086 2929 957 2930 1086 2930 1090 2930 678 2931 636 2931 724 2931 943 2932 1090 2932 1078 2932 943 2933 957 2933 1090 2933 652 2934 636 2934 678 2934 652 2935 570 2935 636 2935 912 2936 1078 2936 1066 2936 912 2937 943 2937 1078 2937 622 2938 570 2938 652 2938 622 2939 494 2939 570 2939 891 2940 1066 2940 1042 2940 891 2941 912 2941 1066 2941 446 2942 494 2942 622 2942 446 2943 622 2943 596 2943 994 2944 891 2944 1042 2944 994 2945 865 2945 891 2945 422 2946 446 2946 596 2946 422 2947 596 2947 576 2947 544 2948 422 2948 576 2948 918 2949 835 2949 865 2949 918 2950 865 2950 994 2950 410 2951 422 2951 544 2951 852 2952 809 2952 835 2952 852 2953 835 2953 918 2953 398 2954 410 2954 544 2954 398 2955 544 2955 530 2955 792 2956 763 2956 809 2956 792 2957 733 2957 763 2957 792 2958 809 2958 852 2958 402 2959 530 2959 539 2959 402 2960 539 2960 553 2960 402 2961 398 2961 530 2961 708 2962 687 2962 733 2962 708 2963 733 2963 792 2963 414 2964 402 2964 553 2964 644 2965 687 2965 708 2965 426 2966 553 2966 587 2966 426 2967 587 2967 605 2967 426 2968 414 2968 553 2968 577 2969 661 2969 687 2969 577 2970 687 2970 644 2970 458 2971 605 2971 631 2971 458 2972 426 2972 605 2972 498 2973 631 2973 661 2973 498 2974 661 2974 577 2974 498 2975 458 2975 631 2975 857 2976 1031 2976 991 2976 827 2977 991 2977 913 2977 827 2978 857 2978 991 2978 883 2979 1063 2979 1031 2979 883 2980 1031 2980 857 2980 801 2981 913 2981 845 2981 801 2982 827 2982 913 2982 901 2983 1075 2983 1063 2983 901 2984 1063 2984 883 2984 755 2985 845 2985 781 2985 755 2986 801 2986 845 2986 935 2987 1087 2987 1075 2987 935 2988 1075 2988 901 2988 725 2989 781 2989 697 2989 725 2990 755 2990 781 2990 949 2991 1091 2991 1087 2991 949 2992 1087 2992 935 2992 679 2993 697 2993 637 2993 679 2994 725 2994 697 2994 958 2995 1079 2995 1091 2995 958 2996 1091 2996 949 2996 653 2997 679 2997 637 2997 653 2998 637 2998 571 2998 944 2999 1079 2999 958 2999 1067 3000 1079 3000 944 3000 623 3001 653 3001 571 3001 623 3002 571 3002 495 3002 914 3003 1067 3003 944 3003 597 3004 623 3004 495 3004 1043 3005 1067 3005 914 3005 892 3006 1043 3006 914 3006 447 3007 597 3007 495 3007 578 3008 597 3008 447 3008 995 3009 1043 3009 892 3009 995 3010 892 3010 866 3010 423 3011 578 3011 447 3011 545 3012 578 3012 423 3012 919 3013 995 3013 866 3013 919 3014 866 3014 836 3014 411 3015 531 3015 545 3015 411 3016 545 3016 423 3016 853 3017 919 3017 836 3017 853 3018 836 3018 810 3018 399 3019 531 3019 411 3019 399 3020 540 3020 531 3020 793 3021 764 3021 734 3021 793 3022 810 3022 764 3022 793 3023 853 3023 810 3023 403 3024 554 3024 540 3024 403 3025 540 3025 399 3025 709 3026 793 3026 734 3026 415 3027 588 3027 554 3027 415 3028 554 3028 403 3028 645 3029 734 3029 688 3029 645 3030 688 3030 662 3030 645 3031 709 3031 734 3031 427 3032 606 3032 588 3032 427 3033 588 3033 415 3033 579 3034 645 3034 662 3034 459 3035 606 3035 427 3035 499 3036 662 3036 632 3036 499 3037 632 3037 606 3037 499 3038 606 3038 459 3038 499 3039 579 3039 662 3039</p>
  </triangles>
 </mesh></geometry></library_geometries>
 <library_visual_scenes><visual_scene id="s"><node id="nodo">
  <instance_geometry url="#g"><bind_material><technique_common>
   <instance_material symbol="m" target="#mat"/>
  </technique_common></bind_material></instance_geometry>
 </node></visual_scene></library_visual_scenes>
 <scene><instance_visual_scene url="#s"/></scene>
</COLLADA>
