<?xml version="1.0" encoding="utf-8"?>
<COLLADA xmlns="http://www.collada.org/2005/11/COLLADASchema" version="1.4.1">
 <asset><unit name="meter" meter="1"/><up_axis>Z_UP</up_axis></asset>
 <library_effects><effect id="fx"><profile_COMMON><technique sid="c"><phong>
  <diffuse><color>0.850 0.750 0.380 1</color></diffuse>
  <specular><color>0.2 0.2 0.2 1</color></specular><shininess><float>20</float></shininess>
 </phong></technique></profile_COMMON></effect></library_effects>
 <library_materials><material id="mat"><instance_effect url="#fx"/></material></library_materials>
 <library_geometries><geometry id="g"><mesh>
  <source id="p"><float_array id="pa" count="4368">0.222394 -0.0411 -0.0008251 0.222394 -0.0411 0.0008251 0.222394 -0.0161 -0.0008251 0.222394 -0.0161 0.0008251 0.222475 -0.0411 -0.0024734 0.222475 -0.0411 0.0024734 0.222475 -0.0161 -0.0024734 0.222475 -0.0161 0.0024734 0.222758 0.012144 -0.0049859 0.222758 0.012144 0.0049859 0.222758 0.037144 -0.0049859 0.222758 0.037144 0.0049859 0.223046 0.012144 -0.006611 0.223046 0.012144 0.006611 0.223046 0.037144 -0.006611 0.223046 0.037144 0.006611 0.223413 0.012144 -0.0082199 0.223413 0.012144 0.0082199 0.223413 0.037144 -0.0082199 0.223413 0.037144 0.0082199 0.22347 -0.0411 -0.002424 0.22347 -0.0411 0.002424 0.22347 -0.0161 -0.002424 0.22347 -0.0161 0.002424 0.223739 0.012144 -0.0048128 0.223739 0.012144 0.0048128 0.223739 0.037144 -0.0048128 0.223739 0.037144 0.0048128 0.223859 0.012144 -0.0098087 0.223859 0.012144 0.0098087 0.223859 0.037144 -0.0098087 0.223859 0.037144 0.0098087 0.224454 -0.0411 -0.0025726 0.224454 -0.0411 0.0025726 0.224454 -0.0161 -0.0025726 0.224454 -0.0161 0.0025726 0.224665 0.012144 -0.0044489 0.224665 0.012144 0.0044489 0.224665 0.037144 -0.0044489 0.224665 0.037144 0.0044489 0.224694 -0.0411 -0.0121952 0.224694 -0.0411 0.0121952 0.224694 -0.0161 -0.0121952 0.224694 -0.0161 0.0121952 0.224818 0.012144 -0.0095393 0.224818 0.012144 0.0095393 0.224818 0.037144 -0.0095393 0.224818 0.037144 0.0095393 0.225336 -0.0411 -0.0137157 0.225336 -0.0411 0.0137157 0.225336 -0.0161 -0.0137157 0.225336 -0.0161 0.0137157 0.225389 -0.0411 -0.0029132 0.225389 -0.0411 0.0029132 0.225389 -0.0161 -0.0029132 0.225389 -0.0161 0.0029132 0.225501 0.012144 -0.0039087 0.225501 0.012144 0.0039087 0.225501 0.037144 -0.0039087 0.225501 0.037144 0.0039087 0.225611 -0.0411 -0.0118083 0.225611 -0.0411 0.0118083 0.225611 -0.0161 -0.0118083 0.225611 -0.0161 0.0118083 0.22581 0.012144 -0.0094651 0.22581 0.012144 0.0094651 0.22581 0.037144 -0.0094651 0.22581 0.037144 0.0094651 0.226052 -0.0411 -0.0152025 0.226052 -0.0411 0.0152025 0.226052 -0.0161 -0.0152025 0.226052 -0.0161 0.0152025 0.226214 0.012144 -0.0032135 0.226214 0.012144 0.0032135 0.226214 0.037144 -0.0032135 0.226214 0.037144 0.0032135 0.226239 -0.0411 -0.0034324 0.226239 -0.0411 0.0034324 0.226239 -0.0161 -0.0034324 0.226239 -0.0161 0.0034324 0.226434 -0.0411 -0.0112473 0.226434 -0.0411 0.0112473 0.226434 -0.0161 -0.0112473 0.226434 -0.0161 0.0112473 0.226775 0.012144 -0.0023909 0.226775 0.012144 0.0023909 0.226775 0.037144 -0.0023909 0.226775 0.037144 0.0023909 0.226798 0.012144 -0.0095891 0.226798 0.012144 0.0095891 0.226798 0.037144 -0.0095891 0.226798 0.037144 0.0095891 0.226841 -0.0411 -0.0166521 0.226841 -0.0411 0.0166521 0.226841 -0.0161 -0.0166521 0.226841 -0.0161 0.0166521 0.226968 -0.0411 -0.0041096 0.226968 -0.0411 0.0041096 0.226968 -0.0161 -0.0041096 0.226968 -0.0161 0.0041096 0.227129 -0.0411 -0.0105346 0.227129 -0.0411 0.0105346 0.227129 -0.0161 -0.0105346 0.227129 -0.0161 0.0105346 0.227161 0.012144 -0.0014735 0.227161 0.012144 0.0014735 0.227161 0.037144 -0.0014735 0.227161 0.037144 0.0014735 0.227359 0.012144 -0.0004978 0.227359 0.012144 0.0004978 0.227359 0.037144 -0.0004978 0.227359 0.037144 0.0004978 0.227549 -0.0411 -0.004918 0.227549 -0.0411 0.004918 0.227549 -0.0161 -0.004918 0.227549 -0.0161 0.004918 0.227669 -0.0411 -0.0096982 0.227669 -0.0411 0.0096982 0.227669 -0.0161 -0.0096982 0.227669 -0.0161 0.0096982 0.227715 -0.0411 -0.0161762 0.227715 -0.0411 0.0161762 0.227715 -0.0161 -0.0161762 0.227715 -0.0161 0.0161762 0.227742 0.012144 -0.0099062 0.227742 0.012144 0.0099062 0.227742 0.037144 -0.0099062 0.227742 0.037144 0.0099062 0.227959 -0.0411 -0.0058254 0.227959 -0.0411 0.0058254 0.227959 -0.0161 -0.0058254 0.227959 -0.0161 0.0058254 0.228032 -0.0411 -0.0087715 0.228032 -0.0411 0.0087715 0.228032 -0.0161 -0.0087715 0.228032 -0.0161 0.0087715 0.22818 -0.0411 -0.0067959 0.22818 -0.0411 0.0067959 0.22818 -0.0161 -0.0067959 0.22818 -0.0161 0.0067959 0.228186 0.012144 -0.018793 0.228186 0.012144 0.018793 0.228186 0.037144 -0.018793 0.228186 0.037144 0.018793 0.228205 -0.0411 -0.0077911 0.228205 -0.0411 0.0077911 0.228205 -0.0161 -0.0077911 0.228205 -0.0161 0.0077911 0.228604 0.012144 -0.0104041 0.228604 0.012144 0.0104041 0.228604 0.037144 -0.0104041 0.228604 0.037144 0.0104041 0.228666 -0.0411 -0.015883 0.228666 -0.0411 0.015883 0.228666 -0.0161 -0.015883 0.228666 -0.0161 0.015883 0.228994 0.012144 -0.0182117 0.228994 0.012144 0.0182117 0.228994 0.037144 -0.0182117 0.228994 0.037144 0.0182117 0.22915 0.012144 -0.0201325 0.22915 0.012144 0.0201325 0.22915 0.037144 -0.0201325 0.22915 0.037144 0.0201325 0.22935 0.012144 -0.0110628 0.22935 0.012144 0.0110628 0.22935 0.037144 -0.0110628 0.22935 0.037144 0.0110628 0.229657 -0.0411 -0.015784 0.229657 -0.0411 0.015784 0.229657 -0.0161 -0.015784 0.229657 -0.0161 0.015784 0.229671 0.012144 -0.0174818 0.229671 0.012144 0.0174818 0.229671 0.037144 -0.0174818 0.229671 0.037144 0.0174818 0.229951 0.012144 -0.0118564 0.229951 0.012144 0.0118564 0.229951 0.037144 -0.0118564 0.229951 0.037144 0.0118564 0.230179 0.012144 -0.0214228 0.230179 0.012144 0.0214228 0.230179 0.037144 -0.0214228 0.230179 0.037144 0.0214228 0.23019 0.012144 -0.0166322 0.23019 0.012144 0.0166322 0.23019 0.037144 -0.0166322 0.23019 0.037144 0.0166322 0.230383 0.012144 -0.0127533 0.230383 0.012144 0.0127533 0.230383 0.037144 -0.0127533 0.230383 0.037144 0.0127533 0.23053 0.012144 -0.0156967 0.23053 0.012144 0.0156967 0.23053 0.037144 -0.0156967 0.23053 0.037144 0.0156967 0.230629 0.012144 -0.013718 0.230629 0.012144 0.013718 0.230629 0.037144 -0.013718 0.230629 0.037144 0.013718 0.230647 -0.0411 -0.0158833 0.230647 -0.0411 0.0158833 0.230647 -0.0161 -0.0158833 0.230647 -0.0161 0.0158833 0.230678 0.012144 -0.0147123 0.230678 0.012144 0.0147123 0.230678 0.037144 -0.0147123 0.230678 0.037144 0.0147123 0.23127 0.012144 -0.0226605 0.23127 0.012144 0.0226605 0.23127 0.037144 -0.0226605 0.23127 0.037144 0.0226605 0.231599 -0.0411 -0.0161768 0.231599 -0.0411 0.0161768 0.231599 -0.0161 -0.0161768 0.231599 -0.0161 0.0161768 0.232017 0.012144 -0.022002 0.232017 0.012144 0.022002 0.232017 0.037144 -0.022002 0.232017 0.037144 0.022002 0.232473 -0.0411 -0.016653 0.232473 -0.0411 0.016653 0.232473 -0.0161 -0.016653 0.232473 -0.0161 0.016653 0.232879 0.012144 -0.0215044 0.232879 0.012144 0.0215044 0.232879 0.037144 -0.0215044 0.232879 0.037144 0.0215044 0.233058 -0.0411 -0.0244484 0.233058 -0.0411 0.0244484 0.233058 -0.0161 -0.0244484 0.233058 -0.0161 0.0244484 0.233235 -0.0411 -0.0172929 0.233235 -0.0411 0.0172929 0.233235 -0.0161 -0.0172929 0.233235 -0.0161 0.0172929 0.233716 -0.0411 -0.0237018 0.233716 -0.0411 0.0237018 0.233716 -0.0161 -0.0237018 0.233716 -0.0161 0.0237018 0.233822 0.012144 -0.0211875 0.233822 0.012144 0.0211875 0.233822 0.037144 -0.0211875 0.233822 0.037144 0.0211875 0.233856 -0.0411 -0.0180712 0.233856 -0.0411 0.0180712 0.233856 -0.0161 -0.0180712 0.233856 -0.0161 0.0180712 0.234214 -0.0411 -0.0228396 0.234214 -0.0411 0.0228396 0.234214 -0.0161 -0.0228396 0.234214 -0.0161 0.0228396 0.234296 -0.0411 -0.0255399 0.234296 -0.0411 0.0255399 0.234296 -0.0161 -0.0255399 0.234296 -0.0161 0.0255399 0.23431 -0.0411 -0.0189571 0.23431 -0.0411 0.0189571 0.23431 -0.0161 -0.0189571 0.23431 -0.0161 0.0189571 0.234531 -0.0411 -0.0218959 0.234531 -0.0411 0.0218959 0.234531 -0.0161 -0.0218959 0.234531 -0.0161 0.0218959 0.23458 -0.0411 -0.0199154 0.23458 -0.0411 0.0199154 0.23458 -0.0161 -0.0199154 0.23458 -0.0161 0.0199154 0.234654 -0.0411 -0.0209081 0.234654 -0.0411 0.0209081 0.234654 -0.0161 -0.0209081 0.234654 -0.0161 0.0209081 0.23481 0.012144 -0.0210639 0.23481 0.012144 0.0210639 0.23481 0.037144 -0.0210639 0.23481 0.037144 0.0210639 0.235586 -0.0411 -0.0265688 0.235586 -0.0411 0.0265688 0.235586 -0.0161 -0.0265688 0.235586 -0.0161 0.0265688 0.235803 0.012144 -0.0211384 0.235803 0.012144 0.0211384 0.235803 0.037144 -0.0211384 0.235803 0.037144 0.0211384 0.236761 0.012144 -0.0214081 0.236761 0.012144 0.0214081 0.236761 0.037144 -0.0214081 0.236761 0.037144 0.0214081 0.236925 -0.0411 -0.0275326 0.236925 -0.0411 0.0275326 0.236925 -0.0161 -0.0275326 0.236925 -0.0161 0.0275326 0.237507 -0.0411 -0.0267245 0.237507 -0.0411 0.0267245 0.237507 -0.0161 -0.0267245 0.237507 -0.0161 0.0267245 0.237647 0.012144 -0.0218623 0.237647 0.012144 0.0218623 0.237647 0.037144 -0.0218623 0.237647 0.037144 0.0218623 0.238237 -0.0411 -0.0260475 0.238237 -0.0411 0.0260475 0.238237 -0.0161 -0.0260475 0.238237 -0.0161 0.0260475 0.238426 0.012144 -0.022483 0.238426 0.012144 0.022483 0.238426 0.037144 -0.022483 0.238426 0.037144 0.022483 0.239065 0.012144 -0.0232455 0.239065 0.012144 0.0232455 0.239065 0.037144 -0.0232455 0.239065 0.037144 0.0232455 0.239066 0.012144 -0.0288779 0.239066 0.012144 0.0288779 0.239066 0.037144 -0.0288779 0.239066 0.037144 0.0288779 0.239086 -0.0411 -0.0255286 0.239086 -0.0411 0.0255286 0.239086 -0.0161 -0.0255286 0.239086 -0.0161 0.0255286 0.239542 0.012144 -0.0241198 0.239542 0.012144 0.0241198 0.239542 0.037144 -0.0241198 0.239542 0.037144 0.0241198 0.239542 0.012144 -0.0280035 0.239542 0.012144 0.0280035 0.239542 0.037144 -0.0280035 0.239542 0.037144 0.0280035 0.239835 0.012144 -0.025071 0.239835 0.012144 0.025071 0.239835 0.037144 -0.025071 0.239835 0.037144 0.025071 0.239835 0.012144 -0.0270521 0.239835 0.012144 0.0270521 0.239835 0.037144 -0.0270521 0.239835 0.037144 0.0270521 0.239934 0.012144 -0.0260616 0.239934 0.012144 0.0260616 0.239934 0.037144 -0.0260616 0.239934 0.037144 0.0260616 0.240022 -0.0411 -0.0251883 0.240022 -0.0411 0.0251883 0.240022 -0.0161 -0.0251883 0.240022 -0.0161 0.0251883 0.240516 0.012144 -0.0296666 0.240516 0.012144 0.0296666 0.240516 0.037144 -0.0296666 0.240516 0.037144 0.0296666 0.241006 -0.0411 -0.02504 0.241006 -0.0411 0.02504 0.241006 -0.0161 -0.02504 0.241006 -0.0161 0.02504 0.242 -0.0411 -0.0250897 0.242 -0.0411 0.0250897 0.242 -0.0161 -0.0250897 0.242 -0.0161 0.0250897 0.242003 0.012144 -0.0303826 0.242003 0.012144 0.0303826 0.242003 0.037144 -0.0303826 0.242003 0.037144 0.0303826 0.242965 -0.0411 -0.0253354 0.242965 -0.0411 0.0253354 0.242965 -0.0161 -0.0253354 0.242965 -0.0161 0.0253354 0.243523 0.012144 -0.0310242 0.243523 0.012144 0.0310242 0.243523 0.037144 -0.0310242 0.243523 0.037144 0.0310242 0.243862 -0.0411 -0.0257673 0.243862 -0.0411 0.0257673 0.243862 -0.0161 -0.0257673 0.243862 -0.0161 0.0257673 0.24391 0.012144 -0.0301069 0.24391 0.012144 0.0301069 0.24391 0.037144 -0.0301069 0.24391 0.037144 0.0301069 0.244471 0.012144 -0.0292845 0.244471 0.012144 0.0292845 0.244471 0.037144 -0.0292845 0.244471 0.037144 0.0292845 0.244656 -0.0411 -0.0263684 0.244656 -0.0411 0.0263684 0.244656 -0.0161 -0.0263684 0.244656 -0.0161 0.0263684 0.245184 0.012144 -0.0285896 0.245184 0.012144 0.0285896 0.245184 0.037144 -0.0285896 0.245184 0.037144 0.0285896 0.245314 -0.0411 -0.0271147 0.245314 -0.0411 0.0271147 0.245314 -0.0161 -0.0271147 0.245314 -0.0161 0.0271147 0.245718 -0.0161 -0 0.245718 -0.0141 -0 0.245718 0.010144 0 0.245718 0.012144 0 0.245812 -0.0411 -0.0279768 0.245812 -0.0411 0.0279768 0.245812 -0.0161 -0.0279768 0.245812 -0.0161 0.0279768 0.24591 -0.0411 -0.0318593 0.24591 -0.0411 0.0318593 0.24591 -0.0161 -0.0318593 0.24591 -0.0161 0.0318593 0.245911 -0.0161 -0.0019509 0.245911 -0.0161 0.0019509 0.245911 -0.0141 -0.0019509 0.245911 -0.0141 0.0019509 0.245911 0.010144 -0.0019509 0.245911 0.010144 0.0019509 0.245911 0.012144 -0.0019509 0.245911 0.012144 0.0019509 0.24602 0.012144 -0.0280496 0.24602 0.012144 0.0280496 0.24602 0.037144 -0.0280496 0.24602 0.037144 0.0280496 0.246129 -0.0411 -0.0289204 0.246129 -0.0411 0.0289204 0.246129 -0.0161 -0.0289204 0.246129 -0.0161 0.0289204 0.246179 -0.0411 -0.0309009 0.246179 -0.0411 0.0309009 0.246179 -0.0161 -0.0309009 0.246179 -0.0161 0.0309009 0.246253 -0.0411 -0.0299082 0.246253 -0.0411 0.0299082 0.246253 -0.0161 -0.0299082 0.246253 -0.0161 0.0299082 0.24648 -0.0161 -0.0038268 0.24648 -0.0161 0.0038268 0.24648 -0.0141 -0.0038268 0.24648 -0.0141 0.0038268 0.24648 0.010144 -0.0038268 0.24648 0.010144 0.0038268 0.24648 0.012144 -0.0038268 0.24648 0.012144 0.0038268 0.246947 0.012144 -0.027686 0.246947 0.012144 0.027686 0.246947 0.037144 -0.027686 0.246947 0.037144 0.027686 0.247404 -0.0161 -0.0055557 0.247404 -0.0161 0.0055557 0.247404 -0.0141 -0.0055557 0.247404 -0.0141 0.0055557 0.247404 0.010144 -0.0055557 0.247404 0.010144 0.0055557 0.247404 0.012144 -0.0055557 0.247404 0.012144 0.0055557 0.247499 -0.0411 -0.0323057 0.247499 -0.0411 0.0323057 0.247499 -0.0161 -0.0323057 0.247499 -0.0161 0.0323057 0.247927 0.012144 -0.0275132 0.247927 0.012144 0.0275132 0.247927 0.037144 -0.0275132 0.247927 0.037144 0.0275132 0.247968 -0.0411 -0 0.247968 -0.0341 -0 0.247968 0.030144 -0 0.247968 0.037144 -0 0.248117 -0.0411 -0.0015119 0.248117 -0.0411 0.0015119 0.248117 -0.0341 -0.0015119 0.248117 -0.0341 0.0015119 0.248117 0.030144 -0.0015119 0.248117 0.030144 0.0015119 0.248117 0.037144 -0.0015119 0.248117 0.037144 0.0015119 0.248558 -0.0411 -0.0029658 0.248558 -0.0411 0.0029658 0.248558 -0.0341 -0.0029658 0.248558 -0.0341 0.0029658 0.248558 0.030144 -0.0029658 0.248558 0.030144 0.0029658 0.248558 0.037144 -0.0029658 0.248558 0.037144 0.0029658 0.248647 -0.0161 -0.0070711 0.248647 -0.0161 0.0070711 0.248647 -0.0141 -0.0070711 0.248647 -0.0141 0.0070711 0.248647 0.010144 -0.0070711 0.248647 0.010144 0.0070711 0.248647 0.012144 -0.0070711 0.248647 0.012144 0.0070711 0.248922 0.012144 -0.027538 0.248922 0.012144 0.027538 0.248922 0.037144 -0.027538 0.248922 0.037144 0.027538 0.249107 -0.0411 -0.0326729 0.249107 -0.0411 0.0326729 0.249107 -0.0161 -0.0326729 0.249107 -0.0161 0.0326729 0.249275 -0.0411 -0.0043057 0.249275 -0.0411 0.0043057 0.249275 -0.0341 -0.0043057 0.249275 -0.0341 0.0043057 0.249275 0.030144 -0.0043057 0.249275 0.030144 0.0043057 0.249275 0.037144 -0.0043057 0.249275 0.037144 0.0043057 0.249893 0.012144 -0.0277596 0.249893 0.012144 0.0277596 0.249893 0.037144 -0.0277596 0.249893 0.037144 0.0277596 0.250163 -0.0161 -0.0083147 0.250163 -0.0161 0.0083147 0.250163 -0.0141 -0.0083147 0.250163 -0.0141 0.0083147 0.250163 0.010144 -0.0083147 0.250163 0.010144 0.0083147 0.250163 0.012144 -0.0083147 0.250163 0.012144 0.0083147 0.250238 -0.0411 -0.0054801 0.250238 -0.0411 0.0054801 0.250238 -0.0341 -0.0054801 0.250238 -0.0341 0.0054801 0.250238 0.030144 -0.0054801 0.250238 0.030144 0.0054801 0.250238 0.037144 -0.0054801 0.250238 0.037144 0.0054801 0.250468 -0.0341 -0 0.250468 -0.0161 -0 0.250468 -0.0141 -0 0.250468 0.010144 0 0.250468 0.012144 -0 0.250468 0.030144 -0 0.250569 -0.0341 -0.0010242 0.250569 -0.0341 0.0010242 0.250569 -0.0161 -0.0010242 0.250569 -0.0161 0.0010242 0.250569 -0.0141 -0.0010242 0.250569 -0.0141 0.0010242 0.250569 0.010144 -0.0010242 0.250569 0.010144 0.0010242 0.250569 0.012144 -0.0010242 0.250569 0.012144 0.0010242 0.250569 0.030144 -0.0010242 0.250569 0.030144 0.0010242 0.250733 -0.0411 -0.03296 0.250733 -0.0411 0.03296 0.250733 -0.0161 -0.03296 0.250733 -0.0161 0.03296 0.2508 0.012144 -0.028169 0.2508 0.012144 0.028169 0.2508 0.037144 -0.028169 0.2508 0.037144 0.028169 0.250868 -0.0341 -0.0020091 0.250868 -0.0341 0.0020091 0.250868 -0.0161 -0.0020091 0.250868 -0.0161 0.0020091 0.250868 -0.0141 -0.0020091 0.250868 -0.0141 0.0020091 0.250868 0.010144 -0.0020091 0.250868 0.010144 0.0020091 0.250868 0.012144 -0.0020091 0.250868 0.012144 0.0020091 0.250868 0.030144 -0.0020091 0.250868 0.030144 0.0020091 0.250906 -0.0411 -0.0319797 0.250906 -0.0411 0.0319797 0.250906 -0.0161 -0.0319797 0.250906 -0.0161 0.0319797 0.251269 -0.0411 -0.0310531 0.251269 -0.0411 0.0310531 0.251269 -0.0161 -0.0310531 0.251269 -0.0161 0.0310531 0.251353 -0.0341 -0.0029167 0.251353 -0.0341 0.0029167 0.251353 -0.0161 -0.0029167 0.251353 -0.0161 0.0029167 0.251353 -0.0141 -0.0029167 0.251353 -0.0141 0.0029167 0.251353 0.010144 -0.0029167 0.251353 0.010144 0.0029167 0.251353 0.012144 -0.0029167 0.251353 0.012144 0.0029167 0.251353 0.030144 -0.0029167 0.251353 0.030144 0.0029167 0.251413 -0.0411 -0.0064439 0.251413 -0.0411 0.0064439 0.251413 -0.0341 -0.0064439 0.251413 -0.0341 0.0064439 0.251413 0.030144 -0.0064439 0.251413 0.030144 0.0064439 0.251413 0.037144 -0.0064439 0.251413 0.037144 0.0064439 0.251609 0.012144 -0.02875 0.251609 0.012144 0.02875 0.251609 0.037144 -0.02875 0.251609 0.037144 0.02875 0.25181 -0.0411 -0.0302169 0.25181 -0.0411 0.0302169 0.25181 -0.0161 -0.0302169 0.25181 -0.0161 0.0302169 0.251892 -0.0161 -0.0092388 0.251892 -0.0161 0.0092388 0.251892 -0.0141 -0.0092388 0.251892 -0.0141 0.0092388 0.251892 0.010144 -0.0092388 0.251892 0.010144 0.0092388 0.251892 0.012144 -0.0092388 0.251892 0.012144 0.0092388 0.252006 -0.0341 -0.0037123 0.252006 -0.0341 0.0037123 0.252006 -0.0161 -0.0037123 0.252006 -0.0161 0.0037123 0.252006 -0.0141 -0.0037123 0.252006 -0.0141 0.0037123 0.252006 0.010144 -0.0037123 0.252006 0.010144 0.0037123 0.252006 0.012144 -0.0037123 0.252006 0.012144 0.0037123 0.252006 0.030144 -0.0037123 0.252006 0.030144 0.0037123 0.252286 0.012144 -0.0294797 0.252286 0.012144 0.0294797 0.252286 0.037144 -0.0294797 0.252286 0.037144 0.0294797 0.252505 -0.0411 -0.0295044 0.252505 -0.0411 0.0295044 0.252505 -0.0161 -0.0295044 0.252505 -0.0161 0.0295044 0.252753 -0.0411 -0.0071601 0.252753 -0.0411 0.0071601 0.252753 -0.0341 -0.0071601 0.252753 -0.0341 0.0071601 0.252753 0.030144 -0.0071601 0.252753 0.030144 0.0071601 0.252753 0.037144 -0.0071601 0.252753 0.037144 0.0071601 0.252802 -0.0341 -0.0043652 0.252802 -0.0341 0.0043652 0.252802 -0.0161 -0.0043652 0.252802 -0.0161 0.0043652 0.252802 -0.0141 -0.0043652 0.252802 -0.0141 0.0043652 0.252802 0.010144 -0.0043652 0.252802 0.010144 0.0043652 0.252802 0.012144 -0.0043652 0.252802 0.012144 0.0043652 0.252802 0.030144 -0.0043652 0.252802 0.030144 0.0043652 0.252805 0.012144 -0.0303291 0.252805 0.012144 0.0303291 0.252805 0.037144 -0.0303291 0.252805 0.037144 0.0303291 0.253146 0.012144 -0.0312645 0.253146 0.012144 0.0312645 0.253146 0.037144 -0.0312645 0.253146 0.037144 0.0312645 0.253245 0.012144 -0.0332431 0.253245 0.012144 0.0332431 0.253245 0.037144 -0.0332431 0.253245 0.037144 0.0332431 0.253294 0.012144 -0.0322488 0.253294 0.012144 0.0322488 0.253294 0.037144 -0.0322488 0.253294 0.037144 0.0322488 0.253327 -0.0411 -0.0289437 0.253327 -0.0411 0.0289437 0.253327 -0.0161 -0.0289437 0.253327 -0.0161 0.0289437 0.253709 -0.0341 -0.0048504 0.253709 -0.0341 0.0048504 0.253709 -0.0161 -0.0048504 0.253709 -0.0161 0.0048504 0.253709 -0.0141 -0.0048504 0.253709 -0.0141 0.0048504 0.253709 0.010144 -0.0048504 0.253709 0.010144 0.0048504 0.253709 0.012144 -0.0048504 0.253709 0.012144 0.0048504 0.253709 0.030144 -0.0048504 0.253709 0.030144 0.0048504 0.253767 -0.0161 -0.0098079 0.253767 -0.0161 0.0098079 0.253767 -0.0141 -0.0098079 0.253767 -0.0141 0.0098079 0.253767 0.010144 -0.0098079 0.253767 0.010144 0.0098079 0.253767 0.012144 -0.0098079 0.253767 0.012144 0.0098079 0.254207 -0.0411 -0.0076011 0.254207 -0.0411 0.0076011 0.254207 -0.0341 -0.0076011 0.254207 -0.0341 0.0076011 0.254207 0.030144 -0.0076011 0.254207 0.030144 0.0076011 0.254207 0.037144 -0.0076011 0.254207 0.037144 0.0076011 0.254245 -0.0411 -0.0285571 0.254245 -0.0411 0.0285571 0.254245 -0.0161 -0.0285571 0.254245 -0.0161 0.0285571 0.254694 -0.0341 -0.0051491 0.254694 -0.0341 0.0051491 0.254694 -0.0161 -0.0051491 0.254694 -0.0161 0.0051491 0.254694 -0.0141 -0.0051491 0.254694 -0.0141 0.0051491 0.254694 0.010144 -0.0051491 0.254694 0.010144 0.0051491 0.254694 0.012144 -0.0051491 0.254694 0.012144 0.0051491 0.254694 0.030144 -0.0051491 0.254694 0.030144 0.0051491 0.254893 0.012144 -0.0333248 0.254893 0.012144 0.0333248 0.254893 0.037144 -0.0333248 0.254893 0.037144 0.0333248 0.255221 -0.0411 -0.0283598 0.255221 -0.0411 0.0283598 0.255221 -0.0161 -0.0283598 0.255221 -0.0161 0.0283598 0.255718 -0.0411 -0.00775 0.255718 -0.0411 0.00775 0.255718 -0.0341 -0.00775 0.255718 -0.0341 -0.00525 0.255718 -0.0341 0.00525 0.255718 -0.0341 0.00775 0.255718 -0.0161 -0.01 0.255718 -0.0161 -0.00525 0.255718 -0.0161 0.00525 0.255718 -0.0161 0.01 0.255718 -0.0141 -0.01 0.255718 -0.0141 -0.00525 0.255718 -0.0141 0.00525 0.255718 -0.0141 0.01 0.255718 0.010144 -0.01 0.255718 0.010144 -0.00525 0.255718 0.010144 0.00525 0.255718 0.010144 0.01 0.255718 0.012144 -0.01 0.255718 0.012144 -0.00525 0.255718 0.012144 0.00525 0.255718 0.012144 0.01 0.255718 0.030144 -0.00775 0.255718 0.030144 -0.00525 0.255718 0.030144 0.00525 0.255718 0.030144 0.00775 0.255718 0.037144 -0.00775 0.255718 0.037144 0.00775 0.256216 -0.0411 -0.0283598 0.256216 -0.0411 0.0283598 0.256216 -0.0161 -0.0283598 0.256216 -0.0161 0.0283598 0.256543 0.012144 -0.0333248 0.256543 0.012144 0.0333248 0.256543 0.037144 -0.0333248 0.256543 0.037144 0.0333248 0.256743 -0.0341 -0.0051491 0.256743 -0.0341 0.0051491 0.256743 -0.0161 -0.0051491 0.256743 -0.0161 0.0051491 0.256743 -0.0141 -0.0051491 0.256743 -0.0141 0.0051491 0.256743 0.010144 -0.0051491 0.256743 0.010144 0.0051491 0.256743 0.012144 -0.0051491 0.256743 0.012144 0.0051491 0.256743 0.030144 -0.0051491 0.256743 0.030144 0.0051491 0.257192 -0.0411 -0.0285571 0.257192 -0.0411 0.0285571 0.257192 -0.0161 -0.0285571 0.257192 -0.0161 0.0285571 0.25723 -0.0411 -0.0076011 0.25723 -0.0411 0.0076011 0.25723 -0.0341 -0.0076011 0.25723 -0.0341 0.0076011 0.25723 0.030144 -0.0076011 0.25723 0.030144 0.0076011 0.25723 0.037144 -0.0076011 0.25723 0.037144 0.0076011 0.257669 -0.0161 -0.0098079 0.257669 -0.0161 0.0098079 0.257669 -0.0141 -0.0098079 0.257669 -0.0141 0.0098079 0.257669 0.010144 -0.0098079 0.257669 0.010144 0.0098079 0.257669 0.012144 -0.0098079 0.257669 0.012144 0.0098079 0.257727 -0.0341 -0.0048504 0.257727 -0.0341 0.0048504 0.257727 -0.0161 -0.0048504 0.257727 -0.0161 0.0048504 0.257727 -0.0141 -0.0048504 0.257727 -0.0141 0.0048504 0.257727 0.010144 -0.0048504 0.257727 0.010144 0.0048504 0.257727 0.012144 -0.0048504 0.257727 0.012144 0.0048504 0.257727 0.030144 -0.0048504 0.257727 0.030144 0.0048504 0.258109 -0.0411 -0.0289437 0.258109 -0.0411 0.0289437 0.258109 -0.0161 -0.0289437 0.258109 -0.0161 0.0289437 0.258142 0.012144 -0.0322488 0.258142 0.012144 0.0322488 0.258142 0.037144 -0.0322488 0.258142 0.037144 0.0322488 0.258192 0.012144 -0.0332431 0.258192 0.012144 0.0332431 0.258192 0.037144 -0.0332431 0.258192 0.037144 0.0332431 0.258291 0.012144 -0.0312645 0.258291 0.012144 0.0312645 0.258291 0.037144 -0.0312645 0.258291 0.037144 0.0312645 0.258632 0.012144 -0.0303291 0.258632 0.012144 0.0303291 0.258632 0.037144 -0.0303291 0.258632 0.037144 0.0303291 0.258635 -0.0341 -0.0043652 0.258635 -0.0341 0.0043652 0.258635 -0.0161 -0.0043652 0.258635 -0.0161 0.0043652 0.258635 -0.0141 -0.0043652 0.258635 -0.0141 0.0043652 0.258635 0.010144 -0.0043652 0.258635 0.010144 0.0043652 0.258635 0.012144 -0.0043652 0.258635 0.012144 0.0043652 0.258635 0.030144 -0.0043652 0.258635 0.030144 0.0043652 0.258684 -0.0411 -0.0071601 0.258684 -0.0411 0.0071601 0.258684 -0.0341 -0.0071601 0.258684 -0.0341 0.0071601 0.258684 0.030144 -0.0071601 0.258684 0.030144 0.0071601 0.258684 0.037144 -0.0071601 0.258684 0.037144 0.0071601 0.258932 -0.0411 -0.0295044 0.258932 -0.0411 0.0295044 0.258932 -0.0161 -0.0295044 0.258932 -0.0161 0.0295044 0.259151 0.012144 -0.0294797 0.259151 0.012144 0.0294797 0.259151 0.037144 -0.0294797 0.259151 0.037144 0.0294797 0.259431 -0.0341 -0.0037123 0.259431 -0.0341 0.0037123 0.259431 -0.0161 -0.0037123 0.259431 -0.0161 0.0037123 0.259431 -0.0141 -0.0037123 0.259431 -0.0141 0.0037123 0.259431 0.010144 -0.0037123 0.259431 0.010144 0.0037123 0.259431 0.012144 -0.0037123 0.259431 0.012144 0.0037123 0.259431 0.030144 -0.0037123 0.259431 0.030144 0.0037123 0.259545 -0.0161 -0.0092388 0.259545 -0.0161 0.0092388 0.259545 -0.0141 -0.0092388 0.259545 -0.0141 0.0092388 0.259545 0.010144 -0.0092388 0.259545 0.010144 0.0092388 0.259545 0.012144 -0.0092388 0.259545 0.012144 0.0092388 0.259627 -0.0411 -0.0302169 0.259627 -0.0411 0.0302169 0.259627 -0.0161 -0.0302169 0.259627 -0.0161 0.0302169 0.259828 0.012144 -0.02875 0.259828 0.012144 0.02875 0.259828 0.037144 -0.02875 0.259828 0.037144 0.02875 0.260024 -0.0411 -0.0064439 0.260024 -0.0411 0.0064439 0.260024 -0.0341 -0.0064439 0.260024 -0.0341 0.0064439 0.260024 0.030144 -0.0064439 0.260024 0.030144 0.0064439 0.260024 0.037144 -0.0064439 0.260024 0.037144 0.0064439 0.260084 -0.0341 -0.0029167 0.260084 -0.0341 0.0029167 0.260084 -0.0161 -0.0029167 0.260084 -0.0161 0.0029167 0.260084 -0.0141 -0.0029167 0.260084 -0.0141 0.0029167 0.260084 0.010144 -0.0029167 0.260084 0.010144 0.0029167 0.260084 0.012144 -0.0029167 0.260084 0.012144 0.0029167 0.260084 0.030144 -0.0029167 0.260084 0.030144 0.0029167 0.260167 -0.0411 -0.0310531 0.260167 -0.0411 0.0310531 0.260167 -0.0161 -0.0310531 0.260167 -0.0161 0.0310531 0.260531 -0.0411 -0.0319797 0.260531 -0.0411 0.0319797 0.260531 -0.0161 -0.0319797 0.260531 -0.0161 0.0319797 0.260569 -0.0341 -0.0020091 0.260569 -0.0341 0.0020091 0.260569 -0.0161 -0.0020091 0.260569 -0.0161 0.0020091 0.260569 -0.0141 -0.0020091 0.260569 -0.0141 0.0020091 0.260569 0.010144 -0.0020091 0.260569 0.010144 0.0020091 0.260569 0.012144 -0.0020091 0.260569 0.012144 0.0020091 0.260569 0.030144 -0.0020091 0.260569 0.030144 0.0020091 0.260636 0.012144 -0.028169 0.260636 0.012144 0.028169 0.260636 0.037144 -0.028169 0.260636 0.037144 0.028169 0.260704 -0.0411 -0.03296 0.260704 -0.0411 0.03296 0.260704 -0.0161 -0.03296 0.260704 -0.0161 0.03296 0.260867 -0.0341 -0.0010242 0.260867 -0.0341 0.0010242 0.260867 -0.0161 -0.0010242 0.260867 -0.0161 0.0010242 0.260867 -0.0141 -0.0010242 0.260867 -0.0141 0.0010242 0.260867 0.010144 -0.0010242 0.260867 0.010144 0.0010242 0.260867 0.012144 -0.0010242 0.260867 0.012144 0.0010242 0.260867 0.030144 -0.0010242 0.260867 0.030144 0.0010242 0.260968 -0.0341 -0 0.260968 -0.0161 -0 0.260968 -0.0141 -0 0.260968 0.010144 -0 0.260968 0.012144 0 0.260968 0.030144 -0 0.261199 -0.0411 -0.0054801 0.261199 -0.0411 0.0054801 0.261199 -0.0341 -0.0054801 0.261199 -0.0341 0.0054801 0.261199 0.030144 -0.0054801 0.261199 0.030144 0.0054801 0.261199 0.037144 -0.0054801 0.261199 0.037144 0.0054801 0.261274 -0.0161 -0.0083147 0.261274 -0.0161 0.0083147 0.261274 -0.0141 -0.0083147 0.261274 -0.0141 0.0083147 0.261274 0.010144 -0.0083147 0.261274 0.010144 0.0083147 0.261274 0.012144 -0.0083147 0.261274 0.012144 0.0083147 0.261544 0.012144 -0.0277596 0.261544 0.012144 0.0277596 0.261544 0.037144 -0.0277596 0.261544 0.037144 0.0277596 0.262162 -0.0411 -0.0043057 0.262162 -0.0411 0.0043057 0.262162 -0.0341 -0.0043057 0.262162 -0.0341 0.0043057 0.262162 0.030144 -0.0043057 0.262162 0.030144 0.0043057 0.262162 0.037144 -0.0043057 0.262162 0.037144 0.0043057 0.262329 -0.0411 -0.0326729 0.262329 -0.0411 0.0326729 0.262329 -0.0161 -0.0326729 0.262329 -0.0161 0.0326729 0.262514 0.012144 -0.027538 0.262514 0.012144 0.027538 0.262514 0.037144 -0.027538 0.262514 0.037144 0.027538 0.26279 -0.0161 -0.0070711 0.26279 -0.0161 0.0070711 0.26279 -0.0141 -0.0070711 0.26279 -0.0141 0.0070711 0.26279 0.010144 -0.0070711 0.26279 0.010144 0.0070711 0.26279 0.012144 -0.0070711 0.26279 0.012144 0.0070711 0.262879 -0.0411 -0.0029658 0.262879 -0.0411 0.0029658 0.262879 -0.0341 -0.0029658 0.262879 -0.0341 0.0029658 0.262879 0.030144 -0.0029658 0.262879 0.030144 0.0029658 0.262879 0.037144 -0.0029658 0.262879 0.037144 0.0029658 0.263319 -0.0411 -0.0015119 0.263319 -0.0411 0.0015119 0.263319 -0.0341 -0.0015119 0.263319 -0.0341 0.0015119 0.263319 0.030144 -0.0015119 0.263319 0.030144 0.0015119 0.263319 0.037144 -0.0015119 0.263319 0.037144 0.0015119 0.263468 -0.0411 -0 0.263468 -0.0341 -0 0.263468 0.030144 0 0.263468 0.037144 0 0.26351 0.012144 -0.0275132 0.26351 0.012144 0.0275132 0.26351 0.037144 -0.0275132 0.26351 0.037144 0.0275132 0.263938 -0.0411 -0.0323057 0.263938 -0.0411 0.0323057 0.263938 -0.0161 -0.0323057 0.263938 -0.0161 0.0323057 0.264033 -0.0161 -0.0055557 0.264033 -0.0161 0.0055557 0.264033 -0.0141 -0.0055557 0.264033 -0.0141 0.0055557 0.264033 0.010144 -0.0055557 0.264033 0.010144 0.0055557 0.264033 0.012144 -0.0055557 0.264033 0.012144 0.0055557 0.26449 0.012144 -0.027686 0.26449 0.012144 0.027686 0.26449 0.037144 -0.027686 0.26449 0.037144 0.027686 0.264957 -0.0161 -0.0038268 0.264957 -0.0161 0.0038268 0.264957 -0.0141 -0.0038268 0.264957 -0.0141 0.0038268 0.264957 0.010144 -0.0038268 0.264957 0.010144 0.0038268 0.264957 0.012144 -0.0038268 0.264957 0.012144 0.0038268 0.265184 -0.0411 -0.0299082 0.265184 -0.0411 0.0299082 0.265184 -0.0161 -0.0299082 0.265184 -0.0161 0.0299082 0.265258 -0.0411 -0.0309009 0.265258 -0.0411 0.0309009 0.265258 -0.0161 -0.0309009 0.265258 -0.0161 0.0309009 0.265307 -0.0411 -0.0289204 0.265307 -0.0411 0.0289204 0.265307 -0.0161 -0.0289204 0.265307 -0.0161 0.0289204 0.265417 0.012144 -0.0280496 0.265417 0.012144 0.0280496 0.265417 0.037144 -0.0280496 0.265417 0.037144 0.0280496 0.265526 -0.0161 -0.0019509 0.265526 -0.0161 0.0019509 0.265526 -0.0141 -0.0019509 0.265526 -0.0141 0.0019509 0.265526 0.010144 -0.0019509 0.265526 0.010144 0.0019509 0.265526 0.012144 -0.0019509 0.265526 0.012144 0.0019509 0.265527 -0.0411 -0.0318593 0.265527 -0.0411 0.0318593 0.265527 -0.0161 -0.0318593 0.265527 -0.0161 0.0318593 0.265625 -0.0411 -0.0279768 0.265625 -0.0411 0.0279768 0.265625 -0.0161 -0.0279768 0.265625 -0.0161 0.0279768 0.265718 -0.0161 -0 0.265718 -0.0141 -0 0.265718 0.010144 -0 0.265718 0.012144 -0 0.266122 -0.0411 -0.0271147 0.266122 -0.0411 0.0271147 0.266122 -0.0161 -0.0271147 0.266122 -0.0161 0.0271147 0.266253 0.012144 -0.0285896 0.266253 0.012144 0.0285896 0.266253 0.037144 -0.0285896 0.266253 0.037144 0.0285896 0.266781 -0.0411 -0.0263684 0.266781 -0.0411 0.0263684 0.266781 -0.0161 -0.0263684 0.266781 -0.0161 0.0263684 0.266966 0.012144 -0.0292845 0.266966 0.012144 0.0292845 0.266966 0.037144 -0.0292845 0.266966 0.037144 0.0292845 0.267527 0.012144 -0.0301069 0.267527 0.012144 0.0301069 0.267527 0.037144 -0.0301069 0.267527 0.037144 0.0301069 0.267575 -0.0411 -0.0257673 0.267575 -0.0411 0.0257673 0.267575 -0.0161 -0.0257673 0.267575 -0.0161 0.0257673 0.267914 0.012144 -0.0310242 0.267914 0.012144 0.0310242 0.267914 0.037144 -0.0310242 0.267914 0.037144 0.0310242 0.268472 -0.0411 -0.0253354 0.268472 -0.0411 0.0253354 0.268472 -0.0161 -0.0253354 0.268472 -0.0161 0.0253354 0.269434 0.012144 -0.0303826 0.269434 0.012144 0.0303826 0.269434 0.037144 -0.0303826 0.269434 0.037144 0.0303826 0.269436 -0.0411 -0.0250897 0.269436 -0.0411 0.0250897 0.269436 -0.0161 -0.0250897 0.269436 -0.0161 0.0250897 0.270431 -0.0411 -0.02504 0.270431 -0.0411 0.02504 0.270431 -0.0161 -0.02504 0.270431 -0.0161 0.02504 0.270921 0.012144 -0.0296666 0.270921 0.012144 0.0296666 0.270921 0.037144 -0.0296666 0.270921 0.037144 0.0296666 0.271415 -0.0411 -0.0251883 0.271415 -0.0411 0.0251883 0.271415 -0.0161 -0.0251883 0.271415 -0.0161 0.0251883 0.271502 0.012144 -0.0260616 0.271502 0.012144 0.0260616 0.271502 0.037144 -0.0260616 0.271502 0.037144 0.0260616 0.271601 0.012144 -0.0270521 0.271601 0.012144 0.0270521 0.271601 0.037144 -0.0270521 0.271601 0.037144 0.0270521 0.271602 0.012144 -0.025071 0.271602 0.012144 0.025071 0.271602 0.037144 -0.025071 0.271602 0.037144 0.025071 0.271895 0.012144 -0.0280035 0.271895 0.012144 0.0280035 0.271895 0.037144 -0.0280035 0.271895 0.037144 0.0280035 0.271895 0.012144 -0.0241198 0.271895 0.012144 0.0241198 0.271895 0.037144 -0.0241198 0.271895 0.037144 0.0241198 0.272351 -0.0411 -0.0255286 0.272351 -0.0411 0.0255286 0.272351 -0.0161 -0.0255286 0.272351 -0.0161 0.0255286 0.272371 0.012144 -0.0288779 0.272371 0.012144 0.0288779 0.272371 0.037144 -0.0288779 0.272371 0.037144 0.0288779 0.272371 0.012144 -0.0232455 0.272371 0.012144 0.0232455 0.272371 0.037144 -0.0232455 0.272371 0.037144 0.0232455 0.273011 0.012144 -0.022483 0.273011 0.012144 0.022483 0.273011 0.037144 -0.022483 0.273011 0.037144 0.022483 0.2732 -0.0411 -0.0260475 0.2732 -0.0411 0.0260475 0.2732 -0.0161 -0.0260475 0.2732 -0.0161 0.0260475 0.27379 0.012144 -0.0218623 0.27379 0.012144 0.0218623 0.27379 0.037144 -0.0218623 0.27379 0.037144 0.0218623 0.27393 -0.0411 -0.0267245 0.27393 -0.0411 0.0267245 0.27393 -0.0161 -0.0267245 0.27393 -0.0161 0.0267245 0.274511 -0.0411 -0.0275326 0.274511 -0.0411 0.0275326 0.274511 -0.0161 -0.0275326 0.274511 -0.0161 0.0275326 0.274676 0.012144 -0.0214081 0.274676 0.012144 0.0214081 0.274676 0.037144 -0.0214081 0.274676 0.037144 0.0214081 0.275634 0.012144 -0.0211384 0.275634 0.012144 0.0211384 0.275634 0.037144 -0.0211384 0.275634 0.037144 0.0211384 0.275851 -0.0411 -0.0265688 0.275851 -0.0411 0.0265688 0.275851 -0.0161 -0.0265688 0.275851 -0.0161 0.0265688 0.276626 0.012144 -0.0210639 0.276626 0.012144 0.0210639 0.276626 0.037144 -0.0210639 0.276626 0.037144 0.0210639 0.276782 -0.0411 -0.0209081 0.276782 -0.0411 0.0209081 0.276782 -0.0161 -0.0209081 0.276782 -0.0161 0.0209081 0.276857 -0.0411 -0.0199154 0.276857 -0.0411 0.0199154 0.276857 -0.0161 -0.0199154 0.276857 -0.0161 0.0199154 0.276906 -0.0411 -0.0218959 0.276906 -0.0411 0.0218959 0.276906 -0.0161 -0.0218959 0.276906 -0.0161 0.0218959 0.277126 -0.0411 -0.0189571 0.277126 -0.0411 0.0189571 0.277126 -0.0161 -0.0189571 0.277126 -0.0161 0.0189571 0.277141 -0.0411 -0.0255399 0.277141 -0.0411 0.0255399 0.277141 -0.0161 -0.0255399 0.277141 -0.0161 0.0255399 0.277223 -0.0411 -0.0228396 0.277223 -0.0411 0.0228396 0.277223 -0.0161 -0.0228396 0.277223 -0.0161 0.0228396 0.277581 -0.0411 -0.0180712 0.277581 -0.0411 0.0180712 0.277581 -0.0161 -0.0180712 0.277581 -0.0161 0.0180712 0.277614 0.012144 -0.0211875 0.277614 0.012144 0.0211875 0.277614 0.037144 -0.0211875 0.277614 0.037144 0.0211875 0.27772 -0.0411 -0.0237018 0.27772 -0.0411 0.0237018 0.27772 -0.0161 -0.0237018 0.27772 -0.0161 0.0237018 0.278201 -0.0411 -0.0172929 0.278201 -0.0411 0.0172929 0.278201 -0.0161 -0.0172929 0.278201 -0.0161 0.0172929 0.278379 -0.0411 -0.0244484 0.278379 -0.0411 0.0244484 0.278379 -0.0161 -0.0244484 0.278379 -0.0161 0.0244484 0.278558 0.012144 -0.0215044 0.278558 0.012144 0.0215044 0.278558 0.037144 -0.0215044 0.278558 0.037144 0.0215044 0.278964 -0.0411 -0.016653 0.278964 -0.0411 0.016653 0.278964 -0.0161 -0.016653 0.278964 -0.0161 0.016653 0.27942 0.012144 -0.022002 0.27942 0.012144 0.022002 0.27942 0.037144 -0.022002 0.27942 0.037144 0.022002 0.279838 -0.0411 -0.0161768 0.279838 -0.0411 0.0161768 0.279838 -0.0161 -0.0161768 0.279838 -0.0161 0.0161768 0.280167 0.012144 -0.0226605 0.280167 0.012144 0.0226605 0.280167 0.037144 -0.0226605 0.280167 0.037144 0.0226605 0.280758 0.012144 -0.0147123 0.280758 0.012144 0.0147123 0.280758 0.037144 -0.0147123 0.280758 0.037144 0.0147123 0.280789 -0.0411 -0.0158833 0.280789 -0.0411 0.0158833 0.280789 -0.0161 -0.0158833 0.280789 -0.0161 0.0158833 0.280808 0.012144 -0.013718 0.280808 0.012144 0.013718 0.280808 0.037144 -0.013718 0.280808 0.037144 0.013718 0.280907 0.012144 -0.0156967 0.280907 0.012144 0.0156967 0.280907 0.037144 -0.0156967 0.280907 0.037144 0.0156967 0.281054 0.012144 -0.0127533 0.281054 0.012144 0.0127533 0.281054 0.037144 -0.0127533 0.281054 0.037144 0.0127533 0.281247 0.012144 -0.0166322 0.281247 0.012144 0.0166322 0.281247 0.037144 -0.0166322 0.281247 0.037144 0.0166322 0.281258 0.012144 -0.0214228 0.281258 0.012144 0.0214228 0.281258 0.037144 -0.0214228 0.281258 0.037144 0.0214228 0.281486 0.012144 -0.0118564 0.281486 0.012144 0.0118564 0.281486 0.037144 -0.0118564 0.281486 0.037144 0.0118564 0.281766 0.012144 -0.0174818 0.281766 0.012144 0.0174818 0.281766 0.037144 -0.0174818 0.281766 0.037144 0.0174818 0.28178 -0.0411 -0.015784 0.28178 -0.0411 0.015784 0.28178 -0.0161 -0.015784 0.28178 -0.0161 0.015784 0.282087 0.012144 -0.0110628 0.282087 0.012144 0.0110628 0.282087 0.037144 -0.0110628 0.282087 0.037144 0.0110628 0.282287 0.012144 -0.0201325 0.282287 0.012144 0.0201325 0.282287 0.037144 -0.0201325 0.282287 0.037144 0.0201325 0.282443 0.012144 -0.0182117 0.282443 0.012144 0.0182117 0.282443 0.037144 -0.0182117 0.282443 0.037144 0.0182117 0.28277 -0.0411 -0.015883 0.28277 -0.0411 0.015883 0.28277 -0.0161 -0.015883 0.28277 -0.0161 0.015883 0.282833 0.012144 -0.0104041 0.282833 0.012144 0.0104041 0.282833 0.037144 -0.0104041 0.282833 0.037144 0.0104041 0.283232 -0.0411 -0.0077911 0.283232 -0.0411 0.0077911 0.283232 -0.0161 -0.0077911 0.283232 -0.0161 0.0077911 0.283251 0.012144 -0.018793 0.283251 0.012144 0.018793 0.283251 0.037144 -0.018793 0.283251 0.037144 0.018793 0.283256 -0.0411 -0.0067959 0.283256 -0.0411 0.0067959 0.283256 -0.0161 -0.0067959 0.283256 -0.0161 0.0067959 0.283404 -0.0411 -0.0087715 0.283404 -0.0411 0.0087715 0.283404 -0.0161 -0.0087715 0.283404 -0.0161 0.0087715 0.283478 -0.0411 -0.0058254 0.283478 -0.0411 0.0058254 0.283478 -0.0161 -0.0058254 0.283478 -0.0161 0.0058254 0.283695 0.012144 -0.0099062 0.283695 0.012144 0.0099062 0.283695 0.037144 -0.0099062 0.283695 0.037144 0.0099062 0.283722 -0.0411 -0.0161762 0.283722 -0.0411 0.0161762 0.283722 -0.0161 -0.0161762 0.283722 -0.0161 0.0161762 0.283768 -0.0411 -0.0096982 0.283768 -0.0411 0.0096982 0.283768 -0.0161 -0.0096982 0.283768 -0.0161 0.0096982 0.283887 -0.0411 -0.004918 0.283887 -0.0411 0.004918 0.283887 -0.0161 -0.004918 0.283887 -0.0161 0.004918 0.284078 0.012144 -0.0004978 0.284078 0.012144 0.0004978 0.284078 0.037144 -0.0004978 0.284078 0.037144 0.0004978 0.284276 0.012144 -0.0014735 0.284276 0.012144 0.0014735 0.284276 0.037144 -0.0014735 0.284276 0.037144 0.0014735 0.284308 -0.0411 -0.0105346 0.284308 -0.0411 0.0105346 0.284308 -0.0161 -0.0105346 0.284308 -0.0161 0.0105346 0.284468 -0.0411 -0.0041096 0.284468 -0.0411 0.0041096 0.284468 -0.0161 -0.0041096 0.284468 -0.0161 0.0041096 0.284596 -0.0411 -0.0166521 0.284596 -0.0411 0.0166521 0.284596 -0.0161 -0.0166521 0.284596 -0.0161 0.0166521 0.284639 0.012144 -0.0095891 0.284639 0.012144 0.0095891 0.284639 0.037144 -0.0095891 0.284639 0.037144 0.0095891 0.284662 0.012144 -0.0023909 0.284662 0.012144 0.0023909 0.284662 0.037144 -0.0023909 0.284662 0.037144 0.0023909 0.285003 -0.0411 -0.0112473 0.285003 -0.0411 0.0112473 0.285003 -0.0161 -0.0112473 0.285003 -0.0161 0.0112473 0.285198 -0.0411 -0.0034324 0.285198 -0.0411 0.0034324 0.285198 -0.0161 -0.0034324 0.285198 -0.0161 0.0034324 0.285223 0.012144 -0.0032135 0.285223 0.012144 0.0032135 0.285223 0.037144 -0.0032135 0.285223 0.037144 0.0032135 0.285385 -0.0411 -0.0152025 0.285385 -0.0411 0.0152025 0.285385 -0.0161 -0.0152025 0.285385 -0.0161 0.0152025 0.285627 0.012144 -0.0094651 0.285627 0.012144 0.0094651 0.285627 0.037144 -0.0094651 0.285627 0.037144 0.0094651 0.285825 -0.0411 -0.0118083 0.285825 -0.0411 0.0118083 0.285825 -0.0161 -0.0118083 0.285825 -0.0161 0.0118083 0.285935 0.012144 -0.0039087 0.285935 0.012144 0.0039087 0.285935 0.037144 -0.0039087 0.285935 0.037144 0.0039087 0.286048 -0.0411 -0.0029132 0.286048 -0.0411 0.0029132 0.286048 -0.0161 -0.0029132 0.286048 -0.0161 0.0029132 0.286101 -0.0411 -0.0137157 0.286101 -0.0411 0.0137157 0.286101 -0.0161 -0.0137157 0.286101 -0.0161 0.0137157 0.286619 0.012144 -0.0095393 0.286619 0.012144 0.0095393 0.286619 0.037144 -0.0095393 0.286619 0.037144 0.0095393 0.286743 -0.0411 -0.0121952 0.286743 -0.0411 0.0121952 0.286743 -0.0161 -0.0121952 0.286743 -0.0161 0.0121952 0.286772 0.012144 -0.0044489 0.286772 0.012144 0.0044489 0.286772 0.037144 -0.0044489 0.286772 0.037144 0.0044489 0.286983 -0.0411 -0.0025726 0.286983 -0.0411 0.0025726 0.286983 -0.0161 -0.0025726 0.286983 -0.0161 0.0025726 0.287578 0.012144 -0.0098087 0.287578 0.012144 0.0098087 0.287578 0.037144 -0.0098087 0.287578 0.037144 0.0098087 0.287698 0.012144 -0.0048128 0.287698 0.012144 0.0048128 0.287698 0.037144 -0.0048128 0.287698 0.037144 0.0048128 0.287967 -0.0411 -0.002424 0.287967 -0.0411 0.002424 0.287967 -0.0161 -0.002424 0.287967 -0.0161 0.002424 0.288024 0.012144 -0.0082199 0.288024 0.012144 0.0082199 0.288024 0.037144 -0.0082199 0.288024 0.037144 0.0082199 0.288391 0.012144 -0.006611 0.288391 0.012144 0.006611 0.288391 0.037144 -0.006611 0.288391 0.037144 0.006611 0.288678 0.012144 -0.0049859 0.288678 0.012144 0.0049859 0.288678 0.037144 -0.0049859 0.288678 0.037144 0.0049859 0.288961 -0.0411 -0.0024734 0.288961 -0.0411 0.0024734 0.288961 -0.0161 -0.0024734 0.288961 -0.0161 0.0024734 0.289043 -0.0411 -0.0008251 0.289043 -0.0411 0.0008251 0.289043 -0.0161 -0.0008251 0.289043 -0.0161 0.0008251</float_array>
   <technique_common><accessor source="#pa" count="1456" stride="3">
    <param name="X" type="float"/><param name="Y" type="float"/><param name="Z" type="float"/>
   </accessor></technique_common></source>
  <source id="n"><float_array id="na" count="9120">0.0980171 3.02202e-15 -0.995184 0.0980171 8.63185e-16 -0.995184 0.290285 7.227e-15 -0.95694 0.290285 8.48736e-16 -0.95694 0.471397 1.23189e-14 -0.881921 0.471397 1.23195e-14 -0.881921 0.634393 -2.01144e-15 -0.77301 0.634393 1.69747e-14 -0.77301 0.77301 -3.9893e-15 -0.634393 0.77301 -1.69747e-15 -0.634393 0.881921 -4.5998e-15 -0.471397 0.881921 -2.98344e-15 -0.471397 0.95694 -3.77673e-15 -0.290285 0.95694 -2.82912e-15 -0.290285 0.995184 -1.44528e-15 -0.0980171 0.995184 -1.2731e-15 -0.0980171 0.995184 1.44671e-15 0.0980171 0.995184 -2.59641e-14 0.0980171 0.95694 -2.16556e-14 0.290285 0.95694 4.28029e-15 0.290285 0.881921 6.94421e-15 0.471397 0.881921 -1.91629e-14 0.471397 0.77301 -1.42999e-14 0.634393 0.77301 6.60298e-15 0.634393 0.634393 8.02442e-15 0.77301 0.634393 -1.15736e-14 0.77301 0.471397 -6.19835e-15 0.881921 0.471397 3.82472e-15 0.881921 0.290285 4.1408e-15 0.95694 0.290285 -7.227e-15 0.95694 0.0980171 -1.85822e-15 0.995184 0.0980171 -3.45274e-15 0.995184 -0.0980171 -3.45281e-15 0.995184 -0.0980171 -1.5954e-15 0.995184 -0.290285 3.90933e-15 0.95694 -0.290285 5.86897e-16 0.95694 -0.471397 6.19835e-15 0.881921 -0.471397 2.37466e-15 0.881921 -0.634393 8.23017e-15 0.77301 -0.634393 -1.07277e-14 0.77301 -0.77301 -9.90447e-15 0.634393 -0.77301 -8.79599e-15 0.634393 -0.881921 -8.99517e-15 0.471397 -0.881921 -7.35571e-15 0.471397 -0.95694 -5.41331e-15 0.290285 -0.95694 -5.52964e-15 0.290285 -0.995184 -1.82785e-15 0.0980171 -0.995184 -1.8325e-15 0.0980171 -0.995184 1.65782e-15 -0.0980171 -0.995184 1.82607e-15 -0.0980171 -0.95694 3.83967e-15 -0.290285 -0.95694 4.88666e-15 -0.290285 -0.881921 -1.98784e-14 -0.471397 -0.881921 6.22407e-15 -0.471397 -0.77301 5.0898e-15 -0.634393 -0.77301 -1.52773e-14 -0.634393 -0.634393 4.69336e-15 -0.77301 -0.634393 6.22407e-15 -0.77301 -0.471397 2.29483e-15 -0.881921 -0.471397 5.34961e-15 -0.881921 -0.290285 2.49004e-15 -0.95694 -0.290285 2.46905e-15 -0.95694 -0.0980171 2.59122e-15 -0.995184 -0.0980171 3.02115e-15 -0.995184 -0.0980171 -2.5925e-15 0.995184 -0.0980171 -3.45274e-15 0.995184 -0.290285 -8.30013e-16 0.95694 -0.290285 -3.29464e-15 0.95694 -0.471397 -2.29483e-15 0.881921 -0.471397 -7.56147e-16 0.881921 -0.634393 -6.7048e-16 0.77301 -0.634393 -1.99839e-15 0.77301 -0.77301 -5.50248e-16 0.634393 -0.77301 -5.40105e-16 0.634393 -0.881921 -1.32883e-15 0.471397 -0.881921 -4.32084e-16 0.471397 -0.95694 -2.51782e-16 0.290285 -0.95694 -8.10157e-16 0.290285 -0.995184 -8.10157e-17 0.0980171 -0.995184 -2.55049e-16 0.0980171 -0.995184 2.5655e-16 -0.0980171 -0.995184 2.97557e-16 -0.0980171 -0.95694 9.18178e-16 -0.290285 -0.95694 2.51782e-16 -0.290285 -0.881921 3.78073e-16 -0.471397 -0.881921 1.22661e-15 -0.471397 -0.77301 1.62031e-15 -0.634393 -0.77301 5.50248e-16 -0.634393 -0.634393 6.48126e-16 -0.77301 -0.634393 6.7048e-16 -0.77301 -0.471397 8.10157e-16 -0.881921 -0.471397 7.64945e-16 -0.881921 -0.290285 8.64168e-16 -0.95694 -0.290285 8.30013e-16 -0.95694 -0.0980171 8.64168e-16 -0.995184 0.0980171 8.63185e-16 -0.995184 -0.0980171 8.63185e-16 -0.995184 0.0980171 8.63185e-16 -0.995184 0.290285 8.10157e-16 -0.95694 0.290285 8.30013e-16 -0.95694 0.471397 7.64945e-16 -0.881921 0.471397 7.56147e-16 -0.881921 0.634393 0 -0.77301 0.634393 7.02136e-16 -0.77301 0.77301 1.65074e-15 -0.634393 0.77301 0 -0.634393 0.881921 1.22661e-15 -0.471397 0.881921 1.18823e-15 -0.471397 0.995184 2.55049e-16 -0.0980171 0.95694 7.55345e-16 -0.290285 0.95694 7.56147e-16 -0.290285 0.995184 2.55049e-16 -0.0980171 0.95694 -7.55345e-16 0.290285 0.995184 -2.55049e-16 0.0980171 0.995184 -2.43047e-16 0.0980171 0.95694 -8.18291e-16 0.290285 0.881921 -1.22661e-15 0.471397 0.881921 -1.29625e-15 0.471397 0.634393 -6.7048e-16 0.77301 0.77301 -5.50248e-16 0.634393 0.77301 -1.62031e-15 0.634393 0.634393 -6.7048e-16 0.77301 0.290285 -8.30013e-16 0.95694 0.471397 -7.64945e-16 0.881921 0.471397 -7.56147e-16 0.881921 0.290285 -3.32005e-15 0.95694 0.0980171 -2.58955e-15 0.995184 0.0980171 -3.45667e-15 0.995184 2.83673e-16 -1 -2.32805e-16 2.83673e-16 -1 -2.32805e-16 7.39334e-16 -1 4.94007e-16 0 -1 0 2.32805e-16 -1 -2.83673e-16 3.2364e-16 -1 -1.72989e-16 3.2364e-16 -1 -1.72989e-16 0 -1 0 3.5117e-16 -1 -1.06526e-16 3.5117e-16 -1 -1.06526e-16 0 -1 0 0 -1 0 3.65205e-16 -1 -3.59695e-17 3.65205e-16 -1 -3.59695e-17 0 -1 0 0 -1 -0 0 -1 0 3.65205e-16 -1 3.59695e-17 3.65205e-16 -1 3.59695e-17 0 -1 -0 3.5117e-16 -1 1.06526e-16 3.5117e-16 -1 1.06526e-16 0 -1 0 0 -1 -0 3.2364e-16 -1 1.72989e-16 3.2364e-16 -1 1.72989e-16 0 -1 -0 0 -1 0 2.83673e-16 -1 2.32805e-16 2.83673e-16 -1 2.32805e-16 0 -1 0 0 -1 0 -9.19848e-15 -1 9.71496e-15 3.72487e-15 -1 4.53877e-15 6.28752e-16 -1 -6.28752e-16 2.83673e-16 -1 2.32805e-16 3.2364e-16 -1 1.72989e-16 2.76783e-15 -1 5.17825e-15 2.76783e-15 -1 5.17825e-15 3.2364e-16 -1 1.72989e-16 1.70442e-15 -1 5.61872e-15 1.70442e-15 -1 5.61872e-15 3.5117e-16 -1 1.06526e-16 3.5117e-16 -1 1.06526e-16 5.75513e-16 -1 5.84328e-15 -5.75513e-16 -1 5.84328e-15 5.75513e-16 -1 5.84328e-15 3.65205e-16 -1 3.59695e-17 3.65205e-16 -1 -3.59695e-17 3.65205e-16 -1 3.59695e-17 -1.70442e-15 -1 5.61872e-15 -5.75513e-16 -1 5.84328e-15 3.65205e-16 -1 -3.59695e-17 -1.70442e-15 -1 5.61872e-15 -5.26755e-15 -1 1.59789e-15 -4.85461e-15 -1 2.59484e-15 3.12673e-15 -1 1.38471e-14 -2.76783e-15 -1 5.17825e-15 -2.76783e-15 -1 5.17825e-15 -4.2551e-15 -1 3.49207e-15 -4.85461e-15 -1 2.59484e-15 -3.72487e-15 -1 4.53877e-15 -3.72487e-15 -1 4.53877e-15 -3.91002e-15 -1 4.35363e-15 -2.83673e-16 1 2.32805e-16 -7.39334e-16 1 -4.94007e-16 -2.32805e-16 1 2.83673e-16 -3.2364e-16 1 1.72989e-16 -2.83673e-16 1 2.32805e-16 0 1 0 -0 1 0 -3.5117e-16 1 1.06526e-16 -3.2364e-16 1 1.72989e-16 0 1 0 -0 1 0 -3.65205e-16 1 3.59695e-17 -3.5117e-16 1 1.06526e-16 0 1 0 -0 1 0 -3.65205e-16 1 -3.59695e-17 -3.65205e-16 1 3.59695e-17 0 1 0 0 1 0 -3.5117e-16 1 -1.06526e-16 -3.65205e-16 1 -3.59695e-17 0 1 0 0 1 0 -3.5117e-16 1 -1.06526e-16 -3.2364e-16 1 -1.72989e-16 0 1 0 0 1 0 -3.2364e-16 1 -1.72989e-16 0 1 0 -2.83673e-16 1 -2.32805e-16 -2.83673e-16 1 -2.32805e-16 -0 1 0 0 1 0 9.19848e-15 1 -9.71496e-15 -3.72487e-15 1 -4.53877e-15 -7.77681e-16 1 5.0653e-16 -3.2364e-16 1 -1.72989e-16 -2.76783e-15 1 -5.17825e-15 -2.76783e-15 1 -5.17825e-15 -3.5117e-16 1 -1.06526e-16 -3.2364e-16 1 -1.72989e-16 -1.70442e-15 1 -5.61872e-15 -1.70442e-15 1 -5.61872e-15 -3.5117e-16 1 -1.06526e-16 -3.65205e-16 1 -3.59695e-17 5.75513e-16 1 -5.84328e-15 -5.75513e-16 1 -5.84328e-15 -5.75513e-16 1 -5.84328e-15 -3.65205e-16 1 3.59695e-17 -3.65205e-16 1 -3.59695e-17 5.75513e-16 1 -5.84328e-15 -3.5117e-16 1 1.06526e-16 -3.65205e-16 1 3.59695e-17 1.70442e-15 1 -5.61872e-15 2.76783e-15 1 -5.17825e-15 1.70442e-15 1 -5.61872e-15 4.85461e-15 1 -2.59484e-15 -1.76897e-16 1 -1.4742e-14 2.76783e-15 1 -5.17825e-15 4.85461e-15 1 -2.59484e-15 3.72487e-15 1 -4.53877e-15 4.53877e-15 1 -3.72487e-15 3.76109e-15 1 -4.2314e-15 3.72487e-15 1 -4.53877e-15 0.0980171 2.59122e-15 -0.995184 0.0980171 8.63185e-16 -0.995184 0.290285 7.227e-15 -0.95694 0.290285 8.23017e-16 -0.95694 0.471397 1.23189e-14 -0.881921 0.471397 1.23195e-14 -0.881921 0.634393 -2.01144e-15 -0.77301 0.634393 1.69233e-14 -0.77301 0.77301 -3.85174e-15 -0.634393 0.77301 -1.64603e-15 -0.634393 0.881921 -4.49758e-15 -0.471397 0.881921 -2.88056e-15 -0.471397 0.95694 -3.77673e-15 -0.290285 0.95694 -2.77768e-15 -0.290285 0.995184 -1.44528e-15 -0.0980171 0.995184 -1.2731e-15 -0.0980171 0.995184 1.44671e-15 0.0980171 0.995184 -2.60066e-14 0.0980171 0.95694 -2.17842e-14 0.290285 0.95694 4.40618e-15 0.290285 0.881921 7.14996e-15 0.471397 0.881921 -1.91629e-14 0.471397 0.77301 -1.42999e-14 0.634393 0.77301 6.05273e-15 0.634393 0.634393 7.35571e-15 0.77301 0.634393 -1.15736e-14 0.77301 0.471397 -6.19835e-15 0.881921 0.471397 3.05978e-15 0.881921 0.290285 3.31779e-15 0.95694 0.290285 -7.227e-15 0.95694 0.0980171 -1.85822e-15 0.995184 0.0980171 -1.72637e-15 0.995184 -0.0980171 -1.72319e-15 0.995184 -0.0980171 -1.5954e-15 0.995184 -0.290285 3.90933e-15 0.95694 -0.290285 -2.43116e-16 0.95694 -0.471397 5.42677e-15 0.881921 -0.471397 3.1396e-15 0.881921 -0.634393 8.89887e-15 0.77301 -0.634393 -1.00572e-14 0.77301 -0.77301 -9.35422e-15 0.634393 -0.77301 -8.28161e-15 0.634393 -0.881921 -8.79073e-15 0.471397 -0.881921 -6.94421e-15 0.471397 -0.95694 -5.41331e-15 0.290285 -0.95694 -5.42677e-15 0.290285 -0.995184 -1.82785e-15 0.0980171 -0.995184 -1.82607e-15 0.0980171 -0.995184 1.65782e-15 -0.0980171 -0.995184 1.8325e-15 -0.0980171 -0.95694 3.90262e-15 -0.290285 -0.95694 4.91238e-15 -0.290285 -0.881921 -1.97762e-14 -0.471397 -0.881921 6.32694e-15 -0.471397 -0.77301 5.22736e-15 -0.634393 -0.77301 -1.51229e-14 -0.634393 -0.634393 5.0286e-15 -0.77301 -0.634393 6.37838e-15 -0.77301 -0.471397 2.29483e-15 -0.881921 -0.471397 5.7354e-15 -0.881921 -0.290285 2.49004e-15 -0.95694 -0.290285 2.49477e-15 -0.95694 -0.0980171 2.59122e-15 -0.995184 -0.0980171 2.58955e-15 -0.995184 -0.0980171 -2.5925e-15 0.995184 -0.0980171 -3.45274e-15 0.995184 -0.290285 -8.30013e-16 0.95694 -0.290285 -3.29464e-15 0.95694 -0.471397 -2.29483e-15 0.881921 -0.471397 -7.56147e-16 0.881921 -0.634393 -6.7048e-16 0.77301 -0.634393 -1.99839e-15 0.77301 -0.77301 -8.25372e-16 0.634393 -0.77301 -5.40105e-16 0.634393 -0.881921 -1.22661e-15 0.471397 -0.881921 -5.94115e-16 0.471397 -0.95694 -2.51782e-16 0.290285 -0.95694 -7.56147e-16 0.290285 -0.995184 -8.10157e-17 0.0980171 -0.995184 -2.55049e-16 0.0980171 -0.995184 2.5655e-16 -0.0980171 -0.995184 2.55049e-16 -0.0980171 -0.95694 7.56147e-16 -0.290285 -0.95694 2.51782e-16 -0.290285 -0.881921 4.32084e-16 -0.471397 -0.881921 8.17743e-16 -0.471397 -0.77301 1.08021e-15 -0.634393 -0.77301 5.50248e-16 -0.634393 -0.634393 6.48126e-16 -0.77301 -0.634393 1.34096e-15 -0.77301 -0.471397 1.51229e-15 -0.881921 -0.471397 1.52989e-15 -0.881921 -0.290285 1.67433e-15 -0.95694 -0.290285 0 -0.95694 -0.0980171 0 -0.995184 0.0980171 1.72637e-15 -0.995184 -0.0980171 1.72637e-15 -0.995184 0.0980171 0 -0.995184 0.290285 0 -0.95694 0.290285 1.66003e-15 -0.95694 0.471397 0 -0.881921 0.471397 1.5663e-15 -0.881921 0.634393 0 -0.77301 0.634393 0 -0.77301 0.77301 1.1005e-15 -0.634393 0.77301 0 -0.634393 0.881921 1.22661e-15 -0.471397 0.881921 8.64168e-16 -0.471397 0.995184 2.97557e-16 -0.0980171 0.95694 8.81236e-16 -0.290285 0.95694 7.56147e-16 -0.290285 0.995184 2.97557e-16 -0.0980171 0.95694 -8.81236e-16 0.290285 0.995184 -2.97557e-16 0.0980171 0.995184 -2.97058e-16 0.0980171 0.95694 -8.81236e-16 0.290285 0.881921 -1.22661e-15 0.471397 0.881921 -1.45828e-15 0.471397 0.634393 -6.7048e-16 0.77301 0.77301 -5.50248e-16 0.634393 0.77301 -1.67433e-15 0.634393 0.634393 -6.7048e-16 0.77301 0.290285 -8.30013e-16 0.95694 0.471397 -7.64945e-16 0.881921 0.471397 -7.56147e-16 0.881921 0.290285 -3.32005e-15 0.95694 0.0980171 -2.58955e-15 0.995184 0.0980171 -3.45667e-15 0.995184 2.48858e-14 -1 1.6209e-14 0 -1 -0 0 -1 0 0 -1 0 0 -1 0 1.03565e-14 -1 -5.53566e-15 1.03565e-14 -1 -5.53566e-15 0 -1 0 1.12374e-14 -1 -3.40884e-15 1.12374e-14 -1 -3.40884e-15 0 -1 0 0 -1 0 1.16866e-14 -1 -1.15103e-15 1.16866e-14 -1 -1.15103e-15 0 -1 0 0 -1 -0 0 -1 0 1.16866e-14 -1 1.15103e-15 1.16866e-14 -1 1.15103e-15 0 -1 -0 1.08889e-14 -1 -2.62881e-14 1.12374e-14 -1 3.40884e-15 0 -1 0 0 -1 -0 0 -1 0 0 -1 0 0 -1 -0 2.91944e-14 -1 -5.45174e-15 0 -1 0 0 -1 0 7.44975e-15 -1 9.07754e-15 7.44975e-15 -1 9.07754e-15 -2.01201e-14 -1 2.01201e-14 7.44975e-15 -1 9.07754e-15 9.07754e-15 -1 7.44975e-15 3.01109e-14 -1 -4.50642e-14 0 -1 -0 0 -1 0 2.91944e-14 -1 -5.45174e-15 0 -1 0 0 -1 -0 0 -1 0 0 -1 0 0 -1 0 0 -1 0 0 -1 -0 0 -1 0 0 -1 0 0 -1 0 0 -1 0 5.31568e-14 -1 1.05736e-14 0 -1 0 0 -1 -0 -3.40884e-15 -1 1.12374e-14 0 -1 0 0 -1 0 0 -1 -0 -5.53566e-15 -1 1.03565e-14 -5.53566e-15 -1 1.03565e-14 0 -1 0 0 -1 -0 -7.44975e-15 -1 9.07754e-15 -7.44975e-15 -1 9.07754e-15 1.10425e-14 -1 2.75698e-14 -1.03437e-14 1 -9.82723e-15 -7.39334e-16 1 -4.94007e-16 -2.32805e-16 1 2.83673e-16 -5.50189e-15 1 2.94082e-15 -4.82244e-15 1 3.95768e-15 0 1 0 -0 1 0 -5.96989e-15 1 1.81095e-15 -5.50189e-15 1 2.94082e-15 -1.70442e-15 1 5.61872e-15 -2.50363e-14 1 -1.03704e-14 -6.20848e-15 1 6.11482e-16 -5.96989e-15 1 1.81095e-15 -1.4227e-14 1 0 -5.75513e-16 1 5.84328e-15 -6.20848e-15 1 -6.11482e-16 -6.20848e-15 1 6.11482e-16 0 1 0 0 1 0 -8.74545e-15 1 1.21427e-14 -6.20848e-15 1 -6.11482e-16 0 1 0 0 1 0 -3.5117e-16 1 -1.06526e-16 -3.2364e-16 1 -1.72989e-16 0 1 0 -1.45972e-14 1 2.72587e-15 -3.2364e-16 1 -1.72989e-16 -3.72487e-15 1 -4.53877e-15 -2.83673e-16 1 -2.32805e-16 -2.39844e-14 1 1.52043e-14 -3.72487e-15 1 -4.53877e-15 -2.37007e-14 1 1.54371e-14 5.4736e-15 1 -1.42537e-14 -7.44975e-15 1 -9.07754e-15 -7.77681e-16 1 5.0653e-16 -3.2364e-16 1 -1.72989e-16 -1.7365e-14 1 -2.45237e-15 -2.76783e-15 1 -5.17825e-15 -3.5117e-16 1 -1.06526e-16 -3.2364e-16 1 -1.72989e-16 -1.70442e-15 1 -5.61872e-15 -1.70442e-15 1 -5.61872e-15 -8.74545e-15 1 1.21427e-14 -6.20848e-15 1 -6.11482e-16 5.75513e-16 1 -5.84328e-15 -5.75513e-16 1 -5.84328e-15 -5.75513e-16 1 -5.84328e-15 -6.20848e-15 1 6.11482e-16 -6.20848e-15 1 -6.11482e-16 -1.39537e-14 1 -2.77556e-15 -5.96989e-15 1 1.81095e-15 -6.20848e-15 1 6.11482e-16 -2.33319e-14 1 -1.59891e-14 2.76783e-15 1 -5.17825e-15 -0 1 0 -3.2364e-16 1 1.72989e-16 -5.79562e-15 1 -1.30375e-14 2.76783e-15 1 -5.17825e-15 -3.2364e-16 1 1.72989e-16 3.72487e-15 1 -4.53877e-15 4.53877e-15 1 -3.72487e-15 -8.6818e-15 1 -1.23359e-14 3.72487e-15 1 -4.53877e-15 -0.995185 9.70696e-17 -0.0980171 -0.995185 9.10889e-17 -0.0980171 -0.95694 2.51782e-16 -0.290285 -0.881921 4.08871e-16 -0.471397 -0.95694 2.68808e-16 -0.290285 -0.881921 4.67282e-16 -0.471397 -0.77301 6.28855e-16 -0.634393 -0.77301 6.17263e-16 -0.634393 -0.634393 7.66262e-16 -0.77301 -0.471397 8.74223e-16 -0.881921 -0.634393 7.56645e-16 -0.77301 -0.471397 8.74223e-16 -0.881921 -0.290285 1.06716e-15 -0.95694 -0.290285 9.55762e-16 -0.95694 -0.0980171 9.86497e-16 -0.995185 -0.0980171 1.11008e-15 -0.995185 0.0980171 9.8563e-16 -0.995185 0.0980171 9.86497e-16 -0.995185 0.290285 9.55762e-16 -0.95694 0.290285 1.06716e-15 -0.95694 0.471397 9.835e-16 -0.881921 0.471397 8.74223e-16 -0.881921 0.634393 7.56645e-16 -0.77301 0.634393 7.66262e-16 -0.77301 0.77301 6.37175e-16 -0.634393 0.77301 6.28855e-16 -0.634393 0.881921 4.67282e-16 -0.471397 0.881921 4.08871e-16 -0.471397 0.95694 2.48896e-16 -0.290285 0.95694 2.51782e-16 -0.290285 0.995185 8.50163e-17 -0.0980171 0.995185 9.71615e-17 -0.0980171 0.995185 -9.71615e-17 0.0980171 0.995185 -9.71615e-17 0.0980171 0.95694 -2.8872e-16 0.290285 0.95694 -2.87751e-16 0.290285 0.881921 -4.57969e-16 0.471397 0.881921 -4.67282e-16 0.471397 0.77301 -6.37175e-16 0.634393 0.77301 -6.28855e-16 0.634393 0.634393 -7.66262e-16 0.77301 0.634393 -7.56645e-16 0.77301 0.471397 -8.74223e-16 0.881921 0.471397 -8.74223e-16 0.881921 0.290285 -9.48587e-16 0.95694 0.290285 -9.45806e-16 0.95694 0.0980171 -9.86497e-16 0.995185 0.0980171 -9.8563e-16 0.995185 -0.0980171 -9.86497e-16 0.995185 -0.290285 -9.48587e-16 0.95694 -0.0980171 -9.88118e-16 0.995185 -0.471397 -8.74223e-16 0.881921 -0.290285 -9.48587e-16 0.95694 -0.634393 -7.66262e-16 0.77301 -0.471397 -8.74223e-16 0.881921 -0.634393 -7.66262e-16 0.77301 -0.77301 -6.28855e-16 0.634393 -0.77301 -6.37175e-16 0.634393 -0.881921 -4.67282e-16 0.471397 -0.95694 -2.87751e-16 0.290285 -0.881921 -4.77881e-16 0.471397 -0.95694 -2.87751e-16 0.290285 -0.995185 -9.71615e-17 0.0980171 -0.995185 -9.70696e-17 0.0980171 0 1 0 0 1 0 0 1 0 0 1 0 -0 1 0 0 1 0 0 1 0 0 1 0 -0 1 0 0 1 0 0 1 0 0 1 0 -0 1 0 -0 1 0 0 1 0 0 1 0 -0 1 0 -0 1 0 0 1 0 0 1 0 0 1 0 -0 1 0 0 1 0 0 1 0 -0 1 0 0 1 0 -0 1 0 0 1 0 -0 1 0 0 1 0 0 1 0 0 1 0 -0 1 0 0 1 0 -0 1 0 1.63728e-14 1 -3.7645e-14 -1.05178e-14 1 -1.96773e-14 -0 1 0 0 1 0 -1.05178e-14 1 -1.96773e-14 -6.4768e-15 1 -2.13511e-14 0 1 0 -0 1 0 -2.18695e-15 1 -2.22045e-14 -6.4768e-15 1 -2.13511e-14 0 1 0 -0 1 0 2.18695e-15 1 -2.22045e-14 -2.18695e-15 1 -2.22045e-14 0 1 0 0 1 0 6.4768e-15 1 -2.13511e-14 2.18695e-15 1 -2.22045e-14 0 1 0 0 1 0 1.05178e-14 1 -1.96773e-14 6.4768e-15 1 -2.13511e-14 0 1 0 0 1 0 1.05178e-14 1 -1.96773e-14 0 1 0 0 1 0 0 1 0 -1.63728e-14 1 -3.7645e-14 0.995185 8.50163e-17 -0.0980171 0.95694 2.51782e-16 -0.290285 0.995185 8.50163e-17 -0.0980171 0.881921 6.13307e-16 -0.471397 0.95694 3.77673e-16 -0.290285 0.77301 9.62935e-16 -0.634393 0.881921 7.15525e-16 -0.471397 0.634393 1.17334e-15 -0.77301 0.77301 9.62935e-16 -0.634393 0.471397 3.36273e-17 -0.881921 0.634393 -6.52728e-16 -0.77301 0.290285 5.34243e-16 -0.95694 0.471397 -1.3636e-16 -0.881921 0.0980171 8.00679e-16 -0.995185 0.290285 1.65348e-16 -0.95694 -0.0980171 8.63185e-16 -0.995185 0.0980171 8.63185e-16 -0.995185 -0.0980171 1.0216e-15 -0.995185 -0.290285 1.5869e-15 -0.95694 -0.290285 3.22783e-16 -0.95694 -0.471397 2.97479e-16 -0.881921 -0.471397 1.36877e-15 -0.881921 -0.634393 1.88194e-15 -0.77301 -0.77301 -1.68131e-16 -0.634393 -0.634393 -2.04869e-16 -0.77301 -0.77301 1.95596e-15 -0.634393 -0.881921 -4.08871e-16 -0.471397 -0.881921 2.40047e-15 -0.471397 -0.95694 -2.51478e-16 -0.290285 -0.995185 2.98409e-15 -0.0980171 -0.95694 2.69938e-15 -0.290285 -0.995185 8.50163e-17 0.0980171 -0.995185 -8.50163e-17 -0.0980171 -0.95694 3.07733e-16 0.290285 -0.995185 1.03909e-16 0.0980171 -0.881921 4.08871e-16 0.471397 -0.95694 2.51782e-16 0.290285 -0.77301 4.27971e-16 0.634393 -0.881921 3.18011e-16 0.471397 -0.634393 2.23493e-16 0.77301 -0.77301 1.83416e-16 0.634393 -0.634393 -1.88194e-15 0.77301 -0.290285 -1.1719e-15 0.95694 -0.471397 -1.70875e-15 0.881921 -0.471397 -1.36884e-15 0.881921 -0.290285 -4.61119e-16 0.95694 -0.0980171 -1.16547e-15 0.995185 -0.0980171 -4.79379e-16 0.995185 0.0980171 -1.24682e-15 0.995185 0.0980171 -5.60823e-16 0.995185 0.471397 -1.52989e-15 0.881921 0.290285 -1.66003e-15 0.95694 0.290285 -1.20023e-15 0.95694 0.471397 -1.4449e-15 0.881921 0.634393 -1.34096e-15 0.77301 0.634393 -1.26882e-15 0.77301 0.881921 -6.81452e-16 0.471397 0.77301 -9.17081e-16 0.634393 0.77301 -1.10307e-15 0.634393 0.95694 -3.63685e-16 0.290285 0.881921 -5.90592e-16 0.471397 0.995185 -1.03909e-16 0.0980171 0.95694 -3.07733e-16 0.290285 0.995185 -8.50163e-17 0.0980171 -0.270601 -1.0688e-15 0.962692 -0.270601 -9.35202e-16 0.962692 -0.0745172 -1.10714e-15 0.99722 -0.0745172 -9.68917e-16 0.99722 0.12452 -1.03273e-15 0.992217 0.12452 -1.1008e-15 0.992217 0.318622 -9.20815e-16 0.947882 0.318622 -9.86998e-16 0.947882 0.500092 -8.41244e-16 0.865972 0.500092 -8.42352e-16 0.865972 0.797154 -5.02745e-16 0.603776 0.661739 -6.24279e-16 0.749734 0.661739 -7.27486e-16 0.749734 0.900969 -3.91388e-16 0.433884 0.797154 -5.4464e-16 0.603776 0.969068 -2.2262e-16 0.246792 0.900969 -3.91388e-16 0.433884 0.969068 -2.2262e-16 0.246792 0.988847 1.34349e-16 -0.148937 0.998753 -4.50279e-17 0.049917 0.998753 -4.49361e-17 0.049917 0.939741 2.84678e-16 -0.341886 0.988847 1.24015e-16 -0.148937 0.939741 2.84678e-16 -0.341886 0.853384 2.8937e-16 -0.521283 0.853384 4.33939e-16 -0.521283 0.583946 4.50635e-16 -0.811793 0.733197 3.77485e-16 -0.680016 0.733197 3.78633e-16 -0.680016 0.583946 4.50635e-16 -0.811793 0.750017 -5.50742e-16 0.661419 0.750017 -5.50742e-16 0.661419 0.781831 -5.1916e-16 0.62349 0.781831 -5.18402e-16 0.62349 0.81173 -3.24203e-16 0.584033 0.81173 -4.87606e-16 0.584033 -0.661499 -6.24455e-16 0.749946 -0.661499 -6.24455e-16 0.749946 -0.499815 -7.212e-16 0.866132 -0.499815 -7.21104e-16 0.866132 -0.318318 -5.26237e-16 0.947984 -0.318318 -7.89173e-16 0.947984 0.0748366 -8.30332e-16 0.997196 -0.124202 -8.2622e-16 0.992257 -0.124202 -5.50932e-16 0.992257 0.0748366 -5.53555e-16 0.997196 0.270909 -5.34353e-16 0.962605 0.270909 -5.33915e-16 0.962605 0.62349 -4.34004e-16 0.781831 0.456242 -4.93969e-16 0.889856 0.456242 -4.93499e-16 0.889856 0.62349 -4.34004e-16 0.781831 0.766022 -5.35251e-16 0.642815 0.766022 -3.57361e-16 0.642815 0.955541 -1.63679e-16 0.294857 0.878187 -2.65519e-16 0.478316 0.878187 -3.97777e-16 0.478316 0.955541 -1.63679e-16 0.294857 0.995017 -5.53499e-17 0.0997095 0.995017 -5.53059e-17 0.0997095 0.955636 1.63509e-16 -0.294551 0.995048 5.5173e-17 -0.0993908 0.995048 5.53059e-17 -0.0993908 0.955636 1.63509e-16 -0.294551 0.878341 3.98044e-16 -0.478035 0.878341 2.65894e-16 -0.478035 0.388763 -7.67168e-16 0.921338 0.388763 -7.69904e-16 0.921338 0.433884 -7.50207e-16 0.900969 0.433884 -7.49373e-16 0.900969 0.477941 -7.31408e-16 0.878392 0.477941 -7.33975e-16 0.878392 -0.921379 -3.23628e-16 0.388664 -0.921379 -2.15752e-16 0.388664 -0.826118 -4.69205e-16 0.563496 -0.826118 -3.12691e-16 0.563496 -0.698109 -5.96182e-16 0.715991 -0.698109 -5.95602e-16 0.715991 -0.365242 -7.75141e-16 0.930913 -0.542427 -6.99526e-16 0.840103 -0.542427 -6.99833e-16 0.840103 -0.365242 -6.4595e-16 0.930913 -0.173578 -5.46685e-16 0.98482 -0.173578 -6.82816e-16 0.98482 0.0249663 -8.32408e-16 0.999688 0.0249663 -5.54921e-16 0.999688 0.222521 -8.11791e-16 0.974928 0.222521 -8.11508e-16 0.974928 0.583686 -6.76109e-16 0.81198 0.411255 -7.58993e-16 0.91152 0.411255 -7.57266e-16 0.91152 0.583686 -6.76109e-16 0.81198 0.732979 -3.77615e-16 0.680251 0.732979 -5.65822e-16 0.680251 0.853217 -2.89522e-16 0.521557 0.853217 -2.89293e-16 0.521557 0.988799 -8.28523e-17 0.149253 0.939632 -1.89952e-16 0.342187 0.939632 -1.91444e-16 0.342187 0.988799 -1.24278e-16 0.149253 0.998769 4.12979e-17 -0.0495971 0.998769 4.12136e-17 -0.0495971 -0.0494904 -1.10886e-15 0.998775 -0.0494904 -8.31496e-16 0.998775 -4.2047e-15 -1.11022e-15 1 -4.2047e-15 -1.11022e-15 1 0.0494904 -8.31647e-16 0.998775 0.0494904 -1.1093e-15 0.998775 -0.998769 4.12136e-17 -0.0495971 -0.998769 4.12979e-17 -0.0495971 -0.988799 -1.65705e-16 0.149253 -0.988799 -1.24438e-16 0.149253 -0.853217 -2.89522e-16 0.521557 -0.939632 -1.89952e-16 0.342187 -0.939632 -3.78633e-16 0.342187 -0.853217 -4.34283e-16 0.521557 -0.732979 -5.66423e-16 0.680251 -0.732979 -5.65822e-16 0.680251 -0.411255 -7.58993e-16 0.91152 -0.583686 -6.76109e-16 0.81198 -0.583686 -6.76434e-16 0.81198 -0.411255 -7.58993e-16 0.91152 -0.222521 -8.11791e-16 0.974928 -0.222521 -8.11508e-16 0.974928 -0.0249663 -8.32408e-16 0.999688 -0.0249663 -8.32514e-16 0.999688 0.173578 -6.83356e-16 0.98482 0.173578 -8.20017e-16 0.98482 0.365242 -7.75141e-16 0.930913 0.365242 -6.46654e-16 0.930913 0.542427 -4.66351e-16 0.840103 0.542427 -6.99833e-16 0.840103 0.698109 -3.97455e-16 0.715991 0.698109 -3.99904e-16 0.715991 0.921379 -2.15752e-16 0.388664 0.826118 -3.12803e-16 0.563496 0.826118 -3.12691e-16 0.563496 0.921379 -3.23628e-16 0.388664 -0.477941 -4.87605e-16 0.878392 -0.477941 -4.87606e-16 0.878392 -0.433884 -5.00138e-16 0.900969 -0.433884 -5.03004e-16 0.900969 -0.388763 -7.67168e-16 0.921338 -0.388763 -5.08137e-16 0.921338 -0.878341 2.65894e-16 -0.478035 -0.878341 3.98044e-16 -0.478035 -0.955636 1.63509e-16 -0.294551 -0.955636 2.4675e-16 -0.294551 -0.995048 5.5173e-17 -0.0993908 -0.995048 5.53059e-17 -0.0993908 -0.995017 -5.53499e-17 0.0997095 -0.995017 -5.53059e-17 0.0997095 -0.955541 -2.45518e-16 0.294857 -0.955541 -1.63791e-16 0.294857 -0.878187 -3.98278e-16 0.478316 -0.878187 -3.97777e-16 0.478316 -0.766022 -5.35251e-16 0.642815 -0.766022 -5.36042e-16 0.642815 -0.62349 -5.42505e-16 0.781831 -0.62349 -6.55163e-16 0.781831 -0.456242 -4.93969e-16 0.889856 -0.456242 -6.16874e-16 0.889856 -0.270909 -5.34353e-16 0.962605 -0.270909 -5.33915e-16 0.962605 -0.0748366 -5.53555e-16 0.997196 -0.0748366 -5.53591e-16 0.997196 0.124202 -8.2622e-16 0.992257 0.124202 -5.50932e-16 0.992257 0.318318 -7.89355e-16 0.947984 0.318318 -7.89173e-16 0.947984 0.499815 -8.414e-16 0.866132 0.499815 -7.21104e-16 0.866132 0.661499 -6.24455e-16 0.749946 0.661499 -7.27486e-16 0.749946 -0.81173 -4.86305e-16 0.584033 -0.81173 -4.87606e-16 0.584033 -0.781831 -3.46106e-16 0.62349 -0.781831 -5.18402e-16 0.62349 -0.750017 -5.50742e-16 0.661419 -0.750017 -3.64421e-16 0.661419 -0.583946 6.76434e-16 -0.811793 -0.583946 4.50635e-16 -0.811793 -0.733197 5.66227e-16 -0.680016 -0.733197 3.78633e-16 -0.680016 -0.853384 4.34056e-16 -0.521283 -0.853384 4.33939e-16 -0.521283 -0.939741 1.89785e-16 -0.341886 -0.939741 2.85038e-16 -0.341886 -0.988847 1.44684e-16 -0.148937 -0.988847 8.29589e-17 -0.148937 -0.998753 -4.84916e-17 0.049917 -0.998753 -4.86586e-17 0.049917 -0.969068 -2.39745e-16 0.246792 -0.969068 -2.39305e-16 0.246792 -0.900969 -4.21494e-16 0.433884 -0.900969 -4.21176e-16 0.433884 -0.797154 -5.4464e-16 0.603776 -0.797154 -5.82839e-16 0.603776 -0.661739 -6.76302e-16 0.749734 -0.661739 -6.76434e-16 0.749734 -0.318622 -9.20815e-16 0.947882 -0.500092 -8.41244e-16 0.865972 -0.500092 -7.80665e-16 0.865972 -0.318622 -8.55043e-16 0.947882 -0.12452 -1.10158e-15 0.992217 -0.12452 -8.94467e-16 0.992217 0.0745172 -1.10714e-15 0.99722 0.0745172 -1.10718e-15 0.99722 0.270601 -1.0688e-15 0.962692 0.270601 -1.06783e-15 0.962692 -0.984746 -1.8714e-16 0.173999 -0.984746 -1.87343e-16 0.173999 -0.974928 -2.00726e-16 0.222521 -0.962721 -2.44004e-16 0.270498 -0.974928 -2.41237e-16 0.222521 -0.962721 -3.00313e-16 0.270498 -0.173893 1.05932e-15 -0.984764 -0.173893 1.05914e-15 -0.984764 -0.36554 8.71923e-16 -0.930796 -0.36554 1.00189e-15 -0.930796 -0.698339 6.45662e-16 -0.715767 -0.542696 7.57663e-16 -0.839929 -0.542696 7.87046e-16 -0.839929 -0.826299 5.86231e-16 -0.563232 -0.698339 7.44995e-16 -0.715767 -0.826299 5.96001e-16 -0.563232 -0.921504 3.50331e-16 -0.388369 -0.921504 4.1054e-16 -0.388369 -1 0 0 -0.980179 1.85581e-16 -0.198111 -0.980179 1.78681e-16 -0.198111 -1 -0 0 -0.921504 -3.50331e-16 0.388369 -0.980179 -1.78707e-16 0.198111 -0.980179 -1.78681e-16 0.198111 -0.921504 -3.50331e-16 0.388369 -0.698339 -6.95329e-16 0.715767 -0.826299 -5.47149e-16 0.563232 -0.826299 -5.08389e-16 0.563232 -0.698339 -6.95329e-16 0.715767 -0.36554 -8.3963e-16 0.930796 -0.542696 -7.57663e-16 0.839929 -0.542696 -8.16826e-16 0.839929 -0.36554 -9.68804e-16 0.930796 -0.173893 -1.09331e-15 0.984764 -0.173893 -1.02422e-15 0.984764 -0.962721 2.44004e-16 -0.270498 -0.962721 2.64334e-16 -0.270498 -0.974928 2.00726e-16 -0.222521 -0.974928 2.00175e-16 -0.222521 -0.984746 1.93177e-16 -0.173999 -0.984746 1.56547e-16 -0.173999 0.270601 9.35947e-16 -0.962692 0.270601 9.35202e-16 -0.962692 -0.12452 8.95036e-16 -0.992217 0.0745172 8.99548e-16 -0.99722 0.0745172 9.68917e-16 -0.99722 -0.12452 8.95036e-16 -0.992217 -0.318622 8.55043e-16 -0.947882 -0.318622 8.55115e-16 -0.947882 -0.661739 6.24279e-16 -0.749734 -0.500092 7.21067e-16 -0.865972 -0.500092 7.82792e-16 -0.865972 -0.661739 6.24279e-16 -0.749734 -0.900969 4.81708e-16 -0.433884 -0.797154 6.70326e-16 -0.603776 -0.797154 5.02008e-16 -0.603776 -0.900969 4.81708e-16 -0.433884 -0.969068 2.05496e-16 -0.246792 -0.969068 2.73339e-16 -0.246792 -0.998753 4.84916e-17 -0.049917 -0.998753 4.14795e-17 -0.049917 -0.988847 -1.24015e-16 0.148937 -0.988847 -1.44646e-16 0.148937 -0.939741 -3.32124e-16 0.341886 -0.939741 -2.82911e-16 0.341886 -0.733197 -5.66227e-16 0.680016 -0.853384 -4.34056e-16 0.521283 -0.853384 -5.06262e-16 0.521283 -0.733197 -6.60598e-16 0.680016 -0.583946 -6.75953e-16 0.811793 -0.583946 -7.89173e-16 0.811793 -0.750017 5.50742e-16 -0.661419 -0.750017 5.54331e-16 -0.661419 -0.781831 5.1916e-16 -0.62349 -0.781831 5.18402e-16 -0.62349 -0.81173 4.86305e-16 -0.584033 -0.81173 4.87606e-16 -0.584033 0.661499 6.25383e-16 -0.749946 0.661499 6.24455e-16 -0.749946 0.318318 7.89355e-16 -0.947984 0.499815 7.212e-16 -0.866132 0.499815 7.21104e-16 -0.866132 0.318318 7.89355e-16 -0.947984 0.124202 8.2622e-16 -0.992257 0.124202 8.26398e-16 -0.992257 -0.0748366 8.30332e-16 -0.997196 -0.0748366 8.30653e-16 -0.997196 -0.456242 4.93969e-16 -0.889856 -0.270909 5.34353e-16 -0.962605 -0.270909 8.01936e-16 -0.962605 -0.456242 4.93969e-16 -0.889856 -0.62349 6.51005e-16 -0.781831 -0.62349 4.33939e-16 -0.781831 -0.766022 3.56834e-16 -0.642815 -0.766022 5.36042e-16 -0.642815 -0.878187 3.98278e-16 -0.478316 -0.878187 2.65894e-16 -0.478316 -0.995017 8.30248e-17 -0.0997095 -0.955541 2.45518e-16 -0.294857 -0.955541 2.44622e-16 -0.294857 -0.995017 8.30248e-17 -0.0997095 -0.955636 -2.45263e-16 0.294551 -0.995048 -8.27595e-17 0.0993908 -0.995048 -8.24271e-17 0.0993908 -0.878341 -3.98044e-16 0.478035 -0.955636 -2.45263e-16 0.294551 -0.878341 -3.98044e-16 0.478035 -0.388763 1.02289e-15 -0.921338 -0.388763 7.67168e-16 -0.921338 -0.433884 7.50207e-16 -0.900969 -0.433884 7.49373e-16 -0.900969 -0.477941 7.31408e-16 -0.878392 -0.477941 7.28842e-16 -0.878392 0.921379 4.31504e-16 -0.388664 0.921379 4.31504e-16 -0.388664 0.826118 4.69205e-16 -0.563496 0.826118 6.25383e-16 -0.563496 0.698109 3.97455e-16 -0.715991 0.698109 5.99857e-16 -0.715991 0.542427 6.99526e-16 -0.840103 0.542427 4.65846e-16 -0.840103 0.173578 5.46685e-16 -0.98482 0.365242 5.1676e-16 -0.930913 0.365242 7.74283e-16 -0.930913 -0.0249663 8.32408e-16 -0.999688 0.173578 8.20027e-16 -0.98482 -0.222521 8.11791e-16 -0.974928 -0.0249663 8.32408e-16 -0.999688 -0.222521 8.11791e-16 -0.974928 -0.583686 4.50739e-16 -0.81198 -0.411255 5.05995e-16 -0.91152 -0.411255 7.59393e-16 -0.91152 -0.732979 3.77615e-16 -0.680251 -0.583686 4.50739e-16 -0.81198 -0.732979 3.77615e-16 -0.680251 -0.939632 1.89952e-16 -0.342187 -0.853217 2.89522e-16 -0.521557 -0.853217 2.89293e-16 -0.521557 -0.939632 2.84928e-16 -0.342187 -0.988799 1.24278e-16 -0.149253 -0.988799 1.24438e-16 -0.149253 -0.998769 -2.25901e-15 0.0495971 -0.998769 -4.14795e-17 0.0495971 0.0494904 8.31647e-16 -0.998775 0.0494904 1.1093e-15 -0.998775 8.40941e-15 8.32667e-16 -1 8.40941e-15 8.32667e-16 -1 -0.0494904 7.21756e-16 -0.998775 -0.0494904 8.31496e-16 -0.998775 0.998769 -5.50638e-17 0.0495971 0.988799 1.24278e-16 -0.149253 0.998769 -4.12979e-17 0.0495971 0.939632 2.84928e-16 -0.342187 0.988799 1.24278e-16 -0.149253 0.939632 3.79904e-16 -0.342187 0.732979 7.5523e-16 -0.680251 0.853217 5.79044e-16 -0.521557 0.853217 5.78585e-16 -0.521557 0.583686 6.76109e-16 -0.81198 0.732979 5.66423e-16 -0.680251 0.583686 6.76109e-16 -0.81198 0.411255 7.58993e-16 -0.91152 0.411255 7.59393e-16 -0.91152 0.222521 5.41194e-16 -0.974928 0.222521 8.11508e-16 -0.974928 0.0249663 5.54938e-16 -0.999688 0.0249663 5.54921e-16 -0.999688 -0.173578 8.20027e-16 -0.98482 -0.173578 5.46678e-16 -0.98482 -0.365242 5.1676e-16 -0.930913 -0.365242 7.7641e-16 -0.930913 -0.698109 3.97455e-16 -0.715991 -0.542427 4.66351e-16 -0.840103 -0.542427 4.65846e-16 -0.840103 -0.698109 3.97455e-16 -0.715991 -0.826118 6.25607e-16 -0.563496 -0.826118 3.14818e-16 -0.563496 -0.921379 2.15752e-16 -0.388664 -0.921379 4.29685e-16 -0.388664 0.477941 7.31408e-16 -0.878392 0.477941 4.87606e-16 -0.878392 0.433884 7.50207e-16 -0.900969 0.433884 7.49373e-16 -0.900969 0.388763 5.11445e-16 -0.921338 0.388763 7.64771e-16 -0.921338 0.878341 -2.65894e-16 0.478035 0.955636 -1.63509e-16 0.294551 0.878341 -2.65363e-16 0.478035 0.955636 -2.45263e-16 0.294551 0.995017 8.30248e-17 -0.0997095 0.995048 -8.27595e-17 0.0993908 0.995048 -8.29589e-17 0.0993908 0.995017 8.30248e-17 -0.0997095 0.878187 3.98278e-16 -0.478316 0.955541 2.45518e-16 -0.294857 0.955541 2.4675e-16 -0.294857 0.766022 5.35251e-16 -0.642815 0.878187 3.98278e-16 -0.478316 0.766022 3.56834e-16 -0.642815 0.62349 7.59506e-16 -0.781831 0.62349 4.33939e-16 -0.781831 0.456242 7.40954e-16 -0.889856 0.456242 8.65751e-16 -0.889856 0.270909 5.34353e-16 -0.962605 0.270909 7.99809e-16 -0.962605 0.0748366 9.68721e-16 -0.997196 0.0748366 5.53591e-16 -0.997196 -0.124202 8.2622e-16 -0.992257 -0.124202 9.64663e-16 -0.992257 -0.318318 7.89355e-16 -0.947984 -0.318318 7.89173e-16 -0.947984 -0.661499 7.28531e-16 -0.749946 -0.499815 8.414e-16 -0.866132 -0.499815 7.21104e-16 -0.866132 -0.661499 6.24455e-16 -0.749946 0.81173 4.86305e-16 -0.584033 0.81173 3.2336e-16 -0.584033 0.781831 5.1916e-16 -0.62349 0.781831 5.18402e-16 -0.62349 0.750017 5.50742e-16 -0.661419 0.750017 5.49198e-16 -0.661419 0.583946 -4.50956e-16 0.811793 0.733197 -5.66227e-16 0.680016 0.583946 -6.75953e-16 0.811793 0.733197 -6.60598e-16 0.680016 0.853384 -4.34056e-16 0.521283 0.853384 -5.06262e-16 0.521283 0.939741 -2.84678e-16 0.341886 0.939741 -2.85038e-16 0.341886 0.998753 4.84916e-17 -0.049917 0.988847 -1.44684e-16 0.148937 0.988847 -1.24438e-16 0.148937 0.998753 4.84916e-17 -0.049917 0.969068 2.73994e-16 -0.246792 0.969068 2.40368e-16 -0.246792 0.797154 5.86535e-16 -0.603776 0.900969 4.21494e-16 -0.433884 0.900969 4.82863e-16 -0.433884 0.797154 5.86535e-16 -0.603776 0.500092 8.41244e-16 -0.865972 0.661739 7.28326e-16 -0.749734 0.661739 7.3174e-16 -0.749734 0.500092 7.81155e-16 -0.865972 0.318622 8.55043e-16 -0.947882 0.318622 8.55115e-16 -0.947882 0.12452 8.95036e-16 -0.992217 0.12452 8.95531e-16 -0.992217 -0.0745172 8.99548e-16 -0.99722 -0.0745172 8.99785e-16 -0.99722 -0.270601 9.35202e-16 -0.962692 -0.270601 8.67878e-16 -0.962692 0.984746 1.56957e-16 -0.173999 0.984746 1.69379e-16 -0.173999 0.974928 2.16167e-16 -0.222521 0.974928 2.00175e-16 -0.222521 0.962721 2.62774e-16 -0.270498 0.962721 2.64334e-16 -0.270498 0.173893 -9.57218e-16 0.984764 0.36554 -1.03339e-15 0.930796 0.173893 -1.09331e-15 0.984764 0.36554 -1.03339e-15 0.930796 0.698339 -6.95329e-16 0.715767 0.542696 -8.15945e-16 0.839929 0.542696 -9.31692e-16 0.839929 0.698339 -6.95329e-16 0.715767 0.826299 -5.08067e-16 0.563232 0.826299 -5.46678e-16 0.563232 0.921504 -4.17702e-16 0.388369 0.921504 -3.5098e-16 0.388369 0.980179 -1.78707e-16 0.198111 0.980179 -2.12715e-16 0.198111 0.980179 1.85581e-16 -0.198111 1 0 0 1 0 0 0.921504 4.10965e-16 -0.388369 0.980179 2.09638e-16 -0.198111 0.921504 4.04228e-16 -0.388369 0.826299 5.08067e-16 -0.563232 0.826299 5.84967e-16 -0.563232 0.542696 7.57663e-16 -0.839929 0.698339 6.45662e-16 -0.715767 0.698339 6.46654e-16 -0.715767 0.542696 7.86804e-16 -0.839929 0.36554 8.71923e-16 -0.930796 0.36554 8.72132e-16 -0.930796 0.173893 9.22479e-16 -0.984764 0.173893 9.2212e-16 -0.984764 0.962721 -2.44004e-16 0.270498 0.962721 -3.00263e-16 0.270498 0.974928 -2.08447e-16 0.222521 0.984746 -1.62993e-16 0.173999 0.974928 -2.02741e-16 0.222521 0.984746 -1.62993e-16 0.173999 -0 0.999999 0 0 0.999999 0 -0 0.999999 0 0 0.999999 0 0 1 0 0 1 0 0 0.999999 0 0 0.999999 0 0 1 0 0 1 0 0 0.999999 0 0 1 0 0 1 0 -0 1 0 0 0.999999 0 0 1 0 0 1 0 -0 0.999999 0 0 1 0 0 1 0 -0 0.999999 0 0 1 0 -0 1 0 -2.83565e-14 1 5.88828e-14 0 1 0 0 1 0 5.14077e-15 1 7.96195e-15 0 0.999999 0 4.02935e-15 1 1.02698e-14 1.01614e-14 1 -5.53455e-15 8.80449e-15 1 -2.71686e-15 0 1 0 0 0.999999 0 1.67834e-15 1 9.52231e-15 0 0.999999 0 0 1 0 0 1 0 0 0.999999 0 0 1 0 0 1 0 -4.2047e-15 1 3.56624e-15 0 1 0 0 1 0 0 1 0 0 1 0 0 0.999999 0 0 0.999999 0 -1.34862e-15 1 -1.14384e-15 -1.19092e-15 1 4.33701e-16 -1.34862e-15 1 -4.91129e-16 5.84936e-15 0.999999 -3.31251e-14 1.4286e-14 0.999999 -3.63774e-14 -1.19092e-15 1 -7.27991e-16 -1.01078e-15 1 6.17872e-16 -1.01078e-15 1 -9.38066e-16 -8.44222e-16 1 1.17442e-15 -8.44222e-16 1 7.83491e-16 -7.05464e-16 1 -9.81387e-16 -0 0.999999 0 0 1 0 -0 0.999999 0 -1.49457e-14 1 -1.44777e-14 5.50266e-15 1 -8.51646e-15 7.79796e-15 1 -7.99258e-15 -1.42976e-15 1 -1.13927e-14 9.11573e-15 1 -6.21358e-15 -3.01969e-15 1 -8.98341e-15 1.06626e-14 1 -4.49378e-15 -4.60792e-15 1 -7.97919e-15 0 0.999999 0 -0 0.999999 0 -6.39841e-15 1 -7.24924e-15 0 0.999999 0 0 1 0 0 0.999999 0 0 1 0 -6.23119e-16 1 1.21533e-15 1.15501e-14 1 2.58295e-14 -1.04546e-15 1 8.57983e-16 -1.06132e-15 1 8.46375e-16 -8.5263e-16 1 1.03893e-15 -8.38547e-16 1 1.0515e-15 -1.0495e-15 1 8.80695e-16 0 1 0 0 1 0 0 1 0 -1.0157e-16 1 4.06702e-15 3.85387e-15 1 5.00478e-15 -6.33964e-16 1 1.18606e-15 0 1 0 0 1 0 -4.02935e-15 1 1.02698e-14 1.89264e-14 1 5.79379e-14 -8.98884e-16 1 3.93827e-15 -1.17265e-15 1 3.86571e-15 -0 1 0 0 1 0 0 1 0 0 1 0 -8.80449e-15 1 -2.71686e-15 -3.98432e-16 1 4.04535e-15 -7.05464e-16 1 3.908e-15 -1.65952e-15 1 3.67821e-15 1.52122e-15 1 3.37169e-15 -0 1 0 0 1 0 -1.01614e-14 1 -5.53455e-15 -1.67834e-15 1 9.52231e-15 0 0.999999 0 0 0.999999 0 -4.09621e-15 1 5.0071e-15 8.98884e-16 1 3.93827e-15 0 1 0 0 1 0 -2.13494e-15 1 -1.61704e-15 -1.06201e-17 1 -5.79127e-15 1.17265e-15 1 3.86571e-15 -3.85387e-15 1 5.00478e-15 1.0157e-16 1 4.06702e-15 -2.60565e-15 1 -7.90414e-16 -2.42526e-15 1 -1.16794e-15 8.38547e-16 1 1.0515e-15 6.33964e-16 1 1.18606e-15 1.0495e-15 1 8.80695e-16 -1.41881e-14 1 2.51577e-14 -2.37158e-15 1 -1.26763e-15 -0 0.999999 0 0 1 0 0 1 0 -0 0.999999 0 0 1 0 -0 1 0 6.23119e-16 1 1.21533e-15 8.5263e-16 1 1.03893e-15 0 1 0 0 1 0 -0 1 0 0 1 0 1.04546e-15 1 8.57983e-16 -1.06132e-15 1 -8.46375e-16 0 1 0 -1.04546e-15 1 -8.57983e-16 0 1 0 -6.23119e-16 1 -1.21533e-15 2.81322e-14 1 -2.33163e-14 0 0.999999 0 0 0.999999 0 8.38547e-16 1 1.0515e-15 6.33964e-16 1 1.18606e-15 1.0495e-15 1 8.80695e-16 0 0.999999 0 0 1 0 0 1 0 -0 0.999999 0 0 1 0 0 1 0 0 1 0 0 1 0 0 1 0 0 1 0 0 1 0 0 1 0 1.06132e-15 1 8.46375e-16 -1.15501e-14 1 2.58295e-14 0 1 0 -0 1 0 0 1 0 0 0.999999 0 0 0.999999 0 -0 1 0 0 1 0 -0 1 0 0 1 0 -0 1 0 -0 0.999999 0 1.89264e-14 1 5.79379e-14 -1.05415e-14 1 -3.25287e-15 -0 1 0 0 0.999999 0 -3.36539e-15 1 8.57756e-15 -1.01614e-14 1 -5.53455e-15 -3.85387e-15 1 5.00478e-15 -1.67834e-15 1 9.52231e-15 1.0157e-16 1 4.06702e-15 1.17265e-15 1 3.86571e-15 3.98432e-16 1 4.04535e-15 8.98884e-16 1 3.93827e-15 1.65952e-15 1 3.67821e-15 0 0.999999 0 0 0.999999 0 0 1 0 -0 1 0 0 1 0 0 1 0 -0 1 0 0 1 0 0 1 0 0 1 0 0 1 0 0 1 0 0 1 0 -0 0.999999 0 0 1 0 -0 1 0 -0 0.999999 0 0 1 0 -0 1 0 -0 1 0 0 0.999999 0 0 0.999999 0 -8.44222e-16 1 -7.83491e-16 -8.44222e-16 1 -1.17442e-15 -1.01078e-15 1 9.38066e-16 -7.05464e-16 1 4.24782e-15 -7.05464e-16 1 9.81387e-16 -1.19092e-15 1 -7.27991e-16 -1.01078e-15 1 6.17872e-16 -1.79781e-15 1 3.98473e-15 -4.89308e-15 1 3.0836e-15 -1.34862e-15 1 -4.91129e-16 -1.19092e-15 1 4.33701e-16 -4.2047e-15 1 -3.56624e-15 -1.34862e-15 1 1.14384e-15 -8.98884e-16 1 3.93827e-15 -1.17265e-15 1 3.86571e-15 -0 0.999999 0 -1.0157e-16 1 4.06702e-15 -0 0.999999 0 1.06201e-17 1 -5.79127e-15 -8.9101e-15 1 -3.75518e-15 7.65692e-15 1 -8.6751e-15 2.13494e-15 1 -1.61704e-15 2.60565e-15 1 -7.90414e-16 4.60792e-15 1 -7.97919e-15 -9.11573e-15 1 -6.21358e-15 2.37158e-15 1 -1.26763e-15 2.42526e-15 1 -1.16794e-15 -7.79796e-15 1 -7.99258e-15 3.01969e-15 1 -8.98341e-15 1.41881e-14 1 2.51577e-14 -1.4286e-14 0.999999 -3.63774e-14 -5.84936e-15 0.999999 -3.31251e-14 -6.23129e-15 1 -9.64416e-15 1.26257e-15 1 -1.00606e-14 3.85387e-15 1 5.00478e-15 -1.0495e-15 1 8.80695e-16 -6.33964e-16 1 1.18606e-15 -8.38547e-16 1 1.0515e-15 -2.81322e-14 1 -2.33163e-14 2.00845e-15 1 1.13953e-14 8.49127e-15 1 -4.62488e-15 1.06132e-15 1 -8.46375e-16 1.04546e-15 1 -8.57983e-16 6.23119e-16 1 -1.21533e-15 2.62677e-14 1 -5.99543e-15 0 0.999999 0 6.52052e-15 1 -1.25547e-14 4.02935e-15 1 1.02698e-14 8.80449e-15 1 -2.71686e-15 0 1 0 -0 1 0 0 0.999999 0 -1.89264e-14 1 5.79379e-14 0 1 0 0 1 0 0 1 0 -0 1 0 -0 1 0 0 1 0 0 1 0 -0 0.999999 0 0 0.999999 0 0 1 0 0 1 0 0 1 0 0 0.999999 0 -0 1 0 -0 0.999999 0 0 0.999999 0 0 0.999999 0 -0 1 0 0 1 0 0 0.999999 0 0 0.999999 0 0 -0.999999 0 0 -0.999999 -0 0 -0.999999 0 0 -0.999999 -0 0 -1 -0 0 -1 0 0 -0.999999 0 0 -0.999999 -0 0 -1 0 0 -1 -0 0 -0.999999 0 0 -1 -0 0 -1 0 0 -1 0 0 -0.999999 0 0 -1 0 0 -1 0 0 -0.999999 0 2.97392e-14 -1 -2.37162e-14 2.18193e-15 -1 -5.78928e-15 0 -0.999999 0 -1.01648e-14 -1 1.95714e-14 0 -1 0 0 -1 0 3.19287e-14 -1 -2.95116e-14 2.53758e-15 -1 -9.01665e-15 0 -1 0 0 -0.999999 0 0 -1 0 0 -1 0 0 -1 0 5.66103e-15 -1 4.24112e-15 0 -0.999999 0 0 -1 0 0 -0.999999 0 -6.31286e-16 -1 5.03029e-15 3.11565e-15 -1 4.82208e-15 0 -0.999999 0 -1.50984e-15 -1 4.4917e-15 3.89898e-15 -1 3.99629e-15 -2.30396e-15 -1 3.98959e-15 4.55787e-15 -1 3.10679e-15 -3.19921e-15 -1 3.62462e-15 5.33132e-15 -1 2.24689e-15 0 -0.999999 -0 0 -0.999999 0 0 -1 0 0 -1 0 0 -1 0 0 -1 0 0 -0.999999 -0 0 -0.999999 0 0 -1 0 0 -1 0 0 -1 0 0 -1 0 0 -1 -0 0 -1 0 0 -1 0 0 -0.999999 0 0 -1 0 0 -1 0 0 -0.999999 0 0 -1 0 0 -1 0 0 -1 0 0 -1 0 0 -1 0 0 -1 0 0 -0.999999 0 0 -0.999999 0 0 -1 0 0 -1 0 0 -0.999999 -0 0 -0.999999 -0 0 -1 0 0 -1 -0 0 -1 0 0 -1 0 0 -1 0 0 -1 0 0 -1 0 5.92667e-16 -1 -1.15594e-15 8.08514e-16 -1 -9.85177e-16 7.94992e-16 -1 -9.96888e-16 -1.03454e-15 -1 2.63466e-16 -3.40237e-15 -1 -4.27969e-15 9.90694e-16 -1 -8.13042e-16 5.58086e-16 -1 -1.15888e-15 6.10918e-16 -1 -1.14295e-15 9.80383e-16 -1 -8.22698e-16 3.22921e-17 -1 -1.29302e-15 -9.4649e-16 -1 4.55806e-16 -9.25965e-16 -1 4.94939e-16 0 -1 0 1.34778e-15 -1 2.39222e-15 -9.82127e-15 -0.999999 1.36534e-14 -1.43274e-14 -0.999999 1.32882e-14 3.70583e-16 -1 -1.22165e-15 1.97198e-15 -1 -8.0882e-16 1.48794e-16 -1 3.00738e-17 -8.42606e-16 -1 6.38202e-16 2.02884e-16 -1 2.84812e-15 -1.01598e-15 -1 3.08195e-16 3.41735e-30 -1 -1.21103e-15 4.98158e-16 -1 -1.10414e-15 -4.98158e-16 -1 -1.10414e-15 1.18427e-16 -1 -1.20241e-15 1.50129e-16 -1 0 1.49811e-16 -1 -1.47551e-17 -1.18427e-16 -1 -1.20241e-15 -2.6723e-16 -1 -1.17081e-15 1.48794e-16 -1 -3.00738e-17 1.20372e-16 -1 9.11717e-17 1.4757e-16 -1 3.36819e-17 1.49811e-16 -1 1.47551e-17 -3.50925e-16 -1 -1.13519e-15 -3.48784e-16 -1 -1.14979e-15 -3.03925e-17 -1 -1.21696e-15 -8.65044e-16 -1 -7.2591e-16 1.4514e-16 -1 4.40278e-17 1.35213e-16 -1 6.51151e-17 0 -0.999999 0 -5.39046e-16 -1 -1.00848e-15 -7.01463e-16 -1 -8.79607e-16 1.32281e-16 -1 7.07055e-17 1.47792e-16 -1 3.7638e-17 3.59197e-15 -1 9.7643e-15 0 -1 0 0 -0.999999 0 -4.32644e-15 -1 2.64278e-15 -1.82748e-15 -1 5.44243e-15 -7.13394e-16 -1 -8.69274e-16 -5.22942e-16 -1 -1.01995e-15 -6.9345e-16 -1 5.53999e-15 -4.45313e-15 -1 1.62009e-15 -3.51937e-14 -1 -2.28947e-14 1.83715e-15 -1 1.19513e-15 -8.74142e-16 -1 -7.1739e-16 1.53012e-15 -1 -2.61464e-15 -3.22155e-14 -1 -2.95259e-14 -8.74142e-16 -1 -7.1739e-16 -9.79582e-17 -1 -3.48069e-16 -7.13394e-16 -1 -8.69274e-16 -5.22942e-16 -1 -1.01995e-15 0 -0.999999 0 0 -0.999999 0 -5.39046e-16 -1 -1.00848e-15 -7.01463e-16 -1 -8.79607e-16 -8.65044e-16 -1 -7.2591e-16 0 -1 -0 0 -1 0 0 -0.999999 0 0 -0.999999 0 4.33406e-17 -1 -3.46249e-16 1.55078e-15 -1 8.55894e-16 0 -1 -0 2.7832e-16 -1 -1.01255e-16 -3.66326e-16 -1 -4.88128e-15 -2.93983e-14 -1 -2.37676e-14 -3.12065e-14 -1 -2.94755e-14 3.80499e-15 -1 -4.40978e-15 -2.7013e-15 -1 -9.59837e-15 1.19053e-15 -1 6.3635e-16 1.33013e-15 -1 3.38742e-16 1.21692e-15 -1 5.86036e-16 1.30626e-15 -1 3.96251e-16 0 -0.999999 0 0 -0.999999 0 1.08335e-15 -1 8.20546e-16 0 -1 0 0 -1 0 0 -1 0 0 -1 0 0 -0.999999 -0 0 -1 0 0 -1 0 0 -0.999999 -0 0 -1 0 0 -1 0 0 -1 0 -4.92429e-16 -1 -1.02254e-15 0 -1 0 -2.8493e-17 -1 -1.1409e-15 -3.26985e-16 -1 -1.07793e-15 1.43752e-15 -1 -1.5328e-15 -1.18427e-16 -1 -1.20241e-15 -4.98158e-16 -1 -1.10414e-15 0 -0.999999 0 0 -0.999999 0 1.50984e-15 -1 4.4917e-15 -3.89898e-15 -1 3.99629e-15 2.30396e-15 -1 3.98959e-15 -4.55787e-15 -1 3.10679e-15 7.14878e-16 -1 5.69637e-15 -1.76499e-14 -1 1.32229e-14 -2.75133e-15 -1 4.25823e-15 3.26026e-15 -1 6.27734e-15 3.19921e-15 -1 3.62462e-15 9.22564e-17 -1 2.91548e-15 -5.33132e-15 -1 2.24689e-15 0 -0.999999 -0 1.48794e-16 -1 -3.00738e-17 1.49811e-16 -1 1.47551e-17 0 -0.999999 0 1.50129e-16 -1 0 1.49811e-16 -1 -1.47551e-17 1.48794e-16 -1 3.00738e-17 0 -0.999999 0 0 -0.999999 0 0 -1 0 0 -1 -0 0 -1 0 0 -1 0 3.41735e-30 -1 -1.21103e-15 0 -1 0 0 -1 -0 0 -1 0 1.18427e-16 -1 -1.20241e-15 4.98158e-16 -1 -1.10414e-15 0 -1 -0 0 -1 0 0 -1 -0 3.48784e-16 -1 -1.14979e-15 2.6723e-16 -1 -1.17081e-15 0 -0.999999 -0 3.03925e-17 -1 -1.21696e-15 0 -0.999999 0 1.4757e-16 -1 -3.36819e-17 0 -1 -0 0 -1 0 1.20372e-16 -1 -9.11717e-17 1.4514e-16 -1 -4.40278e-17 0 -1 0 0 -1 -0 1.35213e-16 -1 -6.51151e-17 1.32281e-16 -1 -7.07055e-17 0 -1 0 0 -1 -0 1.47792e-16 -1 -3.7638e-17 0 -0.999999 0 0 -0.999999 -0 0 -1 0 0 -1 -0 6.10918e-16 -1 -1.14295e-15 6.99589e-16 -1 -1.04623e-15 9.80383e-16 -1 -8.22698e-16 7.94992e-16 -1 -9.96888e-16 8.08514e-16 -1 -9.85177e-16 1.29534e-15 -1 -2.68979e-15 2.65352e-16 -1 -1.44528e-16 9.90694e-16 -1 -8.13042e-16 -1.1275e-15 -1 -2.48455e-15 5.92667e-16 -1 -1.15594e-15 0 -0.999999 0 0 -1 0 0 -1 -0 0 -1 0 0 -1 -0 3.7707e-14 -1 -2.98004e-14 1.22786e-15 -1 -4.3629e-15 0 -0.999999 -0 0 -1 -0 0 -1 0 0 -1 0 3.55346e-14 -1 -2.28434e-14 -2.15486e-17 -1 2.87134e-16 4.73145e-15 -1 1.72134e-15 0 -1 0 7.3679e-16 -1 5.88624e-15 0 -0.999999 0 0 -0.999999 0 4.89932e-15 -1 2.99272e-15 3.16457e-15 -1 3.95015e-15 0 -1 -0 0 -1 0 0 -0.999999 0 0 -0.999999 0 1.43274e-14 -0.999999 1.32882e-14 9.82127e-15 -0.999999 1.36534e-14 -2.13758e-16 -1 7.07026e-15 -1.05325e-14 -1 8.39942e-15 0 -0.999999 0 0 -0.999999 -0 -0.0980171 9.88118e-16 -0.995185 -0.0980171 9.86497e-16 -0.995185 -0.290285 9.48587e-16 -0.95694 -0.471397 8.74223e-16 -0.881921 -0.290285 9.55762e-16 -0.95694 -0.471397 8.74223e-16 -0.881921 -0.634393 7.66262e-16 -0.77301 -0.634393 7.56645e-16 -0.77301 -0.77301 6.28855e-16 -0.634393 -0.881921 4.67282e-16 -0.471397 -0.77301 6.17263e-16 -0.634393 -0.881921 4.67282e-16 -0.471397 -0.95694 2.87751e-16 -0.290285 -0.95694 2.8872e-16 -0.290285 -0.995185 9.71615e-17 -0.0980171 -0.995185 9.70696e-17 -0.0980171 -0.995185 -9.70696e-17 0.0980171 -0.995185 -1.09307e-16 0.0980171 -0.95694 -3.28543e-16 0.290285 -0.95694 -2.87751e-16 0.290285 -0.881921 -4.67282e-16 0.471397 -0.881921 -4.67282e-16 0.471397 -0.77301 -6.37175e-16 0.634393 -0.77301 -6.28855e-16 0.634393 -0.634393 -7.56645e-16 0.77301 -0.634393 -7.66262e-16 0.77301 -0.471397 -8.74223e-16 0.881921 -0.471397 -8.74223e-16 0.881921 -0.290285 -9.45806e-16 0.95694 -0.290285 -9.48587e-16 0.95694 -0.0980171 -9.86497e-16 0.995185 -0.0980171 -9.86497e-16 0.995185 0.0980171 -9.86497e-16 0.995185 0.0980171 -9.86497e-16 0.995185 0.290285 -9.45806e-16 0.95694 0.290285 -9.48587e-16 0.95694 0.471397 -8.56203e-16 0.881921 0.471397 -8.74223e-16 0.881921 0.634393 -7.56645e-16 0.77301 0.634393 -7.66262e-16 0.77301 0.77301 -6.28855e-16 0.634393 0.77301 -6.17263e-16 0.634393 0.881921 -4.67282e-16 0.471397 0.881921 -4.67282e-16 0.471397 0.95694 -2.87751e-16 0.290285 0.95694 -2.8872e-16 0.290285 0.995185 -9.71615e-17 0.0980171 0.995185 -9.70696e-17 0.0980171 0.995185 1.03234e-16 -0.0980171 0.95694 3.05735e-16 -0.290285 0.995185 9.70696e-17 -0.0980171 0.881921 4.67282e-16 -0.471397 0.95694 2.87751e-16 -0.290285 0.77301 6.28855e-16 -0.634393 0.881921 4.67282e-16 -0.471397 0.77301 6.28855e-16 -0.634393 0.634393 7.66262e-16 -0.77301 0.634393 7.56645e-16 -0.77301 0.471397 9.835e-16 -0.881921 0.290285 1.06716e-15 -0.95694 0.471397 8.76115e-16 -0.881921 0.290285 9.48587e-16 -0.95694 0.0980171 9.86497e-16 -0.995185 0.0980171 9.88118e-16 -0.995185 0 -1 0 0 -1 0 -0 -1 0 0 -1 0 0 -1 0 0 -1 0 -0 -1 0 -0 -1 0 0 -1 0 0 -1 0 -0 -1 0 -0 -1 0 0 -1 0 4.58937e-15 -1 0 6.6446e-15 -1 1.32169e-15 -0 -1 0 0 -1 0 0 -1 0 0 -1 0 0 -1 0 -0 -1 0 0 -1 0 0 -1 0 -0 -1 0 0 -1 0 0 -1 0 0 -1 0 -0 -1 0 0 -1 0 -0 -1 0 0 -1 0 -0 -1 0 0 -1 0 0 -1 0 0 -1 0 -3.7645e-14 -1 1.63728e-14 -1.96773e-14 -1 -1.05178e-14 0 -1 0 0 -1 0 -1.96773e-14 -1 -1.05178e-14 -2.13511e-14 -1 -6.4768e-15 0 -1 0 0 -1 0 -2.22045e-14 -1 -2.18695e-15 -2.13511e-14 -1 -6.4768e-15 4.50118e-15 -1 -8.95341e-16 6.77478e-15 -1 0 -2.22045e-14 -1 2.18695e-15 -2.22045e-14 -1 -2.18695e-15 0 -1 0 -0 -1 0 -2.13511e-14 -1 6.4768e-15 -2.22045e-14 -1 2.18695e-15 0 -1 0 -0 -1 0 -1.96773e-14 -1 1.05178e-14 -2.13511e-14 -1 6.4768e-15 0 -1 0 -0 -1 0 -1.96773e-14 -1 1.05178e-14 0 -1 0 0 -1 0 -0 -1 0 -3.7645e-14 -1 -1.63728e-14 -0.0980171 -9.59095e-16 0.995185 -0.290285 -9.22237e-16 0.95694 -0.0980171 -9.59095e-16 0.995185 -0.471397 -8.49939e-16 0.881921 -0.290285 -9.22237e-16 0.95694 -0.634393 -7.44977e-16 0.77301 -0.471397 -8.49939e-16 0.881921 -0.77301 -6.11387e-16 0.634393 -0.634393 -7.44977e-16 0.77301 -0.881921 1.04489e-15 0.471397 -0.77301 1.40619e-15 0.634393 -0.95694 6.15467e-16 0.290285 -0.881921 9.99464e-16 0.471397 -0.995185 2.07818e-16 0.0980171 -0.95694 6.15467e-16 0.290285 -0.995185 1.03909e-16 -0.0980171 -0.995185 -1.03909e-16 0.0980171 -0.995185 -2.07818e-16 -0.0980171 -0.95694 -6.15467e-16 -0.290285 -0.95694 3.00739e-16 -0.290285 -0.881921 4.88374e-16 -0.471397 -0.881921 -9.99464e-16 -0.471397 -0.77301 -1.34505e-15 -0.634393 -0.634393 8.19475e-16 -0.77301 -0.77301 6.72526e-16 -0.634393 -0.634393 -1.63895e-15 -0.77301 -0.471397 2.3462e-15 -0.881921 -0.471397 -1.86894e-15 -0.881921 -0.290285 1.86322e-15 -0.95694 -0.0980171 -2.11001e-15 -0.995185 -0.290285 -2.02892e-15 -0.95694 0.0980171 1.00705e-15 -0.995185 -0.0980171 1.00705e-15 -0.995185 0.290285 1.01446e-15 -0.95694 0.0980171 1.055e-15 -0.995185 0.471397 -5.6133e-16 -0.881921 0.290285 7.31247e-17 -0.95694 0.634393 8.19475e-16 -0.77301 0.471397 9.34932e-16 -0.881921 0.77301 6.72526e-16 -0.634393 0.634393 8.19475e-16 -0.77301 0.77301 2.75606e-16 -0.634393 0.95694 1.21695e-15 -0.290285 0.881921 1.97621e-15 -0.471397 0.881921 -7.43002e-16 -0.471397 0.95694 3.07733e-16 -0.290285 0.995185 4.10912e-16 -0.0980171 0.995185 1.04306e-16 -0.0980171 0.995185 -1.03909e-16 0.0980171 0.995185 -4.11509e-16 0.0980171 0.881921 -4.77017e-16 0.471397 0.95694 -2.93745e-16 0.290285 0.95694 -3.08631e-16 0.290285 0.881921 -4.99732e-16 0.471397 0.77301 -6.72526e-16 0.634393 0.77301 -6.68702e-16 0.634393 0.471397 -1.01993e-15 0.881921 0.634393 -8.93973e-16 0.77301 0.634393 -8.17302e-16 0.77301 0.290285 -1.10668e-15 0.95694 0.471397 -1.01993e-15 0.881921 0.0980171 -9.59095e-16 0.995185 0.290285 -9.22237e-16 0.95694 0.0980171 -9.59095e-16 0.995185 0.962692 3.00427e-16 -0.270601 0.962692 3.00427e-16 -0.270601 0.99722 7.23893e-17 -0.0745172 0.99722 8.24271e-17 -0.0745172 0.992217 -1.20965e-16 0.12452 0.992217 -1.20184e-16 0.12452 0.947882 -3.09523e-16 0.318622 0.947882 -3.08437e-16 0.318622 0.865972 -4.85812e-16 0.500092 0.865972 -4.87118e-16 0.500092 0.603776 -7.74391e-16 0.797154 0.749734 -6.42843e-16 0.661739 0.749734 -6.424e-16 0.661739 0.433884 -8.75242e-16 0.900969 0.603776 -7.74391e-16 0.797154 0.246792 -9.41397e-16 0.969068 0.433884 -8.75242e-16 0.900969 0.246792 -1.07588e-15 0.969068 -0.148937 -9.6061e-16 0.988847 0.049917 -9.70234e-16 0.998753 0.049917 -1.10878e-15 0.998753 -0.341886 -1.04332e-15 0.939741 -0.148937 -1.09784e-15 0.988847 -0.341886 -9.12907e-16 0.939741 -0.521283 -8.29015e-16 0.853384 -0.521283 -8.27462e-16 0.853384 -0.811793 1.15423e-15 0.583946 -0.680016 6.95927e-16 0.733197 -0.680016 -7.14723e-16 0.733197 -0.811793 -5.67271e-16 0.583946 0.661419 -7.286e-16 0.750017 0.661419 -7.286e-16 0.750017 0.62349 -8.68007e-16 0.781831 0.62349 -7.59639e-16 0.781831 0.584033 -7.88551e-16 0.81173 0.584033 -9.03354e-16 0.81173 0.749946 6.4261e-16 -0.661499 0.749946 7.34411e-16 -0.661499 0.866132 4.85543e-16 -0.499815 0.866132 5.55187e-16 -0.499815 0.947984 3.09228e-16 -0.318318 0.947984 3.08437e-16 -0.318318 0.997196 -8.30853e-17 0.0748366 0.992257 1.37892e-16 -0.124202 0.992257 1.21248e-16 -0.124202 0.997196 -7.26996e-17 0.0748366 0.962605 -2.63173e-16 0.270909 0.962605 -2.63767e-16 0.270909 0.781831 -6.05686e-16 0.62349 0.889856 -4.43214e-16 0.456242 0.889856 -4.42448e-16 0.456242 0.781831 -6.92213e-16 0.62349 0.642815 -7.44148e-16 0.766022 0.642815 -8.50861e-16 0.766022 0.294857 -9.28256e-16 0.955541 0.478316 -8.53111e-16 0.878187 0.478316 -8.52988e-16 0.878187 0.294857 -1.06086e-15 0.955541 0.0997095 -1.10469e-15 0.995017 0.0997095 -1.10506e-15 0.995017 -0.294551 -1.06097e-15 0.955636 -0.0993908 -1.10473e-15 0.995048 -0.0993908 -1.10452e-15 0.995048 -0.294551 -7.95727e-16 0.955636 -0.478035 -8.5326e-16 0.878341 -0.478035 -7.3174e-16 0.878341 0.921338 -3.77662e-16 0.388763 0.921338 -4.05483e-16 0.388763 0.900969 -4.21494e-16 0.433884 0.900969 -4.20881e-16 0.433884 0.878392 -4.64294e-16 0.477941 0.878392 -4.67075e-16 0.477941 0.388664 9.59003e-16 -0.921379 0.388664 9.59003e-16 -0.921379 0.563496 8.59852e-16 -0.826118 0.563496 8.61496e-16 -0.826118 0.715991 7.75057e-16 -0.698109 0.715991 7.27486e-16 -0.698109 0.930913 4.055e-16 -0.365242 0.840103 6.02215e-16 -0.542427 0.840103 6.01984e-16 -0.542427 0.930913 3.80156e-16 -0.365242 0.98482 1.80666e-16 -0.173578 0.98482 1.80808e-16 -0.173578 0.999688 -2.59857e-17 0.0249663 0.999688 -2.59247e-17 0.0249663 0.974928 -2.31607e-16 0.222521 0.974928 -2.3186e-16 0.222521 0.81198 -6.0752e-16 0.583686 0.91152 -4.28048e-16 0.411255 0.91152 -4.29685e-16 0.411255 0.81198 -5.87269e-16 0.583686 0.680251 -2.27337e-15 0.732979 0.680251 -7.35994e-16 0.732979 0.521557 -8.88057e-16 0.853217 0.521557 -2.04632e-15 0.853217 0.149253 -1.02918e-15 0.988799 0.342187 -9.78001e-16 0.939632 0.342187 -9.76363e-16 0.939632 0.149253 -1.02918e-15 0.988799 -0.0495971 -1.02223e-15 0.998769 -0.0495971 -1.03965e-15 0.998769 0.998775 5.15113e-17 -0.0494904 0.998775 4.8119e-17 -0.0494904 1 -0 0 1 0 0 0.998775 -5.06528e-17 0.0494904 0.998775 -5.13269e-17 0.0494904 -0.0495971 9.70247e-16 -0.998769 -0.0495971 1.03955e-15 -0.998769 0.149253 1.02918e-15 -0.988799 0.149253 1.02848e-15 -0.988799 0.521557 9.47261e-16 -0.853217 0.342187 1.0432e-15 -0.939632 0.342187 9.7849e-16 -0.939632 0.521557 8.88057e-16 -0.853217 0.680251 7.6291e-16 -0.732979 0.680251 7.6152e-16 -0.732979 0.91152 4.28048e-16 -0.411255 0.81198 6.0752e-16 -0.583686 0.81198 6.06238e-16 -0.583686 0.91152 4.28048e-16 -0.411255 0.974928 2.47048e-16 -0.222521 0.974928 2.3186e-16 -0.222521 0.999688 2.77181e-17 -0.0249663 0.999688 2.77859e-17 -0.0249663 0.98482 -1.9271e-16 0.173578 0.98482 -1.92507e-16 0.173578 0.930913 -3.54812e-16 0.365242 0.930913 -4.06286e-16 0.365242 0.840103 -5.26938e-16 0.542427 0.840103 -5.27534e-16 0.542427 0.715991 -7.75057e-16 0.698109 0.715991 -6.80688e-16 0.698109 0.388664 -1.02294e-15 0.921379 0.563496 -9.17176e-16 0.826118 0.563496 -9.16802e-16 0.826118 0.388664 -8.9507e-16 0.921379 0.878392 4.64294e-16 -0.477941 0.878392 4.61942e-16 -0.477941 0.900969 4.21494e-16 -0.433884 0.900969 4.20881e-16 -0.433884 0.921338 3.77662e-16 -0.388763 0.921338 3.79819e-16 -0.388763 -0.478035 8.52988e-16 -0.878341 -0.478035 9.75154e-16 -0.878341 -0.294551 1.06097e-15 -0.955636 -0.294551 1.05932e-15 -0.955636 -0.0993908 1.10473e-15 -0.995048 -0.0993908 1.10452e-15 -0.995048 0.0997095 1.24278e-15 -0.995017 0.0997095 1.10506e-15 -0.995017 0.294857 9.28256e-16 -0.955541 0.294857 1.19333e-15 -0.955541 0.478316 8.53111e-16 -0.878187 0.478316 8.52988e-16 -0.878187 0.642815 7.44148e-16 -0.766022 0.642815 7.44503e-16 -0.766022 0.781831 6.05686e-16 -0.62349 0.781831 6.04111e-16 -0.62349 0.889856 4.43214e-16 -0.456242 0.889856 4.42448e-16 -0.456242 0.962605 2.63173e-16 -0.270909 0.962605 2.63767e-16 -0.270909 0.997196 7.26996e-17 -0.0748366 0.997196 7.23231e-17 -0.0748366 0.992257 -1.20656e-16 0.124202 0.992257 -1.21248e-16 0.124202 0.947984 -3.09228e-16 0.318318 0.947984 -3.08437e-16 0.318318 0.866132 -4.85543e-16 0.499815 0.866132 -4.84991e-16 0.499815 0.749946 -6.4261e-16 0.661499 0.749946 -6.424e-16 0.661499 0.584033 9.01202e-16 -0.81173 0.584033 9.03354e-16 -0.81173 0.62349 7.59506e-16 -0.781831 0.62349 8.67425e-16 -0.781831 0.661419 7.286e-16 -0.750017 0.661419 7.28842e-16 -0.750017 -0.811793 6.48781e-16 -0.583946 -0.811793 2.45085e-15 -0.583946 -0.680016 8.14012e-16 -0.733197 -0.680016 2.32285e-15 -0.733197 -0.521283 8.29015e-16 -0.853384 -0.521283 9.4871e-16 -0.853384 -0.341886 9.12907e-16 -0.939741 -0.341886 9.12548e-16 -0.939741 -0.148937 9.6061e-16 -0.988847 -0.148937 9.60409e-16 -0.988847 0.049917 1.10884e-15 -0.998753 0.049917 9.70247e-16 -0.998753 0.246792 9.41397e-16 -0.969068 0.246792 1.07528e-15 -0.969068 0.433884 8.75242e-16 -0.900969 0.433884 8.76386e-16 -0.900969 0.603776 8.85019e-16 -0.797154 0.603776 7.74283e-16 -0.797154 0.749734 7.34678e-16 -0.661739 0.749734 7.35994e-16 -0.661739 0.947882 3.53741e-16 -0.318622 0.865972 5.55214e-16 -0.500092 0.865972 5.55187e-16 -0.500092 0.947882 3.53741e-16 -0.318622 0.992217 1.38245e-16 -0.12452 0.992217 1.38265e-16 -0.12452 0.99722 -8.27307e-17 0.0745172 0.99722 -8.24271e-17 0.0745172 0.962692 -3.00427e-16 0.270601 0.962692 -2.99928e-16 0.270601 0.173999 1.09329e-15 -0.984746 0.173999 1.09326e-15 -0.984746 0.222521 1.08239e-15 -0.974928 0.270498 1.06883e-15 -0.962721 0.222521 1.08043e-15 -0.974928 0.270498 1.06883e-15 -0.962721 -0.984764 1.92507e-16 -0.173893 -0.984764 1.44795e-16 -0.173893 -0.930796 3.04373e-16 -0.36554 -0.930796 3.04183e-16 -0.36554 -0.715767 7.75312e-16 -0.698339 -0.839929 6.02513e-16 -0.542696 -0.839929 4.50956e-16 -0.542696 -0.563232 6.88032e-16 -0.826299 -0.715767 5.81484e-16 -0.698339 -0.563232 6.88032e-16 -0.826299 -0.388369 7.67306e-16 -0.921504 -0.388369 7.67902e-16 -0.921504 0 1.11022e-15 -1 -0.198111 1.08822e-15 -0.980179 -0.198111 8.15763e-16 -0.980179 0 1.11022e-15 -1 0.388369 7.67306e-16 -0.921504 0.198111 8.16163e-16 -0.980179 0.198111 1.0891e-15 -0.980179 0.388369 7.67306e-16 -0.921504 0.715767 5.81484e-16 -0.698339 0.563232 6.88032e-16 -0.826299 0.563232 6.89197e-16 -0.826299 0.715767 7.75312e-16 -0.698339 0.930796 3.04373e-16 -0.36554 0.839929 4.51885e-16 -0.542696 0.839929 6.01984e-16 -0.542696 0.930796 3.04373e-16 -0.36554 0.984764 1.93061e-16 -0.173893 0.984764 1.44646e-16 -0.173893 -0.270498 1.06883e-15 -0.962721 -0.270498 1.0676e-15 -0.962721 -0.222521 1.08239e-15 -0.974928 -0.222521 1.083e-15 -0.974928 -0.173999 1.09329e-15 -0.984746 -0.173999 1.09326e-15 -0.984746 -0.962692 -2.99928e-16 0.270601 -0.962692 -3.00427e-16 0.270601 -0.992217 1.38245e-16 -0.12452 -0.99722 -8.27307e-17 0.0745172 -0.99722 -8.29589e-17 0.0745172 -0.992217 1.38245e-16 -0.12452 -0.947882 3.53741e-16 -0.318622 -0.947882 3.53107e-16 -0.318622 -0.749734 7.34678e-16 -0.661739 -0.865972 5.55214e-16 -0.500092 -0.865972 5.55187e-16 -0.500092 -0.749734 5.51009e-16 -0.661739 -0.433884 8.75242e-16 -0.900969 -0.603776 7.74391e-16 -0.797154 -0.603776 6.63671e-16 -0.797154 -0.433884 8.75242e-16 -0.900969 -0.246792 9.41397e-16 -0.969068 -0.246792 9.41265e-16 -0.969068 -0.049917 1.10884e-15 -0.998753 -0.049917 9.70247e-16 -0.998753 0.148937 9.6061e-16 -0.988847 0.148937 1.09761e-15 -0.988847 0.341886 9.12907e-16 -0.939741 0.341886 9.14675e-16 -0.939741 0.680016 8.14012e-16 -0.733197 0.521283 9.47446e-16 -0.853384 0.521283 8.29589e-16 -0.853384 0.680016 8.14012e-16 -0.733197 0.811793 6.4831e-16 -0.583946 0.811793 6.48781e-16 -0.583946 -0.661419 8.32686e-16 -0.750017 -0.661419 7.28842e-16 -0.750017 -0.62349 8.68007e-16 -0.781831 -0.62349 8.67425e-16 -0.781831 -0.584033 9.01202e-16 -0.81173 -0.584033 8.98221e-16 -0.81173 -0.749946 -6.424e-16 0.661499 -0.749946 -6.4261e-16 0.661499 -0.947984 -3.09228e-16 0.318318 -0.866132 -4.85543e-16 0.499815 -0.866132 -4.87118e-16 0.499815 -0.947984 -3.09228e-16 0.318318 -0.992257 -1.20656e-16 0.124202 -0.992257 -1.21248e-16 0.124202 -0.997196 7.26996e-17 -0.0748366 -0.997196 7.28549e-17 -0.0748366 -0.889856 4.43214e-16 -0.456242 -0.962605 2.63173e-16 -0.270909 -0.962605 2.63767e-16 -0.270909 -0.889856 4.43214e-16 -0.456242 -0.781831 6.05686e-16 -0.62349 -0.781831 6.04111e-16 -0.62349 -0.642815 7.44148e-16 -0.766022 -0.642815 7.44503e-16 -0.766022 -0.478316 9.74984e-16 -0.878187 -0.478316 8.52988e-16 -0.878187 -0.0997095 1.24278e-15 -0.995017 -0.294857 1.19347e-15 -0.955541 -0.294857 1.06145e-15 -0.955541 -0.0997095 1.10469e-15 -0.995017 0.294551 1.06097e-15 -0.955636 0.0993908 1.10473e-15 -0.995048 0.0993908 1.10506e-15 -0.995048 0.478035 9.75154e-16 -0.878341 0.294551 1.06097e-15 -0.955636 0.478035 8.5326e-16 -0.878341 -0.921338 3.77662e-16 -0.388763 -0.921338 3.77662e-16 -0.388763 -0.900969 4.21494e-16 -0.433884 -0.900969 4.20881e-16 -0.433884 -0.878392 4.64294e-16 -0.477941 -0.878392 4.67075e-16 -0.477941 -0.388664 -8.9507e-16 0.921379 -0.388664 -8.9507e-16 0.921379 -0.563496 -8.02529e-16 0.826118 -0.563496 -8.01936e-16 0.826118 -0.715991 -6.78175e-16 0.698109 -0.715991 -6.76434e-16 0.698109 -0.840103 -5.26938e-16 0.542427 -0.840103 -5.27534e-16 0.542427 -0.98482 -2.04755e-16 0.173578 -0.930913 -4.30843e-16 0.365242 -0.930913 -3.55234e-16 0.365242 -0.999688 2.59857e-17 -0.0249663 -0.98482 -1.80666e-16 0.173578 -0.974928 2.31607e-16 -0.222521 -0.999688 2.59857e-17 -0.0249663 -0.974928 2.31607e-16 -0.222521 -0.81198 6.0752e-16 -0.583686 -0.91152 4.28048e-16 -0.411255 -0.91152 4.27557e-16 -0.411255 -0.680251 7.12049e-16 -0.732979 -0.81198 5.67019e-16 -0.583686 -0.680251 7.12049e-16 -0.732979 -0.342187 9.78001e-16 -0.939632 -0.521557 8.88057e-16 -0.853217 -0.521557 8.29589e-16 -0.853217 -0.342187 9.78001e-16 -0.939632 -0.149253 1.02918e-15 -0.988799 -0.149253 1.02848e-15 -0.988799 0.0495971 3.32657e-15 -0.998769 0.0495971 1.03965e-15 -0.998769 -0.998775 -5.15113e-17 0.0494904 -0.998775 -5.13269e-17 0.0494904 -1 0 0 -1 0 0 -0.998775 1.64836e-16 -0.0494904 -0.998775 5.19685e-17 -0.0494904 0.0495971 -1.03955e-15 0.998769 -0.149253 -1.02918e-15 0.988799 0.0495971 -1.03955e-15 0.998769 -0.342187 -9.78001e-16 0.939632 -0.149253 -1.02918e-15 0.988799 -0.342187 -9.61701e-16 0.939632 -0.680251 -2.26066e-15 0.732979 -0.521557 -2.03134e-15 0.853217 -0.521557 -8.72132e-16 0.853217 -0.81198 -6.0752e-16 0.583686 -0.680251 -7.6291e-16 0.732979 -0.81198 -6.0752e-16 0.583686 -0.91152 -4.1378e-16 0.411255 -0.91152 -4.27557e-16 0.411255 -0.974928 -2.31607e-16 0.222521 -0.974928 -2.24414e-16 0.222521 -0.999688 -2.59857e-17 0.0249663 -0.999688 -2.60576e-17 0.0249663 -0.98482 1.80666e-16 -0.173578 -0.98482 1.80808e-16 -0.173578 -0.930913 4.055e-16 -0.365242 -0.930913 3.8076e-16 -0.365242 -0.715991 7.75057e-16 -0.698109 -0.840103 6.02215e-16 -0.542427 -0.840103 6.01984e-16 -0.542427 -0.715991 7.75057e-16 -0.698109 -0.563496 8.02529e-16 -0.826118 -0.563496 9.18929e-16 -0.826118 -0.388664 1.82201e-15 -0.921379 -0.388664 8.93404e-16 -0.921379 -0.878392 -4.64294e-16 0.477941 -0.878392 -4.67075e-16 0.477941 -0.900969 -4.21494e-16 0.433884 -0.900969 -4.20881e-16 0.433884 -0.921338 1.64114e-15 0.388763 -0.921338 -3.79819e-16 0.388763 0.478035 -8.52988e-16 0.878341 0.294551 -9.28348e-16 0.955636 0.478035 -8.5326e-16 0.878341 0.294551 -1.06097e-15 0.955636 -0.0997095 -1.10469e-15 0.995017 0.0993908 -1.10473e-15 0.995048 0.0993908 -1.10452e-15 0.995048 -0.0997095 -1.10469e-15 0.995017 -0.478316 -8.53111e-16 0.878187 -0.294857 -9.28256e-16 0.955541 -0.294857 -1.06145e-15 0.955541 -0.642815 -7.44148e-16 0.766022 -0.478316 -8.53111e-16 0.878187 -0.642815 -7.44148e-16 0.766022 -0.781831 -6.05686e-16 0.62349 -0.781831 -6.04111e-16 0.62349 -0.889856 -3.79898e-16 0.456242 -0.889856 -4.44575e-16 0.456242 -0.962605 -2.25577e-16 0.270909 -0.962605 -2.25478e-16 0.270909 -0.997196 -8.30853e-17 0.0748366 -0.997196 -6.2751e-17 0.0748366 -0.992257 1.20656e-16 -0.124202 -0.992257 1.38265e-16 -0.124202 -0.947984 3.09228e-16 -0.318318 -0.947984 3.08437e-16 -0.318318 -0.749946 6.4261e-16 -0.661499 -0.866132 4.85543e-16 -0.499815 -0.866132 4.84991e-16 -0.499815 -0.749946 6.4261e-16 -0.661499 -0.584033 -7.88551e-16 0.81173 -0.584033 -7.90435e-16 0.81173 -0.62349 -7.59506e-16 0.781831 -0.62349 -7.59639e-16 0.781831 -0.661419 -7.286e-16 0.750017 -0.661419 -7.28842e-16 0.750017 0.811793 -5.65822e-16 0.583946 0.680016 -8.14012e-16 0.733197 0.811793 -6.4831e-16 0.583946 0.680016 -7.12261e-16 0.733197 0.521283 -8.29015e-16 0.853384 0.521283 -8.29589e-16 0.853384 0.341886 -9.12907e-16 0.939741 0.341886 -9.12548e-16 0.939741 -0.049917 -9.70234e-16 0.998753 0.148937 -9.6061e-16 0.988847 0.148937 -9.61472e-16 0.988847 -0.049917 -9.70234e-16 0.998753 -0.246792 -1.07588e-15 0.969068 -0.246792 -9.41265e-16 0.969068 -0.603776 -7.74391e-16 0.797154 -0.433884 -8.75242e-16 0.900969 -0.433884 -9.99761e-16 0.900969 -0.603776 -7.74391e-16 0.797154 -0.865972 -4.85812e-16 0.500092 -0.749734 -6.42843e-16 0.661739 -0.749734 -6.424e-16 0.661739 -0.865972 -4.85812e-16 0.500092 -0.947882 -3.09523e-16 0.318622 -0.947882 -3.10564e-16 0.318622 -0.992217 -1.20965e-16 0.12452 -0.992217 -1.21248e-16 0.12452 -0.99722 8.27307e-17 -0.0745172 -0.99722 7.23231e-17 -0.0745172 -0.962692 3.00427e-16 -0.270601 -0.962692 2.99928e-16 -0.270601 -0.173999 -1.09329e-15 0.984746 -0.173999 -1.09326e-15 0.984746 -0.222521 -1.08239e-15 0.974928 -0.222521 -1.08043e-15 0.974928 -0.270498 -1.06883e-15 0.962721 -0.270498 -1.07017e-15 0.962721 0.984764 -1.92507e-16 0.173893 0.930796 -4.05831e-16 0.36554 0.984764 -1.93061e-16 0.173893 0.930796 -3.55102e-16 0.36554 0.715767 -6.78398e-16 0.698339 0.839929 -5.27199e-16 0.542696 0.839929 -5.27534e-16 0.542696 0.715767 -6.78398e-16 0.698339 0.563232 -9.17376e-16 0.826299 0.563232 -8.01936e-16 0.826299 0.388369 -8.9519e-16 0.921504 0.388369 -1.02316e-15 0.921504 0.198111 -9.52191e-16 0.980179 0.198111 -9.519e-16 0.980179 -0.198111 -9.52191e-16 0.980179 0 -9.71445e-16 1 0 -9.71445e-16 1 -0.388369 -8.9519e-16 0.921504 -0.198111 -9.52191e-16 0.980179 -0.388369 -1.02307e-15 0.921504 -0.563232 -8.02704e-16 0.826299 -0.563232 -9.16802e-16 0.826299 -0.839929 -5.27199e-16 0.542696 -0.715767 -6.78398e-16 0.698339 -0.715767 -6.76434e-16 0.698339 -0.839929 -5.27199e-16 0.542696 -0.930796 -4.05831e-16 0.36554 -0.930796 -3.55234e-16 0.36554 -0.984764 -1.93061e-16 0.173893 -0.984764 -1.93571e-16 0.173893 0.270498 -1.33604e-15 0.962721 0.270498 -1.07017e-15 0.962721 0.222521 -1.08239e-15 0.974928 0.173999 -1.09329e-15 0.984746 0.222521 -1.35503e-15 0.974928 0.173999 -1.09329e-15 0.984746 0 -0.999999 0 -0 -0.999999 0 0 -0.999999 0 -0 -0.999999 0 -8.51081e-15 -1 -4.32783e-14 -1.41405e-14 -1 4.27516e-16 0 -0.999999 0 -0 -0.999999 0 0 -1 0 3.10153e-14 -1 -5.61961e-14 0 -0.999999 0 -0 -1 0 0 -1 0 0 -1 0 0 -0.999999 0 0 -1 0 0 -1 0 0 -0.999999 0 -0 -1 0 0 -1 0 0 -0.999999 0 0 -1 0 0 -1 0 5.88828e-14 -1 -2.83565e-14 0 -1 0 0 -1 0 7.96195e-15 -1 5.14077e-15 0 -0.999999 0 1.02698e-14 -1 4.02935e-15 -5.53455e-15 -1 1.01614e-14 -2.71686e-15 -1 8.80449e-15 -0 -1 0 0 -0.999999 0 9.52231e-15 -1 1.67834e-15 0 -0.999999 0 0 -1 0 -0 -1 0 0 -0.999999 0 0 -1 0 -0 -1 0 0 -1 0 0 -1 0 -0 -1 0 0 -1 0 -0 -1 0 -0 -0.999999 0 0 -0.999999 0 0 -1 0 0 -1 0 0 -1 0 -3.31251e-14 -0.999999 5.84936e-15 -3.63774e-14 -0.999999 1.4286e-14 0 -1 0 0 -1 0 0 -1 0 0 -1 0 0 -1 0 0 -1 0 0 -0.999999 0 0 -1 0 0 -0.999999 0 -1.44777e-14 -1 -1.49457e-14 0 -1 0 0 -1 0 -2.45981e-14 -1 -5.92864e-14 0 -1 0 0 -1 0 0 -1 0 0 -1 0 0 -0.999999 0 0 -0.999999 0 0 -1 0 -0 -0.999999 0 0 -1 0 -0 -0.999999 0 0 -1 0 0 -1 0 0 -1 0 -0 -1 0 0 -1 0 0 -1 0 0 -1 0 0 -1 0 -0 -1 0 0 -1 0 0 -1 0 2.71135e-15 -1 -6.77134e-17 3.78082e-15 -1 4.4433e-15 0 -1 0 0 -1 0 -0 -1 0 1.02698e-14 -1 -4.02935e-15 5.79379e-14 -1 1.89264e-14 2.62551e-15 -1 -5.99256e-16 2.57714e-15 -1 -7.81767e-16 6.04857e-16 -1 -2.65005e-15 6.57336e-15 -1 -2.661e-15 -4.88727e-14 -1 -2.78298e-14 -0 -1 0 -2.71686e-15 -1 -8.80449e-15 2.6969e-15 -1 -2.65622e-16 2.71861e-15 -1 0 2.45214e-15 -1 -1.10634e-15 2.45214e-15 -1 1.10634e-15 0 -1 -2.69343e-15 4.84313e-15 -1 -2.57646e-15 -5.53455e-15 -1 -1.01614e-14 9.52231e-15 -1 -1.67834e-15 0 -0.999999 0 -0 -0.999999 0 2.6969e-15 -1 2.65622e-16 2.62551e-15 -1 5.99256e-16 -2.6465e-16 -1 -2.68704e-15 5.35199e-16 -1 -2.64796e-15 -1.61704e-15 -1 -2.13494e-15 -6.04857e-16 -1 -2.65005e-15 2.57714e-15 -1 7.81767e-16 3.78082e-15 -1 -4.4433e-15 2.71135e-15 -1 6.77134e-17 -7.90414e-16 -1 -2.60565e-15 -1.16794e-15 -1 -2.42526e-15 0 -1 0 -0 -1 0 0 -1 0 -6.71819e-16 -1 -2.63801e-15 -1.26763e-15 -1 -2.37158e-15 0 -0.999999 0 0 -1 0 0 -1 0 0 -0.999999 0 0 -1 0 0 -1 0 0 -1 0 -0 -1 0 0 -1 0 0 -1 0 0 -1 0 0 -1 0 -0 -1 0 -1.69275e-15 -1 -2.12264e-15 0 -1 0 -1.71597e-15 -1 -2.09091e-15 0 -1 0 -2.43066e-15 -1 -1.24624e-15 -2.43552e-14 -1 2.72795e-14 0 -0.999999 0 0 -0.999999 0 -0 -1 0 0 -1 0 -0 -1 0 0 -0.999999 0 8.51081e-15 -1 -4.32783e-14 1.41405e-14 -1 4.27516e-16 0 -0.999999 0 0 -1 0 -3.10153e-14 -1 -5.61961e-14 0 -1 0 0 -1 0 -0 -1 0 -0 -1 0 0 -1 0 0 -1 0 0 -1 0 0 -1 0 0 -1 0 0 -1 0 0 -1 0 0 -0.999999 0 0 -0.999999 0 4.88727e-14 -1 -2.78298e-14 0 -1 0 0 -1 0 0 -1 0 0 -1 0 -0 -0.999999 0 5.79379e-14 -1 1.89264e-14 -3.25287e-15 -1 -1.05415e-14 0 -1 0 -0 -0.999999 0 8.57756e-15 -1 -3.36539e-15 -5.53455e-15 -1 -1.01614e-14 3.78082e-15 -1 -4.4433e-15 9.52231e-15 -1 -1.67834e-15 2.71135e-15 -1 6.77134e-17 2.57714e-15 -1 7.81767e-16 2.6969e-15 -1 2.65622e-16 2.62551e-15 -1 5.99256e-16 2.45214e-15 -1 1.10634e-15 0 -0.999999 0 0 -0.999999 0 0 -1 0 0 -1 0 0 -1 0 -0 -1 0 0 -1 0 0 -1 0 0 -1 0 -0 -1 0 0 -1 0 -6.04857e-16 -1 -2.65005e-15 -0 -1 0 -0 -0.999999 0 7.64376e-15 -1 -2.63492e-15 4.31383e-15 -1 -2.79761e-15 0 -0.999999 0 -0 -1 -2.69343e-15 2.6465e-16 -1 -2.68704e-15 -5.35199e-16 -1 -2.64796e-15 0 -0.999999 0 0 -0.999999 0 0 -1 0 0 -1 0 -0 -1 0 2.71861e-15 -1 0 0 -1 0 0 -1 0 -0 -1 0 2.45214e-15 -1 -1.10634e-15 2.6969e-15 -1 -2.65622e-16 0 -1 0 -0 -1 0 0 -1 0 -0 -1 0 2.62551e-15 -1 -5.99256e-16 2.57714e-15 -1 -7.81767e-16 -0 -0.999999 0 2.71135e-15 -1 -6.77134e-17 0 -0.999999 0 -1.09777e-14 -1 -2.62881e-15 -7.51035e-15 -1 -1.78202e-14 -1.73502e-14 -1 1.53138e-14 -1.61704e-15 -1 2.13494e-15 -7.90414e-16 -1 2.60565e-15 -1.59584e-14 -1 9.21584e-15 -1.24272e-14 -1 -1.82315e-14 -1.26763e-15 -1 2.37158e-15 -1.16794e-15 -1 2.42526e-15 -1.59852e-14 -1 -1.55959e-14 -1.79668e-14 -1 6.03937e-15 -6.71819e-16 -1 2.63801e-15 -3.63774e-14 -0.999999 -1.4286e-14 -3.31251e-14 -0.999999 -5.84936e-15 -9.64416e-15 -1 -6.23129e-15 -6.91577e-15 -1 -5.53315e-14 3.78082e-15 -1 4.4433e-15 -0 -1 0 0 -1 0 0 -1 0 -2.43552e-14 -1 -2.72795e-14 1.13953e-14 -1 2.00845e-15 -4.62488e-15 -1 8.49127e-15 -1.69275e-15 -1 2.12264e-15 -1.71597e-15 -1 2.09091e-15 -2.43066e-15 -1 1.24624e-15 -5.99543e-15 -1 2.62677e-14 0 -0.999999 0 -1.25547e-14 -1 6.52052e-15 1.02698e-14 -1 4.02935e-15 -2.71686e-15 -1 8.80449e-15 0 -1 0 -0 -1 0 -0 -0.999999 0 5.79379e-14 -1 -1.89264e-14 0 -1 0 0 -1 0 0 -1 0 -0 -1 0 0 -1 0 -0 -1 0 0 -1 0 0 -0.999999 0 0 -0.999999 0 -0 -1 0 0 -1 0 -0 -1 0 0 -0.999999 0 0 -1 0 0 -0.999999 0 -0 -0.999999 0 0 -0.999999 0 -0 -1 0 0 -1 0 0 -0.999999 0 -0 -0.999999 0 0 0.999999 -0 0 0.999999 0 0 0.999999 -0 0 0.999999 0 0 1 0 0 1 0 0 0.999999 0 0 0.999999 0 0 1 0 0 1 0 0 0.999999 0 0 1 0 0 1 0 -3.56336e-15 1 1.36909e-14 0 0.999999 0 1.14122e-15 1 1.14253e-14 4.02994e-14 1 1.79278e-14 0 0.999999 -0 -2.96453e-15 1 3.7174e-15 -5.74269e-16 1 4.30972e-17 0 0.999999 -0 3.91428e-14 1 -2.03296e-14 7.25979e-15 1 7.07848e-15 -1.1134e-15 1 1.11108e-14 -5.95285e-14 1 7.39694e-14 -9.88923e-15 1 2.78316e-15 7.96195e-15 1 5.14077e-15 0 0.999999 0 1.02698e-14 1 4.02935e-15 -5.53455e-15 1 1.01614e-14 -2.71686e-15 1 8.80449e-15 8.48223e-15 1 1.13221e-14 0 0.999999 0 9.52231e-15 1 1.67834e-15 0 0.999999 0 1.00606e-14 1 -1.26257e-15 9.64416e-15 1 6.23129e-15 0 0.999999 0 8.98341e-15 1 -3.01969e-15 7.99258e-15 1 7.79796e-15 7.97919e-15 1 -4.60792e-15 6.21358e-15 1 9.11573e-15 7.24924e-15 1 -6.39841e-15 4.49378e-15 1 1.06626e-14 0 0.999999 0 0 0.999999 0 0 1 0 0 1 0 0 1 -0 0 1 -0 0 0.999999 0 0 0.999999 0 0 1 0 0 1 0 0 1 -0 0 1 -0 0 1 0 0 1 0 0 1 -0 0 0.999999 -0 0 1 0 0 1 0 0 0.999999 -0 0 1 0 0 1 0 0 1 0 0 1 0 0 1 0 0 1 0 0 0.999999 0 0 0.999999 -0 0 1 0 0 1 -0 0 0.999999 0 0 0.999999 0 0 1 0 0 1 0 0 1 0 0 1 0 0 1 0 0 1 0 0 1 0 -2.31188e-15 1 1.18533e-15 -1.97035e-15 1 1.61703e-15 -1.99378e-15 1 1.58998e-15 0 1 0 -5.41789e-15 1 -2.82373e-15 -1.62608e-15 1 1.98139e-15 1.28695e-15 1 5.64428e-15 -2.2859e-15 1 1.22184e-15 -1.6454e-15 1 1.96077e-15 -1.52121e-16 1 3.79907e-18 0 1 0 0 1 0 0 1 0 0 1 0 2.73068e-14 0.999999 -1.96425e-14 2.65764e-14 0.999999 -2.86548e-14 -1.43723e-16 1 4.3598e-17 -1.46351e-16 1 3.34038e-17 4.81181e-16 1 2.3807e-15 0 1 0 5.22469e-15 1 2.47175e-15 0 1 0 -1.51379e-16 1 0 -1.38017e-16 1 6.22697e-17 -1.38017e-16 1 -6.22697e-17 -1.50301e-16 1 1.48034e-17 0 1 2.40206e-15 -2.36081e-16 1 2.39697e-15 -1.50301e-16 1 -1.48034e-17 -1.46351e-16 1 -3.34038e-17 -4.81181e-16 1 2.3807e-15 1.45875e-15 1 1.92596e-15 5.38911e-16 1 2.36112e-15 2.36081e-16 1 2.39697e-15 -1.36339e-16 1 -6.56572e-17 -1.43723e-16 1 -4.3598e-17 -1.52121e-16 1 -3.79907e-18 -9.6788e-17 1 -1.15339e-16 7.04445e-16 1 2.32225e-15 1.04184e-15 1 2.16341e-15 0 0.999999 -0 -1.34464e-16 1 -7.18727e-17 -1.17281e-16 1 -9.35284e-17 1.13129e-15 1 2.11649e-15 -2.61038e-15 1 3.87162e-15 1.95286e-14 1 7.18395e-15 0 1 0 0 0.999999 -0 5.28555e-15 1 -8.65288e-15 1.08849e-14 1 -3.65496e-15 -1.15903e-16 1 -9.51193e-17 -1.35993e-16 1 -6.97255e-17 1.108e-14 1 -1.3869e-15 3.24018e-15 1 -8.90625e-15 1.64307e-15 1 -1.0909e-14 9.1883e-15 1 6.89554e-16 -9.56519e-17 1 -1.16552e-16 1.4146e-15 1 1.77385e-15 -5.95646e-14 1 -7.46917e-14 1.43478e-15 1 1.74828e-15 1.11382e-14 1 3.13466e-15 1.73855e-15 1 1.42679e-15 2.03989e-15 1 1.04588e-15 0 0.999999 0 0 0.999999 0 2.01697e-15 1 1.07809e-15 1.75921e-15 1 1.40293e-15 1.45182e-15 1 1.73009e-15 0 1 0 0 1 0 0 0.999999 0 0 0.999999 -0 0 1 0 0 1 0 0 1 0 0 1 0 -5.74269e-16 1 -4.30972e-17 -2.96453e-15 1 -3.7174e-15 -5.95285e-14 1 -7.39694e-14 -3.90898e-15 1 4.71584e-15 -9.88923e-15 1 -2.78316e-15 1.13129e-15 1 2.11649e-15 6.02208e-16 1 2.36467e-15 1.04184e-15 1 2.16341e-15 7.04445e-16 1 2.32225e-15 0 0.999999 0 0 0.999999 0 1.45875e-15 1 1.92596e-15 1.11098e-14 1 4.26851e-14 -1.14122e-15 1 1.14253e-14 -1.29257e-14 1 5.75017e-15 -7.25979e-15 1 7.07848e-15 0 0.999999 -0 9.44981e-16 1 9.43012e-15 -9.38096e-15 1 6.05698e-15 0 0.999999 0 -1.02698e-14 1 4.02935e-15 2.71686e-15 1 8.80449e-15 5.53455e-15 1 1.01614e-14 -1.55963e-15 1 5.51297e-15 -9.52231e-15 1 1.67834e-15 -1.52121e-16 1 -3.79907e-18 -1.43723e-16 1 -4.3598e-17 -1.46351e-16 1 -3.34038e-17 -1.50301e-16 1 -1.48034e-17 -1.38017e-16 1 -6.22697e-17 0 0.999999 0 0 0.999999 0 8.98341e-15 1 3.01969e-15 7.99258e-15 1 -7.79796e-15 7.97919e-15 1 4.60792e-15 6.21358e-15 1 -9.11573e-15 1.13927e-14 1 1.42976e-15 2.64457e-14 1 -3.52997e-14 8.51646e-15 1 -5.50266e-15 1.25547e-14 1 6.52052e-15 7.24924e-15 1 6.39841e-15 5.7636e-15 1 -1.10628e-16 4.49378e-15 1 -1.06626e-14 0 0.999999 -0 0 1 0 0 1 -0 0 0.999999 -0 0 1 0 0 1 -0 0 1 0 0 0.999999 0 0 0.999999 0 0 1 -0 0 1 0 0 1 0 0 1 0 -1.51379e-16 1 0 0 1 -0 0 1 0 0 1 0 -1.50301e-16 1 1.48034e-17 -1.38017e-16 1 6.22697e-17 0 1 -0 0 1 -0 0 1 0 -1.43723e-16 1 4.3598e-17 -1.46351e-16 1 3.34038e-17 0 0.999999 -0 -1.52121e-16 1 3.79907e-18 0 0.999999 -0 0 1 0 0 1 -0 0 1 0 0 1 0 0 1 0 0 1 0 0 1 -0 0 1 0 0 1 0 0 1 0 0 1 -0 -3.21259e-15 1 -1.50695e-15 0 0.999999 0 0 0.999999 0 0 1 0 0 1 -0 -1.34464e-16 1 7.18727e-17 -1.36339e-16 1 6.56572e-17 -9.6788e-17 1 1.15339e-16 -1.17281e-16 1 9.35284e-17 -1.15903e-16 1 9.51193e-17 0 1 0 0 1 -0 -9.56519e-17 1 1.16552e-16 -9.43068e-17 1 1.18257e-16 -1.35993e-16 1 6.97255e-17 0 0.999999 0 0 1 -0 0 1 0 0 1 0 0 1 -0 -6.01422e-14 1 8.62482e-14 0 1 -0 0 0.999999 0 0 1 -0 0 1 0 0 1 0 1.64307e-15 1 1.0909e-14 9.1883e-15 1 -6.89554e-16 3.24018e-15 1 8.90625e-15 0 1 -0 1.108e-14 1 1.3869e-15 0 0.999999 -0 0 0.999999 0 5.98543e-15 1 9.79865e-15 9.61208e-15 1 3.22758e-15 0 1 0 0 1 -0 0 0.999999 0 0 0.999999 -0 2.65764e-14 0.999999 2.86548e-14 2.73068e-14 0.999999 1.96425e-14 1.41405e-14 1 -4.27516e-16 1.67988e-14 1 -2.10651e-14 0 0.999999 0 0 0.999999 0</float_array>
   <technique_common><accessor source="#na" count="3040" stride="3">
    <param name="X" type="float"/><param name="Y" type="float"/><param name="Z" type="float"/>
   </accessor></technique_common></source>
  <vertices id="v"><input semantic="POSITION" source="#p"/></vertices>
  <triangles material="m" count="3040">
   <input semantic="VERTEX" source="#v" offset="0"/><input semantic="NORMAL" source="#n" offset="1"/>
   <p>701 0 734 0 730 0 701 1 703 1 734 1 669 2 671 2 703 2 669 3 703 3 701 3 637 4 639 4 671 4 637 5 671 5 669 5 609 6 611 6 639 6 609 7 639 7 637 7 573 8 575 8 611 8 573 9 611 9 609 9 553 10 555 10 575 10 553 11 575 11 573 11 533 12 535 12 555 12 533 13 555 13 553 13 523 14 524 14 535 14 523 15 535 15 533 15 532 16 524 16 523 16 532 17 534 17 524 17 552 18 534 18 532 18 552 19 554 19 534 19 572 20 554 20 552 20 572 21 574 21 554 21 608 22 574 22 572 22 608 23 610 23 574 23 636 24 610 24 608 24 636 25 638 25 610 25 668 26 638 26 636 26 668 27 670 27 638 27 700 28 670 28 668 28 700 29 702 29 670 29 729 30 702 30 700 30 729 31 733 31 702 31 756 32 733 32 729 32 756 33 758 33 733 33 788 34 758 34 756 34 788 35 790 35 758 35 820 36 790 36 788 36 820 37 822 37 790 37 848 38 822 38 820 38 848 39 850 39 822 39 884 40 886 40 850 40 884 41 850 41 848 41 904 42 906 42 886 42 904 43 886 43 884 43 924 44 926 44 906 44 924 45 906 45 904 45 933 46 934 46 926 46 933 47 926 47 924 47 925 48 927 48 934 48 925 49 934 49 933 49 905 50 907 50 927 50 905 51 927 51 925 51 885 52 887 52 907 52 885 53 907 53 905 53 849 54 851 54 887 54 849 55 887 55 885 55 821 56 823 56 851 56 821 57 851 57 849 57 789 58 791 58 823 58 789 59 823 59 821 59 757 60 759 60 791 60 757 61 791 61 789 61 730 62 759 62 757 62 730 63 734 63 759 63 679 64 731 64 735 64 679 65 735 65 681 65 599 66 681 66 601 66 599 67 679 67 681 67 509 68 601 68 511 68 509 69 599 69 601 69 481 70 511 70 483 70 481 71 509 71 511 71 445 72 483 72 447 72 445 73 481 73 483 73 433 74 447 74 435 74 433 75 445 75 447 75 409 76 435 76 411 76 409 77 433 77 435 77 394 78 409 78 411 78 394 79 411 79 395 79 408 80 394 80 395 80 408 81 395 81 410 81 432 82 408 82 410 82 432 83 410 83 434 83 444 84 432 84 434 84 444 85 434 85 446 85 480 86 444 86 446 86 480 87 446 87 482 87 508 88 480 88 482 88 508 89 482 89 510 89 598 90 508 90 510 90 598 91 510 91 600 91 678 92 598 92 600 92 678 93 600 93 680 93 728 94 678 94 680 94 728 95 732 95 780 95 728 96 680 96 732 96 778 97 728 97 780 97 858 98 778 98 780 98 858 99 780 99 860 99 948 100 860 100 950 100 948 101 858 101 860 101 976 102 950 102 978 102 976 103 948 103 950 103 1012 104 978 104 1014 104 1012 105 976 105 978 105 1024 106 1014 106 1026 106 1024 107 1012 107 1014 107 1048 108 1050 108 1063 108 1048 109 1026 109 1050 109 1048 110 1024 110 1026 110 1062 111 1048 111 1063 111 1049 112 1051 112 1027 112 1049 113 1063 113 1051 113 1049 114 1062 114 1063 114 1025 115 1049 115 1027 115 1013 116 1027 116 1015 116 1013 117 1025 117 1027 117 977 118 979 118 951 118 977 119 1015 119 979 119 977 120 1013 120 1015 120 949 121 977 121 951 121 859 122 861 122 781 122 859 123 951 123 861 123 859 124 949 124 951 124 779 125 859 125 781 125 731 126 781 126 735 126 731 127 779 127 781 127 884 128 976 128 1012 128 884 129 848 129 976 129 820 130 948 130 976 130 820 131 858 131 948 131 820 132 976 132 848 132 904 133 1012 133 1024 133 904 134 884 134 1012 134 788 135 858 135 820 135 924 136 1024 136 1048 136 924 137 904 137 1024 137 756 138 778 138 858 138 756 139 858 139 788 139 933 140 1048 140 1062 140 933 141 924 141 1048 141 729 142 728 142 778 142 729 143 678 143 728 143 729 144 778 144 756 144 925 145 933 145 1062 145 925 146 1062 146 1049 146 700 147 678 147 729 147 905 148 1049 148 1025 148 905 149 925 149 1049 149 668 150 678 150 700 150 668 151 598 151 678 151 885 152 1025 152 1013 152 885 153 905 153 1025 153 636 154 598 154 668 154 636 155 508 155 598 155 849 156 1013 156 977 156 849 157 885 157 1013 157 480 158 508 158 636 158 480 159 636 159 608 159 949 160 849 160 977 160 949 161 821 161 849 161 444 162 480 162 608 162 444 163 608 163 572 163 552 164 444 164 572 164 859 165 789 165 821 165 859 166 821 166 949 166 432 167 444 167 552 167 779 168 757 168 789 168 779 169 789 169 859 169 408 170 432 170 552 170 408 171 552 171 532 171 731 172 730 172 757 172 731 173 701 173 730 173 731 174 757 174 779 174 394 175 532 175 523 175 394 176 523 176 533 176 394 177 408 177 532 177 679 178 669 178 701 178 679 179 701 179 731 179 409 180 394 180 533 180 599 181 669 181 679 181 433 182 533 182 553 182 433 183 553 183 573 183 433 184 409 184 533 184 509 185 637 185 669 185 509 186 669 186 599 186 445 187 573 187 609 187 445 188 433 188 573 188 481 189 609 189 637 189 481 190 637 190 509 190 481 191 445 191 609 191 850 192 1014 192 978 192 822 193 978 193 950 193 822 194 850 194 978 194 886 195 1026 195 1014 195 886 196 1014 196 850 196 790 197 950 197 860 197 790 198 822 198 950 198 906 199 1050 199 1026 199 906 200 1026 200 886 200 758 201 860 201 780 201 758 202 790 202 860 202 926 203 1063 203 1050 203 926 204 1050 204 906 204 733 205 780 205 732 205 733 206 758 206 780 206 934 207 1051 207 1063 207 934 208 1063 208 926 208 702 209 732 209 680 209 702 210 733 210 732 210 927 211 1027 211 1051 211 927 212 1051 212 934 212 670 213 702 213 680 213 670 214 680 214 600 214 907 215 1027 215 927 215 1015 216 1027 216 907 216 638 217 670 217 600 217 638 218 600 218 510 218 887 219 1015 219 907 219 610 220 638 220 510 220 979 221 1015 221 887 221 851 222 979 222 887 222 482 223 610 223 510 223 574 224 610 224 482 224 951 225 979 225 851 225 951 226 851 226 823 226 446 227 574 227 482 227 554 228 574 228 446 228 861 229 951 229 823 229 861 230 823 230 791 230 434 231 534 231 554 231 434 232 554 232 446 232 781 233 861 233 791 233 781 234 791 234 759 234 410 235 534 235 434 235 410 236 524 236 534 236 735 237 734 237 703 237 735 238 759 238 734 238 735 239 781 239 759 239 395 240 535 240 524 240 395 241 524 241 410 241 681 242 735 242 703 242 411 243 555 243 535 243 411 244 535 244 395 244 601 245 703 245 671 245 601 246 671 246 639 246 601 247 681 247 703 247 435 248 575 248 555 248 435 249 555 249 411 249 511 250 601 250 639 250 447 251 575 251 435 251 483 252 639 252 611 252 483 253 611 253 575 253 483 254 575 254 447 254 483 255 511 255 639 255 697 256 726 256 722 256 697 257 699 257 726 257 665 258 667 258 699 258 665 259 699 259 697 259 633 260 635 260 667 260 633 261 667 261 665 261 605 262 607 262 635 262 605 263 635 263 633 263 569 264 571 264 607 264 569 265 607 265 605 265 549 266 551 266 571 266 549 267 571 267 569 267 529 268 531 268 551 268 529 269 551 269 549 269 521 270 522 270 531 270 521 271 531 271 529 271 528 272 522 272 521 272 528 273 530 273 522 273 548 274 530 274 528 274 548 275 550 275 530 275 568 276 550 276 548 276 568 277 570 277 550 277 604 278 570 278 568 278 604 279 606 279 570 279 632 280 606 280 604 280 632 281 634 281 606 281 664 282 634 282 632 282 664 283 666 283 634 283 696 284 666 284 664 284 696 285 698 285 666 285 721 286 698 286 696 286 721 287 725 287 698 287 752 288 725 288 721 288 752 289 754 289 725 289 784 290 754 290 752 290 784 291 786 291 754 291 816 292 786 292 784 292 816 293 818 293 786 293 844 294 818 294 816 294 844 295 846 295 818 295 880 296 882 296 846 296 880 297 846 297 844 297 900 298 902 298 882 298 900 299 882 299 880 299 920 300 922 300 902 300 920 301 902 301 900 301 931 302 932 302 922 302 931 303 922 303 920 303 921 304 923 304 932 304 921 305 932 305 931 305 901 306 903 306 923 306 901 307 923 307 921 307 881 308 883 308 903 308 881 309 903 309 901 309 845 310 847 310 883 310 845 311 883 311 881 311 817 312 819 312 847 312 817 313 847 313 845 313 785 314 787 314 819 314 785 315 819 315 817 315 753 316 755 316 787 316 753 317 787 317 785 317 722 318 755 318 753 318 722 319 726 319 755 319 675 320 723 320 727 320 675 321 727 321 677 321 595 322 677 322 597 322 595 323 675 323 677 323 505 324 597 324 507 324 505 325 595 325 597 325 477 326 507 326 479 326 477 327 505 327 507 327 441 328 479 328 443 328 441 329 477 329 479 329 429 330 443 330 431 330 429 331 441 331 443 331 405 332 431 332 407 332 405 333 429 333 431 333 392 334 405 334 407 334 392 335 407 335 393 335 404 336 392 336 393 336 404 337 393 337 406 337 428 338 404 338 406 338 428 339 406 339 430 339 440 340 428 340 430 340 440 341 430 341 442 341 476 342 440 342 442 342 476 343 442 343 478 343 504 344 476 344 478 344 504 345 478 345 506 345 594 346 504 346 506 346 594 347 506 347 596 347 674 348 594 348 596 348 674 349 596 349 676 349 720 350 674 350 676 350 720 351 724 351 776 351 720 352 676 352 724 352 774 353 720 353 776 353 854 354 774 354 776 354 854 355 776 355 856 355 944 356 856 356 946 356 944 357 854 357 856 357 972 358 946 358 974 358 972 359 944 359 946 359 1008 360 974 360 1010 360 1008 361 972 361 974 361 1020 362 1010 362 1022 362 1020 363 1008 363 1010 363 1044 364 1046 364 1061 364 1044 365 1022 365 1046 365 1044 366 1020 366 1022 366 1060 367 1044 367 1061 367 1045 368 1047 368 1023 368 1045 369 1061 369 1047 369 1045 370 1060 370 1061 370 1021 371 1045 371 1023 371 1009 372 1023 372 1011 372 1009 373 1021 373 1023 373 973 374 975 374 947 374 973 375 1011 375 975 375 973 376 1009 376 1011 376 945 377 973 377 947 377 855 378 857 378 777 378 855 379 947 379 857 379 855 380 945 380 947 380 775 381 855 381 777 381 723 382 777 382 727 382 723 383 775 383 777 383 880 384 972 384 1008 384 880 385 844 385 972 385 816 386 944 386 972 386 816 387 854 387 944 387 816 388 972 388 844 388 900 389 1008 389 1020 389 900 390 880 390 1008 390 784 391 854 391 816 391 920 392 1020 392 1044 392 920 393 900 393 1020 393 752 394 774 394 854 394 752 395 854 395 784 395 931 396 1044 396 1060 396 931 397 920 397 1044 397 721 398 720 398 774 398 721 399 674 399 720 399 721 400 774 400 752 400 921 401 931 401 1060 401 921 402 1060 402 1045 402 696 403 674 403 721 403 901 404 1045 404 1021 404 901 405 921 405 1045 405 664 406 674 406 696 406 664 407 594 407 674 407 881 408 1021 408 1009 408 881 409 901 409 1021 409 632 410 594 410 664 410 632 411 504 411 594 411 845 412 1009 412 973 412 845 413 881 413 1009 413 476 414 504 414 632 414 476 415 632 415 604 415 945 416 845 416 973 416 945 417 817 417 845 417 440 418 476 418 604 418 440 419 604 419 568 419 548 420 440 420 568 420 855 421 785 421 817 421 855 422 817 422 945 422 428 423 440 423 548 423 775 424 753 424 785 424 775 425 785 425 855 425 404 426 428 426 548 426 404 427 548 427 528 427 723 428 722 428 753 428 723 429 697 429 722 429 723 430 753 430 775 430 392 431 528 431 521 431 392 432 521 432 529 432 392 433 404 433 528 433 675 434 665 434 697 434 675 435 697 435 723 435 405 436 392 436 529 436 595 437 665 437 675 437 429 438 529 438 549 438 429 439 549 439 569 439 429 440 405 440 529 440 505 441 633 441 665 441 505 442 665 442 595 442 441 443 569 443 605 443 441 444 429 444 569 444 477 445 605 445 633 445 477 446 633 446 505 446 477 447 441 447 605 447 846 448 1010 448 974 448 818 449 974 449 946 449 818 450 846 450 974 450 882 451 1022 451 1010 451 882 452 1010 452 846 452 786 453 946 453 856 453 786 454 818 454 946 454 902 455 1046 455 1022 455 902 456 1022 456 882 456 754 457 856 457 776 457 754 458 786 458 856 458 922 459 1061 459 1046 459 922 460 1046 460 902 460 725 461 776 461 724 461 725 462 754 462 776 462 932 463 1047 463 1061 463 932 464 1061 464 922 464 698 465 724 465 676 465 698 466 725 466 724 466 923 467 1023 467 1047 467 923 468 1047 468 932 468 666 469 698 469 676 469 666 470 676 470 596 470 903 471 1023 471 923 471 1011 472 1023 472 903 472 634 473 666 473 596 473 634 474 596 474 506 474 883 475 1011 475 903 475 606 476 634 476 506 476 975 477 1011 477 883 477 847 478 975 478 883 478 478 479 606 479 506 479 570 480 606 480 478 480 947 481 975 481 847 481 947 482 847 482 819 482 442 483 570 483 478 483 550 484 570 484 442 484 857 485 947 485 819 485 857 486 819 486 787 486 430 487 530 487 550 487 430 488 550 488 442 488 777 489 857 489 787 489 777 490 787 490 755 490 406 491 530 491 430 491 406 492 522 492 530 492 727 493 726 493 699 493 727 494 755 494 726 494 727 495 777 495 755 495 393 496 531 496 522 496 393 497 522 497 406 497 677 498 727 498 699 498 407 499 551 499 531 499 407 500 531 500 393 500 597 501 699 501 667 501 597 502 667 502 635 502 597 503 677 503 699 503 431 504 571 504 551 504 431 505 551 505 407 505 507 506 597 506 635 506 443 507 571 507 431 507 479 508 635 508 607 508 479 509 607 509 571 509 479 510 571 510 443 510 479 511 507 511 635 511 993 512 999 512 998 512 993 513 995 513 999 513 985 514 987 514 995 514 985 515 963 515 987 515 985 516 995 516 993 516 961 517 963 517 985 517 941 518 943 518 963 518 941 519 963 519 961 519 875 520 877 520 943 520 875 521 833 521 877 521 875 522 943 522 941 522 831 523 833 523 875 523 771 524 773 524 833 524 771 525 833 525 831 525 739 526 741 526 773 526 739 527 773 527 771 527 687 528 741 528 739 528 687 529 689 529 741 529 627 530 689 530 687 530 627 531 629 531 689 531 627 532 585 532 629 532 583 533 585 533 627 533 517 534 585 534 583 534 517 535 519 535 585 535 497 536 519 536 517 536 497 537 499 537 519 537 497 538 475 538 499 538 473 539 475 539 497 539 465 540 475 540 473 540 465 541 467 541 475 541 465 542 459 542 467 542 458 543 459 543 465 543 458 544 466 544 459 544 464 545 466 545 458 545 472 546 466 546 464 546 472 547 474 547 466 547 496 548 474 548 472 548 496 549 498 549 474 549 516 550 498 550 496 550 516 551 518 551 498 551 582 552 584 552 518 552 582 553 518 553 516 553 582 554 628 554 584 554 626 555 628 555 582 555 686 556 688 556 628 556 686 557 628 557 626 557 736 558 740 558 688 558 736 559 688 559 686 559 770 560 772 560 740 560 770 561 832 561 772 561 770 562 740 562 736 562 830 563 876 563 832 563 830 564 832 564 770 564 874 565 942 565 876 565 874 566 876 566 830 566 940 567 942 567 874 567 960 568 962 568 942 568 960 569 942 569 940 569 984 570 986 570 962 570 984 571 994 571 986 571 984 572 962 572 960 572 992 573 994 573 984 573 998 574 999 574 994 574 998 575 994 575 992 575 852 576 940 576 874 576 888 577 960 577 940 577 888 578 940 578 852 578 824 579 874 579 830 579 824 580 852 580 874 580 908 581 984 581 960 581 908 582 960 582 888 582 792 583 830 583 770 583 792 584 824 584 830 584 928 585 992 585 984 585 928 586 984 586 908 586 760 587 770 587 736 587 760 588 792 588 770 588 935 589 998 589 992 589 935 590 992 590 928 590 737 591 736 591 686 591 737 592 760 592 736 592 929 593 993 593 998 593 929 594 998 594 935 594 704 595 686 595 626 595 704 596 737 596 686 596 909 597 985 597 993 597 909 598 993 598 929 598 672 599 704 599 626 599 582 600 672 600 626 600 889 601 961 601 985 601 889 602 985 602 909 602 640 603 672 603 582 603 516 604 640 604 582 604 941 605 961 605 889 605 941 606 889 606 853 606 612 607 640 607 516 607 825 608 941 608 853 608 496 609 576 609 612 609 496 610 612 610 516 610 875 611 941 611 825 611 793 612 875 612 825 612 472 613 576 613 496 613 472 614 556 614 576 614 831 615 875 615 793 615 831 616 793 616 761 616 464 617 556 617 472 617 464 618 536 618 556 618 771 619 761 619 738 619 771 620 831 620 761 620 458 621 536 621 464 621 458 622 525 622 536 622 739 623 738 623 705 623 739 624 771 624 738 624 465 625 537 625 525 625 465 626 525 626 458 626 687 627 705 627 673 627 687 628 739 628 705 628 473 629 557 629 537 629 473 630 537 630 465 630 627 631 673 631 641 631 627 632 687 632 673 632 497 633 577 633 557 633 497 634 557 634 473 634 583 635 627 635 641 635 517 636 613 636 577 636 517 637 641 637 613 637 517 638 577 638 497 638 517 639 583 639 641 639 525 640 535 640 524 640 537 641 555 641 535 641 537 642 535 642 525 642 557 643 575 643 555 643 557 644 555 644 537 644 577 645 611 645 575 645 577 646 575 646 557 646 613 647 639 647 611 647 613 648 611 648 577 648 641 649 671 649 639 649 641 650 639 650 613 650 673 651 703 651 671 651 673 652 671 652 641 652 705 653 734 653 703 653 705 654 703 654 673 654 738 655 759 655 734 655 738 656 734 656 705 656 761 657 759 657 738 657 761 658 791 658 759 658 793 659 791 659 761 659 793 660 823 660 791 660 825 661 823 661 793 661 825 662 851 662 823 662 853 663 887 663 851 663 853 664 851 664 825 664 889 665 887 665 853 665 909 666 907 666 887 666 909 667 887 667 889 667 929 668 907 668 909 668 929 669 934 669 927 669 929 670 927 670 907 670 935 671 926 671 934 671 935 672 934 672 929 672 928 673 906 673 926 673 928 674 926 674 935 674 908 675 886 675 906 675 908 676 906 676 928 676 888 677 850 677 886 677 888 678 886 678 908 678 852 679 822 679 850 679 852 680 850 680 888 680 824 681 822 681 852 681 792 682 758 682 790 682 792 683 790 683 822 683 792 684 822 684 824 684 760 685 758 685 792 685 737 686 733 686 758 686 737 687 758 687 760 687 704 688 702 688 733 688 704 689 733 689 737 689 672 690 638 690 670 690 672 691 670 691 702 691 672 692 702 692 704 692 640 693 638 693 672 693 612 694 610 694 638 694 612 695 638 695 640 695 576 696 554 696 574 696 576 697 574 697 610 697 576 698 610 698 612 698 556 699 534 699 554 699 556 700 554 700 576 700 536 701 524 701 534 701 536 702 534 702 556 702 525 703 524 703 536 703 1427 704 1409 704 1425 704 1411 705 1409 705 1427 705 1391 706 1389 706 1409 706 1391 707 1409 707 1411 707 1367 708 1365 708 1389 708 1367 709 1389 709 1391 709 1331 710 1329 710 1365 710 1331 711 1365 711 1367 711 1307 712 1305 712 1329 712 1307 713 1329 713 1331 713 1291 714 1277 714 1289 714 1291 715 1289 715 1305 715 1291 716 1305 716 1307 716 1279 717 1265 717 1277 717 1279 718 1277 718 1291 718 1267 719 1257 719 1265 719 1267 720 1265 720 1279 720 1259 721 1257 721 1267 721 1251 722 1261 722 1249 722 1251 723 1249 723 1257 723 1251 724 1257 724 1259 724 1263 725 1269 725 1261 725 1263 726 1261 726 1251 726 1271 727 1269 727 1263 727 1283 728 1281 728 1269 728 1283 729 1269 729 1271 729 1299 730 1313 730 1297 730 1299 731 1297 731 1281 731 1299 732 1281 732 1283 732 1315 733 1313 733 1299 733 1247 734 1245 734 1273 734 1275 735 1247 735 1273 735 1295 736 1273 736 1293 736 1295 737 1275 737 1273 737 1315 738 1293 738 1313 738 1315 739 1295 739 1293 739 1247 740 1237 740 1245 740 1239 741 1237 741 1247 741 1231 742 1229 742 1237 742 1231 743 1237 743 1239 743 1215 744 1213 744 1229 744 1215 745 1229 745 1231 745 1183 746 1173 746 1181 746 1183 747 1181 747 1213 747 1183 748 1213 748 1215 748 1175 749 1173 749 1183 749 1171 750 1169 750 1173 750 1171 751 1173 751 1175 751 1159 752 1149 752 1157 752 1159 753 1157 753 1169 753 1159 754 1169 754 1171 754 1151 755 1149 755 1159 755 1147 756 1145 756 1149 756 1147 757 1149 757 1151 757 1135 758 1125 758 1133 758 1135 759 1133 759 1145 759 1135 760 1145 760 1147 760 1127 761 1125 761 1135 761 1119 762 1117 762 1125 762 1119 763 1125 763 1127 763 1123 764 1129 764 1121 764 1123 765 1121 765 1117 765 1123 766 1117 766 1119 766 1131 767 1129 767 1123 767 1143 768 1141 768 1129 768 1143 769 1129 769 1131 769 1099 770 1089 770 1097 770 1099 771 1091 771 1089 771 1111 772 1097 772 1109 772 1111 773 1099 773 1097 773 1143 774 1109 774 1141 774 1143 775 1111 775 1109 775 1091 776 1081 776 1089 776 1083 777 1081 777 1091 777 1079 778 1077 778 1081 778 1079 779 1081 779 1083 779 1071 780 1069 780 1077 780 1071 781 1077 781 1079 781 1043 782 1017 782 1041 782 1043 783 1041 783 1069 783 1043 784 1069 784 1071 784 1019 785 1017 785 1043 785 1003 786 1001 786 1017 786 1003 787 1017 787 1019 787 971 788 969 788 1001 788 971 789 1001 789 1003 789 955 790 953 790 969 790 955 791 969 791 971 791 913 792 867 792 911 792 913 793 911 793 953 793 913 794 953 794 955 794 869 795 867 795 913 795 841 796 839 796 867 796 841 797 867 797 869 797 813 798 811 798 839 798 813 799 839 799 841 799 809 800 799 800 807 800 809 801 807 801 811 801 809 802 811 802 813 802 801 803 799 803 809 803 805 804 803 804 799 804 805 805 799 805 801 805 709 806 651 806 707 806 709 807 653 807 651 807 749 808 707 808 747 808 749 809 709 809 707 809 805 810 747 810 803 810 805 811 749 811 747 811 657 812 651 812 653 812 657 813 655 813 651 813 649 814 647 814 655 814 649 815 655 815 657 815 645 816 615 816 643 816 645 817 643 817 647 817 645 818 647 818 649 818 617 819 615 819 645 819 589 820 587 820 615 820 589 821 615 821 617 821 545 822 501 822 543 822 545 823 543 823 587 823 545 824 587 824 589 824 503 825 501 825 545 825 487 826 485 826 501 826 487 827 501 827 503 827 455 828 453 828 485 828 455 829 485 829 487 829 439 830 437 830 453 830 439 831 453 831 455 831 415 832 413 832 437 832 415 833 437 833 439 833 387 834 385 834 413 834 387 835 413 835 415 835 379 836 377 836 385 836 379 837 385 837 387 837 375 838 365 838 373 838 375 839 373 839 377 839 375 840 377 840 379 840 367 841 365 841 375 841 347 842 313 842 345 842 347 843 315 843 313 843 359 844 345 844 357 844 359 845 347 845 345 845 367 846 357 846 365 846 367 847 359 847 357 847 327 848 313 848 315 848 327 849 325 849 313 849 335 850 333 850 325 850 335 851 325 851 327 851 339 852 337 852 333 852 339 853 333 853 335 853 331 854 329 854 337 854 331 855 337 855 339 855 323 856 321 856 329 856 323 857 329 857 331 857 311 858 309 858 321 858 311 859 321 859 323 859 307 860 305 860 309 860 307 861 309 861 311 861 299 862 297 862 305 862 299 863 305 863 307 863 287 864 285 864 297 864 287 865 297 865 299 865 283 866 281 866 285 866 283 867 285 867 287 867 275 868 273 868 281 868 275 869 281 869 283 869 243 870 241 870 273 870 243 871 273 871 275 871 227 872 225 872 241 872 227 873 241 873 243 873 219 874 217 874 225 874 219 875 225 875 227 875 211 876 209 876 217 876 211 877 217 877 219 877 163 878 141 878 161 878 163 879 143 879 141 879 183 880 161 880 181 880 183 881 163 881 161 881 211 882 181 882 209 882 211 883 183 883 181 883 159 884 141 884 143 884 159 885 157 885 141 885 175 886 173 886 157 886 175 887 157 887 159 887 187 888 185 888 173 888 187 889 173 889 175 889 195 890 193 890 185 890 195 891 185 891 187 891 207 892 205 892 193 892 207 893 193 893 195 893 199 894 197 894 205 894 199 895 205 895 207 895 191 896 189 896 197 896 191 897 197 897 199 897 179 898 177 898 189 898 179 899 189 899 191 899 167 900 165 900 177 900 167 901 177 901 179 901 151 902 149 902 165 902 151 903 165 903 167 903 127 904 89 904 125 904 127 905 125 905 149 905 127 906 149 906 151 906 91 907 89 907 127 907 67 908 65 908 89 908 67 909 89 909 91 909 47 910 45 910 65 910 47 911 65 911 67 911 31 912 29 912 45 912 31 913 45 913 47 913 15 914 9 914 13 914 15 915 11 915 9 915 19 916 13 916 17 916 19 917 17 917 29 917 19 918 15 918 13 918 31 919 19 919 29 919 27 920 9 920 11 920 27 921 25 921 9 921 39 922 37 922 25 922 39 923 25 923 27 923 59 924 73 924 57 924 59 925 57 925 37 925 59 926 37 926 39 926 75 927 85 927 73 927 75 928 73 928 59 928 87 929 85 929 75 929 107 930 105 930 85 930 107 931 85 931 87 931 111 932 108 932 109 932 111 933 109 933 105 933 111 934 105 934 107 934 110 935 108 935 111 935 106 936 84 936 104 936 106 937 104 937 108 937 106 938 108 938 110 938 86 939 84 939 106 939 74 940 56 940 72 940 74 941 72 941 84 941 74 942 84 942 86 942 58 943 56 943 74 943 38 944 24 944 36 944 38 945 36 945 56 945 38 946 56 946 58 946 26 947 24 947 38 947 10 948 8 948 24 948 10 949 24 949 26 949 18 950 28 950 16 950 18 951 30 951 28 951 14 952 16 952 12 952 14 953 18 953 16 953 10 954 12 954 8 954 10 955 14 955 12 955 46 956 28 956 30 956 46 957 44 957 28 957 66 958 88 958 64 958 66 959 64 959 44 959 66 960 44 960 46 960 90 961 88 961 66 961 126 962 124 962 88 962 126 963 88 963 90 963 150 964 164 964 148 964 150 965 148 965 124 965 150 966 124 966 126 966 166 967 164 967 150 967 178 968 188 968 176 968 178 969 176 969 164 969 178 970 164 970 166 970 190 971 188 971 178 971 198 972 196 972 188 972 198 973 188 973 190 973 206 974 204 974 196 974 206 975 196 975 198 975 194 976 192 976 204 976 194 977 204 977 206 977 186 978 184 978 192 978 186 979 192 979 194 979 174 980 156 980 172 980 174 981 172 981 184 981 174 982 184 982 186 982 158 983 156 983 174 983 142 984 140 984 156 984 142 985 156 985 158 985 182 986 208 986 180 986 182 987 210 987 208 987 162 988 180 988 160 988 162 989 182 989 180 989 142 990 160 990 140 990 142 991 162 991 160 991 218 992 208 992 210 992 218 993 216 993 208 993 226 994 240 994 224 994 226 995 224 995 216 995 226 996 216 996 218 996 242 997 240 997 226 997 274 998 272 998 240 998 274 999 240 999 242 999 282 1000 280 1000 272 1000 282 1001 272 1001 274 1001 286 1002 296 1002 284 1002 286 1003 284 1003 280 1003 286 1004 280 1004 282 1004 298 1005 296 1005 286 1005 306 1006 304 1006 296 1006 306 1007 296 1007 298 1007 310 1008 308 1008 304 1008 310 1009 304 1009 306 1009 322 1010 320 1010 308 1010 322 1011 308 1011 310 1011 330 1012 336 1012 328 1012 330 1013 328 1013 320 1013 330 1014 320 1014 322 1014 338 1015 336 1015 330 1015 334 1016 324 1016 332 1016 334 1017 332 1017 336 1017 334 1018 336 1018 338 1018 326 1019 312 1019 324 1019 326 1020 324 1020 334 1020 314 1021 312 1021 326 1021 366 1022 364 1022 356 1022 358 1023 366 1023 356 1023 346 1024 356 1024 344 1024 346 1025 358 1025 356 1025 314 1026 344 1026 312 1026 314 1027 346 1027 344 1027 366 1028 372 1028 364 1028 374 1029 372 1029 366 1029 378 1030 376 1030 372 1030 378 1031 372 1031 374 1031 386 1032 384 1032 376 1032 386 1033 376 1033 378 1033 414 1034 412 1034 384 1034 414 1035 384 1035 386 1035 438 1036 452 1036 436 1036 438 1037 436 1037 412 1037 438 1038 412 1038 414 1038 454 1039 484 1039 452 1039 454 1040 452 1040 438 1040 486 1041 500 1041 484 1041 486 1042 484 1042 454 1042 502 1043 500 1043 486 1043 544 1044 586 1044 542 1044 544 1045 542 1045 500 1045 544 1046 500 1046 502 1046 588 1047 614 1047 586 1047 588 1048 586 1048 544 1048 616 1049 614 1049 588 1049 644 1050 646 1050 642 1050 644 1051 642 1051 614 1051 644 1052 614 1052 616 1052 648 1053 646 1053 644 1053 656 1054 654 1054 646 1054 656 1055 646 1055 648 1055 652 1056 650 1056 654 1056 652 1057 654 1057 656 1057 748 1058 802 1058 746 1058 748 1059 804 1059 802 1059 708 1060 746 1060 706 1060 708 1061 748 1061 746 1061 652 1062 706 1062 650 1062 652 1063 708 1063 706 1063 804 1064 798 1064 802 1064 800 1065 806 1065 798 1065 800 1066 798 1066 804 1066 808 1067 810 1067 806 1067 808 1068 806 1068 800 1068 812 1069 810 1069 808 1069 840 1070 866 1070 838 1070 840 1071 838 1071 810 1071 840 1072 810 1072 812 1072 868 1073 910 1073 866 1073 868 1074 866 1074 840 1074 912 1075 910 1075 868 1075 954 1076 952 1076 910 1076 954 1077 910 1077 912 1077 970 1078 968 1078 952 1078 970 1079 952 1079 954 1079 1002 1080 1000 1080 968 1080 1002 1081 968 1081 970 1081 1018 1082 1016 1082 1000 1082 1018 1083 1000 1083 1002 1083 1042 1084 1040 1084 1016 1084 1042 1085 1016 1085 1018 1085 1070 1086 1076 1086 1068 1086 1070 1087 1068 1087 1040 1087 1070 1088 1040 1088 1042 1088 1078 1089 1076 1089 1070 1089 1082 1090 1080 1090 1076 1090 1082 1091 1076 1091 1078 1091 1090 1092 1088 1092 1080 1092 1090 1093 1080 1093 1082 1093 1110 1094 1140 1094 1108 1094 1110 1095 1142 1095 1140 1095 1098 1096 1108 1096 1096 1096 1098 1097 1110 1097 1108 1097 1090 1098 1096 1098 1088 1098 1090 1099 1098 1099 1096 1099 1130 1100 1140 1100 1142 1100 1130 1101 1120 1101 1128 1101 1130 1102 1128 1102 1140 1102 1122 1103 1120 1103 1130 1103 1118 1104 1124 1104 1116 1104 1118 1105 1116 1105 1120 1105 1118 1106 1120 1106 1122 1106 1126 1107 1124 1107 1118 1107 1134 1108 1144 1108 1132 1108 1134 1109 1132 1109 1124 1109 1134 1110 1124 1110 1126 1110 1146 1111 1148 1111 1144 1111 1146 1112 1144 1112 1134 1112 1150 1113 1148 1113 1146 1113 1158 1114 1156 1114 1148 1114 1158 1115 1148 1115 1150 1115 1170 1116 1168 1116 1156 1116 1170 1117 1156 1117 1158 1117 1174 1118 1172 1118 1168 1118 1174 1119 1168 1119 1170 1119 1182 1120 1180 1120 1172 1120 1182 1121 1172 1121 1174 1121 1214 1122 1212 1122 1180 1122 1214 1123 1180 1123 1182 1123 1230 1124 1228 1124 1212 1124 1230 1125 1212 1125 1214 1125 1238 1126 1244 1126 1236 1126 1238 1127 1236 1127 1228 1127 1238 1128 1228 1128 1230 1128 1246 1129 1244 1129 1238 1129 1294 1130 1312 1130 1292 1130 1294 1131 1314 1131 1312 1131 1274 1132 1292 1132 1272 1132 1274 1133 1294 1133 1292 1133 1246 1134 1272 1134 1244 1134 1246 1135 1274 1135 1272 1135 1298 1136 1312 1136 1314 1136 1298 1137 1280 1137 1296 1137 1298 1138 1296 1138 1312 1138 1282 1139 1280 1139 1298 1139 1270 1140 1268 1140 1280 1140 1270 1141 1280 1141 1282 1141 1262 1142 1260 1142 1268 1142 1262 1143 1268 1143 1270 1143 1250 1144 1256 1144 1248 1144 1250 1145 1248 1145 1260 1145 1250 1146 1260 1146 1262 1146 1258 1147 1256 1147 1250 1147 1266 1148 1264 1148 1256 1148 1266 1149 1256 1149 1258 1149 1278 1150 1288 1150 1276 1150 1278 1151 1276 1151 1264 1151 1278 1152 1264 1152 1266 1152 1290 1153 1288 1153 1278 1153 1306 1154 1328 1154 1304 1154 1306 1155 1304 1155 1288 1155 1306 1156 1288 1156 1290 1156 1330 1157 1328 1157 1306 1157 1366 1158 1364 1158 1328 1158 1366 1159 1328 1159 1330 1159 1390 1160 1388 1160 1364 1160 1390 1161 1364 1161 1366 1161 1410 1162 1408 1162 1388 1162 1410 1163 1388 1163 1390 1163 1426 1164 1424 1164 1408 1164 1426 1165 1408 1165 1410 1165 1442 1166 1444 1166 1440 1166 1442 1167 1446 1167 1444 1167 1438 1168 1440 1168 1436 1168 1438 1169 1442 1169 1440 1169 1426 1170 1436 1170 1424 1170 1426 1171 1438 1171 1436 1171 1430 1172 1444 1172 1446 1172 1430 1173 1416 1173 1428 1173 1430 1174 1428 1174 1444 1174 1418 1175 1416 1175 1430 1175 1398 1176 1380 1176 1396 1176 1398 1177 1396 1177 1416 1177 1398 1178 1416 1178 1418 1178 1382 1179 1380 1179 1398 1179 1370 1180 1368 1180 1380 1180 1370 1181 1380 1181 1382 1181 1350 1182 1348 1182 1368 1182 1350 1183 1368 1183 1370 1183 1346 1184 1344 1184 1348 1184 1346 1185 1348 1185 1350 1185 1347 1186 1349 1186 1345 1186 1347 1187 1345 1187 1344 1187 1347 1188 1344 1188 1346 1188 1351 1189 1369 1189 1349 1189 1351 1190 1349 1190 1347 1190 1371 1191 1369 1191 1351 1191 1383 1192 1381 1192 1369 1192 1383 1193 1369 1193 1371 1193 1399 1194 1417 1194 1397 1194 1399 1195 1397 1195 1381 1195 1399 1196 1381 1196 1383 1196 1419 1197 1417 1197 1399 1197 1431 1198 1429 1198 1417 1198 1431 1199 1417 1199 1419 1199 1447 1200 1445 1200 1429 1200 1447 1201 1429 1201 1431 1201 1439 1202 1425 1202 1437 1202 1439 1203 1427 1203 1425 1203 1443 1204 1437 1204 1441 1204 1443 1205 1441 1205 1445 1205 1443 1206 1439 1206 1437 1206 1447 1207 1443 1207 1445 1207 1238 1208 1274 1208 1246 1208 1298 1209 1314 1209 1294 1209 1230 1210 1274 1210 1238 1210 1130 1211 1142 1211 1110 1211 1282 1212 1294 1212 1274 1212 1282 1213 1274 1213 1230 1213 1282 1214 1298 1214 1294 1214 1122 1215 1130 1215 1110 1215 1270 1216 1230 1216 1214 1216 1270 1217 1282 1217 1230 1217 1082 1218 1098 1218 1090 1218 1262 1219 1270 1219 1214 1219 1262 1220 1214 1220 1182 1220 1078 1221 1122 1221 1110 1221 1078 1222 1098 1222 1082 1222 1078 1223 1118 1223 1122 1223 1078 1224 1110 1224 1098 1224 1410 1225 1438 1225 1426 1225 1250 1226 1262 1226 1182 1226 1250 1227 1182 1227 1174 1227 1390 1228 1438 1228 1410 1228 1442 1229 1438 1229 1390 1229 1070 1230 1118 1230 1078 1230 1070 1231 1126 1231 1118 1231 1258 1232 1174 1232 1170 1232 1258 1233 1250 1233 1174 1233 1042 1234 1126 1234 1070 1234 1430 1235 1446 1235 1442 1235 1018 1236 1126 1236 1042 1236 1018 1237 1146 1237 1134 1237 1018 1238 1134 1238 1126 1238 1418 1239 1442 1239 1390 1239 1418 1240 1430 1240 1442 1240 1002 1241 1146 1241 1018 1241 748 1242 800 1242 804 1242 1398 1243 1390 1243 1366 1243 1398 1244 1418 1244 1390 1244 808 1245 800 1245 748 1245 1382 1246 1366 1246 1330 1246 1382 1247 1398 1247 1366 1247 708 1248 808 1248 748 1248 1370 1249 1330 1249 1306 1249 1370 1250 1382 1250 1330 1250 1350 1251 1306 1251 1290 1251 1350 1252 1370 1252 1306 1252 656 1253 708 1253 652 1253 648 1254 708 1254 656 1254 648 1255 808 1255 708 1255 644 1256 812 1256 808 1256 644 1257 808 1257 648 1257 1443 1258 1447 1258 1431 1258 1443 1259 1431 1259 1419 1259 616 1260 812 1260 644 1260 616 1261 840 1261 812 1261 588 1262 840 1262 616 1262 588 1263 912 1263 868 1263 588 1264 868 1264 840 1264 544 1265 912 1265 588 1265 1411 1266 1427 1266 1439 1266 1391 1267 1439 1267 1443 1267 1391 1268 1411 1268 1439 1268 1391 1269 1443 1269 1419 1269 1367 1270 1419 1270 1399 1270 1367 1271 1399 1271 1383 1271 1367 1272 1391 1272 1419 1272 1331 1273 1383 1273 1371 1273 1331 1274 1367 1274 1383 1274 1307 1275 1371 1275 1351 1275 1307 1276 1331 1276 1371 1276 358 1277 378 1277 374 1277 358 1278 374 1278 366 1278 1291 1279 1307 1279 1351 1279 326 1280 346 1280 314 1280 334 1281 378 1281 358 1281 334 1282 346 1282 326 1282 334 1283 358 1283 346 1283 942 1284 1170 1284 1158 1284 962 1285 1266 1285 1258 1285 962 1286 1170 1286 942 1286 962 1287 1258 1287 1170 1287 876 1288 942 1288 1158 1288 876 1289 1158 1289 1150 1289 876 1290 1150 1290 1146 1290 338 1291 378 1291 334 1291 338 1292 414 1292 386 1292 338 1293 386 1293 378 1293 832 1294 1002 1294 970 1294 832 1295 1146 1295 1002 1295 832 1296 876 1296 1146 1296 986 1297 1278 1297 1266 1297 986 1298 1266 1298 962 1298 330 1299 438 1299 414 1299 330 1300 414 1300 338 1300 772 1301 970 1301 954 1301 772 1302 832 1302 970 1302 994 1303 1350 1303 1290 1303 994 1304 1346 1304 1350 1304 994 1305 1290 1305 1278 1305 994 1306 1278 1306 986 1306 322 1307 438 1307 330 1307 740 1308 772 1308 954 1308 740 1309 912 1309 544 1309 740 1310 954 1310 912 1310 740 1311 544 1311 502 1311 999 1312 1347 1312 1346 1312 999 1313 1346 1313 994 1313 310 1314 438 1314 322 1314 310 1315 454 1315 438 1315 1295 1316 1315 1316 1299 1316 1295 1317 1299 1317 1283 1317 688 1318 740 1318 502 1318 688 1319 502 1319 486 1319 995 1320 1347 1320 999 1320 995 1321 1351 1321 1347 1321 995 1322 1279 1322 1291 1322 995 1323 1291 1323 1351 1323 628 1324 688 1324 486 1324 628 1325 454 1325 310 1325 628 1326 486 1326 454 1326 987 1327 1279 1327 995 1327 987 1328 1267 1328 1279 1328 584 1329 306 1329 298 1329 584 1330 628 1330 310 1330 584 1331 310 1331 306 1331 963 1332 1259 1332 1267 1332 963 1333 1267 1333 987 1333 1239 1334 1247 1334 1275 1334 1231 1335 1275 1335 1295 1335 1231 1336 1283 1336 1271 1336 1231 1337 1239 1337 1275 1337 1231 1338 1295 1338 1283 1338 1215 1339 1231 1339 1271 1339 518 1340 298 1340 286 1340 518 1341 584 1341 298 1341 1183 1342 1271 1342 1263 1342 1183 1343 1263 1343 1251 1343 1183 1344 1215 1344 1271 1344 1175 1345 1183 1345 1251 1345 498 1346 518 1346 286 1346 1171 1347 1259 1347 963 1347 1171 1348 1251 1348 1259 1348 1171 1349 963 1349 943 1349 1171 1350 1175 1350 1251 1350 1159 1351 1171 1351 943 1351 1159 1352 943 1352 877 1352 182 1353 226 1353 218 1353 182 1354 218 1354 210 1354 1151 1355 1159 1355 877 1355 1147 1356 877 1356 833 1356 1147 1357 1151 1357 877 1357 174 1358 162 1358 158 1358 174 1359 182 1359 162 1359 174 1360 226 1360 182 1360 142 1361 158 1361 162 1361 186 1362 242 1362 226 1362 186 1363 226 1363 174 1363 194 1364 282 1364 274 1364 194 1365 274 1365 242 1365 194 1366 242 1366 186 1366 206 1367 282 1367 194 1367 198 1368 286 1368 282 1368 198 1369 282 1369 206 1369 198 1370 498 1370 286 1370 190 1371 498 1371 198 1371 190 1372 474 1372 498 1372 178 1373 474 1373 190 1373 178 1374 466 1374 474 1374 1111 1375 1143 1375 1131 1375 1111 1376 1131 1376 1123 1376 166 1377 466 1377 178 1377 1099 1378 1111 1378 1123 1378 1079 1379 1099 1379 1123 1379 1071 1380 1123 1380 1119 1380 1071 1381 1079 1381 1123 1381 1083 1382 1099 1382 1079 1382 1043 1383 1119 1383 1127 1383 1043 1384 1127 1384 1135 1384 1043 1385 1071 1385 1119 1385 1091 1386 1099 1386 1083 1386 1019 1387 1043 1387 1135 1387 1019 1388 1135 1388 1147 1388 1003 1389 1147 1389 833 1389 1003 1390 1019 1390 1147 1390 971 1391 1003 1391 833 1391 971 1392 833 1392 773 1392 955 1393 773 1393 741 1393 955 1394 971 1394 773 1394 913 1395 955 1395 741 1395 18 1396 66 1396 46 1396 18 1397 46 1397 30 1397 58 1398 126 1398 90 1398 58 1399 74 1399 126 1399 86 1400 150 1400 126 1400 86 1401 126 1401 74 1401 38 1402 58 1402 90 1402 38 1403 90 1403 66 1403 38 1404 18 1404 14 1404 38 1405 66 1405 18 1405 106 1406 166 1406 150 1406 106 1407 466 1407 166 1407 106 1408 150 1408 86 1408 26 1409 38 1409 14 1409 110 1410 466 1410 106 1410 110 1411 459 1411 466 1411 10 1412 26 1412 14 1412 111 1413 459 1413 110 1413 111 1414 467 1414 459 1414 107 1415 467 1415 111 1415 749 1416 805 1416 801 1416 749 1417 801 1417 809 1417 589 1418 841 1418 869 1418 589 1419 869 1419 913 1419 617 1420 841 1420 589 1420 545 1421 913 1421 741 1421 545 1422 589 1422 913 1422 645 1423 813 1423 841 1423 645 1424 841 1424 617 1424 503 1425 545 1425 741 1425 503 1426 741 1426 689 1426 649 1427 809 1427 813 1427 649 1428 813 1428 645 1428 709 1429 749 1429 809 1429 709 1430 809 1430 649 1430 487 1431 503 1431 689 1431 487 1432 689 1432 629 1432 657 1433 709 1433 649 1433 455 1434 487 1434 629 1434 653 1435 709 1435 657 1435 167 1436 467 1436 107 1436 167 1437 107 1437 87 1437 151 1438 167 1438 87 1438 179 1439 467 1439 167 1439 179 1440 475 1440 467 1440 127 1441 151 1441 87 1441 127 1442 87 1442 75 1442 191 1443 499 1443 475 1443 191 1444 475 1444 179 1444 91 1445 75 1445 59 1445 91 1446 127 1446 75 1446 199 1447 499 1447 191 1447 15 1448 39 1448 27 1448 15 1449 27 1449 11 1449 67 1450 59 1450 39 1450 67 1451 91 1451 59 1451 311 1452 455 1452 629 1452 311 1453 585 1453 307 1453 311 1454 629 1454 585 1454 299 1455 307 1455 585 1455 299 1456 585 1456 519 1456 323 1457 439 1457 455 1457 323 1458 455 1458 311 1458 287 1459 499 1459 199 1459 287 1460 519 1460 499 1460 287 1461 299 1461 519 1461 19 1462 39 1462 15 1462 19 1463 47 1463 67 1463 19 1464 67 1464 39 1464 331 1465 415 1465 439 1465 331 1466 439 1466 323 1466 283 1467 199 1467 207 1467 283 1468 287 1468 199 1468 31 1469 47 1469 19 1469 339 1470 415 1470 331 1470 339 1471 379 1471 387 1471 339 1472 387 1472 415 1472 275 1473 207 1473 195 1473 275 1474 283 1474 207 1474 335 1475 379 1475 339 1475 243 1476 275 1476 195 1476 243 1477 195 1477 187 1477 359 1478 367 1478 375 1478 359 1479 375 1479 379 1479 227 1480 243 1480 187 1480 227 1481 187 1481 175 1481 347 1482 379 1482 335 1482 347 1483 335 1483 327 1483 347 1484 359 1484 379 1484 315 1485 347 1485 327 1485 163 1486 175 1486 159 1486 163 1487 159 1487 143 1487 183 1488 227 1488 175 1488 183 1489 175 1489 163 1489 183 1490 219 1490 227 1490 211 1491 219 1491 183 1491 1236 1492 1244 1492 1272 1492 1296 1493 1292 1493 1312 1493 1228 1494 1236 1494 1272 1494 1128 1495 1108 1495 1140 1495 1280 1496 1272 1496 1292 1496 1280 1497 1228 1497 1272 1497 1280 1498 1292 1498 1296 1498 1120 1499 1108 1499 1128 1499 1268 1500 1212 1500 1228 1500 1268 1501 1228 1501 1280 1501 1080 1502 1088 1502 1096 1502 1260 1503 1212 1503 1268 1503 1260 1504 1180 1504 1212 1504 1076 1505 1108 1505 1120 1505 1076 1506 1080 1506 1096 1506 1076 1507 1120 1507 1116 1507 1076 1508 1096 1508 1108 1508 1408 1509 1424 1509 1436 1509 1248 1510 1180 1510 1260 1510 1248 1511 1172 1511 1180 1511 1388 1512 1408 1512 1436 1512 1440 1513 1388 1513 1436 1513 1068 1514 1076 1514 1116 1514 1068 1515 1116 1515 1124 1515 1256 1516 1172 1516 1248 1516 1256 1517 1168 1517 1172 1517 1040 1518 1068 1518 1124 1518 1428 1519 1440 1519 1444 1519 1016 1520 1040 1520 1124 1520 1016 1521 1132 1521 1144 1521 1016 1522 1124 1522 1132 1522 1416 1523 1388 1523 1440 1523 1416 1524 1440 1524 1428 1524 1000 1525 1016 1525 1144 1525 746 1526 802 1526 798 1526 1396 1527 1364 1527 1388 1527 1396 1528 1388 1528 1416 1528 806 1529 746 1529 798 1529 1380 1530 1328 1530 1364 1530 1380 1531 1364 1531 1396 1531 1368 1532 1304 1532 1328 1532 1368 1533 1328 1533 1380 1533 1348 1534 1288 1534 1304 1534 1348 1535 1304 1535 1368 1535 654 1536 650 1536 706 1536 646 1537 654 1537 706 1537 646 1538 806 1538 810 1538 646 1539 706 1539 746 1539 646 1540 746 1540 806 1540 642 1541 646 1541 810 1541 1441 1542 1429 1542 1445 1542 1441 1543 1417 1543 1429 1543 614 1544 642 1544 810 1544 614 1545 838 1545 866 1545 614 1546 810 1546 838 1546 586 1547 614 1547 866 1547 1437 1548 1417 1548 1441 1548 542 1549 586 1549 866 1549 542 1550 866 1550 910 1550 1409 1551 1437 1551 1425 1551 1389 1552 1397 1552 1417 1552 1389 1553 1417 1553 1437 1553 1389 1554 1437 1554 1409 1554 1365 1555 1397 1555 1389 1555 1329 1556 1381 1556 1397 1556 1329 1557 1369 1557 1381 1557 1329 1558 1397 1558 1365 1558 1305 1559 1349 1559 1369 1559 1305 1560 1369 1560 1329 1560 356 1561 372 1561 376 1561 356 1562 364 1562 372 1562 1289 1563 1349 1563 1305 1563 344 1564 356 1564 376 1564 324 1565 312 1565 344 1565 332 1566 324 1566 344 1566 332 1567 344 1567 376 1567 336 1568 332 1568 376 1568 336 1569 376 1569 384 1569 328 1570 412 1570 436 1570 328 1571 384 1571 412 1571 328 1572 336 1572 384 1572 320 1573 328 1573 436 1573 850 1574 1156 1574 1168 1574 822 1575 1156 1575 850 1575 822 1576 1148 1576 1156 1576 886 1577 1256 1577 1264 1577 886 1578 1168 1578 1256 1578 886 1579 850 1579 1168 1579 790 1580 1000 1580 1144 1580 790 1581 1148 1581 822 1581 790 1582 1144 1582 1148 1582 790 1583 968 1583 1000 1583 906 1584 1264 1584 1276 1584 906 1585 886 1585 1264 1585 308 1586 320 1586 436 1586 308 1587 436 1587 452 1587 1293 1588 1297 1588 1313 1588 1293 1589 1281 1589 1297 1589 758 1590 968 1590 790 1590 758 1591 952 1591 968 1591 926 1592 1348 1592 1344 1592 926 1593 1276 1593 1288 1593 926 1594 1288 1594 1348 1594 926 1595 906 1595 1276 1595 733 1596 542 1596 910 1596 733 1597 910 1597 952 1597 733 1598 500 1598 542 1598 733 1599 952 1599 758 1599 934 1600 1344 1600 1345 1600 934 1601 926 1601 1344 1601 702 1602 500 1602 733 1602 702 1603 484 1603 500 1603 927 1604 1345 1604 1349 1604 927 1605 1289 1605 1277 1605 927 1606 1349 1606 1289 1606 927 1607 934 1607 1345 1607 670 1608 308 1608 452 1608 670 1609 484 1609 702 1609 670 1610 452 1610 484 1610 670 1611 304 1611 308 1611 907 1612 927 1612 1277 1612 907 1613 1277 1613 1265 1613 1237 1614 1273 1614 1245 1614 638 1615 304 1615 670 1615 638 1616 296 1616 304 1616 887 1617 907 1617 1265 1617 887 1618 1265 1618 1257 1618 1229 1619 1281 1619 1293 1619 1229 1620 1293 1620 1273 1620 1229 1621 1273 1621 1237 1621 1213 1622 1269 1622 1281 1622 1213 1623 1281 1623 1229 1623 610 1624 296 1624 638 1624 610 1625 284 1625 296 1625 1181 1626 1269 1626 1213 1626 1181 1627 1261 1627 1269 1627 1181 1628 1249 1628 1261 1628 1173 1629 1249 1629 1181 1629 574 1630 284 1630 610 1630 1169 1631 887 1631 1257 1631 1169 1632 1257 1632 1249 1632 1169 1633 851 1633 887 1633 1169 1634 1249 1634 1173 1634 1157 1635 823 1635 851 1635 1157 1636 851 1636 1169 1636 180 1637 216 1637 224 1637 180 1638 208 1638 216 1638 1149 1639 791 1639 823 1639 1149 1640 823 1640 1157 1640 1145 1641 791 1641 1149 1641 172 1642 160 1642 180 1642 172 1643 180 1643 224 1643 172 1644 156 1644 160 1644 140 1645 160 1645 156 1645 184 1646 240 1646 272 1646 184 1647 224 1647 240 1647 184 1648 172 1648 224 1648 192 1649 184 1649 272 1649 204 1650 272 1650 280 1650 204 1651 192 1651 272 1651 196 1652 204 1652 280 1652 196 1653 284 1653 574 1653 196 1654 280 1654 284 1654 188 1655 574 1655 554 1655 188 1656 196 1656 574 1656 176 1657 188 1657 554 1657 176 1658 554 1658 534 1658 1109 1659 1129 1659 1141 1659 1109 1660 1121 1660 1129 1660 164 1661 176 1661 534 1661 1097 1662 1121 1662 1109 1662 1077 1663 1117 1663 1121 1663 1077 1664 1121 1664 1097 1664 1069 1665 1117 1665 1077 1665 1081 1666 1077 1666 1097 1666 1041 1667 1125 1667 1117 1667 1041 1668 1117 1668 1069 1668 1089 1669 1081 1669 1097 1669 1017 1670 1125 1670 1041 1670 1017 1671 1133 1671 1125 1671 1017 1672 1145 1672 1133 1672 1001 1673 791 1673 1145 1673 1001 1674 1145 1674 1017 1674 969 1675 791 1675 1001 1675 969 1676 759 1676 791 1676 953 1677 759 1677 969 1677 953 1678 734 1678 759 1678 911 1679 734 1679 953 1679 16 1680 44 1680 64 1680 16 1681 28 1681 44 1681 72 1682 88 1682 124 1682 56 1683 88 1683 72 1683 84 1684 124 1684 148 1684 84 1685 72 1685 124 1685 36 1686 64 1686 88 1686 36 1687 12 1687 16 1687 36 1688 88 1688 56 1688 36 1689 16 1689 64 1689 104 1690 148 1690 164 1690 104 1691 164 1691 534 1691 104 1692 84 1692 148 1692 24 1693 12 1693 36 1693 108 1694 104 1694 534 1694 108 1695 534 1695 524 1695 8 1696 12 1696 24 1696 109 1697 108 1697 524 1697 109 1698 524 1698 535 1698 105 1699 109 1699 535 1699 747 1700 799 1700 803 1700 747 1701 807 1701 799 1701 615 1702 867 1702 839 1702 615 1703 587 1703 867 1703 543 1704 911 1704 867 1704 543 1705 867 1705 587 1705 543 1706 734 1706 911 1706 643 1707 839 1707 811 1707 643 1708 615 1708 839 1708 643 1709 811 1709 807 1709 501 1710 703 1710 734 1710 501 1711 734 1711 543 1711 647 1712 643 1712 807 1712 707 1713 807 1713 747 1713 707 1714 647 1714 807 1714 485 1715 671 1715 703 1715 485 1716 703 1716 501 1716 655 1717 647 1717 707 1717 453 1718 671 1718 485 1718 651 1719 655 1719 707 1719 165 1720 105 1720 535 1720 149 1721 105 1721 165 1721 149 1722 85 1722 105 1722 177 1723 165 1723 535 1723 177 1724 535 1724 555 1724 125 1725 73 1725 85 1725 125 1726 85 1726 149 1726 189 1727 177 1727 555 1727 189 1728 555 1728 575 1728 89 1729 57 1729 73 1729 89 1730 73 1730 125 1730 197 1731 189 1731 575 1731 13 1732 25 1732 37 1732 13 1733 9 1733 25 1733 65 1734 37 1734 57 1734 65 1735 57 1735 89 1735 305 1736 639 1736 671 1736 309 1737 671 1737 453 1737 309 1738 305 1738 671 1738 297 1739 639 1739 305 1739 297 1740 611 1740 639 1740 321 1741 453 1741 437 1741 321 1742 309 1742 453 1742 285 1743 575 1743 611 1743 285 1744 197 1744 575 1744 285 1745 611 1745 297 1745 17 1746 65 1746 45 1746 17 1747 37 1747 65 1747 17 1748 13 1748 37 1748 329 1749 437 1749 413 1749 329 1750 321 1750 437 1750 281 1751 205 1751 197 1751 281 1752 197 1752 285 1752 29 1753 17 1753 45 1753 337 1754 329 1754 413 1754 337 1755 385 1755 377 1755 337 1756 413 1756 385 1756 273 1757 193 1757 205 1757 273 1758 205 1758 281 1758 185 1759 193 1759 273 1759 333 1760 337 1760 377 1760 241 1761 185 1761 273 1761 357 1762 373 1762 365 1762 357 1763 377 1763 373 1763 225 1764 173 1764 185 1764 225 1765 185 1765 241 1765 345 1766 333 1766 377 1766 345 1767 377 1767 357 1767 345 1768 325 1768 333 1768 313 1769 325 1769 345 1769 161 1770 157 1770 173 1770 161 1771 141 1771 157 1771 181 1772 173 1772 225 1772 181 1773 161 1773 173 1773 181 1774 225 1774 217 1774 209 1775 181 1775 217 1775 769 1776 715 1776 719 1776 769 1777 767 1777 715 1777 829 1778 827 1778 767 1778 829 1779 871 1779 827 1779 829 1780 767 1780 769 1780 873 1781 871 1781 829 1781 939 1782 937 1782 871 1782 939 1783 871 1783 873 1783 959 1784 957 1784 937 1784 959 1785 981 1785 957 1785 959 1786 937 1786 939 1786 983 1787 981 1787 959 1787 991 1788 989 1788 981 1788 991 1789 981 1789 983 1789 997 1790 996 1790 989 1790 997 1791 989 1791 991 1791 990 1792 996 1792 997 1792 990 1793 988 1793 996 1793 982 1794 988 1794 990 1794 982 1795 980 1795 988 1795 982 1796 956 1796 980 1796 958 1797 956 1797 982 1797 938 1798 956 1798 958 1798 938 1799 936 1799 956 1799 872 1800 936 1800 938 1800 872 1801 870 1801 936 1801 872 1802 826 1802 870 1802 828 1803 826 1803 872 1803 768 1804 826 1804 828 1804 768 1805 766 1805 826 1805 768 1806 714 1806 766 1806 716 1807 714 1807 768 1807 716 1808 682 1808 714 1808 684 1809 682 1809 716 1809 624 1810 682 1810 684 1810 624 1811 622 1811 682 1811 580 1812 622 1812 624 1812 580 1813 578 1813 622 1813 514 1814 578 1814 580 1814 514 1815 512 1815 578 1815 494 1816 492 1816 512 1816 494 1817 512 1817 514 1817 494 1818 468 1818 492 1818 470 1819 468 1819 494 1819 462 1820 460 1820 468 1820 462 1821 468 1821 470 1821 457 1822 456 1822 460 1822 457 1823 460 1823 462 1823 463 1824 461 1824 456 1824 463 1825 469 1825 461 1825 463 1826 456 1826 457 1826 471 1827 493 1827 469 1827 471 1828 469 1828 463 1828 495 1829 513 1829 493 1829 495 1830 493 1830 471 1830 515 1831 513 1831 495 1831 581 1832 579 1832 513 1832 581 1833 513 1833 515 1833 625 1834 623 1834 579 1834 625 1835 683 1835 623 1835 625 1836 579 1836 581 1836 685 1837 683 1837 625 1837 719 1838 715 1838 683 1838 719 1839 683 1839 685 1839 603 1840 515 1840 495 1840 631 1841 581 1841 515 1841 631 1842 515 1842 603 1842 567 1843 495 1843 471 1843 567 1844 603 1844 495 1844 663 1845 625 1845 581 1845 663 1846 581 1846 631 1846 547 1847 471 1847 463 1847 547 1848 567 1848 471 1848 695 1849 685 1849 625 1849 695 1850 625 1850 663 1850 527 1851 463 1851 457 1851 527 1852 547 1852 463 1852 718 1853 719 1853 685 1853 718 1854 685 1854 695 1854 520 1855 457 1855 462 1855 520 1856 527 1856 457 1856 751 1857 769 1857 719 1857 751 1858 719 1858 718 1858 526 1859 462 1859 470 1859 526 1860 520 1860 462 1860 783 1861 829 1861 769 1861 783 1862 769 1862 751 1862 546 1863 526 1863 470 1863 494 1864 546 1864 470 1864 815 1865 873 1865 829 1865 815 1866 829 1866 783 1866 566 1867 546 1867 494 1867 514 1868 566 1868 494 1868 939 1869 873 1869 815 1869 939 1870 815 1870 843 1870 602 1871 566 1871 514 1871 879 1872 939 1872 843 1872 580 1873 630 1873 602 1873 580 1874 602 1874 514 1874 959 1875 939 1875 879 1875 899 1876 959 1876 879 1876 624 1877 630 1877 580 1877 624 1878 662 1878 630 1878 983 1879 959 1879 899 1879 983 1880 899 1880 919 1880 684 1881 662 1881 624 1881 684 1882 694 1882 662 1882 991 1883 919 1883 930 1883 991 1884 983 1884 919 1884 716 1885 694 1885 684 1885 716 1886 717 1886 694 1886 997 1887 930 1887 918 1887 997 1888 991 1888 930 1888 768 1889 750 1889 717 1889 768 1890 717 1890 716 1890 990 1891 918 1891 898 1891 990 1892 997 1892 918 1892 828 1893 782 1893 750 1893 828 1894 750 1894 768 1894 982 1895 898 1895 878 1895 982 1896 990 1896 898 1896 872 1897 814 1897 782 1897 872 1898 782 1898 828 1898 958 1899 982 1899 878 1899 938 1900 842 1900 814 1900 938 1901 878 1901 842 1901 938 1902 814 1902 872 1902 938 1903 958 1903 878 1903 717 1904 752 1904 721 1904 750 1905 784 1905 752 1905 750 1906 752 1906 717 1906 782 1907 816 1907 784 1907 782 1908 784 1908 750 1908 814 1909 844 1909 816 1909 814 1910 816 1910 782 1910 842 1911 880 1911 844 1911 842 1912 844 1912 814 1912 878 1913 900 1913 880 1913 878 1914 880 1914 842 1914 898 1915 920 1915 900 1915 898 1916 900 1916 878 1916 918 1917 931 1917 920 1917 918 1918 920 1918 898 1918 930 1919 921 1919 931 1919 930 1920 931 1920 918 1920 919 1921 921 1921 930 1921 919 1922 901 1922 921 1922 899 1923 901 1923 919 1923 899 1924 881 1924 901 1924 879 1925 881 1925 899 1925 879 1926 845 1926 881 1926 843 1927 817 1927 845 1927 843 1928 845 1928 879 1928 815 1929 817 1929 843 1929 783 1930 785 1930 817 1930 783 1931 817 1931 815 1931 751 1932 785 1932 783 1932 751 1933 722 1933 753 1933 751 1934 753 1934 785 1934 718 1935 697 1935 722 1935 718 1936 722 1936 751 1936 695 1937 665 1937 697 1937 695 1938 697 1938 718 1938 663 1939 633 1939 665 1939 663 1940 665 1940 695 1940 631 1941 605 1941 633 1941 631 1942 633 1942 663 1942 603 1943 569 1943 605 1943 603 1944 605 1944 631 1944 567 1945 569 1945 603 1945 547 1946 529 1946 549 1946 547 1947 549 1947 569 1947 547 1948 569 1948 567 1948 527 1949 529 1949 547 1949 520 1950 521 1950 529 1950 520 1951 529 1951 527 1951 526 1952 528 1952 521 1952 526 1953 521 1953 520 1953 546 1954 568 1954 548 1954 546 1955 548 1955 528 1955 546 1956 528 1956 526 1956 566 1957 568 1957 546 1957 602 1958 604 1958 568 1958 602 1959 568 1959 566 1959 630 1960 664 1960 632 1960 630 1961 632 1961 604 1961 630 1962 604 1962 602 1962 662 1963 696 1963 664 1963 662 1964 664 1964 630 1964 694 1965 721 1965 696 1965 694 1966 696 1966 662 1966 717 1967 721 1967 694 1967 1053 1968 1035 1968 1055 1968 1033 1969 1035 1969 1053 1969 1029 1970 1031 1970 1035 1970 1029 1971 1035 1971 1033 1971 1037 1972 1039 1972 1031 1972 1037 1973 1031 1973 1029 1973 1057 1974 1059 1974 1039 1974 1057 1975 1039 1975 1037 1975 1065 1976 1067 1976 1059 1976 1065 1977 1059 1977 1057 1977 1073 1978 1087 1978 1075 1978 1073 1979 1075 1979 1067 1979 1073 1980 1067 1980 1065 1980 1085 1981 1095 1981 1087 1981 1085 1982 1087 1982 1073 1982 1093 1983 1103 1983 1095 1983 1093 1984 1095 1984 1085 1984 1101 1985 1103 1985 1093 1985 1105 1986 1115 1986 1107 1986 1105 1987 1107 1987 1103 1987 1105 1988 1103 1988 1101 1988 1113 1989 1139 1989 1115 1989 1113 1990 1115 1990 1105 1990 1137 1991 1139 1991 1113 1991 1153 1992 1155 1992 1139 1992 1153 1993 1139 1993 1137 1993 1161 1994 1167 1994 1163 1994 1161 1995 1163 1995 1155 1995 1161 1996 1155 1996 1153 1996 1165 1997 1167 1997 1161 1997 1225 1998 1227 1998 1203 1998 1201 1999 1225 1999 1203 1999 1177 2000 1203 2000 1179 2000 1177 2001 1201 2001 1203 2001 1165 2002 1179 2002 1167 2002 1165 2003 1177 2003 1179 2003 1225 2004 1219 2004 1227 2004 1217 2005 1219 2005 1225 2005 1205 2006 1207 2006 1219 2006 1205 2007 1219 2007 1217 2007 1193 2008 1195 2008 1207 2008 1193 2009 1207 2009 1205 2009 1185 2010 1191 2010 1187 2010 1185 2011 1187 2011 1195 2011 1185 2012 1195 2012 1193 2012 1189 2013 1191 2013 1185 2013 1197 2014 1199 2014 1191 2014 1197 2015 1191 2015 1189 2015 1209 2016 1223 2016 1211 2016 1209 2017 1211 2017 1199 2017 1209 2018 1199 2018 1197 2018 1221 2019 1223 2019 1209 2019 1233 2020 1235 2020 1223 2020 1233 2021 1223 2021 1221 2021 1241 2022 1255 2022 1243 2022 1241 2023 1243 2023 1235 2023 1241 2024 1235 2024 1233 2024 1253 2025 1255 2025 1241 2025 1285 2026 1287 2026 1255 2026 1285 2027 1255 2027 1253 2027 1301 2028 1335 2028 1303 2028 1301 2029 1303 2029 1287 2029 1301 2030 1287 2030 1285 2030 1333 2031 1335 2031 1301 2031 1361 2032 1363 2032 1335 2032 1361 2033 1335 2033 1333 2033 1405 2034 1415 2034 1407 2034 1405 2035 1413 2035 1415 2035 1385 2036 1407 2036 1387 2036 1385 2037 1405 2037 1407 2037 1361 2038 1387 2038 1363 2038 1361 2039 1385 2039 1387 2039 1413 2040 1395 2040 1415 2040 1393 2041 1395 2041 1413 2041 1373 2042 1375 2042 1395 2042 1373 2043 1395 2043 1393 2043 1353 2044 1355 2044 1375 2044 1353 2045 1375 2045 1373 2045 1337 2046 1323 2046 1339 2046 1337 2047 1339 2047 1355 2047 1337 2048 1355 2048 1353 2048 1321 2049 1323 2049 1337 2049 1309 2050 1311 2050 1323 2050 1309 2051 1323 2051 1321 2051 1317 2052 1319 2052 1311 2052 1317 2053 1311 2053 1309 2053 1325 2054 1327 2054 1319 2054 1325 2055 1319 2055 1317 2055 1341 2056 1359 2056 1343 2056 1341 2057 1343 2057 1327 2057 1341 2058 1327 2058 1325 2058 1357 2059 1359 2059 1341 2059 1377 2060 1379 2060 1359 2060 1377 2061 1359 2061 1357 2061 1401 2062 1403 2062 1379 2062 1401 2063 1379 2063 1377 2063 1421 2064 1435 2064 1423 2064 1421 2065 1423 2065 1403 2065 1421 2066 1403 2066 1401 2066 1433 2067 1435 2067 1421 2067 1449 2068 1451 2068 1435 2068 1449 2069 1435 2069 1433 2069 1452 2070 1450 2070 1454 2070 1452 2071 1448 2071 1450 2071 1453 2072 1454 2072 1455 2072 1453 2073 1452 2073 1454 2073 1449 2074 1455 2074 1451 2074 1449 2075 1453 2075 1455 2075 1432 2076 1450 2076 1448 2076 1432 2077 1434 2077 1450 2077 1420 2078 1422 2078 1434 2078 1420 2079 1434 2079 1432 2079 1400 2080 1378 2080 1402 2080 1400 2081 1402 2081 1422 2081 1400 2082 1422 2082 1420 2082 1376 2083 1378 2083 1400 2083 1356 2084 1358 2084 1378 2084 1356 2085 1378 2085 1376 2085 1340 2086 1326 2086 1342 2086 1340 2087 1342 2087 1358 2087 1340 2088 1358 2088 1356 2088 1324 2089 1326 2089 1340 2089 1316 2090 1318 2090 1326 2090 1316 2091 1326 2091 1324 2091 1308 2092 1310 2092 1318 2092 1308 2093 1318 2093 1316 2093 1320 2094 1322 2094 1310 2094 1320 2095 1310 2095 1308 2095 1336 2096 1338 2096 1322 2096 1336 2097 1322 2097 1320 2097 1352 2098 1354 2098 1338 2098 1352 2099 1338 2099 1336 2099 1372 2100 1374 2100 1354 2100 1372 2101 1354 2101 1352 2101 1392 2102 1414 2102 1394 2102 1392 2103 1394 2103 1374 2103 1392 2104 1374 2104 1372 2104 1412 2105 1414 2105 1392 2105 1384 2106 1362 2106 1386 2106 1384 2107 1360 2107 1362 2107 1404 2108 1386 2108 1406 2108 1404 2109 1384 2109 1386 2109 1412 2110 1406 2110 1414 2110 1412 2111 1404 2111 1406 2111 1332 2112 1362 2112 1360 2112 1332 2113 1334 2113 1362 2113 1300 2114 1302 2114 1334 2114 1300 2115 1334 2115 1332 2115 1284 2116 1286 2116 1302 2116 1284 2117 1302 2117 1300 2117 1252 2118 1254 2118 1286 2118 1252 2119 1286 2119 1284 2119 1240 2120 1242 2120 1254 2120 1240 2121 1254 2121 1252 2121 1232 2122 1234 2122 1242 2122 1232 2123 1242 2123 1240 2123 1220 2124 1222 2124 1234 2124 1220 2125 1234 2125 1232 2125 1208 2126 1210 2126 1222 2126 1208 2127 1222 2127 1220 2127 1196 2128 1198 2128 1210 2128 1196 2129 1210 2129 1208 2129 1188 2130 1190 2130 1198 2130 1188 2131 1198 2131 1196 2131 1184 2132 1186 2132 1190 2132 1184 2133 1190 2133 1188 2133 1192 2134 1194 2134 1186 2134 1192 2135 1186 2135 1184 2135 1204 2136 1206 2136 1194 2136 1204 2137 1194 2137 1192 2137 1216 2138 1218 2138 1206 2138 1216 2139 1206 2139 1204 2139 1224 2140 1226 2140 1218 2140 1224 2141 1218 2141 1216 2141 1176 2142 1166 2142 1178 2142 1176 2143 1164 2143 1166 2143 1200 2144 1178 2144 1202 2144 1200 2145 1176 2145 1178 2145 1224 2146 1202 2146 1226 2146 1224 2147 1200 2147 1202 2147 1160 2148 1166 2148 1164 2148 1160 2149 1162 2149 1166 2149 1152 2150 1154 2150 1162 2150 1152 2151 1162 2151 1160 2151 1136 2152 1138 2152 1154 2152 1136 2153 1154 2153 1152 2153 1112 2154 1114 2154 1138 2154 1112 2155 1138 2155 1136 2155 1104 2156 1106 2156 1114 2156 1104 2157 1114 2157 1112 2157 1100 2158 1102 2158 1106 2158 1100 2159 1106 2159 1104 2159 1092 2160 1094 2160 1102 2160 1092 2161 1102 2161 1100 2161 1084 2162 1086 2162 1094 2162 1084 2163 1094 2163 1092 2163 1072 2164 1074 2164 1086 2164 1072 2165 1086 2165 1084 2165 1064 2166 1066 2166 1074 2166 1064 2167 1074 2167 1072 2167 1056 2168 1038 2168 1058 2168 1056 2169 1058 2169 1066 2169 1056 2170 1066 2170 1064 2170 1036 2171 1038 2171 1056 2171 1028 2172 1030 2172 1038 2172 1028 2173 1038 2173 1036 2173 1032 2174 1034 2174 1030 2174 1032 2175 1030 2175 1028 2175 1052 2176 1054 2176 1034 2176 1052 2177 1034 2177 1032 2177 964 2178 916 2178 966 2178 964 2179 914 2179 916 2179 1004 2180 966 2180 1006 2180 1004 2181 1006 2181 1054 2181 1004 2182 964 2182 966 2182 1052 2183 1004 2183 1054 2183 894 2184 916 2184 914 2184 894 2185 896 2185 916 2185 890 2186 892 2186 896 2186 890 2187 896 2187 894 2187 862 2188 836 2188 864 2188 862 2189 864 2189 892 2189 862 2190 892 2190 890 2190 834 2191 796 2191 836 2191 834 2192 836 2192 862 2192 794 2193 796 2193 834 2193 762 2194 764 2194 796 2194 762 2195 796 2195 794 2195 742 2196 712 2196 744 2196 742 2197 744 2197 764 2197 742 2198 764 2198 762 2198 710 2199 712 2199 742 2199 690 2200 660 2200 692 2200 690 2201 692 2201 712 2201 690 2202 712 2202 710 2202 658 2203 660 2203 690 2203 618 2204 592 2204 620 2204 618 2205 620 2205 660 2205 618 2206 660 2206 658 2206 590 2207 592 2207 618 2207 562 2208 560 2208 564 2208 562 2209 564 2209 592 2209 562 2210 592 2210 590 2210 558 2211 560 2211 562 2211 538 2212 540 2212 560 2212 538 2213 560 2213 558 2213 448 2214 402 2214 450 2214 448 2215 400 2215 402 2215 488 2216 450 2216 490 2216 488 2217 448 2217 450 2217 538 2218 490 2218 540 2218 538 2219 488 2219 490 2219 420 2220 402 2220 400 2220 420 2221 422 2221 402 2221 424 2222 418 2222 426 2222 424 2223 426 2223 422 2223 424 2224 422 2224 420 2224 416 2225 418 2225 424 2225 396 2226 398 2226 418 2226 396 2227 418 2227 416 2227 388 2228 382 2228 390 2228 388 2229 390 2229 398 2229 388 2230 398 2230 396 2230 380 2231 382 2231 388 2231 368 2232 362 2232 370 2232 368 2233 370 2233 382 2233 368 2234 382 2234 380 2234 360 2235 362 2235 368 2235 352 2236 354 2236 362 2236 352 2237 362 2237 360 2237 348 2238 350 2238 354 2238 348 2239 354 2239 352 2239 340 2240 342 2240 350 2240 340 2241 350 2241 348 2241 316 2242 318 2242 342 2242 316 2243 342 2243 340 2243 300 2244 294 2244 302 2244 300 2245 302 2245 318 2245 300 2246 318 2246 316 2246 292 2247 294 2247 300 2247 288 2248 290 2248 294 2248 288 2249 294 2249 292 2249 252 2250 230 2250 254 2250 252 2251 228 2251 230 2251 276 2252 254 2252 278 2252 276 2253 252 2253 254 2253 288 2254 278 2254 290 2254 288 2255 276 2255 278 2255 236 2256 230 2256 228 2256 236 2257 238 2257 230 2257 248 2258 262 2258 250 2258 248 2259 250 2259 238 2259 248 2260 238 2260 236 2260 260 2261 262 2261 248 2261 268 2262 270 2262 262 2262 268 2263 262 2263 260 2263 264 2264 266 2264 270 2264 264 2265 270 2265 268 2265 256 2266 246 2266 258 2266 256 2267 258 2267 266 2267 256 2268 266 2268 264 2268 244 2269 246 2269 256 2269 232 2270 234 2270 246 2270 232 2271 246 2271 244 2271 220 2272 222 2272 234 2272 220 2273 234 2273 232 2273 212 2274 214 2274 222 2274 212 2275 222 2275 220 2275 200 2276 170 2276 202 2276 200 2277 202 2277 214 2277 200 2278 214 2278 212 2278 168 2279 170 2279 200 2279 152 2280 122 2280 154 2280 152 2281 154 2281 170 2281 152 2282 170 2282 168 2282 120 2283 94 2283 122 2283 120 2284 122 2284 152 2284 92 2285 94 2285 120 2285 40 2286 42 2286 50 2286 48 2287 40 2287 50 2287 68 2288 50 2288 70 2288 68 2289 48 2289 50 2289 92 2290 70 2290 94 2290 92 2291 68 2291 70 2291 40 2292 62 2292 42 2292 60 2293 62 2293 40 2293 80 2294 82 2294 62 2294 80 2295 62 2295 60 2295 100 2296 102 2296 82 2296 100 2297 82 2297 80 2297 116 2298 118 2298 102 2298 116 2299 102 2299 100 2299 132 2300 146 2300 134 2300 132 2301 134 2301 118 2301 132 2302 118 2302 116 2302 144 2303 138 2303 146 2303 144 2304 146 2304 132 2304 136 2305 130 2305 138 2305 136 2306 138 2306 144 2306 128 2307 130 2307 136 2307 112 2308 98 2308 114 2308 112 2309 114 2309 130 2309 112 2310 130 2310 128 2310 96 2311 78 2311 98 2311 96 2312 98 2312 112 2312 76 2313 78 2313 96 2313 52 2314 34 2314 54 2314 52 2315 54 2315 78 2315 52 2316 78 2316 76 2316 32 2317 34 2317 52 2317 20 2318 22 2318 34 2318 20 2319 34 2319 32 2319 4 2320 6 2320 22 2320 4 2321 22 2321 20 2321 1 2322 7 2322 3 2322 1 2323 5 2323 7 2323 0 2324 3 2324 2 2324 0 2325 1 2325 3 2325 4 2326 2 2326 6 2326 4 2327 0 2327 2 2327 5 2328 23 2328 7 2328 21 2329 35 2329 23 2329 21 2330 23 2330 5 2330 33 2331 55 2331 35 2331 33 2332 35 2332 21 2332 53 2333 55 2333 33 2333 77 2334 99 2334 79 2334 77 2335 79 2335 55 2335 77 2336 55 2336 53 2336 97 2337 115 2337 99 2337 97 2338 99 2338 77 2338 113 2339 115 2339 97 2339 129 2340 131 2340 115 2340 129 2341 115 2341 113 2341 137 2342 139 2342 131 2342 137 2343 131 2343 129 2343 145 2344 147 2344 139 2344 145 2345 139 2345 137 2345 133 2346 135 2346 147 2346 133 2347 147 2347 145 2347 117 2348 119 2348 135 2348 117 2349 135 2349 133 2349 101 2350 83 2350 103 2350 101 2351 103 2351 119 2351 101 2352 119 2352 117 2352 81 2353 83 2353 101 2353 61 2354 63 2354 83 2354 61 2355 83 2355 81 2355 41 2356 43 2356 63 2356 41 2357 63 2357 61 2357 69 2358 95 2358 71 2358 69 2359 93 2359 95 2359 49 2360 71 2360 51 2360 49 2361 69 2361 71 2361 41 2362 51 2362 43 2362 41 2363 49 2363 51 2363 121 2364 95 2364 93 2364 121 2365 155 2365 123 2365 121 2366 123 2366 95 2366 153 2367 155 2367 121 2367 169 2368 203 2368 171 2368 169 2369 171 2369 155 2369 169 2370 155 2370 153 2370 201 2371 203 2371 169 2371 213 2372 223 2372 215 2372 213 2373 215 2373 203 2373 213 2374 203 2374 201 2374 221 2375 235 2375 223 2375 221 2376 223 2376 213 2376 233 2377 235 2377 221 2377 245 2378 247 2378 235 2378 245 2379 235 2379 233 2379 257 2380 259 2380 247 2380 257 2381 247 2381 245 2381 265 2382 267 2382 259 2382 265 2383 259 2383 257 2383 269 2384 271 2384 267 2384 269 2385 267 2385 265 2385 261 2386 263 2386 271 2386 261 2387 271 2387 269 2387 249 2388 251 2388 263 2388 249 2389 263 2389 261 2389 237 2390 231 2390 239 2390 237 2391 239 2391 251 2391 237 2392 251 2392 249 2392 229 2393 231 2393 237 2393 277 2394 291 2394 279 2394 277 2395 289 2395 291 2395 253 2396 279 2396 255 2396 253 2397 277 2397 279 2397 229 2398 255 2398 231 2398 229 2399 253 2399 255 2399 293 2400 291 2400 289 2400 293 2401 303 2401 295 2401 293 2402 295 2402 291 2402 301 2403 303 2403 293 2403 317 2404 319 2404 303 2404 317 2405 303 2405 301 2405 341 2406 343 2406 319 2406 341 2407 319 2407 317 2407 349 2408 355 2408 351 2408 349 2409 351 2409 343 2409 349 2410 343 2410 341 2410 353 2411 355 2411 349 2411 361 2412 363 2412 355 2412 361 2413 355 2413 353 2413 369 2414 383 2414 371 2414 369 2415 371 2415 363 2415 369 2416 363 2416 361 2416 381 2417 383 2417 369 2417 389 2418 399 2418 391 2418 389 2419 391 2419 383 2419 389 2420 383 2420 381 2420 397 2421 399 2421 389 2421 417 2422 419 2422 399 2422 417 2423 399 2423 397 2423 425 2424 427 2424 419 2424 425 2425 419 2425 417 2425 421 2426 423 2426 427 2426 421 2427 427 2427 425 2427 401 2428 403 2428 423 2428 401 2429 423 2429 421 2429 489 2430 541 2430 491 2430 489 2431 539 2431 541 2431 449 2432 491 2432 451 2432 449 2433 489 2433 491 2433 401 2434 451 2434 403 2434 401 2435 449 2435 451 2435 559 2436 541 2436 539 2436 559 2437 565 2437 561 2437 559 2438 561 2438 541 2438 563 2439 565 2439 559 2439 591 2440 621 2440 593 2440 591 2441 593 2441 565 2441 591 2442 565 2442 563 2442 619 2443 621 2443 591 2443 659 2444 661 2444 621 2444 659 2445 621 2445 619 2445 691 2446 693 2446 661 2446 691 2447 661 2447 659 2447 711 2448 713 2448 693 2448 711 2449 693 2449 691 2449 743 2450 765 2450 745 2450 743 2451 745 2451 713 2451 743 2452 713 2452 711 2452 763 2453 797 2453 765 2453 763 2454 765 2454 743 2454 795 2455 797 2455 763 2455 835 2456 837 2456 797 2456 835 2457 797 2457 795 2457 863 2458 893 2458 865 2458 863 2459 865 2459 837 2459 863 2460 837 2460 835 2460 891 2461 893 2461 863 2461 895 2462 897 2462 893 2462 895 2463 893 2463 891 2463 915 2464 917 2464 897 2464 915 2465 897 2465 895 2465 1005 2466 1055 2466 1007 2466 1005 2467 1053 2467 1055 2467 965 2468 1007 2468 967 2468 965 2469 967 2469 917 2469 965 2470 1005 2470 1007 2470 915 2471 965 2471 917 2471 237 2472 253 2472 229 2472 293 2473 289 2473 277 2473 249 2474 253 2474 237 2474 121 2475 93 2475 69 2475 301 2476 277 2476 253 2476 301 2477 253 2477 249 2477 301 2478 293 2478 277 2478 153 2479 121 2479 69 2479 317 2480 249 2480 261 2480 317 2481 301 2481 249 2481 61 2482 49 2482 41 2482 341 2483 317 2483 261 2483 341 2484 261 2484 269 2484 81 2485 153 2485 69 2485 81 2486 49 2486 61 2486 81 2487 169 2487 153 2487 81 2488 69 2488 49 2488 421 2489 449 2489 401 2489 349 2490 341 2490 269 2490 349 2491 269 2491 265 2491 425 2492 449 2492 421 2492 489 2493 449 2493 425 2493 101 2494 169 2494 81 2494 101 2495 201 2495 169 2495 353 2496 265 2496 257 2496 353 2497 349 2497 265 2497 117 2498 201 2498 101 2498 559 2499 539 2499 489 2499 133 2500 201 2500 117 2500 133 2501 221 2501 213 2501 133 2502 213 2502 201 2502 563 2503 489 2503 425 2503 563 2504 559 2504 489 2504 145 2505 221 2505 133 2505 1 2506 21 2506 5 2506 591 2507 425 2507 417 2507 591 2508 563 2508 425 2508 33 2509 21 2509 1 2509 619 2510 417 2510 397 2510 619 2511 591 2511 417 2511 0 2512 33 2512 1 2512 659 2513 397 2513 389 2513 659 2514 619 2514 397 2514 691 2515 389 2515 381 2515 691 2516 659 2516 389 2516 20 2517 0 2517 4 2517 32 2518 0 2518 20 2518 32 2519 33 2519 0 2519 52 2520 53 2520 33 2520 52 2521 33 2521 32 2521 965 2522 915 2522 895 2522 965 2523 895 2523 891 2523 76 2524 53 2524 52 2524 76 2525 77 2525 53 2525 96 2526 77 2526 76 2526 96 2527 113 2527 97 2527 96 2528 97 2528 77 2528 112 2529 113 2529 96 2529 1033 2530 1053 2530 1005 2530 1029 2531 1005 2531 965 2531 1029 2532 1033 2532 1005 2532 1029 2533 965 2533 891 2533 1037 2534 891 2534 863 2534 1037 2535 863 2535 835 2535 1037 2536 1029 2536 891 2536 1057 2537 835 2537 795 2537 1057 2538 1037 2538 835 2538 1065 2539 795 2539 763 2539 1065 2540 1057 2540 795 2540 48 2541 80 2541 60 2541 48 2542 60 2542 40 2542 1073 2543 1065 2543 763 2543 120 2544 68 2544 92 2544 152 2545 80 2545 48 2545 152 2546 68 2546 120 2546 152 2547 48 2547 68 2547 513 2548 257 2548 245 2548 579 2549 361 2549 353 2549 579 2550 257 2550 513 2550 579 2551 353 2551 257 2551 493 2552 513 2552 245 2552 493 2553 245 2553 233 2553 493 2554 233 2554 221 2554 168 2555 80 2555 152 2555 168 2556 116 2556 100 2556 168 2557 100 2557 80 2557 469 2558 145 2558 137 2558 469 2559 221 2559 145 2559 469 2560 493 2560 221 2560 623 2561 369 2561 361 2561 623 2562 361 2562 579 2562 200 2563 132 2563 116 2563 200 2564 116 2564 168 2564 461 2565 137 2565 129 2565 461 2566 469 2566 137 2566 683 2567 691 2567 381 2567 683 2568 711 2568 691 2568 683 2569 381 2569 369 2569 683 2570 369 2570 623 2570 212 2571 132 2571 200 2571 456 2572 461 2572 129 2572 456 2573 113 2573 112 2573 456 2574 129 2574 113 2574 456 2575 112 2575 128 2575 715 2576 743 2576 711 2576 715 2577 711 2577 683 2577 220 2578 132 2578 212 2578 220 2579 144 2579 132 2579 1177 2580 1165 2580 1161 2580 1177 2581 1161 2581 1153 2581 460 2582 456 2582 128 2582 460 2583 128 2583 136 2583 767 2584 743 2584 715 2584 767 2585 763 2585 743 2585 767 2586 1085 2586 1073 2586 767 2587 1073 2587 763 2587 468 2588 460 2588 136 2588 468 2589 144 2589 220 2589 468 2590 136 2590 144 2590 827 2591 1085 2591 767 2591 827 2592 1093 2592 1085 2592 492 2593 232 2593 244 2593 492 2594 468 2594 220 2594 492 2595 220 2595 232 2595 871 2596 1101 2596 1093 2596 871 2597 1093 2597 827 2597 1217 2598 1225 2598 1201 2598 1205 2599 1201 2599 1177 2599 1205 2600 1153 2600 1137 2600 1205 2601 1217 2601 1201 2601 1205 2602 1177 2602 1153 2602 1193 2603 1205 2603 1137 2603 512 2604 244 2604 256 2604 512 2605 492 2605 244 2605 1185 2606 1137 2606 1113 2606 1185 2607 1113 2607 1105 2607 1185 2608 1193 2608 1137 2608 1189 2609 1185 2609 1105 2609 578 2610 512 2610 256 2610 1197 2611 1101 2611 871 2611 1197 2612 1105 2612 1101 2612 1197 2613 871 2613 937 2613 1197 2614 1189 2614 1105 2614 1209 2615 1197 2615 937 2615 1209 2616 937 2616 957 2616 252 2617 248 2617 236 2617 252 2618 236 2618 228 2618 1221 2619 1209 2619 957 2619 1233 2620 957 2620 981 2620 1233 2621 1221 2621 957 2621 300 2622 276 2622 292 2622 300 2623 252 2623 276 2623 300 2624 248 2624 252 2624 288 2625 292 2625 276 2625 316 2626 260 2626 248 2626 316 2627 248 2627 300 2627 340 2628 264 2628 268 2628 340 2629 268 2629 260 2629 340 2630 260 2630 316 2630 348 2631 264 2631 340 2631 352 2632 256 2632 264 2632 352 2633 264 2633 348 2633 352 2634 578 2634 256 2634 360 2635 578 2635 352 2635 360 2636 622 2636 578 2636 368 2637 622 2637 360 2637 368 2638 682 2638 622 2638 1385 2639 1361 2639 1333 2639 1385 2640 1333 2640 1301 2640 380 2641 682 2641 368 2641 1405 2642 1385 2642 1301 2642 1373 2643 1405 2643 1301 2643 1353 2644 1301 2644 1285 2644 1353 2645 1373 2645 1301 2645 1393 2646 1405 2646 1373 2646 1337 2647 1285 2647 1253 2647 1337 2648 1253 2648 1241 2648 1337 2649 1353 2649 1285 2649 1413 2650 1405 2650 1393 2650 1321 2651 1337 2651 1241 2651 1321 2652 1241 2652 1233 2652 1309 2653 1233 2653 981 2653 1309 2654 1321 2654 1233 2654 1317 2655 1309 2655 981 2655 1317 2656 981 2656 989 2656 1325 2657 989 2657 996 2657 1325 2658 1317 2658 989 2658 1341 2659 1325 2659 996 2659 448 2660 424 2660 420 2660 448 2661 420 2661 400 2661 590 2662 396 2662 416 2662 590 2663 618 2663 396 2663 658 2664 388 2664 396 2664 658 2665 396 2665 618 2665 562 2666 590 2666 416 2666 562 2667 416 2667 424 2667 562 2668 448 2668 488 2668 562 2669 424 2669 448 2669 690 2670 380 2670 388 2670 690 2671 682 2671 380 2671 690 2672 388 2672 658 2672 558 2673 562 2673 488 2673 710 2674 682 2674 690 2674 710 2675 714 2675 682 2675 538 2676 558 2676 488 2676 742 2677 714 2677 710 2677 742 2678 766 2678 714 2678 762 2679 766 2679 742 2679 1453 2680 1449 2680 1433 2680 1453 2681 1433 2681 1421 2681 1356 2682 1377 2682 1357 2682 1356 2683 1357 2683 1341 2683 1376 2684 1377 2684 1356 2684 1340 2685 1341 2685 996 2685 1340 2686 1356 2686 1341 2686 1400 2687 1401 2687 1377 2687 1400 2688 1377 2688 1376 2688 1324 2689 1340 2689 996 2689 1324 2690 996 2690 988 2690 1420 2691 1421 2691 1401 2691 1420 2692 1401 2692 1400 2692 1452 2693 1453 2693 1421 2693 1452 2694 1421 2694 1420 2694 1316 2695 1324 2695 988 2695 1316 2696 988 2696 980 2696 1432 2697 1452 2697 1420 2697 1308 2698 1316 2698 980 2698 1448 2699 1452 2699 1432 2699 1072 2700 766 2700 762 2700 1072 2701 762 2701 794 2701 1064 2702 1072 2702 794 2702 1084 2703 766 2703 1072 2703 1084 2704 826 2704 766 2704 1056 2705 1064 2705 794 2705 1056 2706 794 2706 834 2706 1092 2707 870 2707 826 2707 1092 2708 826 2708 1084 2708 1036 2709 834 2709 862 2709 1036 2710 1056 2710 834 2710 1100 2711 870 2711 1092 2711 964 2712 890 2712 894 2712 964 2713 894 2713 914 2713 1028 2714 862 2714 890 2714 1028 2715 1036 2715 862 2715 1232 2716 1308 2716 980 2716 1232 2717 956 2717 1220 2717 1232 2718 980 2718 956 2718 1208 2719 1220 2719 956 2719 1208 2720 956 2720 936 2720 1240 2721 1320 2721 1308 2721 1240 2722 1308 2722 1232 2722 1196 2723 870 2723 1100 2723 1196 2724 936 2724 870 2724 1196 2725 1208 2725 936 2725 1004 2726 890 2726 964 2726 1004 2727 1032 2727 1028 2727 1004 2728 1028 2728 890 2728 1252 2729 1336 2729 1320 2729 1252 2730 1320 2730 1240 2730 1188 2731 1100 2731 1104 2731 1188 2732 1196 2732 1100 2732 1052 2733 1032 2733 1004 2733 1284 2734 1336 2734 1252 2734 1284 2735 1372 2735 1352 2735 1284 2736 1352 2736 1336 2736 1184 2737 1104 2737 1112 2737 1184 2738 1188 2738 1104 2738 1300 2739 1372 2739 1284 2739 1192 2740 1184 2740 1112 2740 1192 2741 1112 2741 1136 2741 1404 2742 1412 2742 1392 2742 1404 2743 1392 2743 1372 2743 1204 2744 1192 2744 1136 2744 1204 2745 1136 2745 1152 2745 1384 2746 1372 2746 1300 2746 1384 2747 1300 2747 1332 2747 1384 2748 1404 2748 1372 2748 1360 2749 1384 2749 1332 2749 1176 2750 1152 2750 1160 2750 1176 2751 1160 2751 1164 2751 1200 2752 1204 2752 1152 2752 1200 2753 1152 2753 1176 2753 1200 2754 1216 2754 1204 2754 1224 2755 1216 2755 1200 2755 239 2756 231 2756 255 2756 295 2757 279 2757 291 2757 251 2758 239 2758 255 2758 123 2759 71 2759 95 2759 303 2760 255 2760 279 2760 303 2761 251 2761 255 2761 303 2762 279 2762 295 2762 155 2763 71 2763 123 2763 319 2764 263 2764 251 2764 319 2765 251 2765 303 2765 63 2766 43 2766 51 2766 343 2767 263 2767 319 2767 343 2768 271 2768 263 2768 83 2769 71 2769 155 2769 83 2770 63 2770 51 2770 83 2771 155 2771 171 2771 83 2772 51 2772 71 2772 423 2773 403 2773 451 2773 351 2774 271 2774 343 2774 351 2775 267 2775 271 2775 427 2776 423 2776 451 2776 491 2777 427 2777 451 2777 103 2778 83 2778 171 2778 103 2779 171 2779 203 2779 355 2780 267 2780 351 2780 355 2781 259 2781 267 2781 119 2782 103 2782 203 2782 561 2783 491 2783 541 2783 135 2784 119 2784 203 2784 135 2785 215 2785 223 2785 135 2786 203 2786 215 2786 565 2787 427 2787 491 2787 565 2788 491 2788 561 2788 147 2789 135 2789 223 2789 3 2790 7 2790 23 2790 593 2791 419 2791 427 2791 593 2792 427 2792 565 2792 35 2793 3 2793 23 2793 621 2794 399 2794 419 2794 621 2795 419 2795 593 2795 661 2796 391 2796 399 2796 661 2797 399 2797 621 2797 693 2798 383 2798 391 2798 693 2799 391 2799 661 2799 22 2800 6 2800 2 2800 34 2801 22 2801 2 2801 34 2802 35 2802 55 2802 34 2803 2 2803 3 2803 34 2804 3 2804 35 2804 54 2805 34 2805 55 2805 967 2806 897 2806 917 2806 967 2807 893 2807 897 2807 78 2808 54 2808 55 2808 78 2809 79 2809 99 2809 78 2810 55 2810 79 2810 98 2811 78 2811 99 2811 1007 2812 893 2812 967 2812 114 2813 98 2813 99 2813 114 2814 99 2814 115 2814 1035 2815 1007 2815 1055 2815 1031 2816 865 2816 893 2816 1031 2817 893 2817 1007 2817 1031 2818 1007 2818 1035 2818 1039 2819 865 2819 1031 2819 1059 2820 837 2820 865 2820 1059 2821 797 2821 837 2821 1059 2822 865 2822 1039 2822 1067 2823 765 2823 797 2823 1067 2824 797 2824 1059 2824 50 2825 62 2825 82 2825 50 2826 42 2826 62 2826 1075 2827 765 2827 1067 2827 70 2828 50 2828 82 2828 122 2829 94 2829 70 2829 154 2830 122 2830 70 2830 154 2831 70 2831 82 2831 170 2832 154 2832 82 2832 170 2833 82 2833 102 2833 202 2834 118 2834 134 2834 202 2835 102 2835 118 2835 202 2836 170 2836 102 2836 214 2837 202 2837 134 2837 605 2838 247 2838 259 2838 569 2839 247 2839 605 2839 569 2840 235 2840 247 2840 633 2841 355 2841 363 2841 633 2842 259 2842 355 2842 633 2843 605 2843 259 2843 549 2844 147 2844 223 2844 549 2845 235 2845 569 2845 549 2846 223 2846 235 2846 549 2847 139 2847 147 2847 665 2848 363 2848 371 2848 665 2849 633 2849 363 2849 222 2850 214 2850 134 2850 222 2851 134 2851 146 2851 1179 2852 1163 2852 1167 2852 1179 2853 1155 2853 1163 2853 529 2854 139 2854 549 2854 529 2855 131 2855 139 2855 697 2856 693 2856 713 2856 697 2857 371 2857 383 2857 697 2858 383 2858 693 2858 697 2859 665 2859 371 2859 521 2860 114 2860 115 2860 521 2861 115 2861 131 2861 521 2862 130 2862 114 2862 521 2863 131 2863 529 2863 722 2864 713 2864 745 2864 722 2865 697 2865 713 2865 528 2866 130 2866 521 2866 528 2867 138 2867 130 2867 753 2868 745 2868 765 2868 753 2869 1075 2869 1087 2869 753 2870 765 2870 1075 2870 753 2871 722 2871 745 2871 548 2872 222 2872 146 2872 548 2873 138 2873 528 2873 548 2874 146 2874 138 2874 548 2875 234 2875 222 2875 785 2876 753 2876 1087 2876 785 2877 1087 2877 1095 2877 1219 2878 1203 2878 1227 2878 568 2879 234 2879 548 2879 568 2880 246 2880 234 2880 817 2881 785 2881 1095 2881 817 2882 1095 2882 1103 2882 1207 2883 1155 2883 1179 2883 1207 2884 1179 2884 1203 2884 1207 2885 1203 2885 1219 2885 1195 2886 1139 2886 1155 2886 1195 2887 1155 2887 1207 2887 604 2888 246 2888 568 2888 604 2889 258 2889 246 2889 1187 2890 1139 2890 1195 2890 1187 2891 1115 2891 1139 2891 1187 2892 1107 2892 1115 2892 1191 2893 1107 2893 1187 2893 632 2894 258 2894 604 2894 1199 2895 817 2895 1103 2895 1199 2896 1103 2896 1107 2896 1199 2897 845 2897 817 2897 1199 2898 1107 2898 1191 2898 1211 2899 881 2899 845 2899 1211 2900 845 2900 1199 2900 254 2901 238 2901 250 2901 254 2902 230 2902 238 2902 1223 2903 901 2903 881 2903 1223 2904 881 2904 1211 2904 1235 2905 901 2905 1223 2905 302 2906 278 2906 254 2906 302 2907 254 2907 250 2907 302 2908 294 2908 278 2908 290 2909 278 2909 294 2909 318 2910 262 2910 270 2910 318 2911 250 2911 262 2911 318 2912 302 2912 250 2912 342 2913 318 2913 270 2913 350 2914 270 2914 266 2914 350 2915 342 2915 270 2915 354 2916 350 2916 266 2916 354 2917 258 2917 632 2917 354 2918 266 2918 258 2918 362 2919 632 2919 664 2919 362 2920 354 2920 632 2920 370 2921 362 2921 664 2921 370 2922 664 2922 696 2922 1387 2923 1335 2923 1363 2923 1387 2924 1303 2924 1335 2924 382 2925 370 2925 696 2925 1407 2926 1303 2926 1387 2926 1375 2927 1287 2927 1303 2927 1375 2928 1303 2928 1407 2928 1355 2929 1287 2929 1375 2929 1395 2930 1375 2930 1407 2930 1339 2931 1255 2931 1287 2931 1339 2932 1287 2932 1355 2932 1415 2933 1395 2933 1407 2933 1323 2934 1255 2934 1339 2934 1323 2935 1243 2935 1255 2935 1323 2936 1235 2936 1243 2936 1311 2937 901 2937 1235 2937 1311 2938 1235 2938 1323 2938 1319 2939 901 2939 1311 2939 1319 2940 921 2940 901 2940 1327 2941 921 2941 1319 2941 1327 2942 931 2942 921 2942 1343 2943 931 2943 1327 2943 450 2944 422 2944 426 2944 450 2945 402 2945 422 2945 620 2946 418 2946 398 2946 592 2947 418 2947 620 2947 660 2948 398 2948 390 2948 660 2949 620 2949 398 2949 564 2950 426 2950 418 2950 564 2951 490 2951 450 2951 564 2952 418 2952 592 2952 564 2953 450 2953 426 2953 692 2954 390 2954 382 2954 692 2955 382 2955 696 2955 692 2956 660 2956 390 2956 560 2957 490 2957 564 2957 712 2958 692 2958 696 2958 712 2959 696 2959 721 2959 540 2960 490 2960 560 2960 744 2961 712 2961 721 2961 744 2962 721 2962 752 2962 764 2963 744 2963 752 2963 1455 2964 1435 2964 1451 2964 1455 2965 1423 2965 1435 2965 1378 2966 1359 2966 1379 2966 1378 2967 1358 2967 1359 2967 1342 2968 1343 2968 1359 2968 1342 2969 1359 2969 1358 2969 1342 2970 931 2970 1343 2970 1402 2971 1379 2971 1403 2971 1402 2972 1378 2972 1379 2972 1402 2973 1403 2973 1423 2973 1326 2974 920 2974 931 2974 1326 2975 931 2975 1342 2975 1422 2976 1402 2976 1423 2976 1454 2977 1423 2977 1455 2977 1454 2978 1422 2978 1423 2978 1318 2979 900 2979 920 2979 1318 2980 920 2980 1326 2980 1434 2981 1422 2981 1454 2981 1310 2982 900 2982 1318 2982 1450 2983 1434 2983 1454 2983 1074 2984 764 2984 752 2984 1066 2985 764 2985 1074 2985 1066 2986 796 2986 764 2986 1086 2987 1074 2987 752 2987 1086 2988 752 2988 784 2988 1058 2989 836 2989 796 2989 1058 2990 796 2990 1066 2990 1094 2991 1086 2991 784 2991 1094 2992 784 2992 816 2992 1038 2993 864 2993 836 2993 1038 2994 836 2994 1058 2994 1102 2995 1094 2995 816 2995 966 2996 896 2996 892 2996 966 2997 916 2997 896 2997 1030 2998 892 2998 864 2998 1030 2999 864 2999 1038 2999 1222 3000 880 3000 900 3000 1234 3001 900 3001 1310 3001 1234 3002 1222 3002 900 3002 1210 3003 880 3003 1222 3003 1210 3004 844 3004 880 3004 1242 3005 1310 3005 1322 3005 1242 3006 1234 3006 1310 3006 1198 3007 816 3007 844 3007 1198 3008 1102 3008 816 3008 1198 3009 844 3009 1210 3009 1006 3010 1030 3010 1034 3010 1006 3011 892 3011 1030 3011 1006 3012 966 3012 892 3012 1254 3013 1322 3013 1338 3013 1254 3014 1242 3014 1322 3014 1190 3015 1106 3015 1102 3015 1190 3016 1102 3016 1198 3016 1054 3017 1006 3017 1034 3017 1286 3018 1254 3018 1338 3018 1286 3019 1354 3019 1374 3019 1286 3020 1338 3020 1354 3020 1186 3021 1114 3021 1106 3021 1186 3022 1106 3022 1190 3022 1138 3023 1114 3023 1186 3023 1302 3024 1286 3024 1374 3024 1194 3025 1138 3025 1186 3025 1406 3026 1394 3026 1414 3026 1406 3027 1374 3027 1394 3027 1206 3028 1154 3028 1138 3028 1206 3029 1138 3029 1194 3029 1386 3030 1302 3030 1374 3030 1386 3031 1374 3031 1406 3031 1386 3032 1334 3032 1302 3032 1362 3033 1334 3033 1386 3033 1178 3034 1162 3034 1154 3034 1178 3035 1166 3035 1162 3035 1202 3036 1154 3036 1206 3036 1202 3037 1178 3037 1154 3037 1202 3038 1206 3038 1218 3038 1226 3039 1202 3039 1218 3039</p>
  </triangles>
 </mesh></geometry></library_geometries>
 <library_visual_scenes><visual_scene id="s"><node id="nodo">
  <instance_geometry url="#g"><bind_material><technique_common>
   <instance_material symbol="m" target="#mat"/>
  </technique_common></bind_material></instance_geometry>
 </node></visual_scene></library_visual_scenes>
 <scene><instance_visual_scene url="#s"/></scene>
</COLLADA>
