<?xml version="1.0" encoding="utf-8"?>
<COLLADA xmlns="http://www.collada.org/2005/11/COLLADASchema" version="1.4.1">
 <asset><unit name="meter" meter="1"/><up_axis>Z_UP</up_axis></asset>
 <library_effects><effect id="fx"><profile_COMMON><technique sid="c"><phong>
  <diffuse><color>0.150 0.150 0.150 1</color></diffuse>
  <specular><color>0.2 0.2 0.2 1</color></specular><shininess><float>20</float></shininess>
 </phong></technique></profile_COMMON></effect></library_effects>
 <library_materials><material id="mat"><instance_effect url="#fx"/></material></library_materials>
 <library_geometries><geometry id="g"><mesh>
  <source id="p"><float_array id="pa" count="6324">-0.0482788 -0.0425 0.0032045 -0.0482788 0.0375 0.0032045 -0.0481331 -0.0425 0.0049303 -0.0481331 0.0375 0.0049303 -0.0479259 -0.0425 0.0066499 -0.0479259 0.0375 0.0066499 -0.0479083 -0.0425 -0.0067752 -0.0479083 0.0375 -0.0067752 -0.0476572 -0.0425 0.0083608 -0.0476572 0.0375 0.0083608 -0.0476351 -0.0425 -0.0084855 -0.0476351 0.0375 -0.0084855 -0.0473364 -0.0425 0.0031009 -0.0473364 0.0375 0.0031009 -0.0473009 -0.0425 -0.0101849 -0.0473009 0.0375 -0.0101849 -0.0469762 -0.0425 -0.006602 -0.0469762 0.0375 -0.006602 -0.0469061 -0.0425 -0.0118713 -0.0469061 0.0375 -0.0118713 -0.0467172 -0.0425 0.0082376 -0.0467172 0.0375 0.0082376 -0.0464306 -0.0425 0.0028213 -0.0464306 0.0375 0.0028213 -0.0460936 -0.0425 -0.006256 -0.0460936 0.0375 -0.006256 -0.0459779 -0.0425 -0.0116786 -0.0459779 0.0375 -0.0116786 -0.0457709 -0.0425 0.0082939 -0.0457709 0.0375 0.0082939 -0.0455938 -0.0425 0.0023757 -0.0455938 0.0375 0.0023757 -0.0452922 -0.0425 -0.0057496 -0.0452922 0.0375 -0.0057496 -0.0450299 -0.0425 -0.0116647 -0.0450299 0.0375 -0.0116647 -0.0449256 -0.0425 0.0179666 -0.0449256 0.0375 0.0179666 -0.0448562 -0.0425 0.0017802 -0.0448562 0.0375 0.0017802 -0.0448522 -0.0425 0.0085278 -0.0448522 0.0375 0.0085278 -0.0446007 -0.0425 -0.0051011 -0.0446007 0.0375 -0.0051011 -0.0442538 -0.0425 0.019563 -0.0442538 0.0375 0.019563 -0.0442442 -0.0425 0.0010561 -0.0442442 0.0375 0.0010561 -0.0440964 -0.0425 -0.0118299 -0.0440964 0.0375 -0.0118299 -0.0440614 -0.0425 0.0175769 -0.0440614 0.0375 0.0175769 -0.0440441 -0.0425 -0.0043336 -0.0440441 0.0375 -0.0043336 -0.0439941 -0.0425 0.008931 -0.0439941 0.0375 0.008931 -0.0437799 -0.0425 0.0002296 -0.0437799 0.0375 0.0002296 -0.0436424 -0.0425 -0.003475 -0.0436424 0.0375 -0.003475 -0.0435253 -0.0425 0.0211343 -0.0435253 0.0375 0.0211343 -0.04348 -0.0425 -0.0006697 -0.04348 0.0375 -0.0006697 -0.0434698 -0.0425 -0.0212481 -0.0434698 0.0375 -0.0212481 -0.0434099 -0.0425 -0.0025559 -0.0434099 0.0375 -0.0025559 -0.0433551 -0.0425 -0.0016095 -0.0433551 0.0375 -0.0016095 -0.0432863 -0.0425 0.017031 -0.0432863 0.0375 0.017031 -0.0432276 -0.0425 0.0094889 -0.0432276 0.0375 0.0094889 -0.0432109 -0.0425 -0.0121683 -0.0432109 0.0375 -0.0121683 -0.042741 -0.0425 0.0226785 -0.042741 0.0375 0.0226785 -0.0426815 -0.0425 -0.0227903 -0.0426815 0.0375 -0.0227903 -0.0426369 -0.0425 -0.0207954 -0.0426369 0.0375 -0.0207954 -0.0426282 -0.0425 0.0163487 -0.0426282 0.0375 0.0163487 -0.0425802 -0.0425 0.0101814 -0.0425802 0.0375 0.0101814 -0.0424051 -0.0425 -0.0126678 -0.0424051 0.0375 -0.0126678 -0.0421107 -0.0425 0.0155544 -0.0421107 0.0375 0.0155544 -0.0420751 -0.0425 0.0109836 -0.0420751 0.0375 0.0109836 -0.0419044 -0.0425 -0.0201935 -0.0419044 0.0375 -0.0201935 -0.0418851 -0.0425 0.0222708 -0.0418851 0.0375 0.0222708 -0.0418385 -0.0425 -0.0243032 -0.0418385 0.0375 -0.0243032 -0.0417524 -0.0425 0.0146767 -0.0417524 0.0375 0.0146767 -0.0417305 -0.0425 0.0118668 -0.0417305 0.0375 0.0118668 -0.0417081 -0.0425 -0.0133104 -0.0417081 0.0375 -0.0133104 -0.0415662 -0.0425 0.0137471 -0.0415662 0.0375 0.0137471 -0.0415588 -0.0425 0.0127991 -0.0415588 0.0375 0.0127991 -0.0412987 -0.0425 -0.0194643 -0.0412987 0.0375 -0.0194643 -0.041145 -0.0425 -0.014073 -0.041145 0.0375 -0.014073 -0.0409677 -0.0425 0.0220319 -0.0409677 0.0375 0.0220319 -0.0409419 -0.0425 -0.025785 -0.0409419 0.0375 -0.025785 -0.0408415 -0.0425 -0.0186338 -0.0408415 0.0375 -0.0186338 -0.0407358 -0.0425 -0.0149282 -0.0407358 0.0375 -0.0149282 -0.0405493 -0.0425 -0.0177319 -0.0405493 0.0375 -0.0177319 -0.0404955 -0.0425 -0.0158452 -0.0404955 0.0375 -0.0158452 -0.0404326 -0.0425 -0.0167911 -0.0404326 0.0375 -0.0167911 -0.0401186 -0.0425 -0.025315 -0.0401186 0.0375 -0.025315 -0.0400217 -0.0425 0.0219705 -0.0400217 0.0375 0.0219705 -0.0392214 -0.0425 -0.0250088 -0.0392214 0.0375 -0.0250088 -0.0390811 -0.0425 0.0220888 -0.0390811 0.0375 0.0220888 -0.0382826 -0.0425 -0.0248774 -0.0382826 0.0375 -0.0248774 -0.0381797 -0.0425 0.0223825 -0.0381797 0.0375 0.0223825 -0.03735 -0.0425 0.0228411 -0.03735 0.0375 0.0228411 -0.0373358 -0.0425 -0.0249256 -0.0373358 0.0375 -0.0249256 -0.0371748 -0.0425 0.0309701 -0.0371748 0.0375 0.0309701 -0.0366217 -0.0425 0.023448 -0.0366217 0.0375 0.023448 -0.0364733 -0.0425 0.0303323 -0.0364733 0.0375 0.0303323 -0.0364151 -0.0425 -0.0251517 -0.0364151 0.0375 -0.0251517 -0.0360425 -0.0425 0.0322807 -0.0360425 0.0375 0.0322807 -0.0360211 -0.0425 0.0241814 -0.0360211 0.0375 0.0241814 -0.0359048 -0.0425 0.0295737 -0.0359048 0.0375 0.0295737 -0.0355697 -0.0425 0.0250151 -0.0355697 0.0375 0.0250151 -0.0355537 -0.0425 -0.0255474 -0.0355537 0.0375 -0.0255474 -0.0354898 -0.0425 0.0287213 -0.0354898 0.0375 0.0287213 -0.0352837 -0.0425 0.025919 -0.0352837 0.0375 0.025919 -0.0352431 -0.0425 0.027806 -0.0352431 0.0375 0.027806 -0.0351735 -0.0425 0.0268605 -0.0351735 0.0375 0.0268605 -0.034904 -0.0425 -0.0025899 -0.034904 -0.0125 -0.0025899 -0.0348641 -0.0425 0.03355 -0.0348641 0.0375 0.03355 -0.0347856 -0.0425 0.0038678 -0.0347856 -0.0125 0.0038678 -0.0347824 -0.0425 -0.0260987 -0.0347824 0.0375 -0.0260987 -0.0347762 -0.0425 -0.0336411 -0.0347762 0.0375 -0.0336411 -0.034129 -0.0425 -0.0267856 -0.034129 0.0375 -0.0267856 -0.034124 -0.0425 -0.0329531 -0.034124 0.0375 -0.0329531 -0.0338338 -0.0425 -0.0089594 -0.0338338 -0.0125 -0.0089594 -0.0336411 -0.0425 0.0347762 -0.0336411 0.0375 0.0347762 -0.0336171 -0.0425 -0.0275835 -0.0336171 0.0375 -0.0275835 -0.0336133 -0.0425 -0.0321544 -0.0336133 0.0375 -0.0321544 -0.03355 -0.0425 -0.0348641 -0.03355 0.0375 -0.0348641 -0.0334826 -0.0425 0.0101938 -0.0334826 -0.0125 0.0101938 -0.0332649 -0.0425 -0.0284637 -0.0332649 0.0375 -0.0284637 -0.0332626 -0.0425 -0.0312736 -0.0332626 0.0375 -0.0312736 -0.0330852 -0.0425 -0.0293945 -0.0330852 0.0375 -0.0293945 -0.0330844 -0.0425 -0.0303425 -0.0330844 0.0375 -0.0303425 -0.0329531 -0.0425 0.034124 -0.0329531 0.0375 0.034124 -0.0322807 -0.0425 -0.0360425 -0.0322807 0.0375 -0.0360425 -0.0321544 -0.0425 0.0336133 -0.0321544 0.0375 0.0336133 -0.0316115 -0.0425 -0.0150238 -0.0316115 -0.0125 -0.0150238 -0.0312736 -0.0425 0.0332626 -0.0312736 0.0375 0.0332626 -0.0310394 -0.0425 0.0161726 -0.0310394 -0.0125 0.0161726 -0.0309701 -0.0425 -0.0371748 -0.0309701 0.0375 -0.0371748 -0.0303425 -0.0425 0.0330844 -0.0303425 0.0375 0.0330844 -0.0303323 -0.0425 -0.0364733 -0.0303323 0.0375 -0.0364733 -0.0295737 -0.0425 -0.0359048 -0.0295737 0.0375 -0.0359048 -0.0293945 -0.0425 0.0330852 -0.0293945 0.0375 0.0330852 -0.0287213 -0.0425 -0.0354898 -0.0287213 0.0375 -0.0354898 -0.0284637 -0.0425 0.0332649 -0.0284637 0.0375 0.0332649 -0.0283126 -0.0425 -0.0205766 -0.0283126 -0.0125 -0.0205766 -0.027806 -0.0425 -0.0352431 -0.027806 0.0375 -0.0352431 -0.0275835 -0.0425 0.0336171 -0.0275835 0.0375 0.0336171 -0.0275392 -0.0425 0.0216007 -0.0275392 -0.0125 0.0216007 -0.0268605 -0.0425 -0.0351735 -0.0268605 0.0375 -0.0351735 -0.0267856 -0.0425 0.034129 -0.0267856 0.0375 0.034129 -0.0260987 -0.0425 0.0347824 -0.0260987 0.0375 0.0347824 -0.025919 -0.0425 -0.0352837 -0.025919 0.0375 -0.0352837 -0.025785 -0.0425 0.0409419 -0.025785 0.0375 0.0409419 -0.0255474 -0.0425 0.0355537 -0.0255474 0.0375 0.0355537 -0.025315 -0.0425 0.0401186 -0.025315 0.0375 0.0401186 -0.0251517 -0.0425 0.0364151 -0.0251517 0.0375 0.0364151 -0.0250151 -0.0425 -0.0355697 -0.0250151 0.0375 -0.0355697 -0.0250088 -0.0425 0.0392214 -0.0250088 0.0375 0.0392214 -0.0249256 -0.0425 0.0373358 -0.0249256 0.0375 0.0373358 -0.0248774 -0.0425 0.0382826 -0.0248774 0.0375 0.0382826 -0.0243032 -0.0425 0.0418385 -0.0243032 0.0375 0.0418385 -0.0241814 -0.0425 -0.0360211 -0.0241814 0.0375 -0.0360211 -0.0240496 -0.0425 -0.0254287 -0.0240496 -0.0125 -0.0254287 -0.023448 -0.0425 -0.0366217 -0.023448 0.0375 -0.0366217 -0.0231012 -0.0425 0.0262933 -0.0231012 -0.0125 0.0262933 -0.0228411 -0.0425 -0.03735 -0.0228411 0.0375 -0.03735 -0.0227903 -0.0425 0.0426815 -0.0227903 0.0375 0.0426815 -0.0226785 -0.0425 -0.042741 -0.0226785 0.0375 -0.042741 -0.0223825 -0.0425 -0.0381797 -0.0223825 0.0375 -0.0381797 -0.0222708 -0.0425 -0.0418851 -0.0222708 0.0375 -0.0418851 -0.0220888 -0.0425 -0.0390811 -0.0220888 0.0375 -0.0390811 -0.0220319 -0.0425 -0.0409677 -0.0220319 0.0375 -0.0409677 -0.0219705 -0.0425 -0.0400217 -0.0219705 0.0375 -0.0400217 -0.0212481 -0.0425 0.0434698 -0.0212481 0.0375 0.0434698 -0.0211343 -0.0425 -0.0435253 -0.0211343 0.0375 -0.0435253 -0.0207954 -0.0425 0.0426369 -0.0207954 0.0375 0.0426369 -0.0201935 -0.0425 0.0419044 -0.0201935 0.0375 0.0419044 -0.019563 -0.0425 -0.0442538 -0.019563 0.0375 -0.0442538 -0.0194643 -0.0425 0.0412987 -0.0194643 0.0375 0.0412987 -0.0189676 -0.0425 -0.0294148 -0.0189676 -0.0125 -0.0294148 -0.0186338 -0.0425 0.0408415 -0.0186338 0.0375 0.0408415 -0.0184841 0.0375 0.0007663 -0.0182785 0.0375 -0.0028545 -0.0180943 0.0375384 0.0007502 -0.0179795 0.0375 0.0043577 -0.0179666 -0.0425 -0.0449256 -0.0179666 0.0375 -0.0449256 -0.0178929 0.0375384 -0.0027943 -0.0178765 -0.0425 0.0300904 -0.0178765 -0.0125 0.0300904 -0.0177319 -0.0425 0.0405493 -0.0177319 0.0375 0.0405493 -0.0177194 0.0376522 0.0007346 -0.0176003 0.0375384 0.0042658 -0.0175769 -0.0425 -0.0440614 -0.0175769 0.0375 -0.0440614 -0.0175223 0.0376522 -0.0027364 -0.0173739 0.0378371 0.0007203 -0.0173704 0.0375 -0.0063656 -0.0172356 0.0376522 0.0041774 -0.0171806 0.0378371 -0.002683 -0.0170711 0.0380858 0.0007077 -0.017031 -0.0425 -0.0432863 -0.017031 0.0375 -0.0432863 -0.017004 0.0375384 -0.0062313 -0.0168996 0.0378371 0.0040959 -0.0168812 0.0380858 -0.0026363 -0.0168226 0.0383889 0.0006974 -0.0167911 -0.0425 0.0404326 -0.0167911 0.0375 0.0404326 -0.0167838 0.0375 0.0077815 -0.0166517 0.0376522 -0.0061022 -0.0166379 0.0387346 0.0006898 -0.0166354 0.0383889 -0.0025979 -0.016605 0.0380858 0.0040245 -0.0165242 0.0391098 0.0006851 -0.0164858 0.0395 0.0006835 -0.0164858 0.0425 0.0006835 -0.0164528 0.0387346 -0.0025694 -0.0164299 0.0375384 0.0076174 -0.0163633 0.0383889 0.003966 -0.0163487 -0.0425 -0.0426282 -0.0163487 0.0375 -0.0426282 -0.0163404 0.0391098 -0.0025518 -0.0163271 0.0378371 -0.0059833 -0.0163024 0.0395 -0.0025459 -0.0163024 0.0425 -0.0025459 -0.0161837 0.0387346 0.0039224 -0.0160895 0.0376522 0.0074596 -0.0160731 0.0391098 0.0038956 -0.0160425 0.0380858 -0.005879 -0.0160357 0.0395 0.0038866 -0.0160357 0.0425 0.0038866 -0.0158452 -0.0425 0.0404955 -0.0158452 0.0375 0.0404955 -0.015809 0.0383889 -0.0057934 -0.0157947 0.0375 -0.0096321 -0.0157758 0.0378371 0.0073142 -0.0157333 -0.0125 -0.0041354 -0.0157333 0.0225 -0.0041354 -0.0156888 -0.0125 -0.0049183 -0.0156888 0.0225 -0.0049183 -0.0156354 0.0387346 -0.0057298 -0.0156242 -0.0125 -0.0033589 -0.0156242 0.0225 -0.0033589 -0.0155544 -0.0425 -0.0421107 -0.0155544 0.0375 -0.0421107 -0.0155286 0.0391098 -0.0056906 -0.0155008 0.0380858 0.0071867 -0.0154925 -0.0125 -0.0056774 -0.0154925 0.0225 -0.0056774 -0.0154925 0.0395 -0.0056774 -0.0154925 0.0425 -0.0056774 -0.0154616 0.0375384 -0.0094289 -0.0153657 -0.0125 -0.0026186 -0.0153657 0.0225 -0.0026186 -0.0152752 0.0383889 0.0070821 -0.0151518 -0.0125 -0.0063837 -0.0151518 0.0225 -0.0063837 -0.0151413 0.0376522 -0.0092336 -0.0151075 0.0387346 0.0070043 -0.0150042 0.0391098 0.0069565 -0.0149694 0.0395 0.0069403 -0.0149694 0.0425 0.0069403 -0.0149677 -0.0125 -0.0019429 -0.0149677 0.0225 -0.0019429 -0.0149432 0.0375 0.0109064 -0.0149282 -0.0425 0.0407358 -0.0149282 0.0375 0.0407358 -0.0148461 0.0378371 -0.0090535 -0.0146799 -0.0125 -0.0070099 -0.0146799 0.0225 -0.0070099 -0.0146767 -0.0425 -0.0417524 -0.0146767 0.0375 -0.0417524 -0.0146281 0.0375384 0.0106764 -0.0145873 0.0380858 -0.0088957 -0.0144456 -0.0125 -0.0013579 -0.0144456 0.0225 -0.0013579 -0.014375 0.0383889 -0.0087662 -0.014325 0.0376522 0.0104552 -0.0142172 0.0387346 -0.00867 -0.01412 0.0391098 -0.0086108 -0.0140949 -0.0125 -0.007532 -0.0140949 0.0225 -0.007532 -0.0140872 0.0395 -0.0085908 -0.0140872 0.0425 -0.0085908 -0.014073 -0.0425 0.041145 -0.014073 0.0375 0.041145 -0.0140457 0.0378371 0.0102513 -0.0138193 -0.0125 -0.000886 -0.0138193 0.0225 -0.000886 -0.0138009 0.0380858 0.0100727 -0.0137471 -0.0425 -0.0415662 -0.0137471 0.0375 -0.0415662 -0.0136121 0.0375 -0.0125284 -0.0136 0.0383889 0.009926 -0.0135898 -0.0125 0.0081795 -0.0135898 0.0225 0.0081795 -0.0135453 -0.0125 0.0073966 -0.0135453 0.0225 0.0073966 -0.0134807 -0.0125 0.008956 -0.0134807 0.0225 0.008956 -0.0134507 0.0387346 0.0098171 -0.0134192 -0.0125 -0.00793 -0.0134192 0.0225 -0.00793 -0.0133588 0.0391098 0.00975 -0.013349 -0.0125 0.0066374 -0.013349 0.0225 0.0066374 -0.0133278 0.0395 0.0097273 -0.0133278 0.0425 0.0097273 -0.013325 0.0375384 -0.0122641 -0.0133104 -0.0425 0.0417081 -0.0133104 0.0375 0.0417081 -0.0132397 -0.0425 -0.0323992 -0.0132397 -0.0125 -0.0323992 -0.0132354 0.0225 -0.0042389 -0.0132354 0.0425 -0.0042389 -0.0132221 -0.0125 0.0096963 -0.0132221 0.0225 0.0096963 -0.0132188 0.0225 -0.0045325 -0.0132188 0.0425 -0.0045325 -0.0131945 0.0225 -0.0039477 -0.0131945 0.0425 -0.0039477 -0.0131451 0.0225 -0.0048172 -0.0131451 0.0425 -0.0048172 -0.0131131 -0.0125 -0.0005453 -0.0131131 0.0225 -0.0005453 -0.0130976 0.0225 -0.0036701 -0.0130976 0.0425 -0.0036701 -0.013049 0.0376522 -0.0120101 -0.0130174 0.0225 -0.005082 -0.0130174 0.0425 -0.005082 -0.0130083 -0.0125 0.0059312 -0.0130083 0.0225 0.0059312 -0.0129483 0.0225 -0.0034168 -0.0129483 0.0425 -0.0034168 -0.0128404 0.0225 -0.0053169 -0.0128404 0.0425 -0.0053169 -0.0128242 -0.0125 0.0103719 -0.0128242 0.0225 0.0103719 -0.0127991 -0.0425 -0.0415588 -0.0127991 0.0375 -0.0415588 -0.0127945 0.0378371 -0.0117759 -0.0127525 0.0225 -0.0031974 -0.0127525 0.0425 -0.0031974 -0.0126789 -0.0125 -0.0081885 -0.0126789 0.0225 -0.0081885 -0.0126678 -0.0425 0.0424051 -0.0126678 0.0375 0.0424051 -0.012621 0.0225 -0.0055127 -0.012621 0.0425 -0.0055127 -0.0125715 0.0380858 -0.0115707 -0.0125364 -0.0125 0.0053049 -0.0125364 0.0225 0.0053049 -0.0125284 0.0375 0.0136121 -0.0125177 0.0225 -0.0030204 -0.0125177 0.0425 -0.0030204 -0.0123885 0.0383889 -0.0114022 -0.0123677 0.0225 -0.0056619 -0.0123677 0.0425 -0.0056619 -0.0123539 -0.0125 -0.000349 -0.0123539 0.0225 -0.000349 -0.012302 -0.0125 0.0109569 -0.012302 0.0225 0.0109569 -0.0122641 0.0375384 0.013325 -0.0122529 0.0225 -0.0028927 -0.0122529 0.0425 -0.0028927 -0.0122526 0.0387346 -0.0112771 -0.0121688 0.0391098 -0.0112 -0.0121683 -0.0425 0.0432109 -0.0121683 0.0375 0.0432109 -0.0121471 0.0275 0.0018361 -0.0121471 0.0425 0.0018361 -0.0121405 0.0395 -0.011174 -0.0121405 0.0425 -0.011174 -0.0121238 0.0275 0.0014251 -0.0121238 0.0425 0.0014251 -0.0120901 0.0225 -0.0057589 -0.0120901 0.0425 -0.0057589 -0.0120898 0.0275 0.0022438 -0.0120898 0.0425 0.0022438 -0.012043 -0.0425 0.0328628 -0.012043 -0.0125 0.0328628 -0.0120207 0.0275 0.0010265 -0.0120207 0.0425 0.0010265 -0.0120101 0.0376522 0.013049 -0.0119682 0.0225 -0.002819 -0.0119682 0.0425 -0.002819 -0.0119541 0.0275 0.0026324 -0.0119541 0.0425 0.0026324 -0.0119513 -0.0125 0.0047828 -0.0119513 0.0225 0.0047828 -0.0119024 -0.0125 -0.0082976 -0.0119024 0.0225 -0.0082976 -0.0118713 -0.0425 0.0469061 -0.0118713 0.0375 0.0469061 -0.0118668 -0.0425 -0.0417305 -0.0118668 0.0375 -0.0417305 -0.0118418 0.0275 0.0006557 -0.0118418 0.0425 0.0006557 -0.0118299 -0.0425 0.0440964 -0.0118299 0.0375 0.0440964 -0.0117989 0.0225 -0.0057998 -0.0117989 0.0425 -0.0057998 -0.0117759 0.0378371 0.0127945 -0.0117452 0.0275 0.0029871 -0.0117452 0.0425 0.0029871 -0.0116786 -0.0425 0.0459779 -0.0116786 0.0375 0.0459779 -0.0116758 -0.0125 0.0114288 -0.0116758 0.0225 0.0114288 -0.0116746 0.0225 -0.0028024 -0.0116746 0.0425 -0.0028024 -0.0116647 -0.0425 0.0450299 -0.0116647 0.0375 0.0450299 -0.0115941 0.0275 0.000327 -0.0115941 0.0425 0.000327 -0.011571 -0.0125 -0.0003045 -0.011571 0.0225 -0.0003045 -0.0115707 0.0380858 0.0125715 -0.0115053 0.0225 -0.0057831 -0.0115053 0.0425 -0.0057831 -0.0114711 0.0275 0.0032943 -0.0114711 0.0425 0.0032943 -0.0114022 0.0383889 0.0123885 -0.0113834 0.0225 -0.0028433 -0.0113834 0.0425 -0.0028433 -0.0112869 0.0275 5.29e-05 -0.0112869 0.0425 5.29e-05 -0.0112771 0.0387346 0.0122526 -0.0112757 -0.0125 0.0043848 -0.0112757 0.0225 0.0043848 -0.0112206 0.0225 -0.0057095 -0.0112206 0.0425 -0.0057095 -0.0112 0.0391098 0.0121688 -0.011174 0.0395 0.0121405 -0.011174 0.0425 0.0121405 -0.0111423 0.0275 0.003542 -0.0111423 0.0425 0.003542 -0.0111195 -0.0125 -0.0082532 -0.0111195 0.0225 -0.0082532 -0.0111058 0.0225 -0.0029402 -0.0111058 0.0425 -0.0029402 -0.0110919 0.0225 0.0080759 -0.0110919 0.0425 0.0080759 -0.0110752 0.0225 0.0077823 -0.0110752 0.0425 0.0077823 -0.011051 0.0225 0.0083671 -0.011051 0.0425 0.0083671 -0.0110016 0.0225 0.0074976 -0.0110016 0.0425 0.0074976 -0.0109836 -0.0425 -0.0420751 -0.0109836 0.0375 -0.0420751 -0.0109695 -0.0125 0.0117695 -0.0109695 0.0225 0.0117695 -0.0109558 0.0225 -0.0055817 -0.0109558 0.0425 -0.0055817 -0.0109541 0.0225 0.0086447 -0.0109541 0.0425 0.0086447 -0.0109322 0.0275 -0.0001561 -0.0109322 0.0425 -0.0001561 -0.0109064 0.0375 -0.0149432 -0.0108739 0.0225 0.0072328 -0.0108739 0.0425 0.0072328 -0.0108524 0.0225 -0.0030895 -0.0108524 0.0425 -0.0030895 -0.0108048 0.0225 0.0088981 -0.0108048 0.0425 0.0088981 -0.0107945 -0.0125 -0.0004136 -0.0107945 0.0225 -0.0004136 -0.0107715 0.0275 0.0037209 -0.0107715 0.0425 0.0037209 -0.0107209 0.0225 -0.0054048 -0.0107209 0.0425 -0.0054048 -0.0106969 0.0225 0.006998 -0.0106969 0.0425 0.006998 -0.0106764 0.0375384 -0.0146281 -0.010633 0.0225 -0.0032853 -0.010633 0.0425 -0.0032853 -0.010609 0.0225 0.0091175 -0.010609 0.0425 0.0091175 -0.0105436 0.0275 -0.0002918 -0.0105436 0.0425 -0.0002918 -0.0105354 -0.0125 0.0041263 -0.0105354 0.0225 0.0041263 -0.0105251 0.0225 -0.0051854 -0.0105251 0.0425 -0.0051854 -0.0104775 0.0225 0.0068022 -0.0104775 0.0425 0.0068022 -0.0104561 0.0225 -0.0035201 -0.0104561 0.0425 -0.0035201 -0.0104552 0.0376522 -0.014325 -0.0103759 0.0225 -0.004932 -0.0103759 0.0425 -0.004932 -0.0103742 0.0225 0.0092944 -0.0103742 0.0425 0.0092944 -0.0103729 0.0275 0.003824 -0.0103729 0.0425 0.003824 -0.0103604 -0.0125 -0.0080568 -0.0103604 0.0225 -0.0080568 -0.0103283 0.0225 -0.0037849 -0.0103283 0.0425 -0.0037849 -0.0102789 0.0225 -0.0046544 -0.0102789 0.0425 -0.0046544 -0.0102547 0.0225 -0.0040696 -0.0102547 0.0425 -0.0040696 -0.0102513 0.0378371 -0.0140457 -0.010238 0.0225 -0.0043632 -0.010238 0.0425 -0.0043632 -0.0102241 0.0225 0.0066529 -0.0102241 0.0425 0.0066529 -0.0102104 -0.0125 0.0119659 -0.0102104 0.0225 0.0119659 -0.0101849 -0.0425 0.0473009 -0.0101849 0.0375 0.0473009 -0.0101814 -0.0425 -0.0425802 -0.0101814 0.0375 -0.0425802 -0.0101359 0.0275 -0.0003491 -0.0101359 0.0425 -0.0003491 -0.0101093 0.0225 0.0094222 -0.0101093 0.0425 0.0094222 -0.0100727 0.0380858 -0.0138009 -0.0100542 -0.0125 -0.0006721 -0.0100542 0.0225 -0.0006721 -0.0099619 0.0275 0.0038473 -0.0099619 0.0425 0.0038473 -0.0099465 0.0225 0.006556 -0.0099465 0.0425 0.006556 -0.009926 0.0383889 -0.0136 -0.0098246 0.0225 0.0094958 -0.0098246 0.0425 0.0094958 -0.0098171 0.0387346 -0.0134507 -0.0097589 -0.0125 0.0040172 -0.0097589 0.0225 0.0040172 -0.00975 0.0391098 -0.0133588 -0.0097273 0.0395 -0.0133278 -0.0097273 0.0425 -0.0133278 -0.0097249 0.0275 -0.0003257 -0.0097249 0.0425 -0.0003257 -0.0096553 0.0225 0.0065151 -0.0096553 0.0425 0.0065151 -0.0096541 -0.0125 -0.0077161 -0.0096541 0.0225 -0.0077161 -0.0096321 0.0375 0.0157947 -0.0095543 0.0275 0.00379 -0.0095543 0.0425 0.00379 -0.0095311 0.0225 0.0095125 -0.0095311 0.0425 0.0095125 -0.0094889 -0.0425 -0.0432276 -0.0094889 0.0375 -0.0432276 -0.0094289 0.0375384 0.0154616 -0.0094275 -0.0125 0.0120103 -0.0094275 0.0225 0.0120103 -0.0093786 -0.0125 -0.0010701 -0.0093786 0.0225 -0.0010701 -0.0093618 0.0225 0.0065317 -0.0093618 0.0425 0.0065317 -0.0093263 0.0275 -0.0002227 -0.0093263 0.0425 -0.0002227 -0.0092399 0.0225 0.0094716 -0.0092399 0.0425 0.0094716 -0.0092336 0.0376522 0.0151413 -0.0091656 0.0275 0.0036543 -0.0091656 0.0425 0.0036543 -0.0090771 0.0225 0.0066054 -0.0090771 0.0425 0.0066054 -0.0090535 0.0378371 0.0148461 -0.0090279 -0.0125 -0.0072442 -0.0090279 0.0225 -0.0072442 -0.008976 -0.0125 0.0040617 -0.008976 0.0225 0.0040617 -0.0089623 0.0225 0.0093746 -0.0089623 0.0425 0.0093746 -0.0089555 0.0275 -4.38e-05 -0.0089555 0.0425 -4.38e-05 -0.008931 -0.0425 -0.0439941 -0.008931 0.0375 -0.0439941 -0.0088957 0.0380858 0.0145873 -0.0088122 0.0225 0.0067331 -0.0088122 0.0425 0.0067331 -0.0088109 0.0275 0.0034454 -0.0088109 0.0425 0.0034454 -0.0087936 -0.0125 -0.0015922 -0.0087936 0.0225 -0.0015922 -0.0087662 0.0383889 0.014375 -0.0087089 0.0225 0.0092254 -0.0087089 0.0425 0.0092254 -0.00867 0.0387346 0.0142172 -0.008651 -0.0125 0.0119012 -0.008651 0.0225 0.0119012 -0.0086268 0.0275 0.000204 -0.0086268 0.0425 0.000204 -0.0086108 0.0391098 0.01412 -0.0085908 0.0395 0.0140872 -0.0085908 0.0425 0.0140872 -0.0085774 0.0225 0.0069101 -0.0085774 0.0425 0.0069101 -0.0085278 -0.0425 -0.0448522 -0.0085278 0.0375 -0.0448522 -0.0085058 -0.0125 -0.0066592 -0.0085058 0.0225 -0.0066592 -0.0085038 0.0275 0.0031713 -0.0085038 0.0425 0.0031713 -0.0084895 0.0225 0.0090296 -0.0084895 0.0425 0.0090296 -0.0084855 -0.0425 0.0476351 -0.0084855 0.0375 0.0476351 -0.0083816 0.0225 0.0071295 -0.0083816 0.0425 0.0071295 -0.0083608 -0.0425 -0.0476572 -0.0083608 0.0375 -0.0476572 -0.0083526 0.0275 0.0005111 -0.0083526 0.0425 0.0005111 -0.0083217 -0.0125 -0.0022185 -0.0083217 0.0225 -0.0022185 -0.0083125 0.0225 0.0087947 -0.0083125 0.0425 0.0087947 -0.0082939 -0.0425 -0.0457709 -0.0082939 0.0375 -0.0457709 -0.008256 0.0275 0.0028425 -0.008256 0.0425 0.0028425 -0.0082376 -0.0425 -0.0467172 -0.0082376 0.0375 -0.0467172 -0.0082323 0.0225 0.0073828 -0.0082323 0.0425 0.0073828 -0.0082169 -0.0125 0.004258 -0.0082169 0.0225 0.004258 -0.0081848 0.0225 0.0085299 -0.0081848 0.0425 0.0085299 -0.0081437 0.0275 0.0008658 -0.0081437 0.0425 0.0008658 -0.0081354 0.0225 0.0076604 -0.0081354 0.0425 0.0076604 -0.0081112 0.0225 0.0082452 -0.0081112 0.0425 0.0082452 -0.0081078 -0.0125 -0.0059836 -0.0081078 0.0225 -0.0059836 -0.0080945 0.0225 0.0079516 -0.0080945 0.0425 0.0079516 -0.0080771 0.0275 0.0024717 -0.0080771 0.0425 0.0024717 -0.008008 0.0275 0.0012545 -0.008008 0.0425 0.0012545 -0.007981 -0.0125 -0.0029247 -0.007981 0.0225 -0.0029247 -0.0079741 0.0275 0.0020731 -0.0079741 0.0425 0.0020731 -0.0079507 0.0275 0.0016621 -0.0079507 0.0425 0.0016621 -0.0079107 -0.0125 0.0116427 -0.0079107 0.0225 0.0116427 -0.0078493 -0.0125 -0.0052433 -0.0078493 0.0225 -0.0052433 -0.0077846 -0.0125 -0.0036839 -0.0077846 0.0225 -0.0036839 -0.0077815 0.0375 -0.0167838 -0.0077402 -0.0125 -0.0044668 -0.0077402 0.0225 -0.0044668 -0.0076174 0.0375384 -0.0164299 -0.0075106 -0.0125 0.0045987 -0.0075106 0.0225 0.0045987 -0.0074596 0.0376522 -0.0160895 -0.0073142 0.0378371 -0.0157758 -0.0072351 -0.0125 0.0112447 -0.0072351 0.0225 0.0112447 -0.0071867 0.0380858 -0.0155008 -0.0070821 0.0383889 -0.0152752 -0.0070609 -0.0425 -0.0342804 -0.0070609 -0.0125 -0.0342804 -0.0070043 0.0387346 -0.0151075 -0.0069565 0.0391098 -0.0150042 -0.0069403 0.0395 -0.0149694 -0.0069403 0.0425 -0.0149694 -0.0068844 -0.0125 0.0050706 -0.0068844 0.0225 0.0050706 -0.0067752 -0.0425 0.0479083 -0.0067752 0.0375 0.0479083 -0.00665 -0.0125 0.0107226 -0.00665 0.0225 0.0107226 -0.0066499 -0.0425 -0.0479259 -0.0066499 0.0375 -0.0479259 -0.006602 -0.0425 0.0469762 -0.006602 0.0375 0.0469762 -0.0063656 0.0375 0.0173704 -0.0063622 -0.0125 0.0056556 -0.0063622 0.0225 0.0056556 -0.006256 -0.0425 0.0460936 -0.006256 0.0375 0.0460936 -0.0062313 0.0375384 0.017004 -0.0061781 -0.0125 0.0100964 -0.0061781 0.0225 0.0100964 -0.0061401 -0.0125 -0.0121492 -0.0061401 0.0225 -0.0121492 -0.0061022 0.0376522 0.0166517 -0.0060956 -0.0125 -0.012932 -0.0060956 0.0225 -0.012932 -0.006031 -0.0125 -0.0113726 -0.006031 0.0225 -0.0113726 -0.0059833 0.0378371 0.0163271 -0.0059643 -0.0125 0.0063313 -0.0059643 0.0225 0.0063313 -0.0058993 -0.0125 -0.0136912 -0.0058993 0.0225 -0.0136912 -0.005879 0.0380858 0.0160425 -0.0058374 -0.0125 0.0093901 -0.0058374 0.0225 0.0093901 -0.0057994 -0.0425 0.0345162 -0.0057994 -0.0125 0.0345162 -0.0057934 0.0383889 0.015809 -0.0057725 -0.0125 -0.0106323 -0.0057725 0.0225 -0.0106323 -0.0057496 -0.0425 0.0452922 -0.0057496 0.0375 0.0452922 -0.0057298 0.0387346 0.0156354 -0.0057058 -0.0125 0.0070716 -0.0057058 0.0225 0.0070716 -0.0056906 0.0391098 0.0155286 -0.0056774 0.0395 0.0154925 -0.0056774 0.0425 0.0154925 -0.0056411 -0.0125 0.008631 -0.0056411 0.0225 0.008631 -0.0055966 -0.0125 0.0078481 -0.0055966 0.0225 0.0078481 -0.0055586 -0.0125 -0.0143974 -0.0055586 0.0225 -0.0143974 -0.0053745 -0.0125 -0.0099567 -0.0053745 0.0225 -0.0099567 -0.0051011 -0.0425 0.0446007 -0.0051011 0.0375 0.0446007 -0.0050867 -0.0125 -0.0150237 -0.0050867 0.0225 -0.0150237 -0.0049303 -0.0425 -0.0481331 -0.0049303 0.0375 -0.0481331 -0.0048524 -0.0125 -0.0093717 -0.0048524 0.0225 -0.0093717 -0.0045017 -0.0125 -0.0155458 -0.0045017 0.0225 -0.0155458 -0.0043577 0.0375 -0.0179795 -0.0043336 -0.0425 0.0440441 -0.0043336 0.0375 0.0440441 -0.0042658 0.0375384 -0.0176003 -0.0042261 -0.0125 -0.0088998 -0.0042261 0.0225 -0.0088998 -0.0041774 0.0376522 -0.0172356 -0.0040959 0.0378371 -0.0168996 -0.0040245 0.0380858 -0.016605 -0.003966 0.0383889 -0.0163633 -0.0039224 0.0387346 -0.0161837 -0.0038956 0.0391098 -0.0160731 -0.0038866 0.0395 -0.0160357 -0.0038866 0.0425 -0.0160357 -0.003826 -0.0125 -0.0159438 -0.003826 0.0225 -0.0159438 -0.0036422 0.0225 -0.0122527 -0.0036422 0.0425 -0.0122527 -0.0036256 0.0225 -0.0125463 -0.0036256 0.0425 -0.0125463 -0.0036013 0.0225 -0.0119615 -0.0036013 0.0425 -0.0119615 -0.0035519 0.0225 -0.012831 -0.0035519 0.0425 -0.012831 -0.0035199 -0.0125 -0.0085591 -0.0035199 0.0225 -0.0085591 -0.0035044 0.0225 -0.0116839 -0.0035044 0.0425 -0.0116839 -0.003475 -0.0425 0.0436424 -0.003475 0.0375 0.0436424 -0.0034242 0.0225 -0.0130958 -0.0034242 0.0425 -0.0130958 -0.0033551 0.0225 -0.0114305 -0.0033551 0.0425 -0.0114305 -0.0032472 0.0225 -0.0133307 -0.0032472 0.0425 -0.0133307 -0.0032045 -0.0425 -0.0482788 -0.0032045 0.0375 -0.0482788 -0.0031593 0.0225 -0.0112112 -0.0031593 0.0425 -0.0112112 -0.0031009 -0.0425 -0.0473364 -0.0031009 0.0375 -0.0473364 -0.0030857 -0.0125 -0.0162023 -0.0030857 0.0225 -0.0162023 -0.0030278 0.0225 -0.0135265 -0.0030278 0.0425 -0.0135265 -0.0029245 0.0225 -0.0110342 -0.0029245 0.0425 -0.0110342 -0.0028545 0.0375 0.0182785 -0.0028213 -0.0425 -0.0464306 -0.0028213 0.0375 -0.0464306 -0.0027943 0.0375384 0.0178929 -0.0027745 0.0225 -0.0136757 -0.0027745 0.0425 -0.0136757 -0.0027607 -0.0125 -0.0083627 -0.0027607 0.0225 -0.0083627 -0.0027364 0.0376522 0.0175223 -0.002683 0.0378371 0.0171806 -0.0026597 0.0225 -0.0109064 -0.0026597 0.0425 -0.0109064 -0.0026363 0.0380858 0.0168812 -0.0025979 0.0383889 0.0166354 -0.0025694 0.0387346 0.0164528 -0.0025559 -0.0425 0.0434099 -0.0025559 0.0375 0.0434099 -0.0025518 0.0391098 0.0163404 -0.0025459 0.0395 0.0163024 -0.0025459 0.0425 0.0163024 -0.0024969 0.0225 -0.0137726 -0.0024969 0.0425 -0.0137726 -0.0023757 -0.0425 -0.0455938 -0.0023757 0.0375 -0.0455938 -0.002375 0.0225 -0.0108328 -0.002375 0.0425 -0.0108328 -0.0023092 -0.0125 -0.0163114 -0.0023092 0.0225 -0.0163114 -0.0022057 0.0225 -0.0138136 -0.0022057 0.0425 -0.0138136 -0.0020814 0.0225 -0.0108161 -0.0020814 0.0425 -0.0108161 -0.0019778 -0.0125 -0.0083183 -0.0019778 0.0225 -0.0083183 -0.0019121 0.0225 -0.0137969 -0.0019121 0.0425 -0.0137969 -0.001853 -0.0125 0.0124805 -0.001853 0.0225 0.0124805 -0.0018086 -0.0125 0.0116977 -0.0018086 0.0225 0.0116977 -0.0017902 0.0225 -0.010857 -0.0017902 0.0425 -0.010857 -0.0017802 -0.0425 -0.0448562 -0.0017802 0.0375 -0.0448562 -0.0017439 -0.0125 0.013257 -0.0017439 0.0225 0.013257 -0.0016274 0.0225 -0.0137232 -0.0016274 0.0425 -0.0137232 -0.0016122 -0.0125 0.0109385 -0.0016122 0.0225 0.0109385 -0.0016095 -0.0425 0.0433551 -0.0016095 0.0375 0.0433551 -0.0015263 -0.0125 -0.0162669 -0.0015263 0.0225 -0.0162669 -0.0015126 0.0225 -0.010954 -0.0015126 0.0425 -0.010954 -0.0014854 -0.0125 0.0139973 -0.0014854 0.0225 0.0139973 -0.0013625 0.0225 -0.0135955 -0.0013625 0.0425 -0.0135955 -0.0012715 -0.0125 0.0102322 -0.0012715 0.0225 0.0102322 -0.0012592 0.0225 -0.0111032 -0.0012592 0.0425 -0.0111032 -0.0012013 -0.0125 -0.0084274 -0.0012013 0.0225 -0.0084274 -0.0011277 0.0225 -0.0134185 -0.0011277 0.0425 -0.0134185 -0.0010874 -0.0125 0.014673 -0.0010874 0.0225 0.014673 -0.0010561 -0.0425 -0.0442442 -0.0010561 0.0375 -0.0442442 -0.0010398 0.0225 -0.011299 -0.0010398 0.0425 -0.011299 -0.0009319 0.0225 -0.0131991 -0.0009319 0.0425 -0.0131991 -0.0008629 0.0225 -0.0115339 -0.0008629 0.0425 -0.0115339 -0.0007996 -0.0125 0.009606 -0.0007996 0.0225 0.009606 -0.0007827 0.0225 -0.0129458 -0.0007827 0.0425 -0.0129458 -0.0007672 -0.0125 -0.0160706 -0.0007672 0.0225 -0.0160706 -0.0007663 0.0375 -0.0184841 -0.0007502 0.0375384 -0.0180943 -0.0007351 0.0225 -0.0117987 -0.0007351 0.0425 -0.0117987 -0.0007346 0.0376522 -0.0177194 -0.0007203 0.0378371 -0.0173739 -0.0007077 0.0380858 -0.0170711 -0.0006974 0.0383889 -0.0168226 -0.0006898 0.0387346 -0.0166379 -0.0006857 0.0225 -0.0126682 -0.0006857 0.0425 -0.0126682 -0.0006851 0.0391098 -0.0165242 -0.0006835 0.0395 -0.0164858 -0.0006835 0.0425 -0.0164858 -0.0006697 -0.0425 0.04348 -0.0006697 0.0375 0.04348 -0.0006615 0.0225 -0.0120834 -0.0006615 0.0425 -0.0120834 -0.0006448 0.0225 -0.012377 -0.0006448 0.0425 -0.012377 -0.0006417 -0.0425 -0.0349941 -0.0006417 -0.0125 -0.0349941 -0.0005653 -0.0125 0.015258 -0.0005653 0.0225 0.015258 -0.000461 -0.0125 -0.0086859 -0.000461 0.0225 -0.0086859 -0.0002296 -0.0425 -0.0437799 -0.0002296 0.0375 -0.0437799 -0.0002146 -0.0125 0.0090839 -0.0002146 0.0225 0.0090839 -6.09e-05 -0.0125 -0.0157299 -6.09e-05 0.0225 -0.0157299 6.09e-05 -0.0125 0.0157299 6.09e-05 0.0225 0.0157299 0.0002146 -0.0125 -0.0090839 0.0002146 0.0225 -0.0090839 0.0002296 -0.0425 0.0437799 0.0002296 0.0375 0.0437799 0.000461 -0.0125 0.0086859 0.000461 0.0225 0.0086859 0.0005653 -0.0125 -0.015258 0.0005653 0.0225 -0.015258 0.0006417 -0.0425 0.0349941 0.0006417 -0.0125 0.0349941 0.0006448 0.0225 0.012377 0.0006448 0.0425 0.012377 0.0006615 0.0225 0.0120834 0.0006615 0.0425 0.0120834 0.0006697 -0.0425 -0.04348 0.0006697 0.0375 -0.04348 0.0006835 0.0395 0.0164858 0.0006835 0.0425 0.0164858 0.0006851 0.0391098 0.0165242 0.0006857 0.0225 0.0126682 0.0006857 0.0425 0.0126682 0.0006898 0.0387346 0.0166379 0.0006974 0.0383889 0.0168226 0.0007077 0.0380858 0.0170711 0.0007203 0.0378371 0.0173739 0.0007346 0.0376522 0.0177194 0.0007351 0.0225 0.0117987 0.0007351 0.0425 0.0117987 0.0007502 0.0375384 0.0180943 0.0007663 0.0375 0.0184841 0.0007672 -0.0125 0.0160706 0.0007672 0.0225 0.0160706 0.0007827 0.0225 0.0129458 0.0007827 0.0425 0.0129458 0.0007996 -0.0125 -0.009606 0.0007996 0.0225 -0.009606 0.0008629 0.0225 0.0115339 0.0008629 0.0425 0.0115339 0.0009319 0.0225 0.0131991 0.0009319 0.0425 0.0131991 0.0010398 0.0225 0.011299 0.0010398 0.0425 0.011299 0.0010561 -0.0425 0.0442442 0.0010561 0.0375 0.0442442 0.0010874 -0.0125 -0.014673 0.0010874 0.0225 -0.014673 0.0011277 0.0225 0.0134185 0.0011277 0.0425 0.0134185 0.0012013 -0.0125 0.0084274 0.0012013 0.0225 0.0084274 0.0012592 0.0225 0.0111032 0.0012592 0.0425 0.0111032 0.0012715 -0.0125 -0.0102322 0.0012715 0.0225 -0.0102322 0.0013625 0.0225 0.0135955 0.0013625 0.0425 0.0135955 0.0014115 0.0275 -0.0094902 0.0014115 0.0425 -0.0094902 0.0014348 0.0275 -0.0099012 0.0014348 0.0425 -0.0099012 0.0014688 0.0275 -0.0090825 0.0014688 0.0425 -0.0090825 0.0014854 -0.0125 -0.0139973 0.0014854 0.0225 -0.0139973 0.0015126 0.0225 0.010954 0.0015126 0.0425 0.010954 0.0015263 -0.0125 0.0162669 0.0015263 0.0225 0.0162669 0.0015379 0.0275 -0.0102998 0.0015379 0.0425 -0.0102998 0.0016045 0.0275 -0.0086939 0.0016045 0.0425 -0.0086939 0.0016095 -0.0425 -0.0433551 0.0016095 0.0375 -0.0433551 0.0016122 -0.0125 -0.0109385 0.0016122 0.0225 -0.0109385 0.0016274 0.0225 0.0137232 0.0016274 0.0425 0.0137232 0.0017168 0.0275 -0.0106705 0.0017168 0.0425 -0.0106705 0.0017439 -0.0125 -0.013257 0.0017439 0.0225 -0.013257 0.0017802 -0.0425 0.0448562 0.0017802 0.0375 0.0448562 0.0017902 0.0225 0.010857 0.0017902 0.0425 0.010857 0.0018086 -0.0125 -0.0116977 0.0018086 0.0225 -0.0116977 0.0018134 0.0275 -0.0083391 0.0018134 0.0425 -0.0083391 0.001853 -0.0125 -0.0124805 0.001853 0.0225 -0.0124805 0.0019121 0.0225 0.0137969 0.0019121 0.0425 0.0137969 0.0019645 0.0275 -0.0109993 0.0019645 0.0425 -0.0109993 0.0019778 -0.0125 0.0083183 0.0019778 0.0225 0.0083183 0.0020814 0.0225 0.0108161 0.0020814 0.0425 0.0108161 0.0020875 0.0275 -0.008032 0.0020875 0.0425 -0.008032 0.0022057 0.0225 0.0138136 0.0022057 0.0425 0.0138136 0.0022717 0.0275 -0.0112734 0.0022717 0.0425 -0.0112734 0.0023092 -0.0125 0.0163114 0.0023092 0.0225 0.0163114 0.002375 0.0225 0.0108328 0.002375 0.0425 0.0108328 0.0023757 -0.0425 0.0455938 0.0023757 0.0375 0.0455938 0.0024163 0.0275 -0.0077843 0.0024163 0.0425 -0.0077843 0.0024969 0.0225 0.0137726 0.0024969 0.0425 0.0137726 0.0025459 0.0395 -0.0163024 0.0025459 0.0425 -0.0163024 0.0025518 0.0391098 -0.0163404 0.0025559 -0.0425 -0.0434099 0.0025559 0.0375 -0.0434099 0.0025694 0.0387346 -0.0164528 0.0025979 0.0383889 -0.0166354 0.0026264 0.0275 -0.0114824 0.0026264 0.0425 -0.0114824 0.0026363 0.0380858 -0.0168812 0.0026597 0.0225 0.0109064 0.0026597 0.0425 0.0109064 0.002683 0.0378371 -0.0171806 0.0027364 0.0376522 -0.0175223 0.0027607 -0.0125 0.0083627 0.0027607 0.0225 0.0083627 0.0027745 0.0225 0.0136757 0.0027745 0.0425 0.0136757 0.0027871 0.0275 -0.0076054 0.0027871 0.0425 -0.0076054 0.0027943 0.0375384 -0.0178929 0.0028213 -0.0425 0.0464306 0.0028213 0.0375 0.0464306 0.0028545 0.0375 -0.0182785 0.0029245 0.0225 0.0110342 0.0029245 0.0425 0.0110342 0.003015 0.0275 -0.0116181 0.003015 0.0425 -0.0116181 0.0030278 0.0225 0.0135265 0.0030278 0.0425 0.0135265 0.0030857 -0.0125 0.0162023 0.0030857 0.0225 0.0162023 0.0031009 -0.0425 0.0473364 0.0031009 0.0375 0.0473364 0.0031593 0.0225 0.0112112 0.0031593 0.0425 0.0112112 0.0031857 0.0275 -0.0075023 0.0031857 0.0425 -0.0075023 0.0032045 -0.0425 0.0482788 0.0032045 0.0375 0.0482788 0.0032472 0.0225 0.0133307 0.0032472 0.0425 0.0133307 0.0033551 0.0225 0.0114305 0.0033551 0.0425 0.0114305 0.0034227 0.0275 -0.0116754 0.0034227 0.0425 -0.0116754 0.0034242 0.0225 0.0130958 0.0034242 0.0425 0.0130958 0.003475 -0.0425 -0.0436424 0.003475 0.0375 -0.0436424 0.0035044 0.0225 0.0116839 0.0035044 0.0425 0.0116839 0.0035199 -0.0125 0.0085591 0.0035199 0.0225 0.0085591 0.0035519 0.0225 0.012831 0.0035519 0.0425 0.012831 0.0035967 0.0275 -0.007479 0.0035967 0.0425 -0.007479 0.0036013 0.0225 0.0119615 0.0036013 0.0425 0.0119615 0.0036256 0.0225 0.0125463 0.0036256 0.0425 0.0125463 0.0036422 0.0225 0.0122527 0.0036422 0.0425 0.0122527 0.003826 -0.0125 0.0159438 0.003826 0.0225 0.0159438 0.0038337 0.0275 -0.011652 0.0038337 0.0425 -0.011652 0.0038866 0.0395 0.0160357 0.0038866 0.0425 0.0160357 0.0038956 0.0391098 0.0160731 0.0039224 0.0387346 0.0161837 0.003966 0.0383889 0.0163633 0.0040043 0.0275 -0.0075363 0.0040043 0.0425 -0.0075363 0.0040245 0.0380858 0.016605 0.0040959 0.0378371 0.0168996 0.0041774 0.0376522 0.0172356 0.0042261 -0.0125 0.0088998 0.0042261 0.0225 0.0088998 0.0042323 0.0275 -0.0115489 0.0042323 0.0425 -0.0115489 0.0042658 0.0375384 0.0176003 0.0043336 -0.0425 -0.0440441 0.0043336 0.0375 -0.0440441 0.0043577 0.0375 0.0179795 0.004393 0.0275 -0.007672 0.004393 0.0425 -0.007672 0.004441 0.0275 0.007915 0.004441 0.0425 0.007915 0.0044644 0.0275 0.007504 0.0044644 0.0425 0.007504 0.0044983 0.0275 0.0083227 0.0044983 0.0425 0.0083227 0.0045017 -0.0125 0.0155458 0.0045017 0.0225 0.0155458 0.0045675 0.0275 0.0071055 0.0045675 0.0425 0.0071055 0.004603 0.0275 -0.0113701 0.004603 0.0425 -0.0113701 0.004634 0.0275 0.0087114 0.004634 0.0425 0.0087114 0.0047463 0.0275 0.0067347 0.0047463 0.0425 0.0067347 0.0047477 0.0275 -0.0078809 0.0047477 0.0425 -0.0078809 0.004843 0.0275 0.0090661 0.004843 0.0425 0.0090661 0.0048524 -0.0125 0.0093717 0.0048524 0.0225 0.0093717 0.0049303 -0.0425 0.0481331 0.0049303 0.0375 0.0481331 0.0049318 0.0275 -0.0111223 0.0049318 0.0425 -0.0111223 0.0049941 0.0275 0.0064059 0.0049941 0.0425 0.0064059 0.0050548 0.0275 -0.008155 0.0050548 0.0425 -0.008155 0.0050867 -0.0125 0.0150237 0.0050867 0.0225 0.0150237 0.0051011 -0.0425 -0.0446007 0.0051011 0.0375 -0.0446007 0.0051171 0.0275 0.0093732 0.0051171 0.0425 0.0093732 0.0052059 0.0275 -0.0108152 0.0052059 0.0425 -0.0108152 0.0053012 0.0275 0.0061318 0.0053012 0.0425 0.0061318 0.0053026 0.0275 -0.0084838 0.0053026 0.0425 -0.0084838 0.0053745 -0.0125 0.0099567 0.0053745 0.0225 0.0099567 0.0054149 0.0275 -0.0104605 0.0054149 0.0425 -0.0104605 0.0054459 0.0275 0.009621 0.0054459 0.0425 0.009621 0.0054814 0.0275 -0.0088546 0.0054814 0.0425 -0.0088546 0.0055506 0.0275 -0.0100718 0.0055506 0.0425 -0.0100718 0.0055586 -0.0125 0.0143974 0.0055586 0.0225 0.0143974 0.0055845 0.0275 -0.0092531 0.0055845 0.0425 -0.0092531 0.0055966 -0.0125 -0.0078481 0.0055966 0.0225 -0.0078481 0.0056079 0.0275 -0.0096642 0.0056079 0.0425 -0.0096642 0.0056411 -0.0125 -0.008631 0.0056411 0.0225 -0.008631 0.0056559 0.0275 0.0059229 0.0056559 0.0425 0.0059229 0.0056774 0.0395 -0.0154925 0.0056774 0.0425 -0.0154925 0.0056906 0.0391098 -0.0155286 0.0057058 -0.0125 -0.0070716 0.0057058 0.0225 -0.0070716 0.0057298 0.0387346 -0.0156354 0.0057496 -0.0425 -0.0452922 0.0057496 0.0375 -0.0452922 0.0057725 -0.0125 0.0106323 0.0057725 0.0225 0.0106323 0.0057934 0.0383889 -0.015809 0.0057994 -0.0425 -0.0345162 0.0057994 -0.0125 -0.0345162 0.0058167 0.0275 0.0097998 0.0058167 0.0425 0.0097998 0.0058374 -0.0125 -0.0093901 0.0058374 0.0225 -0.0093901 0.005879 0.0380858 -0.0160425 0.0058993 -0.0125 0.0136912 0.0058993 0.0225 0.0136912 0.0059643 -0.0125 -0.0063313 0.0059643 0.0225 -0.0063313 0.0059833 0.0378371 -0.0163271 0.006031 -0.0125 0.0113726 0.006031 0.0225 0.0113726 0.0060446 0.0275 0.0057871 0.0060446 0.0425 0.0057871 0.0060956 -0.0125 0.012932 0.0060956 0.0225 0.012932 0.0061022 0.0376522 -0.0166517 0.0061401 -0.0125 0.0121492 0.0061401 0.0225 0.0121492 0.0061781 -0.0125 -0.0100964 0.0061781 0.0225 -0.0100964 0.0062152 0.0275 0.0099029 0.0062152 0.0425 0.0099029 0.0062313 0.0375384 -0.017004 0.006256 -0.0425 -0.0460936 0.006256 0.0375 -0.0460936 0.0063622 -0.0125 -0.0056556 0.0063622 0.0225 -0.0056556 0.0063656 0.0375 -0.0173704 0.0064522 0.0275 0.0057299 0.0064522 0.0425 0.0057299 0.006602 -0.0425 -0.0469762 0.006602 0.0375 -0.0469762 0.0066262 0.0275 0.0099262 0.0066262 0.0425 0.0099262 0.0066499 -0.0425 0.0479259 0.0066499 0.0375 0.0479259 0.00665 -0.0125 -0.0107226 0.00665 0.0225 -0.0107226 0.0067752 -0.0425 -0.0479083 0.0067752 0.0375 -0.0479083 0.0068633 0.0275 0.0057532 0.0068633 0.0425 0.0057532 0.0068844 -0.0125 -0.0050706 0.0068844 0.0225 -0.0050706 0.0069403 0.0395 0.0149694 0.0069403 0.0425 0.0149694 0.0069565 0.0391098 0.0150042 0.0070043 0.0387346 0.0151075 0.0070339 0.0275 0.009869 0.0070339 0.0425 0.009869 0.0070609 -0.0425 0.0342804 0.0070609 -0.0125 0.0342804 0.0070821 0.0383889 0.0152752 0.0071867 0.0380858 0.0155008 0.0072351 -0.0125 -0.0112447 0.0072351 0.0225 -0.0112447 0.0072618 0.0275 0.0058563 0.0072618 0.0425 0.0058563 0.0073142 0.0378371 0.0157758 0.0074225 0.0275 0.0097332 0.0074225 0.0425 0.0097332 0.0074596 0.0376522 0.0160895 0.0075106 -0.0125 -0.0045987 0.0075106 0.0225 -0.0045987 0.0076174 0.0375384 0.0164299 0.0076326 0.0275 0.0060351 0.0076326 0.0425 0.0060351 0.0077402 -0.0125 0.0044668 0.0077402 0.0225 0.0044668 0.0077773 0.0275 0.0095243 0.0077773 0.0425 0.0095243 0.0077815 0.0375 0.0167838 0.0077846 -0.0125 0.0036839 0.0077846 0.0225 0.0036839 0.0078493 -0.0125 0.0052433 0.0078493 0.0225 0.0052433 0.0079107 -0.0125 -0.0116427 0.0079107 0.0225 -0.0116427 0.0079614 0.0275 0.0062829 0.0079614 0.0425 0.0062829 0.007981 -0.0125 0.0029247 0.007981 0.0225 0.0029247 0.0080844 0.0275 0.0092502 0.0080844 0.0425 0.0092502 0.0080945 0.0225 -0.0079516 0.0080945 0.0425 -0.0079516 0.0081078 -0.0125 0.0059836 0.0081078 0.0225 0.0059836 0.0081112 0.0225 -0.0082452 0.0081112 0.0425 -0.0082452 0.0081354 0.0225 -0.0076604 0.0081354 0.0425 -0.0076604 0.0081848 0.0225 -0.0085299 0.0081848 0.0425 -0.0085299 0.0082169 -0.0125 -0.004258 0.0082169 0.0225 -0.004258 0.0082323 0.0225 -0.0073828 0.0082323 0.0425 -0.0073828 0.0082355 0.0275 0.00659 0.0082355 0.0425 0.00659 0.0082376 -0.0425 0.0467172 0.0082376 0.0375 0.0467172 0.0082939 -0.0425 0.0457709 0.0082939 0.0375 0.0457709 0.0083125 0.0225 -0.0087947 0.0083125 0.0425 -0.0087947 0.0083217 -0.0125 0.0022185 0.0083217 0.0225 0.0022185 0.0083322 0.0275 0.0089214 0.0083322 0.0425 0.0089214 0.0083608 -0.0425 0.0476572 0.0083608 0.0375 0.0476572 0.0083816 0.0225 -0.0071295 0.0083816 0.0425 -0.0071295 0.0084444 0.0275 0.0069447 0.0084444 0.0425 0.0069447 0.0084855 -0.0425 -0.0476351 0.0084855 0.0375 -0.0476351 0.0084895 0.0225 -0.0090296 0.0084895 0.0425 -0.0090296 0.0085058 -0.0125 0.0066592 0.0085058 0.0225 0.0066592 0.008511 0.0275 0.0085506 0.008511 0.0425 0.0085506 0.0085278 -0.0425 0.0448522 0.0085278 0.0375 0.0448522 0.0085774 0.0225 -0.0069101 0.0085774 0.0425 -0.0069101 0.0085801 0.0275 0.0073334 0.0085801 0.0425 0.0073334 0.0085908 0.0395 -0.0140872 0.0085908 0.0425 -0.0140872 0.0086108 0.0391098 -0.01412 0.0086141 0.0275 0.0081521 0.0086141 0.0425 0.0081521 0.0086374 0.0275 0.0077411 0.0086374 0.0425 0.0077411 0.008651 -0.0125 -0.0119012 0.008651 0.0225 -0.0119012 0.00867 0.0387346 -0.0142172 0.0087089 0.0225 -0.0092254 0.0087089 0.0425 -0.0092254 0.0087662 0.0383889 -0.014375 0.0087936 -0.0125 0.0015922 0.0087936 0.0225 0.0015922 0.0088122 0.0225 -0.0067331 0.0088122 0.0425 -0.0067331 0.0088957 0.0380858 -0.0145873 0.008931 -0.0425 0.0439941 0.008931 0.0375 0.0439941 0.0089623 0.0225 -0.0093746 0.0089623 0.0425 -0.0093746 0.008976 -0.0125 -0.0040617 0.008976 0.0225 -0.0040617 0.0090279 -0.0125 0.0072442 0.0090279 0.0225 0.0072442 0.0090535 0.0378371 -0.0148461 0.0090771 0.0225 -0.0066054 0.0090771 0.0425 -0.0066054 0.0092336 0.0376522 -0.0151413 0.0092399 0.0225 -0.0094716 0.0092399 0.0425 -0.0094716 0.0093618 0.0225 -0.0065317 0.0093618 0.0425 -0.0065317 0.0093786 -0.0125 0.0010701 0.0093786 0.0225 0.0010701 0.0094275 -0.0125 -0.0120103 0.0094275 0.0225 -0.0120103 0.0094289 0.0375384 -0.0154616 0.0094889 -0.0425 0.0432276 0.0094889 0.0375 0.0432276 0.0095311 0.0225 -0.0095125 0.0095311 0.0425 -0.0095125 0.0096321 0.0375 -0.0157947 0.0096541 -0.0125 0.0077161 0.0096541 0.0225 0.0077161 0.0096553 0.0225 -0.0065151 0.0096553 0.0425 -0.0065151 0.0097273 0.0395 0.0133278 0.0097273 0.0425 0.0133278 0.00975 0.0391098 0.0133588 0.0097589 -0.0125 -0.0040172 0.0097589 0.0225 -0.0040172 0.0098171 0.0387346 0.0134507 0.0098246 0.0225 -0.0094958 0.0098246 0.0425 -0.0094958 0.009926 0.0383889 0.0136 0.0099465 0.0225 -0.006556 0.0099465 0.0425 -0.006556 0.0100542 -0.0125 0.0006721 0.0100542 0.0225 0.0006721 0.0100727 0.0380858 0.0138009 0.0101093 0.0225 -0.0094222 0.0101093 0.0425 -0.0094222 0.0101814 -0.0425 0.0425802 0.0101814 0.0375 0.0425802 0.0101849 -0.0425 -0.0473009 0.0101849 0.0375 -0.0473009 0.0102104 -0.0125 -0.0119659 0.0102104 0.0225 -0.0119659 0.0102241 0.0225 -0.0066529 0.0102241 0.0425 -0.0066529 0.010238 0.0225 0.0043632 0.010238 0.0425 0.0043632 0.0102513 0.0378371 0.0140457 0.0102547 0.0225 0.0040696 0.0102547 0.0425 0.0040696 0.0102789 0.0225 0.0046544 0.0102789 0.0425 0.0046544 0.0103283 0.0225 0.0037849 0.0103283 0.0425 0.0037849 0.0103604 -0.0125 0.0080568 0.0103604 0.0225 0.0080568 0.0103742 0.0225 -0.0092944 0.0103742 0.0425 -0.0092944 0.0103759 0.0225 0.004932 0.0103759 0.0425 0.004932 0.0104552 0.0376522 0.014325 0.0104561 0.0225 0.0035201 0.0104561 0.0425 0.0035201 0.0104775 0.0225 -0.0068022 0.0104775 0.0425 -0.0068022 0.0105251 0.0225 0.0051854 0.0105251 0.0425 0.0051854 0.0105354 -0.0125 -0.0041263 0.0105354 0.0225 -0.0041263 0.010609 0.0225 -0.0091175 0.010609 0.0425 -0.0091175 0.010633 0.0225 0.0032853 0.010633 0.0425 0.0032853 0.0106764 0.0375384 0.0146281 0.0106969 0.0225 -0.006998 0.0106969 0.0425 -0.006998 0.0107209 0.0225 0.0054048 0.0107209 0.0425 0.0054048 0.0107945 -0.0125 0.0004136 0.0107945 0.0225 0.0004136 0.0108048 0.0225 -0.0088981 0.0108048 0.0425 -0.0088981 0.0108524 0.0225 0.0030895 0.0108524 0.0425 0.0030895 0.0108739 0.0225 -0.0072328 0.0108739 0.0425 -0.0072328 0.0109064 0.0375 0.0149432 0.0109541 0.0225 -0.0086447 0.0109541 0.0425 -0.0086447 0.0109558 0.0225 0.0055817 0.0109558 0.0425 0.0055817 0.0109695 -0.0125 -0.0117695 0.0109695 0.0225 -0.0117695 0.0109836 -0.0425 0.0420751 0.0109836 0.0375 0.0420751 0.0110016 0.0225 -0.0074976 0.0110016 0.0425 -0.0074976 0.011051 0.0225 -0.0083671 0.011051 0.0425 -0.0083671 0.0110752 0.0225 -0.0077823 0.0110752 0.0425 -0.0077823 0.0110919 0.0225 -0.0080759 0.0110919 0.0425 -0.0080759 0.0111058 0.0225 0.0029402 0.0111058 0.0425 0.0029402 0.0111195 -0.0125 0.0082532 0.0111195 0.0225 0.0082532 0.011174 0.0395 -0.0121405 0.011174 0.0425 -0.0121405 0.0112 0.0391098 -0.0121688 0.0112206 0.0225 0.0057095 0.0112206 0.0425 0.0057095 0.0112757 -0.0125 -0.0043848 0.0112757 0.0225 -0.0043848 0.0112771 0.0387346 -0.0122526 0.0113834 0.0225 0.0028433 0.0113834 0.0425 0.0028433 0.0114022 0.0383889 -0.0123885 0.0115053 0.0225 0.0057831 0.0115053 0.0425 0.0057831 0.0115707 0.0380858 -0.0125715 0.011571 -0.0125 0.0003045 0.011571 0.0225 0.0003045 0.0116647 -0.0425 -0.0450299 0.0116647 0.0375 -0.0450299 0.0116746 0.0225 0.0028024 0.0116746 0.0425 0.0028024 0.0116758 -0.0125 -0.0114288 0.0116758 0.0225 -0.0114288 0.0116786 -0.0425 -0.0459779 0.0116786 0.0375 -0.0459779 0.0117759 0.0378371 -0.0127945 0.0117989 0.0225 0.0057998 0.0117989 0.0425 0.0057998 0.0118299 -0.0425 -0.0440964 0.0118299 0.0375 -0.0440964 0.0118668 -0.0425 0.0417305 0.0118668 0.0375 0.0417305 0.0118713 -0.0425 -0.0469061 0.0118713 0.0375 -0.0469061 0.0119024 -0.0125 0.0082976 0.0119024 0.0225 0.0082976 0.0119513 -0.0125 -0.0047828 0.0119513 0.0225 -0.0047828 0.0119682 0.0225 0.002819 0.0119682 0.0425 0.002819 0.0120101 0.0376522 -0.013049 0.012043 -0.0425 -0.0328628 0.012043 -0.0125 -0.0328628 0.0120901 0.0225 0.0057589 0.0120901 0.0425 0.0057589 0.0121405 0.0395 0.011174 0.0121405 0.0425 0.011174 0.0121683 -0.0425 -0.0432109 0.0121683 0.0375 -0.0432109 0.0121688 0.0391098 0.0112 0.0122526 0.0387346 0.0112771 0.0122529 0.0225 0.0028927 0.0122529 0.0425 0.0028927 0.0122641 0.0375384 -0.013325 0.012302 -0.0125 -0.0109569 0.012302 0.0225 -0.0109569 0.0123539 -0.0125 0.000349 0.0123539 0.0225 0.000349 0.0123677 0.0225 0.0056619 0.0123677 0.0425 0.0056619 0.0123885 0.0383889 0.0114022 0.0125177 0.0225 0.0030204 0.0125177 0.0425 0.0030204 0.0125284 0.0375 -0.0136121 0.0125364 -0.0125 -0.0053049 0.0125364 0.0225 -0.0053049 0.0125715 0.0380858 0.0115707 0.012621 0.0225 0.0055127 0.012621 0.0425 0.0055127 0.0126678 -0.0425 -0.0424051 0.0126678 0.0375 -0.0424051 0.0126789 -0.0125 0.0081885 0.0126789 0.0225 0.0081885 0.0127525 0.0225 0.0031974 0.0127525 0.0425 0.0031974 0.0127945 0.0378371 0.0117759 0.0127991 -0.0425 0.0415588 0.0127991 0.0375 0.0415588 0.0128242 -0.0125 -0.0103719 0.0128242 0.0225 -0.0103719 0.0128404 0.0225 0.0053169 0.0128404 0.0425 0.0053169 0.0129483 0.0225 0.0034168 0.0129483 0.0425 0.0034168 0.0130083 -0.0125 -0.0059312 0.0130083 0.0225 -0.0059312 0.0130174 0.0225 0.005082 0.0130174 0.0425 0.005082 0.013049 0.0376522 0.0120101 0.0130976 0.0225 0.0036701 0.0130976 0.0425 0.0036701 0.0131131 -0.0125 0.0005453 0.0131131 0.0225 0.0005453 0.0131451 0.0225 0.0048172 0.0131451 0.0425 0.0048172 0.0131945 0.0225 0.0039477 0.0131945 0.0425 0.0039477 0.0132188 0.0225 0.0045325 0.0132188 0.0425 0.0045325 0.0132221 -0.0125 -0.0096963 0.0132221 0.0225 -0.0096963 0.0132354 0.0225 0.0042389 0.0132354 0.0425 0.0042389 0.0132397 -0.0425 0.0323992 0.0132397 -0.0125 0.0323992 0.0133104 -0.0425 -0.0417081 0.0133104 0.0375 -0.0417081 0.013325 0.0375384 0.0122641 0.0133278 0.0395 -0.0097273 0.0133278 0.0425 -0.0097273 0.013349 -0.0125 -0.0066374 0.013349 0.0225 -0.0066374 0.0133588 0.0391098 -0.00975 0.0134192 -0.0125 0.00793 0.0134192 0.0225 0.00793 0.0134507 0.0387346 -0.0098171 0.0134807 -0.0125 -0.008956 0.0134807 0.0225 -0.008956 0.0135453 -0.0125 -0.0073966 0.0135453 0.0225 -0.0073966 0.0135898 -0.0125 -0.0081795 0.0135898 0.0225 -0.0081795 0.0136 0.0383889 -0.009926 0.0136121 0.0375 0.0125284 0.0137471 -0.0425 0.0415662 0.0137471 0.0375 0.0415662 0.0138009 0.0380858 -0.0100727 0.0138193 -0.0125 0.000886 0.0138193 0.0225 0.000886 0.0140457 0.0378371 -0.0102513 0.014073 -0.0425 -0.041145 0.014073 0.0375 -0.041145 0.0140872 0.0395 0.0085908 0.0140872 0.0425 0.0085908 0.0140949 -0.0125 0.007532 0.0140949 0.0225 0.007532 0.01412 0.0391098 0.0086108 0.0142172 0.0387346 0.00867 0.014325 0.0376522 -0.0104552 0.014375 0.0383889 0.0087662 0.0144456 -0.0125 0.0013579 0.0144456 0.0225 0.0013579 0.0145873 0.0380858 0.0088957 0.0146281 0.0375384 -0.0106764 0.0146767 -0.0425 0.0417524 0.0146767 0.0375 0.0417524 0.0146799 -0.0125 0.0070099 0.0146799 0.0225 0.0070099 0.0148461 0.0378371 0.0090535 0.0149282 -0.0425 -0.0407358 0.0149282 0.0375 -0.0407358 0.0149432 0.0375 -0.0109064 0.0149677 -0.0125 0.0019429 0.0149677 0.0225 0.0019429 0.0149694 0.0395 -0.0069403 0.0149694 0.0425 -0.0069403 0.0150042 0.0391098 -0.0069565 0.0151075 0.0387346 -0.0070043 0.0151413 0.0376522 0.0092336 0.0151518 -0.0125 0.0063837 0.0151518 0.0225 0.0063837 0.0152752 0.0383889 -0.0070821 0.0153657 -0.0125 0.0026186 0.0153657 0.0225 0.0026186 0.0154616 0.0375384 0.0094289 0.0154925 -0.0125 0.0056774 0.0154925 0.0225 0.0056774 0.0154925 0.0395 0.0056774 0.0154925 0.0425 0.0056774 0.0155008 0.0380858 -0.0071867 0.0155286 0.0391098 0.0056906 0.0155544 -0.0425 0.0421107 0.0155544 0.0375 0.0421107 0.0156242 -0.0125 0.0033589 0.0156242 0.0225 0.0033589 0.0156354 0.0387346 0.0057298 0.0156888 -0.0125 0.0049183 0.0156888 0.0225 0.0049183 0.0157333 -0.0125 0.0041354 0.0157333 0.0225 0.0041354 0.0157758 0.0378371 -0.0073142 0.0157947 0.0375 0.0096321 0.015809 0.0383889 0.0057934 0.0158452 -0.0425 -0.0404955 0.0158452 0.0375 -0.0404955 0.0160357 0.0395 -0.0038866 0.0160357 0.0425 -0.0038866 0.0160425 0.0380858 0.005879 0.0160731 0.0391098 -0.0038956 0.0160895 0.0376522 -0.0074596 0.0161837 0.0387346 -0.0039224 0.0163024 0.0395 0.0025459 0.0163024 0.0425 0.0025459 0.0163271 0.0378371 0.0059833 0.0163404 0.0391098 0.0025518 0.0163487 -0.0425 0.0426282 0.0163487 0.0375 0.0426282 0.0163633 0.0383889 -0.003966 0.0164299 0.0375384 -0.0076174 0.0164528 0.0387346 0.0025694 0.0164858 0.0395 -0.0006835 0.0164858 0.0425 -0.0006835 0.0165242 0.0391098 -0.0006851 0.016605 0.0380858 -0.0040245 0.0166354 0.0383889 0.0025979 0.0166379 0.0387346 -0.0006898 0.0166517 0.0376522 0.0061022 0.0167838 0.0375 -0.0077815 0.0167911 -0.0425 -0.0404326 0.0167911 0.0375 -0.0404326 0.0168226 0.0383889 -0.0006974 0.0168812 0.0380858 0.0026363 0.0168996 0.0378371 -0.0040959 0.017004 0.0375384 0.0062313 0.017031 -0.0425 0.0432863 0.017031 0.0375 0.0432863 0.0170711 0.0380858 -0.0007077 0.0171806 0.0378371 0.002683 0.0172356 0.0376522 -0.0041774 0.0173704 0.0375 0.0063656 0.0173739 0.0378371 -0.0007203 0.0175223 0.0376522 0.0027364 0.0175769 -0.0425 0.0440614 0.0175769 0.0375 0.0440614 0.0176003 0.0375384 -0.0042658 0.0177194 0.0376522 -0.0007346 0.0177319 -0.0425 -0.0405493 0.0177319 0.0375 -0.0405493 0.0178765 -0.0425 -0.0300904 0.0178765 -0.0125 -0.0300904 0.0178929 0.0375384 0.0027943 0.0179666 -0.0425 0.0449256 0.0179666 0.0375 0.0449256 0.0179795 0.0375 -0.0043577 0.0180943 0.0375384 -0.0007502 0.0182785 0.0375 0.0028545 0.0184841 0.0375 -0.0007663 0.0186338 -0.0425 -0.0408415 0.0186338 0.0375 -0.0408415 0.0189676 -0.0425 0.0294148 0.0189676 -0.0125 0.0294148 0.0194643 -0.0425 -0.0412987 0.0194643 0.0375 -0.0412987 0.019563 -0.0425 0.0442538 0.019563 0.0375 0.0442538 0.0201935 -0.0425 -0.0419044 0.0201935 0.0375 -0.0419044 0.0207954 -0.0425 -0.0426369 0.0207954 0.0375 -0.0426369 0.0211343 -0.0425 0.0435253 0.0211343 0.0375 0.0435253 0.0212481 -0.0425 -0.0434698 0.0212481 0.0375 -0.0434698 0.0219705 -0.0425 0.0400217 0.0219705 0.0375 0.0400217 0.0220319 -0.0425 0.0409677 0.0220319 0.0375 0.0409677 0.0220888 -0.0425 0.0390811 0.0220888 0.0375 0.0390811 0.0222708 -0.0425 0.0418851 0.0222708 0.0375 0.0418851 0.0223825 -0.0425 0.0381797 0.0223825 0.0375 0.0381797 0.0226785 -0.0425 0.042741 0.0226785 0.0375 0.042741 0.0227903 -0.0425 -0.0426815 0.0227903 0.0375 -0.0426815 0.0228411 -0.0425 0.03735 0.0228411 0.0375 0.03735 0.0231012 -0.0425 -0.0262933 0.0231012 -0.0125 -0.0262933 0.023448 -0.0425 0.0366217 0.023448 0.0375 0.0366217 0.0240496 -0.0425 0.0254287 0.0240496 -0.0125 0.0254287 0.0241814 -0.0425 0.0360211 0.0241814 0.0375 0.0360211 0.0243032 -0.0425 -0.0418385 0.0243032 0.0375 -0.0418385 0.0248774 -0.0425 -0.0382826 0.0248774 0.0375 -0.0382826 0.0249256 -0.0425 -0.0373358 0.0249256 0.0375 -0.0373358 0.0250088 -0.0425 -0.0392214 0.0250088 0.0375 -0.0392214 0.0250151 -0.0425 0.0355697 0.0250151 0.0375 0.0355697 0.0251517 -0.0425 -0.0364151 0.0251517 0.0375 -0.0364151 0.025315 -0.0425 -0.0401186 0.025315 0.0375 -0.0401186 0.0255474 -0.0425 -0.0355537 0.0255474 0.0375 -0.0355537 0.025785 -0.0425 -0.0409419 0.025785 0.0375 -0.0409419 0.025919 -0.0425 0.0352837 0.025919 0.0375 0.0352837 0.0260987 -0.0425 -0.0347824 0.0260987 0.0375 -0.0347824 0.0267856 -0.0425 -0.034129 0.0267856 0.0375 -0.034129 0.0268605 -0.0425 0.0351735 0.0268605 0.0375 0.0351735 0.0275392 -0.0425 -0.0216007 0.0275392 -0.0125 -0.0216007 0.0275835 -0.0425 -0.0336171 0.0275835 0.0375 -0.0336171 0.027806 -0.0425 0.0352431 0.027806 0.0375 0.0352431 0.0283126 -0.0425 0.0205766 0.0283126 -0.0125 0.0205766 0.0284637 -0.0425 -0.0332649 0.0284637 0.0375 -0.0332649 0.0287213 -0.0425 0.0354898 0.0287213 0.0375 0.0354898 0.0293945 -0.0425 -0.0330852 0.0293945 0.0375 -0.0330852 0.0295737 -0.0425 0.0359048 0.0295737 0.0375 0.0359048 0.0303323 -0.0425 0.0364733 0.0303323 0.0375 0.0364733 0.0303425 -0.0425 -0.0330844 0.0303425 0.0375 -0.0330844 0.0309701 -0.0425 0.0371748 0.0309701 0.0375 0.0371748 0.0310394 -0.0425 -0.0161726 0.0310394 -0.0125 -0.0161726 0.0312736 -0.0425 -0.0332626 0.0312736 0.0375 -0.0332626 0.0316115 -0.0425 0.0150238 0.0316115 -0.0125 0.0150238 0.0321544 -0.0425 -0.0336133 0.0321544 0.0375 -0.0336133 0.0322807 -0.0425 0.0360425 0.0322807 0.0375 0.0360425 0.0329531 -0.0425 -0.034124 0.0329531 0.0375 -0.034124 0.0330844 -0.0425 0.0303425 0.0330844 0.0375 0.0303425 0.0330852 -0.0425 0.0293945 0.0330852 0.0375 0.0293945 0.0332626 -0.0425 0.0312736 0.0332626 0.0375 0.0312736 0.0332649 -0.0425 0.0284637 0.0332649 0.0375 0.0284637 0.0334826 -0.0425 -0.0101938 0.0334826 -0.0125 -0.0101938 0.03355 -0.0425 0.0348641 0.03355 0.0375 0.0348641 0.0336133 -0.0425 0.0321544 0.0336133 0.0375 0.0321544 0.0336171 -0.0425 0.0275835 0.0336171 0.0375 0.0275835 0.0336411 -0.0425 -0.0347762 0.0336411 0.0375 -0.0347762 0.0338338 -0.0425 0.0089594 0.0338338 -0.0125 0.0089594 0.034124 -0.0425 0.0329531 0.034124 0.0375 0.0329531 0.034129 -0.0425 0.0267856 0.034129 0.0375 0.0267856 0.0347762 -0.0425 0.0336411 0.0347762 0.0375 0.0336411 0.0347824 -0.0425 0.0260987 0.0347824 0.0375 0.0260987 0.0347856 -0.0425 -0.0038678 0.0347856 -0.0125 -0.0038678 0.0348641 -0.0425 -0.03355 0.0348641 0.0375 -0.03355 0.034904 -0.0425 0.0025899 0.034904 -0.0125 0.0025899 0.0351735 -0.0425 -0.0268605 0.0351735 0.0375 -0.0268605 0.0352431 -0.0425 -0.027806 0.0352431 0.0375 -0.027806 0.0352837 -0.0425 -0.025919 0.0352837 0.0375 -0.025919 0.0354898 -0.0425 -0.0287213 0.0354898 0.0375 -0.0287213 0.0355537 -0.0425 0.0255474 0.0355537 0.0375 0.0255474 0.0355697 -0.0425 -0.0250151 0.0355697 0.0375 -0.0250151 0.0359048 -0.0425 -0.0295737 0.0359048 0.0375 -0.0295737 0.0360211 -0.0425 -0.0241814 0.0360211 0.0375 -0.0241814 0.0360425 -0.0425 -0.0322807 0.0360425 0.0375 -0.0322807 0.0364151 -0.0425 0.0251517 0.0364151 0.0375 0.0251517 0.0364733 -0.0425 -0.0303323 0.0364733 0.0375 -0.0303323 0.0366217 -0.0425 -0.023448 0.0366217 0.0375 -0.023448 0.0371748 -0.0425 -0.0309701 0.0371748 0.0375 -0.0309701 0.0373358 -0.0425 0.0249256 0.0373358 0.0375 0.0249256 0.03735 -0.0425 -0.0228411 0.03735 0.0375 -0.0228411 0.0381797 -0.0425 -0.0223825 0.0381797 0.0375 -0.0223825 0.0382826 -0.0425 0.0248774 0.0382826 0.0375 0.0248774 0.0390811 -0.0425 -0.0220888 0.0390811 0.0375 -0.0220888 0.0392214 -0.0425 0.0250088 0.0392214 0.0375 0.0250088 0.0400217 -0.0425 -0.0219705 0.0400217 0.0375 -0.0219705 0.0401186 -0.0425 0.025315 0.0401186 0.0375 0.025315 0.0404326 -0.0425 0.0167911 0.0404326 0.0375 0.0167911 0.0404955 -0.0425 0.0158452 0.0404955 0.0375 0.0158452 0.0405493 -0.0425 0.0177319 0.0405493 0.0375 0.0177319 0.0407358 -0.0425 0.0149282 0.0407358 0.0375 0.0149282 0.0408415 -0.0425 0.0186338 0.0408415 0.0375 0.0186338 0.0409419 -0.0425 0.025785 0.0409419 0.0375 0.025785 0.0409677 -0.0425 -0.0220319 0.0409677 0.0375 -0.0220319 0.041145 -0.0425 0.014073 0.041145 0.0375 0.014073 0.0412987 -0.0425 0.0194643 0.0412987 0.0375 0.0194643 0.0415588 -0.0425 -0.0127991 0.0415588 0.0375 -0.0127991 0.0415662 -0.0425 -0.0137471 0.0415662 0.0375 -0.0137471 0.0417081 -0.0425 0.0133104 0.0417081 0.0375 0.0133104 0.0417305 -0.0425 -0.0118668 0.0417305 0.0375 -0.0118668 0.0417524 -0.0425 -0.0146767 0.0417524 0.0375 -0.0146767 0.0418385 -0.0425 0.0243032 0.0418385 0.0375 0.0243032 0.0418851 -0.0425 -0.0222708 0.0418851 0.0375 -0.0222708 0.0419044 -0.0425 0.0201935 0.0419044 0.0375 0.0201935 0.0420751 -0.0425 -0.0109836 0.0420751 0.0375 -0.0109836 0.0421107 -0.0425 -0.0155544 0.0421107 0.0375 -0.0155544 0.0424051 -0.0425 0.0126678 0.0424051 0.0375 0.0126678 0.0425802 -0.0425 -0.0101814 0.0425802 0.0375 -0.0101814 0.0426282 -0.0425 -0.0163487 0.0426282 0.0375 -0.0163487 0.0426369 -0.0425 0.0207954 0.0426369 0.0375 0.0207954 0.0426815 -0.0425 0.0227903 0.0426815 0.0375 0.0227903 0.042741 -0.0425 -0.0226785 0.042741 0.0375 -0.0226785 0.0432109 -0.0425 0.0121683 0.0432109 0.0375 0.0121683 0.0432276 -0.0425 -0.0094889 0.0432276 0.0375 -0.0094889 0.0432863 -0.0425 -0.017031 0.0432863 0.0375 -0.017031 0.0433551 -0.0425 0.0016095 0.0433551 0.0375 0.0016095 0.0434099 -0.0425 0.0025559 0.0434099 0.0375 0.0025559 0.0434698 -0.0425 0.0212481 0.0434698 0.0375 0.0212481 0.04348 -0.0425 0.0006697 0.04348 0.0375 0.0006697 0.0435253 -0.0425 -0.0211343 0.0435253 0.0375 -0.0211343 0.0436424 -0.0425 0.003475 0.0436424 0.0375 0.003475 0.0437799 -0.0425 -0.0002296 0.0437799 0.0375 -0.0002296 0.0439941 -0.0425 -0.008931 0.0439941 0.0375 -0.008931 0.0440441 -0.0425 0.0043336 0.0440441 0.0375 0.0043336 0.0440614 -0.0425 -0.0175769 0.0440614 0.0375 -0.0175769 0.0440964 -0.0425 0.0118299 0.0440964 0.0375 0.0118299 0.0442442 -0.0425 -0.0010561 0.0442442 0.0375 -0.0010561 0.0442538 -0.0425 -0.019563 0.0442538 0.0375 -0.019563 0.0446007 -0.0425 0.0051011 0.0446007 0.0375 0.0051011 0.0448522 -0.0425 -0.0085278 0.0448522 0.0375 -0.0085278 0.0448562 -0.0425 -0.0017802 0.0448562 0.0375 -0.0017802 0.0449256 -0.0425 -0.0179666 0.0449256 0.0375 -0.0179666 0.0450299 -0.0425 0.0116647 0.0450299 0.0375 0.0116647 0.0452922 -0.0425 0.0057496 0.0452922 0.0375 0.0057496 0.0455938 -0.0425 -0.0023757 0.0455938 0.0375 -0.0023757 0.0457709 -0.0425 -0.0082939 0.0457709 0.0375 -0.0082939 0.0459779 -0.0425 0.0116786 0.0459779 0.0375 0.0116786 0.0460936 -0.0425 0.006256 0.0460936 0.0375 0.006256 0.0464306 -0.0425 -0.0028213 0.0464306 0.0375 -0.0028213 0.0467172 -0.0425 -0.0082376 0.0467172 0.0375 -0.0082376 0.0469061 -0.0425 0.0118713 0.0469061 0.0375 0.0118713 0.0469762 -0.0425 0.006602 0.0469762 0.0375 0.006602 0.0473009 -0.0425 0.0101849 0.0473009 0.0375 0.0101849 0.0473364 -0.0425 -0.0031009 0.0473364 0.0375 -0.0031009 0.0476351 -0.0425 0.0084855 0.0476351 0.0375 0.0084855 0.0476572 -0.0425 -0.0083608 0.0476572 0.0375 -0.0083608 0.0479083 -0.0425 0.0067752 0.0479083 0.0375 0.0067752 0.0479259 -0.0425 -0.0066499 0.0479259 0.0375 -0.0066499 0.0481331 -0.0425 -0.0049303 0.0481331 0.0375 -0.0049303 0.0482788 -0.0425 -0.0032045 0.0482788 0.0375 -0.0032045</float_array>
   <technique_common><accessor source="#pa" count="2108" stride="3">
    <param name="X" type="float"/><param name="Y" type="float"/><param name="Z" type="float"/>
   </accessor></technique_common></source>
  <source id="n"><float_array id="na" count="12708">0.434461 3.12918e-16 -0.900691 0.434461 -1.04163e-16 -0.900691 0.601829 3.00169e-16 -0.798625 0.601829 -9.21608e-17 -0.798625 0.746069 3.14604e-15 -0.665869 0.861638 3.48217e-15 -0.507523 0.746069 2.50763e-16 -0.665869 0.861638 1.76083e-16 -0.507523 0.944095 1.93756e-15 -0.329674 0.944095 1.13594e-16 -0.329674 0.99027 4.42561e-17 -0.139156 0.998391 -1.80357e-17 0.0567101 0.99027 1.91287e-15 -0.139156 0.998391 1.81788e-15 0.0567101 0.968143 1.66104e-15 0.250397 0.968143 4.34369e-17 0.250397 0.900691 7.50146e-17 0.434461 0.900691 -1.25612e-16 0.434461 0.798625 -1.73605e-16 0.601829 0.798625 6.96004e-17 0.601829 0.665869 8.78742e-17 0.746069 0.665869 -2.15704e-16 0.746069 0.507523 -2.4862e-16 0.861638 0.507523 1.37998e-15 0.861638 0.329674 6.74125e-16 0.944095 0.329674 -3.27549e-16 0.944095 0.139156 -3.4346e-16 0.99027 0.139156 -2.86308e-16 0.99027 -0.0567101 -2.88806e-16 0.998391 -0.0567101 -3.46386e-16 0.998391 -0.250397 -3.35892e-16 0.968143 -0.250397 -2.7991e-16 0.968143 -0.434461 -2.60408e-16 0.900691 -0.434461 -1.1164e-15 0.900691 -0.601829 -1.39098e-15 0.798625 -0.601829 -2.30899e-16 0.798625 -0.746069 -1.92895e-16 0.665869 -0.746069 -1.80404e-15 0.665869 -0.861638 -1.91609e-15 0.507523 -0.861638 5.86942e-17 0.507523 -0.944095 -9.53156e-17 0.329674 -0.944095 3.75073e-17 0.329674 -0.99027 -4.82794e-17 0.139156 -0.998391 1.96753e-17 -0.0567101 -0.99027 -4.01864e-17 0.139156 -0.998391 -6.55842e-18 -0.0567101 -0.968143 -2.89342e-17 -0.250397 -0.968143 -3.43806e-15 -0.250397 -0.900691 -3.082e-15 -0.434461 -0.900691 -5.02446e-17 -0.434461 -0.798625 -6.96004e-17 -0.601829 -0.798625 -7.0728e-17 -0.601829 -0.665869 -8.62815e-17 -0.746069 -0.507523 -9.96469e-17 -0.861638 -0.665869 -8.78742e-17 -0.746069 -0.507523 -1.77857e-15 -0.861638 -0.329674 -1.09183e-16 -0.944095 -0.329674 -1.11129e-15 -0.944095 -0.139156 3.43569e-16 -0.99027 0.0567101 3.46386e-16 -0.998391 -0.139156 -1.14129e-16 -0.99027 0.0567101 2.20397e-16 -0.998391 0.250397 3.35892e-16 -0.968143 0.250397 5.75469e-16 -0.968143 0 0.99997 0 0 0.99997 0 0 0.99997 0 0 0.99997 0 0 0.99999 -0 0 0.999995 0 0 0.999997 0 0 0.999998 0 0 0.99997 0 0 0.99997 0 0 0.99999 0 0 0.999998 -0 0 0.999997 0 0 0.999995 0 0 0.99999 0 0 0.999999 0 0 0.999999 0 0 0.999999 0 0 1 0 0 1 0 0 0.999995 0 -0 0.999999 0 0 0.99997 0 0 0.999999 0 0 0.999999 0 0 0.999999 0 0 1 0 0 1 -0 -0 0.999999 0 0 0.999999 0 0.434461 2.10041e-16 -0.900691 0.434461 1.22057e-15 -0.900691 0.601829 3.69438e-16 -0.798625 0.601829 1.48315e-15 -0.798625 0.746069 -7.70065e-17 -0.665869 0.861638 -5.86942e-17 -0.507523 0.746069 3.06488e-16 -0.665869 0.861638 1.76083e-16 -0.507523 0.944095 7.62525e-17 -0.329674 0.944095 1.13594e-16 -0.329674 0.99027 3.21863e-17 -0.139156 0.998391 -1.31168e-17 0.0567101 0.99027 3.21491e-17 -0.139156 0.998391 6.55842e-18 0.0567101 0.968143 2.89342e-17 0.250397 0.968143 1.82038e-15 0.250397 0.900691 1.71676e-15 0.434461 0.900691 -1.25612e-16 0.434461 0.798625 -1.73605e-16 0.601829 0.798625 1.26895e-15 0.601829 0.665869 9.73046e-16 0.746069 0.665869 8.62815e-17 0.746069 0.507523 1.00734e-16 0.861638 0.507523 6.8999e-16 0.861638 0.329674 3.37063e-16 0.944095 0.329674 1.09183e-16 0.944095 0.139156 1.14665e-16 0.99027 0.139156 -2.86308e-16 0.99027 -0.0567101 -2.88538e-16 0.998391 -0.0567101 1.15462e-16 0.998391 -0.250397 1.11964e-16 0.968143 -0.250397 -3.35892e-16 0.968143 -0.434461 -3.1249e-16 0.900691 -0.434461 -1.1164e-15 0.900691 -0.601829 -1.39098e-15 0.798625 -0.601829 1.38539e-16 0.798625 -0.746069 1.13594e-16 0.665869 -0.746069 -2.83802e-15 0.665869 -0.861638 -3.24706e-15 0.507523 -0.861638 -1.46735e-16 0.507523 -0.944095 -1.78505e-15 0.329674 -0.944095 -9.53757e-17 0.329674 -0.99027 -4.82794e-17 0.139156 -0.998391 1.96753e-17 -0.0567101 -0.99027 -1.84804e-15 0.139156 -0.998391 -1.87363e-15 -0.0567101 -0.968143 -1.90751e-15 -0.250397 -0.968143 -1.82038e-15 -0.250397 -0.900691 -1.71686e-15 -0.434461 -0.900691 1.50734e-16 -0.434461 -0.798625 -3.16431e-15 -0.601829 -0.798625 2.07898e-16 -0.601829 -0.665869 2.58845e-16 -0.746069 -0.507523 2.98941e-16 -0.861638 -0.665869 -2.72196e-15 -0.746069 -0.507523 -3.6145e-15 -0.861638 -0.329674 -6.1002e-16 -0.944095 -0.329674 -2.70374e-15 -0.944095 -0.139156 2.29046e-16 -0.99027 0.0567101 2.30924e-16 -0.998391 -0.139156 -2.57729e-16 -0.99027 0.0567101 2.20397e-16 -0.998391 0.250397 2.23928e-16 -0.968143 0.250397 5.74397e-16 -0.968143 0 0.99997 0 0 0.99997 0 0 0.99999 0 0 0.99997 0 0 0.99999 0 0 0.99997 0 0 0.999995 0 0 0.999999 0 0 0.999999 0 0 0.99999 0 0 0.999999 0 0 0.999999 -0 0 0.999999 0 0 0.999999 0 0 0.99997 -0 0 0.999999 0 0 0.999999 0 0 0.999999 0 0 1 0 0 0.999999 -0 0 0.99999 0 0 0.99999 0 0 0.99997 0 0 0.999995 0 0 0.999997 0 0 1 0 -0 1 -0 0 0.999999 0 0 0.99997 0 -0 0.99999 -0 0.434461 0 -0.900691 0.434461 4.16653e-16 -0.900691 0.601829 3.69438e-16 -0.798625 0.601829 3.68643e-16 -0.798625 0.746069 1.53452e-15 -0.665869 0.861638 1.71174e-15 -0.507523 0.746069 3.06488e-16 -0.665869 0.861638 0 -0.507523 0.944095 7.62525e-17 -0.329674 0.944095 0 -0.329674 0.99027 1.83237e-15 -0.139156 0.998391 1.84739e-15 0.0567101 0.99027 3.21491e-17 -0.139156 0.998391 -0 0.0567101 0.968143 0 0.250397 0.968143 1.79142e-15 0.250397 0.900691 1.66747e-15 0.434461 0.900691 -1.00489e-16 0.434461 0.798625 -1.39313e-16 0.601829 0.798625 -1.39201e-16 0.601829 0.665869 -1.71462e-16 0.746069 0.665869 -0 0.746069 0.507523 0 0.861638 0.507523 7.39813e-16 0.861638 0.329674 3.91654e-16 0.944095 0.329674 -2.18366e-16 0.944095 0.139156 -2.2933e-16 0.99027 0.139156 -2.29046e-16 0.99027 -0.0567101 -2.30938e-16 0.998391 -0.0567101 -2.30924e-16 0.998391 -0.250397 -2.23928e-16 0.968143 -0.250397 -4.47856e-16 0.968143 -0.434461 -4.16653e-16 0.900691 -0.434461 -1.01224e-15 0.900691 -0.601829 -1.29882e-15 0.798625 -0.601829 -1.84719e-16 0.798625 -0.746069 -1.54316e-16 0.665869 -0.746069 -1.54013e-16 0.665869 -0.861638 -1.15737e-16 0.507523 -0.861638 0 0.507523 -0.944095 -1.59442e-15 0.329674 -0.944095 0 0.329674 -0.99027 -3.21863e-17 0.139156 -0.998391 1.31168e-17 -0.0567101 -0.99027 -1.76767e-15 0.139156 -0.998391 -3.68167e-15 -0.0567101 -0.968143 -3.52461e-15 -0.250397 -0.968143 -1.84934e-15 -0.250397 -0.900691 -1.7671e-15 -0.434461 -0.900691 -1.00489e-16 -0.434461 -0.798625 -1.33855e-15 -0.601829 -0.798625 -1.39313e-16 -0.601829 -0.665869 1.72563e-16 -0.746069 -0.507523 1.99294e-16 -0.861638 -0.665869 -1.05878e-15 -0.746069 -0.507523 -1.1384e-15 -0.861638 -0.329674 -5.00837e-16 -0.944095 -0.329674 -8.28375e-16 -0.944095 -0.139156 -2.84442e-17 -0.99027 0.0567101 3.35859e-16 -0.998391 -0.139156 -1.43064e-16 -0.99027 0.0567101 -1.15462e-16 -0.998391 0.250397 0 -0.968143 0.250397 -1.1145e-16 -0.968143 0 0.99997 0 0 0.99997 0 0 0.99997 0 0 0.99997 0 0 0.99997 0 0 0.999998 0 0 0.999999 0 0 0.999999 -0 0 0.999999 0 0 0.999999 0 0 0.999999 0 0 0.999996 0 0 0.99997 0 0 1 -0 0 0.999999 -0 0 0.999999 0 0 0.999995 0 0 0.99999 0 0 0.99997 0 0 0.999999 0 0 0.999999 0 0 0.999999 0 0 1 -0 0 0.999999 0 0 0.99997 0 0 0.99997 0 0 0.999999 0 -0 1 -0 0 0.999999 0 0 0.99999 0 0.0427886 0.995138 -0.0887061 0.0427886 0.995138 -0.0887061 0.126676 0.956549 -0.262614 0.126676 0.956549 -0.262614 0.205573 0.880972 -0.426178 0.205573 0.880972 -0.426178 0.276413 0.771505 -0.573039 0.276413 0.771505 -0.573039 0.336494 0.632562 -0.697593 0.336494 0.632562 -0.697593 0.38357 0.469628 -0.795187 0.38357 0.469628 -0.795187 0.432388 0.0975496 -0.896394 0.415921 0.289004 -0.862256 0.415921 0.289004 -0.862256 0.432388 0.0975496 -0.896394 0.0592722 0.995138 -0.078654 0.0592722 0.995138 -0.078654 0.175475 0.956549 -0.232855 0.175475 0.956549 -0.232855 0.284766 0.880972 -0.377883 0.284766 0.880972 -0.377883 0.382897 0.771505 -0.508103 0.382897 0.771505 -0.508103 0.466122 0.632562 -0.618542 0.466122 0.632562 -0.618542 0.531333 0.469628 -0.705077 0.531333 0.469628 -0.705077 0.576147 0.289004 -0.764546 0.598958 0.0975496 -0.794816 0.576147 0.289004 -0.764545 0.598958 0.0975496 -0.794816 0.0734779 0.995138 -0.0655792 0.0734779 0.995138 -0.0655792 0.217531 0.956549 -0.194147 0.217531 0.956549 -0.194147 0.353016 0.880972 -0.315067 0.353016 0.880972 -0.315067 0.474665 0.771505 -0.42364 0.474665 0.771505 -0.42364 0.577837 0.632562 -0.515721 0.577837 0.632562 -0.515721 0.658677 0.469628 -0.587871 0.658677 0.469628 -0.587871 0.714232 0.289004 -0.637454 0.714232 0.289004 -0.637454 0.74251 0.0975496 -0.662692 0.74251 0.0975496 -0.662692 0.0848599 0.995138 -0.0499843 0.0848599 0.995138 -0.0499843 0.251228 0.956549 -0.147979 0.251228 0.956549 -0.147979 0.407699 0.880972 -0.240144 0.407699 0.880972 -0.240144 0.548193 0.771505 -0.322897 0.548193 0.771505 -0.322897 0.667346 0.632562 -0.393081 0.667346 0.632562 -0.393081 0.760709 0.469628 -0.448074 0.824869 0.289004 -0.485866 0.760709 0.469628 -0.448074 0.857528 0.0975496 -0.505102 0.824869 0.289004 -0.485866 0.857528 0.0975496 -0.505102 0.0929808 0.995138 -0.0324685 0.0929808 0.995138 -0.0324685 0.27527 0.956549 -0.0961231 0.27527 0.956549 -0.0961231 0.446715 0.880972 -0.155991 0.446715 0.880972 -0.155991 0.600654 0.771505 -0.209746 0.600654 0.771505 -0.209746 0.73121 0.632562 -0.255336 0.73121 0.632562 -0.255336 0.833507 0.469628 -0.291057 0.833507 0.469628 -0.291057 0.939591 0.0975496 -0.328102 0.903808 0.289004 -0.315606 0.903808 0.289004 -0.315606 0.939591 0.0975496 -0.328102 0.0975285 0.995138 -0.013705 0.0975285 0.995138 -0.013705 0.288733 0.956549 -0.0405737 0.468564 0.880972 -0.0658441 0.288733 0.956549 -0.0405737 0.468564 0.880972 -0.0658441 0.630032 0.771505 -0.088534 0.766973 0.632562 -0.107777 0.630032 0.771505 -0.088534 0.766973 0.632562 -0.107777 0.874274 0.469628 -0.122856 0.874274 0.469628 -0.122856 0.948013 0.289004 -0.133218 0.985547 0.0975496 -0.138492 0.985547 0.0975496 -0.138492 0.948013 0.289004 -0.133218 0.291101 0.956549 0.016535 0.0983282 0.995138 0.00558519 0.0983282 0.995138 0.00558519 0.472406 0.880972 0.0268334 0.291101 0.956549 0.0165349 0.472406 0.880972 0.0268334 0.635198 0.771505 0.0360802 0.773262 0.632562 0.0439224 0.635198 0.771505 0.0360802 0.773262 0.632562 0.0439224 0.881443 0.469628 0.0500673 0.881443 0.469628 0.0500673 0.955787 0.289004 0.0542901 0.993628 0.0975496 0.0564396 0.993628 0.0975496 0.0564396 0.955787 0.289004 0.0542901 0.0953493 0.995138 0.0246608 0.0887061 0.995138 0.0427886 0.0953493 0.995138 0.0246608 0.282281 0.956549 0.0730082 0.282281 0.956549 0.0730082 0.458094 0.880972 0.11848 0.458094 0.880972 0.11848 0.615954 0.771505 0.159308 0.615954 0.771505 0.159308 0.749835 0.632562 0.193934 0.749835 0.632562 0.193934 0.854738 0.469628 0.221066 0.854738 0.469628 0.221066 0.92683 0.289004 0.239712 0.963525 0.0975496 0.249202 0.92683 0.289004 0.239712 0.963525 0.0975496 0.249202 0.0887061 0.995138 0.0427886 0.262614 0.956549 0.126676 0.262614 0.956549 0.126676 0.426178 0.880972 0.205573 0.573039 0.771505 0.276413 0.426178 0.880972 0.205573 0.573039 0.771505 0.276413 0.697593 0.632562 0.336494 0.697593 0.632562 0.336494 0.862256 0.289004 0.415921 0.795187 0.469628 0.38357 0.795187 0.469628 0.38357 0.862256 0.289004 0.415921 0.896394 0.0975496 0.432388 0.896394 0.0975496 0.432388 0.078654 0.995138 0.0592722 0.078654 0.995138 0.0592722 0.232855 0.956549 0.175475 0.232855 0.956549 0.175475 0.377883 0.880972 0.284766 0.377883 0.880972 0.284766 0.508103 0.771505 0.382897 0.508103 0.771505 0.382897 0.618542 0.632562 0.466122 0.618542 0.632562 0.466122 0.705077 0.469628 0.531333 0.705077 0.469628 0.531333 0.764545 0.289004 0.576147 0.764546 0.289004 0.576147 0.794816 0.0975496 0.598958 0.794816 0.0975496 0.598958 0.0655792 0.995138 0.0734779 0.0655792 0.995138 0.0734779 0.194147 0.956549 0.217531 0.194147 0.956549 0.217531 0.315067 0.880972 0.353016 0.315067 0.880972 0.353016 0.42364 0.771505 0.474665 0.515721 0.632562 0.577837 0.42364 0.771505 0.474665 0.515721 0.632562 0.577837 0.587871 0.469628 0.658677 0.587871 0.469628 0.658677 0.637454 0.289004 0.714232 0.662692 0.0975496 0.74251 0.662692 0.0975496 0.74251 0.637454 0.289004 0.714232 0.0324685 0.995138 0.0929808 0.0499843 0.995138 0.0848599 0.0499843 0.995138 0.0848599 0.147979 0.956549 0.251228 0.147979 0.956549 0.251228 0.240144 0.880972 0.407699 0.322897 0.771505 0.548193 0.240144 0.880972 0.407699 0.322897 0.771505 0.548193 0.393081 0.632562 0.667346 0.393081 0.632562 0.667346 0.448074 0.469628 0.760709 0.448074 0.469628 0.760709 0.505102 0.0975496 0.857528 0.505102 0.0975496 0.857528 0.485866 0.289004 0.824869 0.485866 0.289004 0.824869 0.0324685 0.995138 0.0929808 0.0961231 0.956549 0.27527 0.0961231 0.956549 0.27527 0.155991 0.880972 0.446715 0.155991 0.880972 0.446715 0.209746 0.771505 0.600654 0.209746 0.771505 0.600654 0.255336 0.632562 0.73121 0.255336 0.632562 0.73121 0.291057 0.469628 0.833507 0.291057 0.469628 0.833507 0.328102 0.0975496 0.939591 0.315606 0.289004 0.903808 0.315606 0.289004 0.903808 0.328102 0.0975496 0.939591 0.013705 0.995138 0.0975285 0.013705 0.995138 0.0975285 0.0405737 0.956549 0.288733 0.0405737 0.956549 0.288733 0.0658441 0.880972 0.468564 0.0658441 0.880972 0.468564 0.088534 0.771505 0.630032 0.088534 0.771505 0.630032 0.107777 0.632562 0.766973 0.107777 0.632562 0.766973 0.122856 0.469628 0.874274 0.122856 0.469628 0.874274 0.133218 0.289004 0.948013 0.138492 0.0975496 0.985547 0.133218 0.289004 0.948013 0.138492 0.0975496 0.985547 -0.00558519 0.995138 0.0983282 -0.016535 0.956549 0.291101 -0.00558519 0.995138 0.0983282 -0.0165349 0.956549 0.291101 -0.0268334 0.880972 0.472406 -0.0268334 0.880972 0.472406 -0.0360802 0.771505 0.635198 -0.0360802 0.771505 0.635198 -0.0439224 0.632562 0.773262 -0.0500673 0.469628 0.881443 -0.0439224 0.632562 0.773262 -0.0500673 0.469628 0.881443 -0.0542901 0.289004 0.955787 -0.0564396 0.0975496 0.993628 -0.0542901 0.289004 0.955787 -0.0564396 0.0975496 0.993628 -0.249202 0.0975496 0.963525 -0.0246608 0.995138 0.0953493 -0.0246608 0.995138 0.0953493 -0.0730082 0.956549 0.282281 -0.0730082 0.956549 0.282281 -0.11848 0.880972 0.458094 -0.11848 0.880972 0.458094 -0.159308 0.771505 0.615954 -0.159308 0.771505 0.615954 -0.193934 0.632562 0.749835 -0.193934 0.632562 0.749835 -0.221066 0.469628 0.854738 -0.221066 0.469628 0.854738 -0.239712 0.289004 0.92683 -0.249202 0.0975496 0.963525 -0.239712 0.289004 0.92683 -0.0427886 0.995138 0.0887061 -0.0427886 0.995138 0.0887061 -0.126676 0.956549 0.262614 -0.126676 0.956549 0.262614 -0.205573 0.880972 0.426178 -0.205573 0.880972 0.426178 -0.276413 0.771505 0.573039 -0.276413 0.771505 0.573039 -0.336494 0.632562 0.697593 -0.336494 0.632562 0.697593 -0.38357 0.469628 0.795187 -0.38357 0.469628 0.795187 -0.415921 0.289004 0.862256 -0.415921 0.289004 0.862256 -0.432388 0.0975496 0.896394 -0.432388 0.0975496 0.896394 -0.0734779 0.995138 0.0655792 -0.0592722 0.995138 0.078654 -0.0592722 0.995138 0.078654 -0.175475 0.956549 0.232855 -0.175475 0.956549 0.232855 -0.284766 0.880972 0.377883 -0.284766 0.880972 0.377883 -0.382897 0.771505 0.508103 -0.382897 0.771505 0.508103 -0.466122 0.632562 0.618542 -0.466122 0.632562 0.618542 -0.531333 0.469628 0.705077 -0.531333 0.469628 0.705077 -0.598958 0.0975496 0.794816 -0.576147 0.289004 0.764546 -0.598958 0.0975496 0.794816 -0.576147 0.289004 0.764545 -0.0848599 0.995138 0.0499843 -0.0734779 0.995138 0.0655792 -0.217531 0.956549 0.194147 -0.217531 0.956549 0.194147 -0.353016 0.880972 0.315067 -0.353016 0.880972 0.315067 -0.474665 0.771505 0.42364 -0.474665 0.771505 0.42364 -0.577837 0.632562 0.515721 -0.658677 0.469628 0.587871 -0.577837 0.632562 0.515721 -0.658677 0.469628 0.587871 -0.714232 0.289004 0.637454 -0.714232 0.289004 0.637454 -0.74251 0.0975496 0.662692 -0.74251 0.0975496 0.662692 -0.0848599 0.995138 0.0499843 -0.251228 0.956549 0.147979 -0.251228 0.956549 0.147979 -0.407699 0.880972 0.240144 -0.407699 0.880972 0.240144 -0.548193 0.771505 0.322897 -0.548193 0.771505 0.322897 -0.667346 0.632562 0.393081 -0.667346 0.632562 0.393081 -0.824869 0.289004 0.485866 -0.760709 0.469628 0.448074 -0.760709 0.469628 0.448074 -0.857528 0.0975496 0.505102 -0.857528 0.0975496 0.505102 -0.939591 0.0975496 0.328102 -0.824869 0.289004 0.485866 -0.0929808 0.995138 0.0324685 -0.0929808 0.995138 0.0324685 -0.27527 0.956549 0.0961231 -0.446715 0.880972 0.155991 -0.27527 0.956549 0.0961231 -0.446715 0.880972 0.155991 -0.600654 0.771505 0.209746 -0.73121 0.632562 0.255336 -0.600654 0.771505 0.209746 -0.73121 0.632562 0.255336 -0.833507 0.469628 0.291057 -0.833507 0.469628 0.291057 -0.939591 0.0975496 0.328102 -0.903808 0.289004 0.315606 -0.903808 0.289004 0.315606 -0.0983282 0.995138 -0.00558519 -0.0975285 0.995138 0.013705 -0.0975285 0.995138 0.013705 -0.288733 0.956549 0.0405737 -0.468564 0.880972 0.0658441 -0.288733 0.956549 0.0405737 -0.468564 0.880972 0.0658441 -0.630032 0.771505 0.088534 -0.630032 0.771505 0.088534 -0.766973 0.632562 0.107777 -0.766973 0.632562 0.107777 -0.874274 0.469628 0.122856 -0.874274 0.469628 0.122856 -0.948013 0.289004 0.133218 -0.985547 0.0975496 0.138492 -0.985547 0.0975496 0.138492 -0.948013 0.289004 0.133218 -0.0983282 0.995138 -0.00558519 -0.291101 0.956549 -0.016535 -0.291101 0.956549 -0.0165349 -0.472406 0.880972 -0.0268334 -0.472406 0.880972 -0.0268334 -0.635198 0.771505 -0.0360802 -0.635198 0.771505 -0.0360802 -0.773262 0.632562 -0.0439224 -0.773262 0.632562 -0.0439224 -0.881443 0.469628 -0.0500673 -0.881443 0.469628 -0.0500673 -0.955787 0.289004 -0.0542901 -0.993628 0.0975496 -0.0564396 -0.955787 0.289004 -0.0542901 -0.993628 0.0975496 -0.0564396 -0.0953493 0.995138 -0.0246608 -0.0887061 0.995138 -0.0427886 -0.0953493 0.995138 -0.0246608 -0.282281 0.956549 -0.0730082 -0.458094 0.880972 -0.11848 -0.282281 0.956549 -0.0730082 -0.458094 0.880972 -0.11848 -0.615954 0.771505 -0.159308 -0.615954 0.771505 -0.159308 -0.749835 0.632562 -0.193934 -0.749835 0.632562 -0.193934 -0.854738 0.469628 -0.221066 -0.92683 0.289004 -0.239712 -0.854738 0.469628 -0.221066 -0.92683 0.289004 -0.239712 -0.963525 0.0975496 -0.249202 -0.963525 0.0975496 -0.249202 -0.078654 0.995138 -0.0592722 -0.0887061 0.995138 -0.0427886 -0.262614 0.956549 -0.126676 -0.426178 0.880972 -0.205573 -0.262614 0.956549 -0.126676 -0.426178 0.880972 -0.205573 -0.573039 0.771505 -0.276413 -0.573039 0.771505 -0.276413 -0.697593 0.632562 -0.336494 -0.697593 0.632562 -0.336494 -0.795187 0.469628 -0.38357 -0.795187 0.469628 -0.38357 -0.862256 0.289004 -0.415921 -0.896394 0.0975496 -0.432388 -0.896394 0.0975496 -0.432388 -0.862256 0.289004 -0.415921 -0.078654 0.995138 -0.0592722 -0.232855 0.956549 -0.175475 -0.232855 0.956549 -0.175475 -0.377883 0.880972 -0.284766 -0.377883 0.880972 -0.284766 -0.508103 0.771505 -0.382897 -0.618542 0.632562 -0.466122 -0.508103 0.771505 -0.382897 -0.618542 0.632562 -0.466122 -0.705077 0.469628 -0.531333 -0.764546 0.289004 -0.576147 -0.705077 0.469628 -0.531333 -0.794816 0.0975496 -0.598958 -0.794816 0.0975496 -0.598958 -0.764545 0.289004 -0.576147 -0.0655792 0.995138 -0.0734779 -0.0655792 0.995138 -0.0734779 -0.194147 0.956549 -0.217531 -0.194147 0.956549 -0.217531 -0.315067 0.880972 -0.353016 -0.315067 0.880972 -0.353016 -0.42364 0.771505 -0.474665 -0.42364 0.771505 -0.474665 -0.515721 0.632562 -0.577837 -0.515721 0.632562 -0.577837 -0.587871 0.469628 -0.658677 -0.587871 0.469628 -0.658677 -0.637454 0.289004 -0.714232 -0.662692 0.0975496 -0.74251 -0.505102 0.0975496 -0.857528 -0.662692 0.0975496 -0.74251 -0.637454 0.289004 -0.714232 -0.0324685 0.995138 -0.0929808 -0.0499843 0.995138 -0.0848599 -0.0499843 0.995138 -0.0848599 -0.147979 0.956549 -0.251228 -0.147979 0.956549 -0.251228 -0.240144 0.880972 -0.407699 -0.240144 0.880972 -0.407699 -0.322897 0.771505 -0.548193 -0.322897 0.771505 -0.548193 -0.393081 0.632562 -0.667346 -0.393081 0.632562 -0.667346 -0.448074 0.469628 -0.760709 -0.448074 0.469628 -0.760709 -0.485866 0.289004 -0.824869 -0.505102 0.0975496 -0.857528 -0.485866 0.289004 -0.824869 -0.0324685 0.995138 -0.0929808 -0.155991 0.880972 -0.446715 -0.0961231 0.956549 -0.27527 -0.0961231 0.956549 -0.27527 -0.155991 0.880972 -0.446715 -0.209746 0.771505 -0.600654 -0.209746 0.771505 -0.600654 -0.255336 0.632562 -0.73121 -0.255336 0.632562 -0.73121 -0.291057 0.469628 -0.833507 -0.315606 0.289004 -0.903808 -0.291057 0.469628 -0.833507 -0.328102 0.0975496 -0.939591 -0.315606 0.289004 -0.903808 -0.328102 0.0975496 -0.939591 -0.138492 0.0975496 -0.985547 -0.013705 0.995138 -0.0975285 -0.013705 0.995138 -0.0975285 -0.0405737 0.956549 -0.288733 -0.0405737 0.956549 -0.288733 -0.0658441 0.880972 -0.468564 -0.0658441 0.880972 -0.468564 -0.088534 0.771505 -0.630032 -0.088534 0.771505 -0.630032 -0.107777 0.632562 -0.766973 -0.122856 0.469628 -0.874274 -0.107777 0.632562 -0.766973 -0.122856 0.469628 -0.874274 -0.133218 0.289004 -0.948013 -0.133218 0.289004 -0.948013 -0.138492 0.0975496 -0.985547 0.0246608 0.995138 -0.0953493 0.00558519 0.995138 -0.0983282 0.00558519 0.995138 -0.0983282 0.0246608 0.995138 -0.0953493 0.0165349 0.956549 -0.291101 0.016535 0.956549 -0.291101 0.0730082 0.956549 -0.282281 0.0268334 0.880972 -0.472406 0.0730082 0.956549 -0.282281 0.11848 0.880972 -0.458094 0.11848 0.880972 -0.458094 0.0268334 0.880972 -0.472406 0.159308 0.771505 -0.615954 0.159308 0.771505 -0.615954 0.0360802 0.771505 -0.635198 0.0360802 0.771505 -0.635198 0.193934 0.632562 -0.749835 0.0439224 0.632562 -0.773262 0.193934 0.632562 -0.749835 0.0439224 0.632562 -0.773262 0.0500673 0.469628 -0.881443 0.221066 0.469628 -0.854738 0.0542901 0.289004 -0.955787 0.221066 0.469628 -0.854738 0.0500673 0.469628 -0.881443 0.249202 0.0975496 -0.963525 0.239712 0.289004 -0.92683 0.0564396 0.0975496 -0.993628 0.249202 0.0975496 -0.963525 0.239712 0.289004 -0.92683 0.0564396 0.0975496 -0.993628 0.0542901 0.289004 -0.955787 -0.250397 0 0.968143 -0.0567101 -1.2599e-15 0.998391 -0.250397 2.39399e-15 0.968143 0.139156 -4.86536e-15 0.99027 -0.0567101 -1.2599e-15 0.998391 0.329674 8.73463e-15 0.944095 0.139156 9.16184e-15 0.99027 0.507523 4.77092e-15 0.861638 0.329674 7.32227e-15 0.944095 0.665869 -3.26148e-15 0.746069 0.507523 1.07185e-15 0.861638 0.798625 -1.47273e-15 0.601829 0.665869 1.17341e-15 0.746069 0.900691 7.28547e-15 0.434461 0.798625 1.00921e-14 0.601829 0.900691 1.66234e-14 0.434461 0.968143 1.37352e-14 0.250397 0.968143 4.70567e-15 0.250397 0.998391 1.06574e-15 0.0567101 0.998391 9.01783e-16 0.0567101 0.99027 -2.21281e-15 -0.139156 0.99027 6.58694e-15 -0.139156 0.944095 2.63443e-15 -0.329674 0.944095 1.17503e-14 -0.329674 0.861638 7.13938e-15 -0.507523 0.861638 2.10233e-15 -0.507523 0.746069 -7.85607e-16 -0.665869 0.746069 5.33433e-15 -0.665869 0.601829 9.60187e-16 -0.798625 0.434461 1.64238e-15 -0.900691 0.601829 7.46815e-15 -0.798625 0.434461 -6.39676e-15 -0.900691 0.250397 -8.87977e-15 -0.968143 0.250397 1.54708e-16 -0.968143 0.0567101 -3.56797e-15 -0.998391 -0.139156 -2.5749e-15 -0.99027 0.0567101 1.04935e-15 -0.998391 -0.139156 2.00602e-15 -0.99027 -0.329674 -1.74579e-15 -0.944095 -0.507523 -5.40519e-15 -0.861638 -0.329674 -1.73288e-15 -0.944095 -0.507523 8.25856e-15 -0.861638 -0.665869 5.0628e-15 -0.746069 -0.798625 -3.64146e-15 -0.601829 -0.665869 1.484e-15 -0.746069 -0.798625 -1.17262e-14 -0.601829 -0.968143 -2.2968e-15 -0.250397 -0.900691 3.2232e-15 -0.434461 -0.900691 -1.75452e-14 -0.434461 -0.998391 1.34448e-15 -0.0567101 -0.968143 5.93638e-15 -0.250397 -0.99027 -2.89676e-15 0.139156 -0.998391 1.18052e-15 -0.0567101 -0.99027 7.47206e-15 0.139156 -0.944095 1.38473e-14 0.329674 -0.944095 4.71364e-15 0.329674 -0.861638 -2.0543e-15 0.507523 -0.861638 1.03875e-14 0.507523 -0.746069 -3.46529e-15 0.665869 -0.746069 -2.70598e-15 0.665869 -0.601829 0 0.798625 -0.601829 -4.18991e-15 0.798625 -0.434461 0 0.900691 -0.434461 0 0.900691 6.89443e-15 0.999999 1.44724e-14 0 0.999999 0 4.62169e-15 0.999999 1.77523e-14 1.0635e-14 1 6.19389e-16 0 0.999999 0 0 1 0 -0 0.999999 0 0 0.999999 0 3.88626e-15 1 3.74831e-15 3.11018e-16 1 4.79287e-15 0 0.999999 0 0 1 0 0 0.999999 0 -6.59238e-16 1 5.24272e-15 3.80897e-15 1 2.48161e-15 0 0.999999 0 -0 0.999999 0 4.87201e-15 1 1.98875e-15 -1.3824e-15 1 4.24281e-15 -2.67623e-15 1 4.84267e-15 4.59712e-15 1 9.20719e-16 0 1 0 0 0.999999 0 0 1 0 0 1 0 0 1 0 -0 0.999999 0 -4.14498e-15 1 4.97385e-15 5.52901e-15 1 4.30076e-17 0 1 0 0 1 0 -0 1 0 0 1 0 0 1 0 0 1 0 -0 1 0 0 1 0 0 1 0 0 1 0 0 1 0 0 1 0 0 1 0 0 1 0 0 1 0 0 1 0 0 0.999999 0 0 0.999999 0 -7.28909e-14 0.999999 2.54987e-14 0 0.999999 0 0 1 0 0 1 0 0 1 0 -0 0.999999 0 0 0.999999 0 -1.64796e-14 1 -1.35043e-14 -0 0.999999 0 0 1 0 -0 1 0 0 1 0 0 0.999999 0 0 1 0 -0 1 0 -1.8817e-15 1 -1.06335e-14 7.22985e-15 1 -7.70791e-15 5.13112e-15 1 -8.12066e-15 -0 1 0 0 1 0 -6.77796e-14 1 -1.33298e-14 0 1 0 0 1 0 0 1 0 0 1 0 -0 1 0 -0 1 0 0 1 0 0 1 0 0 1 0 0 1 0 0 1 0 0 1 0 0 0.999999 0 0 0.999999 0 0 0.999999 0 0 0.999999 0 -0 0.999999 0 0 0.999999 0 0 1 0 -0 0.999999 0 0 1 0 0 1 0 -0 1 0 0 0.999999 0 0 1 0 -6.03431e-14 1 -3.36224e-14 0 1 0 -0 1 0 -0 1 0 -6.03431e-14 1 -3.36224e-14 0 1 0 -0 1 0 0 1 0 0 1 0 0 1 0 -0 1 0 0 1 0 0 1 0 0 1 0 -0 1 0 0 1 0 0 1 0 0 1 0 -0 1 0 1.5067e-15 1 1.90788e-15 1.04631e-15 1 -3.65367e-16 1.10431e-15 1 -2.03358e-16 1.04028e-15 1 -4.05879e-16 0 1 0 0 1 0 -0 1 0 1.11815e-15 1 -1.34797e-16 1.10904e-15 1 -1.55845e-16 1.102e-15 1 1.4637e-16 0 1 0 0 1 0 -0 1 0 0 0.999999 0 -6.4631e-14 0.999999 -1.94138e-14 -0 0.999999 0 0 0.999999 0 1.10996e-15 1 6.30473e-17 1.10366e-15 1 -6.3905e-17 1.107e-15 1 2.17707e-16 0 1 0 0 1 0 -0 1 0 1.0107e-15 1 4.83507e-16 1.0838e-15 1 2.84047e-16 1.07713e-15 1 2.78586e-16 0 1 0 0 1 0 -0 1 0 0 0.999999 0 -0 0.999999 0 0 0.999999 0 0 1 0 0 1 0 0 1 0 0 0.999999 0 0 1 0 -0 1 0 0 1 0 0 1 0 -0 1 0 0 1 0 0 1 0 0 1 0 -0 1 0 8.01029e-16 1 7.619e-16 1.00209e-15 1 4.83371e-16 9.85546e-16 1 5.49133e-16 0 1 0 0 1 0 -0 1 0 0 1 0 0 1 0 0 1 0 -0 1 0 0 1 0 0 1 0 0 1 0 0 1 0 0 1 0 0 1 0 0 1 0 0 1 0 9.35634e-16 1 6.00346e-16 8.87869e-16 1 6.69082e-16 7.66286e-16 1 8.25373e-16 -0 1 0 0 1 0 0 1 0 5.31693e-16 1 9.81948e-16 7.1142e-16 1 8.68755e-16 7.45728e-16 1 8.35547e-16 0 1 0 0 1 0 0 1 0 0 0.999999 0 0 0.999999 0 -0 0.999999 0 0 0.999999 0 5.62472e-16 1 9.54925e-16 0 1 0 -0 1 0 0 0.999999 0 -0 0.999999 0 -0 1 0 0 0.999999 0 0 1 0 0 1 0 0 0.999999 0 0 1 0 -0 1 0 0 1 0 0 1 0 0 1 0 0 1 0 0 1 0 1.45279e-14 1 3.13349e-14 4.51054e-15 1 5.67171e-16 0 1 0 1.98875e-15 1 -4.87201e-15 4.24281e-15 1 1.3824e-15 0 1 0 0 1 0 4.10349e-15 1 2.26773e-15 1.08657e-15 1 -5.42522e-15 -0 1 0 0 1 0 0 1 0 0 1 0 4.24759e-15 1 3.53975e-15 5.03611e-17 1 -6.47437e-15 2.38271e-15 1 -4.82561e-16 0 1 0 -0 1 0 0 1 0 0 1 0 -0 1 0 0 1 0 0 1 0 0 0.999999 0 0 0.999999 0 0 0.999999 0 -0 0.999999 0 0 1 0 0 1 0 0 1 0 -0 1 0 -0 1 0 0 1 0 0 1 0 0 1 0 0 1 0 -0 0.999999 0 -0 0.999999 0 0 1 0 0 1 0 -0 1 0 -6.4631e-14 0.999999 -1.94138e-14 0 0.999999 0 -0 1 0 0 1 0 0 1 0 0 1 0 0 1 0 -0 1 0 0 1 0 0 1 0 0 1 0 0 1 0 -0 1 0 0 1 0 0 1 0 -0 1 0 -0 1 0 0 1 0 0 1 0 -0 1 0 0 1 0 -0 1 0 0 0.999999 0 -0 0.999999 0 0 0.999999 0 0 0.999999 0 0 1 0 -0 1 0 0 1 0 0 1 0 -6.03431e-14 1 -3.36224e-14 -6.03431e-14 1 -3.36224e-14 0 1 0 0 1 0 0 1 0 0 1 0 0 1 0 0 1 0 0 1 0 -0 1 0 -0 1 0 0 1 0 0 1 0 0 1 0 0 1 0 0 1 0 -0 0.999999 0 -0 0.999999 0 0 1 0 -0 1 0 0 1 0 0 1 0 0 1 0 -0 1 0 0 1 0 0 1 0 -0 0.999999 0 -0 0.999999 0 -0 1 0 -0 1 0 -0 1 0 0 1 0 -0 1 0 0 1 0 0 1 0 0 1 0 -0 1 0 -0 1 0 0 1 0 0 1 0 0 1 0 0 1 0 0 1 0 -0 1 0 0 1 0 0 1 0 -0 1 0 -6.77796e-14 1 -1.33298e-14 -0 1 0 0 0.999999 0 -0 0.999999 0 0 0.999999 0 0 0.999999 0 0 1 0 -0 1 0 -0 1 0 0 1 0 7.22985e-15 1 -7.70791e-15 0 1 0 -0 1 0 -0 1 0 -0 1 0 5.13112e-15 1 -8.12066e-15 -1.8817e-15 1 -1.06335e-14 0 1 0 -0 1 0 -1.64796e-14 1 -1.35043e-14 0 1 0 -0 1 0 0 1 0 -7.28909e-14 0.999999 2.54987e-14 -0 0.999999 0 -0 0.999999 0 -0 0.999999 0 0 1 0 0 1 0 -0 1 0 0 1 0 0 1 0 -0 1 0 0 1 0 -0 1 0 -0 1 0 0 1 0 -0 1 0 0 1 0 0 1 0 -0 1 0 0 1 0 0 1 0 -0 1 0 -0 1 0 0 1 0 0 1 0 -0 1 0 0 1 0 -0 1 0 -0 1 0 0 1 0 -0 1 0 0 1 0 0 1 0 -0 1 0 0 1 0 -0 1 0 0 1 0 -0 1 0 0 1 0 -0 1 0 0 1 0 -0 1 0 -0 1 0 -0 1 0 0 0.999999 0 0 0.999999 0 -0 1 0 0 0.999999 0 0 0.999999 0 0 1 0 0 0.999999 0 -0 1 0 -0 1 0 0 0.999999 0 0 1 0 -0 1 0 0 0.999999 0 -0 0.999999 0 0 0.999999 0 0 0.999999 0 0 1 0 -0 1 0 0 0.999999 0 0 0.999999 0 0 0.999999 -0 -0 0.999999 0 0 1 -0 -0 0.999999 0 0 0.999999 -0 0 0.999999 -0 0 1 0 0 0.999998 -0 0 0.999999 -0 0 0.999999 -0 0 0.999999 -0 0 0.999999 -0 0 0.999999 -0 0 0.999999 -0 0 1 0 0 0.999999 -0 0 0.999999 -0 0 0.999999 -0 0 1 -0 -0 0.999999 0 0 1 0 0 0.999999 -0 -0 1 0 0 0.999999 -0 0 0.999999 -0 0 0.999999 0 0 1 -0 0 1 0 0 1 0 0 0.999999 -0 0 0.999999 -0 0 0.999999 0 0 0.999999 -0 0 0.999999 0 0 1 0 0 0.999999 -0 0 0.999999 0 0 0.999999 -0 0 0.999999 0 0 0.999999 -0 0 0.999999 -0 -0 0.999999 0 0 0.999999 -0 0 0.999999 0 0 1 0 0 0.999999 -0 -0 0.999999 0 0 1 -0 0 0.999999 0 0 0.999999 0 0 0.999999 -0 0 0.999999 -0 0 0.999999 -0 0 0.999999 0 0 0.999999 -0 0 0.999999 0 0 0.999999 0 0 0.999999 -0 0 0.999999 -0 0 0.999999 0 0 0.999999 -0 0 0.999999 -0 0 0.999999 -0 0 0.999999 0 0 1 0 -0 0.999999 0 0 0.999999 -0 0 0.999999 0 0 0.999999 0 0 0.999999 -0 0 0.999999 -0 0 0.999999 0 -0 0.999999 0 0 0.999999 0 0 0.999999 0 -0 0.999999 0 0 0.999999 -0 0 0.999999 0 0 0.999999 0 -0 0.999999 0 0 0.999999 0 0 0.999999 -0 -0 0.999999 0 0 0.999999 0 0 0.999999 0 0 0.999999 0 0 0.999998 0 0 0.999999 0 0 0.999998 0 0 1 0 0 0.999999 0 0 0.999999 0 0 0.999999 -0 0 1 -0 -0 0.999999 0 -0 0.999999 -0 0 0.999999 0 0 1 -0 0 0.999999 -0 0 1 0 0 0.999999 -0 0 1 0 0 1 -0 0 0.999999 -0 0 1 -0 0 1 0 0 0.999999 -0 0 1 0 0 1 -0 0 0.999999 -0 0 1 0 0 1 0 0 1 0 0 1 0 -0 1 0 0 0.999999 0 0 0.999999 0 0 1 -0 0 1 0 0 0.999999 -0 0 0.999999 -0 0 0.999998 0 0 1 0 0 0.999999 0 0 0.999999 0 0 0.999999 0 0 0.999999 0 0 0.999999 -0 0 0.999999 -0 0 0.999999 0 -0 0.999999 0 0 0.999999 -0 0 0.999999 -0 0 0.999999 0 -0 0.999999 0 0 0.999999 0 0 0.999999 0 0 0.999999 -0 0 0.999999 0 0 0.999999 0 0 0.999999 0 0 1 -0 0 1 0 0 0.999999 0 0 0.999999 0 0 1 -0 0 1 0 0 0.999999 0 0 0.999999 0 0 1 -0 0 0.999999 -0 -0 0.999999 0 0 1 0 0 1 0 0 1 -0 0 1 0 0 1 0 0 1 -0 0 1 0 0 0.999999 -0 -0 1 0 0 1 0 0 1 0 0 1 0 0 0.999999 -0 0 0.999999 -0 0 1 0 0 1 0 0 1 0 0 1 -0 0 0.999999 -0 0 1 0 0 0.999999 0 0 0.999999 0 -0 1 0 0 1 -0 0 0.999999 0 0 0.999998 0 -0 0.999999 0 0 0.999999 -0 -0 0.999999 0 -0 0.999999 0 0 0.999999 0 0 0.999999 0 0 0.999999 -0 0 0.999998 0 -0 0.999999 0 0 1 0 0 1 0 0 1 0 0 0.999999 0 0 0.999999 -0 -0 1 0 0 1 0 0 1 0 0 1 0 0 0.999999 0 0 0.999999 -0 0 0.999999 0 0 0.999999 -0 0 1 0 0 1 -0 0 0.999999 0 0 0.999999 0 0 0.999999 -0 0 1 0 0 1 -0 0 0.999999 0 0 0.999999 0 -0 0.999999 0 0 1 0 0 0.999999 0 0 0.999999 0 0 0.999999 0 0 1 -0 0 0.999999 0 0 0.999999 0 0 0.999999 0 0 0.999999 -0 0 1 0 0 1 -0 0 0.999999 0 0 0.999999 0 0 1 -0 0 1 0 0 0.999999 0 0 0.999999 0 0 0.999999 0 0 0.999999 0 0 0.999999 -0 0 0.999999 0 -0 0.999999 0 0 0.999999 0 0 0.999999 -0 0 0.999999 0 -0 0.999999 0 0 0.999999 -0 0 0.999999 0 0 0.999999 0 0 0.999999 -0 0 0.999999 0 0 0.999999 0 0 0.999999 0 0 0.999998 -0 0 0.999999 0 0 0.999999 0 0 0.999998 -0 -0 1 0 0 1 -0 0 0.999999 0 0 0.999999 0 0 0.999999 0 0 0.999999 0 -0 1 0 0 0.999999 0 0 0.999999 0 0 0.999999 0 0 1 0 0 1 -0 0 0.999999 -0 0 0.999999 0 0 0.999999 0 0 0.999999 -0 0 0.999999 0 -0 0.999999 0 0 0.999999 0 0 0.999999 -0 -0 0.999999 0 0 0.999999 0 0 0.999999 0 0 0.999999 -0 0 1 -0 0 0.999998 0 0 0.999999 -0 0 1 -0 0 1 0 0 0.999999 0 0 0.999999 -0 0 1 -0 0 1 0 0 0.999999 -0 0 0.999999 0 0 1 0 0 1 -0 0 1 -0 0 0.999999 0 0 0.999999 0 0 0.999999 0 0 0.999999 0 0 0.999999 0 0 0.999999 0 0 0.999999 0 0 0.999999 0 0 1 -0 0 0.999999 0 0 0.999999 0 0 1 0 0 1 -0 0 0.999999 0 0 1 -0 0 0.999999 0 0 0.999999 0 0 0.999999 0 0 0.999999 0 0 0.999999 0 0 0.999999 0 0 0.999999 0 0 1 -0 0 0.999999 0 0 1 0 0 1 -0 0 0.999999 0 0 0.999999 0 0 0.999999 0 0 0.999999 0 0 1 -0 0 0.999999 0 0 0.999999 0 0 0.999999 0 0 0.999999 0 0 0.999999 0 0 0.999999 0 0 1 0 0 1 0 0 1 -0 -0 1 0 0 0.999998 0 0 0.999999 0 0 0.999999 0 0 0.999999 0 0 0.999999 0 0 0.999999 0 0 0.999999 0 0 0.999999 0 -0 1 0 0 1 -0 -0.250397 0 0.968143 -0.250397 9.59692e-17 0.968143 -0.0567101 4.4972e-17 0.998391 -0.0567101 9.88585e-17 0.998391 0.139156 -9.81626e-17 0.99027 0.139156 -1.10432e-16 0.99027 0.329674 -3.55022e-16 0.944095 0.329674 -9.35539e-17 0.944095 0.507523 4.87886e-16 0.861638 0.507523 -4.88024e-16 0.861638 0.665869 0 0.746069 0.665869 6.01831e-16 0.746069 0.798625 5.96575e-17 0.601829 0.798625 0 0.601829 0.900691 -4.30668e-17 0.434461 0.968143 -2.48211e-17 0.250397 0.900691 4.24368e-17 0.434461 0.968143 -7.18111e-16 0.250397 0.998391 -7.805e-16 0.0567101 0.998391 -5.6215e-18 0.0567101 0.99027 1.37941e-17 -0.139156 0.99027 -7.99095e-16 -0.139156 0.944095 -7.81223e-16 -0.329674 0.944095 -8.14042e-16 -0.329674 0.861638 -7.83912e-16 -0.507523 0.861638 5.82674e-16 -0.507523 0.746069 4.59634e-16 -0.665869 0.746069 -6.60056e-17 -0.665869 0.601829 -7.91654e-17 -0.798625 0.601829 5.96008e-16 -0.798625 0.434461 4.78379e-16 -0.900691 0.434461 -1.65969e-16 -0.900691 0.250397 -6.63036e-18 -0.968143 0.250397 -1.91938e-16 -0.968143 0.0567101 -1.97958e-16 -0.998391 0.0567101 -1.4394e-16 -0.998391 -0.139156 1.20559e-17 -0.99027 -0.139156 9.81626e-17 -0.99027 -0.329674 9.35539e-17 -0.944095 -0.329674 5.14719e-16 -0.944095 -0.507523 4.69764e-16 -0.861638 -0.507523 8.54116e-17 -0.861638 -0.665869 -6.75956e-16 -0.746069 -0.798625 -7.52638e-16 -0.601829 -0.665869 7.52289e-17 -0.746069 -0.798625 5.73665e-16 -0.601829 -0.900691 6.71273e-16 -0.434461 -0.900691 7.14263e-16 -0.434461 -0.968143 7.67754e-16 -0.250397 -0.968143 7.42932e-16 -0.250397 -0.998391 7.97362e-16 -0.0567101 -0.99027 7.71507e-16 0.139156 -0.998391 7.86046e-16 -0.0567101 -0.944095 7.81362e-16 0.329674 -0.99027 7.99095e-16 0.139156 -0.861638 -5.03093e-17 0.507523 -0.944095 -3.26796e-17 0.329674 -0.861638 0 0.507523 -0.746069 5.25639e-16 0.665869 -0.746069 0 0.665869 -0.601829 -1.58331e-16 0.798625 -0.601829 3.99292e-16 0.798625 -0.434461 0 0.900691 -0.434461 -1.77463e-16 0.900691 0 -0.999999 0 0 -0.999999 0 0 -0.999999 0 0 -0.999999 0 0 -0.999999 -0 0 -0.999999 0 0 -0.999999 0 0 -0.999999 0 0 -0.999999 -0 0 -0.999999 0 0 -0.999999 0 0 -0.999999 0 0 -0.999999 0 0 -0.999999 0 0 -0.999999 0 0 -0.999999 0 0 -0.999999 0 0 -0.999999 0 0 -0.999999 0 0 -0.999999 0 0 -0.999999 0 0 -0.999999 -0 0 -0.999999 0 0 -0.999999 0 0 -0.999999 -0 0 -0.999999 0 0 -0.999999 0 0 -0.999999 0 0 -0.999999 -0 0 -0.999999 -0 0 -0.999999 0 0 -0.999999 0 0 -0.999999 -0 0 -0.999999 -0 0 -0.999999 0 0 -0.999999 0 0 -0.999999 0 0 -0.999999 -0 0 -0.999999 0 0 -0.999999 0 0 -0.999999 0 0 -0.999999 0 0 -0.999999 0 0 -0.999999 0 0 -0.999999 0 0 -0.999999 0 0 -0.999999 0 0 -0.999999 0 0 -0.999999 0 0 -0.999999 0 0 -0.999999 0 0 -0.999999 0 0 -0.999999 0 0 -0.999999 0 0 -0.999999 0 0 -0.999999 0 0 -0.999999 0 0 -0.999999 0 0 -0.999999 0 0 -0.999999 0 0 -0.999999 -0 0 -0.999999 -0 0 -0.999999 0 0 -0.999999 0 -0.250397 -1.43707e-16 0.968143 -0.250397 -2.70546e-16 0.968143 -0.0567101 9.44558e-17 0.998391 -0.0567101 -1.19354e-16 0.998391 0.139156 -2.82137e-16 0.99027 0.139156 -6.12441e-17 0.99027 0.329674 1.16982e-16 0.944095 0.329674 -4.24368e-16 0.944095 0.507523 1.06765e-16 0.861638 0.507523 1.08021e-16 0.861638 0.665869 -3.61645e-16 0.746069 0.665869 9.25894e-17 0.746069 0.798625 -7.07895e-16 0.601829 0.798625 -4.99597e-16 0.601829 0.900691 5.95829e-16 0.434461 0.968143 6.99496e-16 0.250397 0.900691 -7.67721e-16 0.434461 0.968143 2.48211e-17 0.250397 0.998391 5.78684e-18 0.0567101 0.998391 -8.00172e-16 0.0567101 0.99027 -7.6461e-16 -0.139156 0.99027 4.13824e-17 -0.139156 0.944095 9.83763e-17 -0.329674 0.944095 -7.16003e-16 -0.329674 0.861638 -6.32984e-16 -0.507523 0.861638 6.32984e-16 -0.507523 0.746069 5.25639e-16 -0.665869 0.746069 -6.60056e-17 -0.665869 0.601829 -7.91654e-17 -0.798625 0.601829 -7.14756e-16 -0.798625 0.434461 -6.13405e-16 -0.900691 0.434461 -6.12383e-16 -0.900691 0.250397 -4.86476e-16 -0.968143 0.250397 -1.85308e-16 -0.968143 0.0567101 -3.51068e-16 -0.998391 0.0567101 5.39955e-17 -0.998391 -0.139156 2.08808e-16 -0.99027 -0.139156 -2.94488e-16 -0.99027 -0.329674 -2.80662e-16 -0.944095 -0.329674 2.33963e-16 -0.944095 -0.507523 2.13529e-16 -0.861638 -0.507523 -5.73298e-16 -0.861638 -0.665869 -1.84889e-16 -0.746069 -0.798625 -1.49144e-16 -0.601829 -0.665869 -6.75131e-16 -0.746069 -0.798625 -1.26665e-15 -0.601829 -0.900691 -1.42935e-15 -0.434461 -0.900691 7.57329e-16 -0.434461 -0.968143 7.92575e-16 -0.250397 -0.968143 -6.20527e-17 -0.250397 -0.998391 -8.00172e-16 -0.0567101 -0.99027 -7.6461e-16 0.139156 -0.998391 -1.39849e-17 -0.0567101 -0.944095 8.30382e-16 0.329674 -0.99027 8.19786e-16 0.139156 -0.861638 -7.5464e-17 0.507523 -0.944095 -4.90195e-17 0.329674 -0.861638 6.07829e-16 0.507523 -0.746069 1.65014e-17 0.665869 -0.746069 4.91881e-16 0.665869 -0.601829 3.58512e-16 0.798625 -0.601829 1.92895e-17 0.798625 -0.434461 -1.33924e-16 0.900691 -0.434461 2.12184e-16 0.900691 0 -0.999999 0 0 -0.999999 0 0 -0.999999 0 0 -0.999999 0 0 -0.999999 -0 0 -0.999999 -0 0 -0.999999 0 0 -0.999999 0 0 -0.999999 0 0 -0.999999 0 0 -0.999999 0 0 -0.999999 0 0 -0.999999 0 0 -0.999999 0 0 -0.999999 0 0 -0.999999 0 0 -0.999999 0 0 -0.999999 0 0 -0.999999 0 0 -0.999999 0 0 -0.999999 0 0 -0.999999 -0 0 -0.999999 0 0 -0.999999 0 0 -0.999999 0 0 -0.999999 -0 0 -0.999999 0 0 -0.999999 0 0 -0.999999 0 0 -0.999999 0 0 -0.999999 0 0 -0.999999 0 0 -0.999999 -0 0 -0.999999 -0 0 -0.999999 0 0 -0.999999 0 0 -0.999999 0 0 -0.999999 0 0 -0.999999 -0 0 -0.999999 0 0 -0.999999 0 0 -0.999999 0 0 -0.999999 0 0 -0.999999 0 0 -0.999999 0 0 -0.999999 0 0 -0.999999 0 0 -0.999999 0 0 -0.999999 0 0 -0.999999 0 0 -0.999999 0 0 -0.999999 0 0 -0.999999 0 0 -0.999999 0 0 -0.999999 0 0 -0.999999 0 0 -0.999999 0 0 -0.999999 0 0 -0.999999 0 0 -0.999999 -0 0 -0.999999 0 0 -0.999999 0 0 -0.999999 0 0 -0.999999 -0 -0.250397 1.98682e-16 0.968143 -0.250397 1.98569e-16 0.968143 -0.0567101 1.4394e-16 0.998391 -0.0567101 4.50891e-17 0.998391 0.139156 0 0.99027 0.139156 -1.20559e-17 0.99027 0.329674 -1.67852e-16 0.944095 0.329674 0 0.944095 0.507523 4.02474e-16 0.861638 0.507523 -3.16347e-16 0.861638 0.665869 0 0.746069 0.665869 5.28531e-16 0.746069 0.798625 0 0.601829 0.798625 0 0.601829 0.900691 1.51466e-15 0.434461 0.968143 1.58515e-15 0.250397 0.900691 0 0.434461 0.968143 -2.48211e-17 0.250397 0.998391 -5.54572e-18 0.0567101 0.998391 -8.02983e-16 0.0567101 0.99027 -7.57713e-16 -0.139156 0.99027 -7.92198e-16 -0.139156 0.944095 -7.65792e-16 -0.329674 0.944095 -6.99663e-16 -0.329674 0.861638 -6.07829e-16 -0.507523 0.861638 6.32984e-16 -0.507523 0.746069 5.25639e-16 -0.665869 0.746069 -9.90084e-17 -0.665869 0.601829 -1.18748e-16 -0.798625 0.601829 3.58512e-16 -0.798625 0.434461 2.10255e-16 -0.900691 0.434461 2.55252e-16 -0.900691 0.250397 1.026e-16 -0.968143 0.250397 -9.59692e-17 -0.968143 0.0567101 -9.90996e-17 -0.998391 0.0567101 -9.44558e-17 -0.998391 -0.139156 6.12441e-17 -0.99027 -0.139156 -6.12717e-17 -0.99027 -0.329674 -2.14113e-16 -0.944095 -0.329674 2.14644e-16 -0.944095 -0.507523 3.59769e-16 -0.861638 -0.507523 -4.87886e-16 -0.861638 -0.665869 -6.02e-16 -0.746069 -0.798625 -6.9298e-16 -0.601829 -0.665869 -6.01831e-16 -0.746069 -0.798625 6.33323e-16 -0.601829 -0.900691 7.1371e-16 -0.434461 -0.900691 6.71196e-16 -0.434461 -0.968143 7.42932e-16 -0.250397 -0.968143 7.55343e-16 -0.250397 -0.998391 -1.96753e-17 -0.0567101 -0.99027 4.82794e-17 0.139156 -0.998391 7.88939e-16 -0.0567101 -0.944095 7.81362e-16 0.329674 -0.99027 7.99095e-16 0.139156 -0.861638 -1.76083e-16 0.507523 -0.944095 -1.14379e-16 0.329674 -0.861638 5.03093e-17 0.507523 -0.746069 5.91645e-16 0.665869 -0.746069 6.55842e-17 0.665869 -0.601829 3.98095e-16 0.798625 -0.601829 4.78379e-16 0.798625 -0.434461 3.44535e-16 0.900691 -0.434461 2.54621e-16 0.900691 0 -0.999999 0 0 -0.999999 0 0 -0.999999 0 0 -0.999999 -0 0 -0.999999 0 0 -0.999999 0 0 -0.999999 0 0 -0.999999 0 0 -0.999999 -0 0 -0.999999 0 0 -0.999999 0 0 -0.999999 0 0 -0.999999 0 0 -0.999999 0 0 -0.999999 0 0 -0.999999 0 0 -0.999999 0 0 -0.999999 0 0 -0.999999 0 0 -0.999999 0 0 -0.999999 0 0 -0.999999 -0 0 -0.999999 0 0 -0.999999 0 0 -0.999999 0 0 -0.999999 -0 0 -0.999999 0 0 -0.999999 0 0 -0.999999 -0 0 -0.999999 -0 0 -0.999999 0 0 -0.999999 0 0 -0.999999 -0 0 -0.999999 0 0 -0.999999 -0 0 -0.999999 0 0 -0.999999 0 0 -0.999999 -0 0 -0.999999 0 0 -0.999999 0 0 -0.999999 0 0 -0.999999 0 0 -0.999999 0 0 -0.999999 0 0 -0.999999 0 0 -0.999999 0 0 -0.999999 0 0 -0.999999 0 0 -0.999999 0 0 -0.999999 0 0 -0.999999 0 0 -0.999999 0 0 -0.999999 0 0 -0.999999 0 0 -0.999999 0 0 -0.999999 0 0 -0.999999 0 0 -0.999999 0 0 -0.999999 0 0 -0.999999 0 0 -0.999999 -0 0 -0.999999 0 0 -0.999999 0 0 -0.999999 -0 -0.250397 -3.42388e-16 0.968143 -0.250397 1.98569e-16 0.968143 -0.0567101 -2.42907e-16 0.998391 -0.0567101 4.4848e-17 0.998391 0.139156 -9.81626e-17 0.99027 0.139156 -8.58381e-17 0.99027 0.329674 -1.87171e-16 0.944095 0.329674 -9.35539e-17 0.944095 0.507523 -3.59769e-16 0.861638 0.507523 -1.69747e-16 0.861638 0.665869 -3.69778e-17 0.746069 0.665869 -4.89952e-16 0.746069 0.798625 -6.33323e-16 0.601829 0.798625 -2.89342e-17 0.601829 0.900691 2.15334e-17 0.434461 0.968143 1.24105e-17 0.250397 0.900691 -7.15639e-16 0.434461 0.968143 -8.04985e-16 0.250397 0.998391 -8.00272e-16 0.0567101 0.998391 7.86119e-16 0.0567101 0.99027 7.99095e-16 -0.139156 0.99027 2.06912e-17 -0.139156 0.944095 4.91881e-17 -0.329674 0.944095 6.99663e-16 -0.329674 0.861638 6.07829e-16 -0.507523 0.861638 -1.50928e-16 -0.507523 0.746069 -1.98017e-16 -0.665869 0.746069 9.90084e-17 -0.665869 0.601829 1.18748e-16 -0.798625 0.601829 -4.97051e-16 -0.798625 0.434461 -3.665e-16 -0.900691 0.434461 3.44535e-16 -0.900691 0.250397 1.98569e-16 -0.968143 0.250397 -4.79846e-17 -0.968143 0.0567101 -4.96704e-17 -0.998391 0.0567101 9.44558e-17 -0.998391 -0.139156 -6.17263e-17 -0.99027 -0.139156 2.45406e-16 -0.99027 -0.329674 2.34367e-16 -0.944095 -0.329674 1.40378e-16 -0.944095 -0.507523 1.28117e-16 -0.861638 -0.507523 5.30592e-16 -0.861638 -0.665869 6.38978e-16 -0.746069 -0.798625 7.22809e-16 -0.601829 -0.665869 6.38481e-16 -0.746069 -0.798625 -2.98288e-17 -0.601829 -0.900691 -2.31474e-17 -0.434461 -0.900691 -8.43463e-16 -0.434461 -0.968143 -8.42217e-16 -0.250397 -0.968143 7.67754e-16 -0.250397 -0.998391 7.9174e-16 -0.0567101 -0.99027 7.85301e-16 0.139156 -0.998391 7.91833e-16 -0.0567101 -0.944095 -8.30382e-16 0.329674 -0.99027 -8.19786e-16 0.139156 -0.861638 -7.5464e-17 0.507523 -0.944095 -4.90195e-17 0.329674 -0.861638 -2.51547e-17 0.507523 -0.746069 0 0.665869 -0.746069 -3.27921e-17 0.665869 -0.601829 -7.14756e-16 0.798625 -0.601829 0 0.798625 -0.434461 -4.78459e-16 0.900691 -0.434461 -6.13405e-16 0.900691 0 -0.999999 0 0 -0.999999 0 0 -0.999999 0 0 -0.999999 0 0 -0.999999 -0 0 -0.999999 0 0 -0.999999 0 0 -0.999999 0 0 -0.999999 -0 0 -0.999999 0 0 -0.999999 0 0 -0.999999 0 0 -0.999999 0 0 -0.999999 0 0 -0.999999 0 0 -0.999999 0 0 -0.999999 0 0 -0.999999 0 0 -0.999999 0 0 -0.999999 0 0 -0.999999 0 0 -0.999999 -0 0 -0.999999 0 0 -0.999999 0 0 -0.999999 0 0 -0.999999 -0 0 -0.999999 0 0 -0.999999 0 0 -0.999999 -0 0 -0.999999 -0 0 -0.999999 0 0 -0.999999 0 0 -0.999999 -0 0 -0.999999 -0 0 -0.999999 0 0 -0.999999 0 0 -0.999999 0 0 -0.999999 -0 0 -0.999999 0 0 -0.999999 0 0 -0.999999 0 0 -0.999999 0 0 -0.999999 0 0 -0.999999 0 0 -0.999999 0 0 -0.999999 0 0 -0.999999 0 0 -0.999999 0 0 -0.999999 0 0 -0.999999 0 0 -0.999999 0 0 -0.999999 0 0 -0.999999 0 0 -0.999999 0 0 -0.999999 0 0 -0.999999 0 0 -0.999999 0 0 -0.999999 0 0 -0.999999 0 0 -0.999999 -0 0 -0.999999 0 0 -0.999999 -0 0 -0.999999 0 0 -0.999999 0 -0.250397 -4.38835e-16 0.968143 -0.250397 -5.4615e-17 0.968143 -0.0567101 9.44558e-17 0.998391 -0.0567101 1.0344e-16 0.998391 0.139156 4.90813e-16 0.99027 0.139156 -6.12441e-17 0.99027 0.329674 1.40378e-16 0.944095 0.329674 4.6777e-16 0.944095 0.507523 1.28117e-16 0.861638 0.507523 1.2731e-16 0.861638 0.665869 4.06756e-16 0.746069 0.665869 1.0995e-16 0.746069 0.798625 -7.52638e-16 0.601829 0.798625 3.27921e-16 0.601829 0.900691 -8.61336e-17 0.434461 0.968143 -4.96422e-17 0.250397 0.900691 -8.00513e-16 0.434461 0.968143 3.72316e-17 0.250397 0.998391 8.43914e-18 0.0567101 0.998391 -1.5891e-15 0.0567101 0.99027 -1.55681e-15 -0.139156 0.99027 1.5637e-15 -0.139156 0.944095 1.48047e-15 -0.329674 0.944095 -7.16003e-16 -0.329674 0.861638 -6.32984e-16 -0.507523 0.861638 -5.03093e-17 -0.507523 0.746069 -6.60056e-17 -0.665869 0.746069 -5.25639e-16 -0.665869 0.601829 -3.98095e-16 -0.798625 0.601829 1.58331e-16 -0.798625 0.434461 1.79392e-16 -0.900691 0.434461 1.78566e-16 -0.900691 0.250397 1.91938e-16 -0.968143 0.250397 0 -0.968143 0.0567101 0 -0.998391 0.0567101 -4.40842e-16 -0.998391 -0.139156 -2.82108e-16 -0.99027 -0.139156 1.96325e-16 -0.99027 -0.329674 1.87108e-16 -0.944095 -0.329674 -0 -0.944095 -0.507523 -0 -0.861638 -0.507523 8.54116e-17 -0.861638 -0.665869 -2.58845e-16 -0.746069 -0.798625 -2.08801e-16 -0.601829 -0.665869 7.33e-17 -0.746069 -0.798625 -7.52638e-16 -0.601829 -0.900691 -8.00513e-16 -0.434461 -0.900691 8.00396e-16 -0.434461 -0.968143 8.17396e-16 -0.250397 -0.968143 -7.44633e-17 -0.250397 -0.998391 5.6215e-18 -0.0567101 -0.99027 -1.37941e-17 0.139156 -0.998391 -1.68783e-17 -0.0567101 -0.944095 8.14042e-16 0.329674 -0.99027 8.12889e-16 0.139156 -0.861638 -6.07829e-16 0.507523 -0.944095 -6.99663e-16 0.329674 -0.861638 8.09066e-16 0.507523 -0.746069 -6.60056e-17 0.665869 -0.746069 7.56147e-16 0.665869 -0.601829 3.58512e-16 0.798625 -0.601829 -7.90868e-17 0.798625 -0.434461 -5.67742e-16 0.900691 -0.434461 2.10255e-16 0.900691 0 -0.999999 0 0 -0.999999 0 0 -0.999999 0 0 -0.999999 -0 0 -0.999999 0 0 -0.999999 0 0 -0.999999 0 0 -0.999999 0 0 -0.999999 -0 0 -0.999999 0 0 -0.999999 0 0 -0.999999 0 0 -0.999999 0 0 -0.999999 0 0 -0.999999 0 0 -0.999999 0 0 -0.999999 0 0 -0.999999 0 0 -0.999999 0 0 -0.999999 0 0 -0.999999 0 0 -0.999999 -0 0 -0.999999 0 0 -0.999999 0 0 -0.999999 0 0 -0.999999 -0 0 -0.999999 0 0 -0.999999 0 0 -0.999999 -0 0 -0.999999 -0 0 -0.999999 0 0 -0.999999 0 0 -0.999999 -0 0 -0.999999 0 0 -0.999999 -0 0 -0.999999 0 0 -0.999999 0 0 -0.999999 -0 0 -0.999999 0 0 -0.999999 0 0 -0.999999 0 0 -0.999999 0 0 -0.999999 0 0 -0.999999 0 0 -0.999999 0 0 -0.999999 0 0 -0.999999 0 0 -0.999999 0 0 -0.999999 0 0 -0.999999 0 0 -0.999999 0 0 -0.999999 0 0 -0.999999 0 0 -0.999999 0 0 -0.999999 0 0 -0.999999 0 0 -0.999999 0 0 -0.999999 0 0 -0.999999 0 0 -0.999999 0 0 -0.999999 -0 0 -0.999999 0 0 -0.999999 0 0 -0.999999 -0 -0.250397 -7.90868e-17 0.968143 -0.250397 2.22561e-16 0.968143 -0.0567101 -3.17133e-16 0.998391 -0.0567101 6.96832e-17 0.998391 0.139156 -4.90813e-17 0.99027 0.139156 -1.5962e-16 0.99027 0.329674 -2.38041e-16 0.944095 0.329674 -4.62947e-17 0.944095 0.507523 2.56235e-16 0.861638 0.507523 -3.80003e-16 0.861638 0.665869 1.01689e-16 0.746069 0.665869 2.21829e-16 0.746069 0.798625 -6.03494e-16 0.601829 0.798625 8.10158e-17 0.601829 0.900691 -6.46002e-17 0.434461 0.968143 -3.72316e-17 0.250397 0.900691 -6.94421e-16 0.434461 0.968143 -7.5224e-16 0.250397 0.998391 -7.88216e-16 0.0567101 0.998391 -7.9174e-16 0.0567101 0.99027 -7.85301e-16 -0.139156 0.99027 2.41397e-17 -0.139156 0.944095 5.69039e-17 -0.329674 0.944095 8.38552e-16 -0.329674 0.861638 8.21644e-16 -0.507523 0.861638 -6.9587e-16 -0.507523 0.746069 -6.08146e-16 -0.665869 0.746069 8.2507e-17 -0.665869 0.601829 9.89567e-17 -0.798625 0.601829 -5.16843e-16 -0.798625 0.434461 -3.89647e-16 -0.900691 0.434461 -2.55252e-16 -0.900691 0.250397 -1.026e-16 -0.968143 0.250397 -9.59692e-17 -0.968143 0.0567101 -9.90996e-17 -0.998391 0.0567101 -1.52963e-16 -0.998391 -0.139156 -3.06703e-16 -0.99027 -0.139156 4.90813e-17 -0.99027 -0.329674 4.72592e-17 -0.944095 -0.329674 1.87171e-16 -0.944095 -0.507523 1.70823e-16 -0.861638 -0.507523 5.73298e-16 -0.861638 -0.665869 6.38978e-16 -0.746069 -0.798625 7.22809e-16 -0.601829 -0.665869 6.75131e-16 -0.746069 -0.798625 6.03494e-16 -0.601829 -0.900691 6.92492e-16 -0.434461 -0.900691 -1.52543e-15 -0.434461 -0.968143 -1.59135e-15 -0.250397 -0.968143 -3.10264e-17 -0.250397 -0.998391 1.59332e-15 -0.0567101 -0.99027 1.54646e-15 0.139156 -0.998391 -7.23355e-18 -0.0567101 -0.944095 -7.69107e-16 0.329674 -0.99027 -7.93922e-16 0.139156 -0.861638 7.02159e-16 0.507523 -0.944095 7.60937e-16 0.329674 -0.861638 1.8866e-17 0.507523 -0.746069 9.90084e-17 0.665869 -0.746069 2.50763e-17 0.665869 -0.601829 9.89567e-17 0.798625 -0.601829 1.17666e-16 0.798625 -0.434461 -2.32931e-16 0.900691 -0.434461 1.11879e-16 0.900691 0 -0.999999 0 0 -0.999999 0 0 -0.999999 0 0 -0.999999 0 0 -0.999999 -0 0 -0.999999 0 0 -0.999999 0 0 -0.999999 0 0 -0.999999 -0 0 -0.999999 0 0 -0.999999 0 0 -0.999999 0 0 -0.999999 0 0 -0.999999 0 0 -0.999999 0 0 -0.999999 0 0 -0.999999 0 0 -0.999999 0 0 -0.999999 0 0 -0.999999 0 0 -0.999999 0 0 -0.999999 -0 0 -0.999999 0 0 -0.999999 0 0 -0.999999 0 0 -0.999999 -0 0 -0.999999 0 0 -0.999999 0 0 -0.999999 -0 0 -0.999999 -0 0 -0.999999 0 0 -0.999999 0 0 -0.999999 -0 0 -0.999999 -0 0 -0.999999 0 0 -0.999999 0 0 -0.999999 0 0 -0.999999 0 0 -0.999999 -0 0 -0.999999 0 0 -0.999999 0 0 -0.999999 0 0 -0.999999 0 0 -0.999999 0 0 -0.999999 0 0 -0.999999 0 0 -0.999999 0 0 -0.999999 0 0 -0.999999 0 0 -0.999999 0 0 -0.999999 0 0 -0.999999 0 0 -0.999999 0 0 -0.999999 0 0 -0.999999 0 0 -0.999999 0 0 -0.999999 0 0 -0.999999 0 0 -0.999999 0 0 -0.999999 0 0 -0.999999 -0 0 -0.999999 0 0 -0.999999 -0 0 -0.999999 0 -0.250397 1.25462e-16 0.968143 -0.250397 -2.30926e-16 0.968143 -0.0567101 -2.38141e-16 0.998391 -0.0567101 -2.38124e-16 0.998391 0.139156 -2.14731e-16 0.99027 0.139156 -2.36296e-16 0.99027 0.329674 -1.84246e-16 0.944095 0.329674 -2.0479e-16 0.944095 0.665869 8.08889e-17 0.746069 0.507523 9.3419e-17 0.861638 0.507523 -1.68783e-16 0.861638 0.798625 -1.30501e-16 0.601829 0.665869 -1.61778e-16 0.746069 0.900691 -9.42087e-17 0.434461 0.798625 -1.30501e-16 0.601829 0.968143 -5.42961e-17 0.250397 0.900691 -9.42087e-17 0.434461 0.968143 -4.34369e-17 0.250397 0.998391 -9.83763e-18 0.0567101 0.998391 2.76863e-15 0.0567101 0.99027 2.75459e-15 -0.139156 0.99027 1.42859e-15 -0.139156 0.944095 1.43887e-15 -0.329674 0.944095 7.14867e-17 -0.329674 0.861638 1.10052e-16 -0.507523 0.861638 8.80413e-17 -0.507523 0.746069 1.1551e-16 -0.665869 0.746069 1.1551e-16 -0.665869 0.601829 1.38539e-16 -0.798625 0.601829 1.00838e-15 -0.798625 0.434461 7.98242e-16 -0.900691 0.434461 1.56245e-16 -0.900691 0.250397 1.67946e-16 -0.968143 0.250397 2.09933e-16 -0.968143 0.0567101 2.16491e-16 -0.998391 0.0567101 -1.29895e-16 -0.998391 -0.139156 -1.28838e-16 -0.99027 -0.139156 -1.28838e-16 -0.99027 -0.507523 -1.12103e-16 -0.861638 -0.329674 -1.22831e-16 -0.944095 -0.329674 -1.23211e-16 -0.944095 -0.507523 1.4947e-16 -0.861638 -0.798625 1.04401e-16 -0.601829 -0.665869 1.29422e-16 -0.746069 -0.665869 1.294e-16 -0.746069 -0.798625 -7.83005e-17 -0.601829 -0.968143 -3.25777e-17 -0.250397 -0.900691 -5.65252e-17 -0.434461 -0.900691 -5.62609e-17 -0.434461 -0.968143 5.42961e-17 -0.250397 -0.99027 -1.42256e-15 0.139156 -0.998391 -1.36587e-15 -0.0567101 -0.998391 1.22368e-17 -0.0567101 -0.944095 -1.85865e-16 0.329674 -0.99027 -7.8454e-17 0.139156 -0.944095 -1.38883e-15 0.329674 -0.746069 -1.41079e-15 0.665869 -0.861638 -1.4819e-15 0.507523 -0.861638 -1.31763e-15 0.507523 -0.746069 -1.29949e-16 0.665869 -0.434461 -8.17772e-16 0.900691 -0.601829 -1.0257e-15 0.798625 -0.601829 -1.5528e-16 0.798625 -0.434461 1.17184e-16 0.900691 -0.250397 -3.47495e-16 0.968143 -0.0567101 4.40878e-16 0.998391 -0.250397 1.56343e-16 0.968143 0.139156 3.86235e-16 0.99027 -0.0567101 -1.57402e-16 0.998391 0.329674 7.36984e-16 0.944095 0.139156 7.7303e-16 0.99027 0.507523 1.85707e-15 0.861638 0.329674 1.40635e-15 0.944095 0.665869 1.0535e-15 0.746069 0.507523 8.538e-16 0.861638 0.798625 1.47372e-15 0.601829 0.665869 1.37706e-15 0.746069 0.900691 2.49992e-15 0.434461 0.798625 2.21663e-15 0.601829 0.968143 4.34369e-17 0.250397 0.900691 7.53669e-17 0.434461 0.968143 1.32185e-15 0.250397 0.998391 1.38063e-15 0.0567101 0.998391 1.41998e-15 0.0567101 0.99027 1.28979e-15 -0.139156 0.99027 1.36221e-15 -0.139156 0.944095 1.2816e-15 -0.329674 0.944095 -2.85947e-17 -0.329674 0.861638 -4.40206e-17 -0.507523 0.861638 1.19576e-15 -0.507523 0.746069 1.03538e-15 -0.665869 0.746069 9.19869e-16 -0.665869 0.601829 6.96666e-16 -0.798625 0.601829 -1.38539e-16 -0.798625 0.434461 -1.56245e-16 -0.900691 0.434461 -8.59347e-16 -0.900691 0.250397 -9.23703e-16 -0.968143 0.250397 3.47495e-16 -0.968143 0.0567101 7.8701e-17 -0.998391 0.0567101 -1.13365e-15 -0.998391 -0.139156 -1.39561e-15 -0.99027 -0.329674 -1.11261e-15 -0.944095 -0.139156 -8.80256e-16 -0.99027 -0.329674 -4.57515e-16 -0.944095 -0.507523 -7.0433e-16 -0.861638 -0.507523 -1.22748e-15 -0.861638 -0.665869 -1.37706e-15 -0.746069 -0.798625 -1.42152e-15 -0.601829 -0.665869 -1.31235e-15 -0.746069 -0.798625 -1.42152e-15 -0.601829 -0.968143 -1.4956e-15 -0.250397 -0.900691 -1.51374e-15 -0.434461 -0.900691 -1.47629e-15 -0.434461 -0.998391 -9.83763e-18 -0.0567101 -0.968143 -4.34369e-17 -0.250397 -0.99027 0 0.139156 -0.998391 -0 -0.0567101 -0.99027 -1.35014e-15 0.139156 -0.944095 -1.08144e-15 0.329674 -0.944095 -1.25293e-15 0.329674 -0.746069 4.62039e-16 0.665869 -0.861638 3.52165e-16 0.507523 -0.861638 -8.43914e-16 0.507523 -0.746069 -1.72423e-15 0.665869 -0.434461 7.81225e-16 0.900691 -0.601829 6.92697e-16 0.798625 -0.601829 -1.25462e-15 0.798625 -0.434461 -6.02935e-16 0.900691 -0.250397 -1.6822e-16 0.968143 -0.250397 3.47495e-16 0.968143 -0.0567101 1.73193e-16 0.998391 -0.0567101 7.87653e-17 0.998391 0.139156 2.13331e-17 0.99027 0.139156 1.71596e-16 0.99027 0.329674 -1.63774e-16 0.944095 0.329674 2.93682e-16 0.944095 0.507523 -2.98941e-16 0.861638 0.507523 -1.49654e-16 0.861638 0.665869 0 0.746069 0.665869 -2.588e-16 0.746069 0.798625 -1.04401e-16 0.601829 0.798625 0 0.601829 0.900691 -7.53897e-17 0.434461 0.900691 1.09923e-15 0.434461 0.968143 1.25687e-15 0.250397 0.968143 -1.73748e-16 0.250397 0.998391 -3.93827e-17 0.0567101 0.998391 -4.91881e-17 0.0567101 0.99027 1.2068e-16 -0.139156 0.99027 1.39842e-15 -0.139156 0.944095 1.3677e-15 -0.329674 0.944095 5.71894e-17 -0.329674 0.861638 8.77671e-17 -0.507523 0.861638 1.45989e-15 -0.507523 0.746069 1.38177e-15 -0.665869 0.746069 5.77549e-16 -0.665869 0.601829 6.93135e-16 -0.798625 0.601829 -1.67041e-15 -0.798625 0.434461 -1.20623e-15 -0.900691 0.434461 7.5918e-16 -0.900691 0.250397 5.1535e-16 -0.968143 0.250397 6.71784e-16 -0.968143 0.0567101 6.92713e-16 -0.998391 0.0567101 9.44921e-17 -0.998391 -0.139156 1.71785e-16 -0.99027 -0.139156 3.64852e-16 -0.99027 -0.329674 3.27549e-16 -0.944095 -0.329674 1.63719e-16 -0.944095 -0.507523 2.99308e-16 -0.861638 -0.507523 -5.5486e-16 -0.861638 -0.665869 1.57119e-15 -0.746069 -0.665869 -7.9553e-16 -0.746069 -0.798625 1.63044e-15 -0.601829 -0.798625 1.10831e-15 -0.601829 -0.900691 -0 -0.434461 -0.900691 1.25012e-15 -0.434461 -0.968143 4.34369e-17 -0.250397 -0.968143 0 -0.250397 -0.998391 9.83763e-18 -0.0567101 -0.998391 9.84566e-18 -0.0567101 -0.99027 -2.41397e-17 0.139156 -0.99027 -2.41922e-17 0.139156 -0.944095 -5.71894e-17 0.329674 -0.944095 -5.68235e-17 0.329674 -0.746069 -1.1551e-16 0.665869 -0.861638 -8.80413e-17 0.507523 -0.861638 -8.88923e-17 0.507523 -0.746069 5.73339e-16 0.665869 -0.601829 -2.77079e-16 0.798625 -0.601829 2.80179e-16 0.798625 -0.434461 -1.56245e-16 0.900691 -0.434461 -3.12811e-16 0.900691 -0.250397 -2.52049e-16 0.968143 -0.250397 8.3973e-17 0.968143 -0.0567101 1.73193e-16 0.998391 -0.0567101 8.65012e-17 0.998391 0.139156 8.58923e-17 0.99027 0.139156 1.71596e-16 0.99027 0.329674 8.18872e-17 0.944095 0.329674 8.2141e-17 0.944095 0.665869 -1.29422e-16 0.746069 0.507523 -1.4947e-16 0.861638 0.507523 7.42644e-17 0.861638 0.798625 -1.04401e-16 0.601829 0.665869 -1.29422e-16 0.746069 0.900691 -1.1305e-16 0.434461 0.798625 -1.56601e-16 0.601829 0.968143 2.17185e-17 0.250397 0.900691 3.76835e-17 0.434461 0.968143 1.30013e-15 0.250397 0.998391 1.37571e-15 0.0567101 0.998391 2.81044e-15 0.0567101 0.99027 2.65199e-15 -0.139156 0.99027 1.27772e-15 -0.139156 0.944095 1.08144e-15 -0.329674 0.944095 5.71894e-17 -0.329674 0.861638 8.80413e-17 -0.507523 0.861638 1.32062e-16 -0.507523 0.746069 1.73265e-16 -0.665869 0.746069 1.1551e-16 -0.665869 0.601829 1.38539e-16 -0.798625 0.601829 1.04301e-15 -0.798625 0.434461 8.37303e-16 -0.900691 0.434461 2.34367e-16 -0.900691 0.250397 2.51919e-16 -0.968143 0.250397 -8.3973e-17 -0.968143 0.0567101 -8.65966e-17 -0.998391 0.0567101 -8.65966e-17 -0.998391 -0.139156 -8.58923e-17 -0.99027 -0.139156 -8.60792e-17 -0.99027 -0.507523 -7.47352e-17 -0.861638 -0.329674 -8.18872e-17 -0.944095 -0.329674 -8.15784e-17 -0.944095 -0.507523 -7.47352e-17 -0.861638 -0.798625 -5.22003e-17 -0.601829 -0.665869 -6.47112e-17 -0.746069 -0.665869 -6.52627e-17 -0.746069 -0.798625 -1.04401e-16 -0.601829 -0.968143 -2.17185e-17 -0.250397 -0.900691 -3.76835e-17 -0.434461 -0.900691 -7.53897e-17 -0.434461 -0.968143 -8.68738e-17 -0.250397 -0.99027 -3.62096e-17 0.139156 -0.998391 1.47564e-17 -0.0567101 -0.998391 -1.96913e-17 -0.0567101 -0.944095 -2.47742e-15 0.329674 -0.99027 -2.6882e-15 0.139156 -0.944095 -2.5632e-15 0.329674 -0.746069 -9.19869e-16 0.665869 -0.861638 -1.10772e-15 0.507523 -0.861638 -2.30445e-15 0.507523 -0.746069 -1.1551e-16 0.665869 -0.434461 -1.56245e-16 0.900691 -0.601829 -1.38539e-16 0.798625 -0.601829 -1.38402e-16 0.798625 -0.434461 -2.34367e-16 0.900691 -0.250397 2.40316e-16 0.968143 -0.0567101 8.22667e-16 0.998391 -0.250397 7.97744e-16 0.968143 0.139156 3.43289e-16 0.99027 -0.0567101 -2.007e-16 0.998391 0.329674 1.22831e-16 0.944095 0.139156 1.28838e-16 0.99027 0.507523 6.35249e-16 0.861638 0.329674 6.96041e-16 0.944095 0.665869 9.8879e-16 0.746069 0.507523 7.79065e-16 0.861638 0.798625 1.49982e-15 0.601829 0.665869 1.40941e-15 0.746069 0.900691 5.65252e-16 0.434461 0.798625 7.83005e-16 0.601829 0.968143 2.17185e-17 0.250397 0.900691 3.76835e-17 0.434461 0.968143 1.64763e-15 0.250397 0.998391 1.45441e-15 0.0567101 0.998391 1.38555e-15 0.0567101 0.99027 1.37428e-15 -0.139156 0.99027 1.36221e-15 -0.139156 0.944095 1.2816e-15 -0.329674 0.944095 -5.71894e-17 -0.329674 0.861638 -8.80413e-17 -0.507523 0.861638 1.23978e-15 -0.507523 0.746069 1.09313e-15 -0.665869 0.746069 9.19869e-16 -0.665869 0.601829 6.96666e-16 -0.798625 0.601829 -6.23427e-16 -0.798625 0.434461 -7.03102e-16 -0.900691 0.434461 4.46691e-16 -0.900691 0.250397 1.79549e-16 -0.968143 0.250397 -9.121e-16 -0.968143 0.0567101 -1.22025e-15 -0.998391 0.0567101 -9.44921e-17 -0.998391 -0.139156 -3.64902e-16 -0.99027 -0.329674 -4.23707e-16 -0.944095 -0.139156 1.29118e-16 -0.99027 -0.329674 -6.55097e-16 -0.944095 -0.507523 -5.97881e-16 -0.861638 -0.507523 -1.85707e-15 -0.861638 -0.665869 -2.23642e-15 -0.746069 -0.798625 -3.63815e-15 -0.601829 -0.665869 -3.1605e-15 -0.746069 -0.798625 -2.52983e-15 -0.601829 -0.968143 -1.47388e-15 -0.250397 -0.900691 -1.47606e-15 -0.434461 -0.900691 -2.72641e-15 -0.434461 -0.998391 -4.91881e-18 -0.0567101 -0.968143 -2.17185e-17 -0.250397 -0.99027 1.20699e-16 0.139156 -0.998391 -4.91881e-17 -0.0567101 -0.99027 -1.25961e-15 0.139156 -0.944095 -1.11003e-15 0.329674 -0.944095 -1.03858e-15 0.329674 -0.746069 1.1551e-16 0.665869 -0.861638 8.80413e-17 0.507523 -0.861638 -8.87798e-16 0.507523 -0.746069 -1.97932e-16 0.665869 -0.434461 1.17184e-16 0.900691 -0.601829 1.03905e-16 0.798625 -0.601829 1.69908e-16 0.798625 -0.434461 -5.60783e-17 0.900691 -0.250397 -1.6822e-16 0.968143 -0.250397 3.47495e-16 0.968143 -0.0567101 -2.67685e-16 0.998391 -0.0567101 7.87653e-17 0.998391 0.139156 2.13331e-17 0.99027 0.139156 -5.36729e-16 0.99027 0.329674 -3.27549e-16 0.944095 0.329674 2.93682e-16 0.944095 0.507523 -1.4947e-16 0.861638 0.507523 -2.99308e-16 0.861638 0.665869 -1.29422e-16 0.746069 0.665869 -1.294e-16 0.746069 0.798625 -1.57812e-15 0.601829 0.798625 -1.04645e-16 0.601829 0.900691 -1.58993e-15 0.434461 0.900691 1.02386e-15 0.434461 0.968143 1.21299e-15 0.250397 0.968143 -1.53903e-15 0.250397 0.998391 -1.42987e-15 0.0567101 0.998391 -3.44317e-17 0.0567101 0.99027 8.43914e-17 -0.139156 0.99027 1.41049e-15 -0.139156 0.944095 1.39583e-15 -0.329674 0.944095 5.71894e-17 -0.329674 0.861638 8.77671e-17 -0.507523 0.861638 1.45989e-15 -0.507523 0.746069 1.38177e-15 -0.665869 0.746069 1.38191e-15 -0.665869 0.601829 1.25012e-15 -0.798625 0.601829 -2.81048e-16 -0.798625 0.434461 2.13792e-17 -0.900691 0.434461 1.14979e-15 -0.900691 0.250397 9.35619e-16 -0.968143 0.250397 3.35892e-16 -0.968143 0.0567101 3.46427e-16 -0.998391 0.0567101 7.89555e-18 -0.998391 -0.139156 8.58923e-17 -0.99027 -0.139156 2.79054e-16 -0.99027 -0.329674 1.63774e-16 -0.944095 -0.329674 8.15784e-17 -0.944095 -0.507523 1.49654e-16 -0.861638 -0.507523 -4.80125e-16 -0.861638 -0.665869 1.11821e-15 -0.746069 -0.665869 -7.30267e-16 -0.746069 -0.798625 1.26475e-15 -0.601829 -0.798625 -2.42543e-15 -0.601829 -0.900691 3.76835e-17 -0.434461 -0.900691 -2.65102e-15 -0.434461 -0.968143 -1.38701e-15 -0.250397 -0.968143 2.19418e-17 -0.250397 -0.998391 9.83763e-18 -0.0567101 -0.998391 -1.39541e-15 -0.0567101 -0.99027 -2.41397e-17 0.139156 -0.99027 -2.41922e-17 0.139156 -0.944095 -5.71894e-17 0.329674 -0.944095 -5.68235e-17 0.329674 -0.746069 -1.1551e-16 0.665869 -0.861638 -8.80413e-17 0.507523 -0.861638 -8.77671e-17 0.507523 -0.746069 8.04359e-16 0.665869 -0.601829 -1.38539e-16 0.798625 -0.601829 5.58109e-16 0.798625 -0.434461 -1.56245e-16 0.900691 -0.434461 -1.56405e-16 0.900691 -0.255984 -2.3606e-16 0.966681 -0.255984 0 0.966681 -0.0739978 -6.84617e-17 0.997258 0.110508 1.0224e-16 0.993875 -0.0739978 0 0.997258 0.110508 1.0224e-16 0.993875 0.29125 5.38922e-16 0.956647 0.29125 2.71032e-16 0.956647 0.462075 8.37751e-16 0.886841 0.617164 9.34975e-16 0.786835 0.462075 8.5681e-16 0.886841 0.617164 1.68796e-15 0.786835 0.751236 1.85351e-15 0.660034 0.751236 1.54273e-15 0.660034 0.859725 1.70895e-15 0.510756 0.859725 9.7261e-16 0.510756 0.938938 9.87954e-16 0.344086 0.938938 8.68692e-16 0.344086 0.986177 9.13639e-16 0.165698 0.986177 8.62318e-17 0.165698 0.999832 -9.28939e-18 -0.0183333 0.999832 -2.65026e-18 -0.0183333 0.979439 -2.62289e-17 -0.20174 0.979439 -2.33308e-17 -0.20174 0.925693 -4.37148e-17 -0.378276 0.925693 9.00185e-16 -0.378276 0.840423 8.39324e-16 -0.541931 0.840423 5.26854e-16 -0.541931 0.726534 3.67204e-16 -0.687131 0.726534 -7.94655e-17 -0.687131 0.587903 -8.74295e-17 -0.808931 0.587903 1.08784e-15 -0.808931 0.429252 7.86866e-16 -0.903185 0.429252 7.94276e-16 -0.903185 0.255984 4.80862e-16 -0.966681 0.255984 0 -0.966681 0.0739978 0 -0.997258 0.0739978 6.84617e-17 -0.997258 -0.110508 -1.04915e-16 -0.993875 -0.110508 -0 -0.993875 -0.29125 -2.69461e-16 -0.956647 -0.29125 0 -0.956647 -0.462075 -1.02562e-16 -0.886841 -0.462075 -4.37148e-16 -0.886841 -0.617164 -9.09961e-17 -0.786835 -0.751236 -7.63318e-17 -0.660034 -0.617164 -1.04915e-16 -0.786835 -0.751236 -1.39007e-15 -0.660034 -0.859725 -8.54474e-16 -0.510756 -0.859725 -1.59122e-15 -0.510756 -0.938938 -1.19379e-16 -0.344086 -0.986177 -5.74879e-17 -0.165698 -0.938938 -9.09267e-16 -0.344086 -0.986177 -6.22785e-17 -0.165698 -0.999832 2.12021e-18 0.0183333 -0.999832 6.55722e-18 0.0183333 -0.979439 -8.82832e-16 0.20174 -0.925693 -8.12691e-16 0.378276 -0.979439 2.62289e-17 0.20174 -0.925693 -8.56438e-16 0.378276 -0.840423 -6.52201e-16 0.541931 -0.726534 -5.13248e-16 0.687131 -0.840423 -7.86866e-16 0.541931 -0.587903 0 0.808931 -0.726534 0 0.687131 -0.587903 -5.4392e-16 0.808931 -0.429252 -3.97138e-16 0.903185 -0.429252 -3.97138e-16 0.903185 0 -1 0 0 -1 -0 0 -1 0 0 -1 0 0 -1 -0 0 -1 0 0 -1 0 0 -1 0 0 -1 0 0 -1 0 0 -1 0 0 -1 0 0 -1 0 0 -1 0 0 -1 0 0 -1 0 -1.42683e-15 -1 -4.2719e-15 0 -1 -0 0 -1 0 -1.41984e-15 -1 4.95803e-16 -1.11158e-15 -1 4.17081e-15 -1.43159e-15 -1 2.01172e-16 0 -1 0 0 -1 -0 0 -1 0 0 -1 0 0 -1 -0 0 -1 0 0 -1 0 0 -1 0 0 -1 -0 0 -1 0 0 -1 -0 0 -1 0 0 -1 0 0 -1 0 0 -1 -0 0 -1 0 0 -1 0 0 -1 -0 0 -1 0 2.78193e-15 -1 -3.27616e-15 0 -1 0 0 -1 0 0 -1 -0 -4.56945e-16 -1 -1.30856e-15 0 -1 0 0 -1 -0 0 -1 0 0 -1 -0 0 -1 0 0 -1 -0 0 -1 0 0 -1 0 0 -1 0 0 -1 -0 0 -1 0 0 -1 0 0 -1 0 0 -1 0 0 -1 -0 0 -1 0 0 -1 0 0 -1 0 0 -1 0 0 -1 0 0 -1 0 0 -1 0 0 -1 0 0 -1 0 0 -1 -0 0 -1 0 0 -1 0 0 -1 0 0 -1 0 0 -1 0 0 -1 0 0 -1 -0 0 -1 0 0 -1 0 0 -1 -0 0 -1 0 0 -1 0 0 -1 0 0 -1 -0 0 -1 0 0 -1 0 0 -1 0 0 -1 0 0 -1 0 0 -1 0 0 -1 0 0 -1 0 0 -1 -0 0 -1 0 0 -1 -0 0 -1 0 0 -1 0 0 -1 0 0 -1 0 0 -1 0 0 -1 0 0 -1 0 -8.51093e-16 -1 -1.0486e-15 0 -1 0 0 -1 0 0 -1 0 -3.212e-15 -1 2.86799e-15 -1.16561e-15 -1 -5.62249e-16 0 -1 0 0 -1 0 0 -1 0 0 -1 0 0 -1 0 0 -1 0 0 -1 0 0 -1 0 0 -1 0 0 -1 0 0 -1 0 0 -1 0 0 -1 0 0 -1 -0 0 -1 0 0 -1 0 0 -1 -0 0 -1 0 0 -1 0 0 -1 0 0 -1 0 0 -1 0 0 -1 0 0 -1 0 0 -1 0 0 -1 0 0 -1 0 0 -1 0 0 -1 0 0 -1 0 0 -1 0 0 -1 0 0 -1 0 0 -1 0 0 -1 0 0 -1 0 0 -1 -0 0 -1 0 0 -1 -0 0 -1 0 0 -1 0 0 -1 0 0 -1 0 0 -1 -0 0 -1 -0 0 -1 0 0 -1 0 0 -1 -0 0 -1 0 0 -1 0 0 -1 0 0 -1 0 0 -1 -0 0 -1 0 0 -1 -0 0 -1 0 0 -1 0 0 -1 0 0 -1 -0 0 -1 0 0 -1 0 0 -1 0 0 -1 0 0 -1 -0 0 -1 0 0 -1 0 0 -1 0 0 -1 0 0 -1 0 0 -1 0 0 -1 0 0 -1 -0 0 -1 0 0 -1 0 0 -1 -0 0 -1 0 0 -1 0 0 -1 0 0 -1 0 0 -1 -0 0 -1 0 0 -1 0 0 -1 -0 0 -1 0 0 -1 0 0 -1 0 0 -1 0 0 -1 -0 0 -1 0 0 -1 -0 0 -1 0 0 -1 0 0 -1 0 0 -1 0 0 -1 0 0 -1 0 0 -1 0 0 -1 0 0 -1 0 0 -1 0 0 -1 0 0 -1 0 0 -1 0 0 -1 0 0 -1 0 0 -1 0 0 -1 0 0 -1 0 0 -1 0 0 -1 0 0 -1 0 0 -1 0 0 -1 0 0 -1 0 0 -1 -0 0 -1 0 0 -1 0 0 -1 0 0 -1 0 0 -1 0 0 -1 0 0 -1 -0 0 -1 0 0 -1 0 0 -1 -0 0 -1 0 0 -1 0 -0.983167 -3.728e-16 -0.182709 -0.931009 -3.23009e-16 -0.364997 -0.983167 -3.41105e-16 -0.182709 -0.845381 -3.85963e-16 -0.534163 -0.931009 -3.86325e-16 -0.364997 -0.729363 -2.53049e-16 -0.684127 -0.845381 -2.93301e-16 -0.534163 -0.587125 -6.32747e-17 -0.809496 -0.729363 -1.34372e-16 -0.684127 -0.42378 1.47028e-16 -0.905765 -0.587125 2.037e-16 -0.809496 -0.245201 -5.06495e-16 -0.969472 -0.42378 -6.08307e-16 -0.905765 -0.0578062 -2.00556e-17 -0.998328 -0.245201 -8.5071e-17 -0.969472 -0.0578062 -1.73182e-16 -0.998328 0.316405 1.6456e-16 -0.948624 0.131666 1.71962e-16 -0.991294 0.131666 -1.72065e-16 -0.991294 0.48977 1.69923e-16 -0.871852 0.316405 1.09775e-16 -0.948624 0.48977 1.69923e-16 -0.871852 0.645527 0 -0.763737 0.645527 2.24068e-16 -0.763737 0.882659 2.24699e-16 -0.470014 0.778079 1.60981e-16 -0.628167 0.778079 0 -0.628167 0.955508 3.31508e-16 -0.294965 0.882659 3.06234e-16 -0.470014 0.955508 2.8034e-16 -0.294965 0.994008 0 -0.109312 0.994008 3.25981e-16 -0.109312 -0.155142 -1.71372e-16 -0.987892 -0.155142 1.17298e-16 -0.987892 -0.119686 0 -0.992812 -0.119686 -1.71936e-16 -0.992812 -0.0840775 0 -0.996459 -0.0840775 0 -0.996459 -0.991508 -3.66467e-16 0.130048 -0.991508 -3.21439e-16 0.130048 -0.998232 -3.46331e-16 -0.0594352 -0.998232 -3.56607e-16 -0.0594352 -0.969071 -3.79024e-16 -0.246782 -0.969071 -3.36451e-16 -0.246782 -0.905072 3.1401e-16 -0.425258 -0.905072 -3.87408e-16 -0.425258 -0.682936 0 -0.730479 -0.808537 0 -0.588445 -0.808537 2.80609e-16 -0.588445 -0.682936 -1.26718e-16 -0.730479 -0.532783 -1.84846e-16 -0.846252 -0.532783 -1.46587e-16 -0.846252 -0.181105 -1.25667e-16 -0.983464 -0.363477 -2.52213e-16 -0.931603 -0.363477 -1.26344e-16 -0.931603 -0.181105 -2.33437e-16 -0.983464 0.00777829 -1.70768e-16 -0.99997 0.00777829 -1.70767e-16 -0.99997 0.196382 6.81336e-17 -0.980528 0.196382 -1.01913e-16 -0.980528 0.545883 1.89391e-16 -0.837861 0.377925 1.31119e-16 -0.925836 0.377925 1.30532e-16 -0.925836 0.545883 0 -0.837861 0.694216 1.15995e-16 -0.719766 0.694216 0 -0.719766 0.911578 -1.42638e-16 -0.411127 0.817593 -1.99769e-16 -0.575796 0.817593 1.83582e-16 -0.575796 0.911578 2.44948e-16 -0.411127 -0.452824 -2.4371e-18 -0.8916 -0.452824 -3.11777e-16 -0.8916 -0.420624 -1.45933e-16 -0.907235 -0.420624 1.06982e-17 -0.907235 -0.387885 -2.94466e-16 -0.921708 -0.387885 -1.3602e-16 -0.921708 -0.902793 -2.38029e-16 0.430076 -0.902793 -8.65051e-16 0.430076 -0.967742 -3.35753e-16 0.251944 -0.967742 -9.63633e-16 0.251944 -0.997901 -3.46217e-16 0.0647556 -0.997901 -3.46224e-16 0.0647556 -0.950804 -3.29876e-16 -0.309793 -0.992187 -3.44234e-16 -0.124761 -0.992187 -3.4413e-16 -0.124761 -0.950804 -3.29876e-16 -0.309793 -0.875241 0 -0.483688 -0.875241 -3.03644e-16 -0.483688 -0.633569 -2.19813e-16 -0.773687 -0.768213 -2.66527e-16 -0.640194 -0.768213 0 -0.640194 -0.633569 -8.56e-17 -0.773687 -0.30161 0 -0.953431 -0.476148 0 -0.879365 -0.476148 -1.25646e-17 -0.879365 -0.30161 -1.04642e-16 -0.953431 -0.11623 -4.03252e-17 -0.993222 -0.11623 -4.03114e-17 -0.993222 0.0733293 -2.54412e-17 -0.997308 0.0733293 2.54782e-17 -0.997308 0.260252 1.80586e-16 -0.965541 0.260252 -9.00461e-17 -0.965541 0.599647 0 -0.800265 0.437819 0 -0.899063 0.437819 3.03644e-16 -0.899063 0.599647 1.38824e-16 -0.800265 0.739917 0 -0.672698 0.739917 1.16571e-16 -0.672698 -0.706181 0 -0.708031 -0.706181 -4.9059e-16 -0.708031 -0.680388 -1.27129e-16 -0.732852 -0.680388 0 -0.732852 -0.653724 0 -0.756733 -0.653724 -1.31435e-16 -0.756733 -0.725706 -5.0356e-16 0.688005 -0.842522 0 0.538662 -0.725706 0 0.688005 -0.92905 -3.22329e-16 0.369955 -0.842522 -2.92309e-16 0.538662 -0.982179 3.26037e-17 0.187948 -0.92905 6.41769e-17 0.369955 -1 7.07694e-20 -0.000815916 -0.982179 -1.63019e-17 0.187948 -0.981871 -3.24214e-16 -0.18955 -1 -3.46874e-16 -0.000815916 -0.928445 -3.86559e-16 -0.37147 -0.981871 -3.73537e-16 -0.18955 -0.841642 0 -0.540036 -0.928445 0 -0.37147 -0.841642 3.85684e-16 -0.540036 -0.581475 -2.72305e-16 -0.813564 -0.724582 -3.11168e-16 -0.689188 -0.724582 3.70655e-16 -0.689188 -0.581475 -3.52827e-17 -0.813564 -0.238445 8.42344e-17 -0.971156 -0.417463 7.88166e-17 -0.908694 -0.417463 -3.97878e-17 -0.908694 -0.0508541 1.55604e-16 -0.998706 -0.238445 8.57416e-17 -0.971156 -0.0508541 -3.38471e-16 -0.998706 0.138565 5.12458e-18 -0.990353 0.138565 -2.04523e-16 -0.990353 0.495828 4.57035e-16 -0.868421 0.323002 3.47258e-16 -0.946398 0.323002 7.11993e-17 -0.946398 0.495828 1.34363e-16 -0.868421 -0.890412 -2.89184e-16 -0.455156 -0.890412 -7.15253e-16 -0.455156 -0.873552 -3.87509e-16 -0.486732 -0.855572 -3.8664e-16 -0.517684 -0.873552 -2.81211e-16 -0.486732 -0.855572 -3.19287e-16 -0.517684 -0.477582 -1.40304e-16 0.878587 -0.477582 -1.27592e-16 0.878587 -0.769257 0 0.63894 -0.63483 0 0.772652 -0.63483 -1.86375e-16 0.772652 -0.769257 -2.94599e-16 0.63894 -0.951308 -2.89948e-16 0.308241 -0.876029 -2.4119e-16 0.482259 -0.876029 -3.24585e-16 0.482259 -0.951308 -2.7658e-16 0.308241 -0.992389 -3.49645e-16 0.123142 -0.992389 -3.23014e-16 0.123142 -0.967329 -6.60225e-16 -0.253523 -0.997794 -6.8948e-16 -0.0663839 -0.997794 -3.43345e-16 -0.0663839 -0.967329 -3.29845e-17 -0.253523 -0.804421 1.5458e-16 -0.59406 -0.90209 1.12293e-16 -0.431549 -0.90209 -5.65406e-17 -0.431549 -0.804421 -3.56379e-16 -0.59406 -0.677833 1.2754e-16 -0.735216 -0.677833 -3.30867e-16 -0.735216 -0.356982 -2.45385e-16 -0.934111 -0.526878 -2.93378e-16 -0.849941 -0.526878 1.47285e-16 -0.849941 -0.356982 -3.66917e-16 -0.934111 -0.174253 -1.8857e-16 -0.984701 -0.174253 -3.16907e-16 -0.984701 0.0147403 4.33634e-17 -0.999891 0.0147403 -1.24991e-16 -0.999891 0.203204 8.49265e-17 -0.979136 0.203204 4.258e-17 -0.979136 -0.987483 -3.35762e-16 -0.157727 -0.987483 -3.43872e-18 -0.157727 -0.981205 -3.6553e-16 -0.192967 -0.97367 -3.67468e-16 -0.22796 -0.981205 -3.32409e-16 -0.192967 -0.97367 1.97724e-17 -0.22796 -0.182709 2.1639e-17 0.983167 -0.182709 2.1319e-17 0.983167 -0.364997 -2.0188e-17 0.931009 -0.364997 2.02429e-17 0.931009 -0.534163 -1.83313e-17 0.845381 -0.534163 -1.81488e-17 0.845381 -0.684127 0 0.729363 -0.684127 -1.60547e-17 0.729363 -0.809496 3.827e-16 0.587125 -0.809496 0 0.587125 -0.905765 1.1946e-16 0.42378 -0.905765 3.87408e-16 0.42378 -0.998328 1.62951e-17 0.0578062 -0.969472 6.91202e-17 0.245201 -0.969472 6.91052e-17 0.245201 -0.991294 3.25366e-16 -0.131666 -0.998328 3.54512e-16 0.0578062 -0.948624 -4.18312e-16 -0.316405 -0.991294 -3.8104e-16 -0.131666 -0.871852 -4.51167e-16 -0.48977 -0.948624 -4.25173e-16 -0.316405 -0.763737 4.8011e-17 -0.645527 -0.871852 1.37871e-16 -0.48977 -0.628167 -2.65732e-16 -0.778079 -0.763737 -2.20463e-16 -0.645527 -0.470014 -3.25373e-16 -0.882659 -0.628167 -2.86822e-16 -0.778079 -0.294965 -2.9525e-16 -0.955508 -0.470014 -2.7274e-16 -0.882659 -0.109312 -1.88598e-16 -0.994008 -0.294965 -1.81294e-16 -0.955508 -0.109312 -1.09926e-15 -0.994008 -0.987892 7.40104e-17 0.155142 -0.987892 -3.22475e-16 0.155142 -0.992812 1.103e-16 0.119686 -0.992812 5.69299e-17 0.119686 -0.996459 9.29802e-17 0.0840775 -0.996459 7.75622e-17 0.0840775 0.130048 1.74119e-16 0.991508 -0.0594352 1.30899e-16 0.998232 0.130048 1.95619e-16 0.991508 -0.0594352 4.22665e-17 0.998232 -0.246782 1.68107e-16 0.969071 -0.246782 1.06799e-16 0.969071 -0.425258 -1.01614e-17 0.905072 -0.425258 1.57057e-16 0.905072 -0.730479 -1.64583e-16 0.682936 -0.588445 -9.89638e-17 0.808537 -0.588445 -8.16698e-17 0.808537 -0.730479 0 0.682936 -0.846252 -5.17888e-16 0.532783 -0.846252 0 0.532783 -0.931603 -3.38978e-16 0.363477 -0.931603 -5.9961e-16 0.363477 -0.983464 2.35625e-17 0.181105 -0.983464 -3.49016e-16 0.181105 -0.980528 -2.55501e-17 -0.196382 -0.99997 -1.01199e-18 -0.00777829 -0.99997 -1.00342e-18 -0.00777829 -0.980528 -3.91289e-16 -0.196382 -0.925836 0 -0.377925 -0.925836 -4.19517e-16 -0.377925 -0.837861 -3.61713e-16 -0.545883 -0.837861 0 -0.545883 -0.575796 -1.28855e-16 -0.817593 -0.719766 -1.89505e-16 -0.694216 -0.719766 -3.4064e-16 -0.694216 -0.575796 -1.29753e-17 -0.817593 -0.411127 -2.76734e-16 -0.911578 -0.411127 -9.49324e-17 -0.911578 -0.8916 -5.99033e-16 0.452824 -0.907235 -6.11279e-16 0.420624 -0.8916 -2.30776e-16 0.452824 -0.907235 -2.60035e-16 0.420624 -0.921708 1.17753e-16 0.387885 -0.921708 -2.68984e-16 0.387885 0.430076 3.05738e-16 0.902793 0.430076 4.23279e-16 0.902793 0.251944 4.19691e-17 0.967742 0.251944 3.81126e-16 0.967742 0.0647556 1.95575e-16 0.997901 0.0647556 4.3278e-17 0.997901 -0.124761 8.58025e-17 0.992187 -0.124761 1.28787e-16 0.992187 -0.309793 1.56149e-16 0.950804 -0.309793 1.60547e-17 0.950804 -0.483688 -5.39404e-17 0.875241 -0.483688 5.58426e-18 0.875241 -0.640194 9.99478e-17 0.768213 -0.640194 -1.22156e-16 0.768213 -0.773687 8.243e-17 0.633569 -0.773687 8.23678e-17 0.633569 -0.879365 6.19489e-17 0.476148 -0.879365 6.21249e-17 0.476148 -0.953431 -6.22335e-16 0.30161 -0.953431 3.97878e-17 0.30161 -0.993222 -3.29471e-16 0.11623 -0.993222 -6.74124e-16 0.11623 -0.965541 -3.68849e-16 -0.260252 -0.997308 -3.55551e-16 -0.0733293 -0.997308 -3.55473e-16 -0.0733293 -0.965541 -1.12866e-17 -0.260252 -0.899063 -3.68887e-16 -0.437819 -0.899063 -1.88469e-17 -0.437819 -0.800265 -7.80166e-17 -0.599647 -0.800265 -3.55996e-16 -0.599647 -0.672698 -3.29655e-16 -0.739917 -0.672698 -9.63284e-17 -0.739917 -0.708031 -1.84396e-16 0.706181 -0.708031 -1.22265e-16 0.706181 -0.732852 1.18029e-16 0.680388 -0.756733 1.13403e-16 0.653724 -0.732852 -1.95625e-16 0.680388 -0.756733 -1.77492e-16 0.653724 0.688005 3.64373e-16 0.725706 0.688005 -0 0.725706 0.538662 3.3304e-16 0.842522 0.538662 0 0.842522 0.187948 -1.9983e-17 0.982179 0.369955 4.77716e-17 0.92905 0.369955 2.89683e-16 0.92905 -0.000815916 1.73189e-16 1 0.187948 2.35588e-16 0.982179 -0.18955 -6.57634e-17 0.981871 -0.000815916 -2.83078e-19 1 -0.18955 -2.16691e-16 0.981871 -0.37147 -2.89939e-16 0.928445 -0.37147 -3.38546e-16 0.928445 -0.540036 -1.46002e-16 0.841642 -0.540036 -3.32961e-16 0.841642 -0.689188 -4.7822e-16 0.724582 -0.689188 -1.25646e-16 0.724582 -0.813564 -3.83132e-16 0.581475 -0.813564 -5.64708e-16 0.581475 -0.971156 -3.57619e-16 0.238445 -0.908694 -3.51476e-16 0.417463 -0.908694 -3.87408e-16 0.417463 -0.971156 -2.95574e-16 0.238445 -0.998706 -3.55318e-16 0.0508541 -0.998706 -3.37673e-16 0.0508541 -0.946398 -7.12728e-16 -0.323002 -0.990353 -7.11233e-16 -0.138565 -0.990353 -3.19699e-16 -0.138565 -0.946398 0 -0.323002 -0.868421 -3.01294e-16 -0.495828 -0.868421 0 -0.495828 -0.455156 -1.57914e-16 0.890412 -0.486732 3.20406e-16 0.873552 -0.455156 3.12376e-16 0.890412 -0.486732 1.16873e-16 0.873552 -0.517684 -1.79608e-16 0.855572 -0.517684 8.55858e-17 0.855572 0.878587 3.0504e-16 0.477582 0.878587 4.70516e-16 0.477582 0.772652 -1.10125e-16 0.63483 0.772652 4.88622e-16 0.63483 0.63894 2.21677e-16 0.769257 0.63894 -1.33324e-16 0.769257 0.308241 -5.80831e-17 0.951308 0.482259 1.53504e-17 0.876029 0.482259 1.67528e-16 0.876029 0.308241 1.06943e-16 0.951308 0.123142 1.72152e-16 0.992389 0.123142 4.27545e-17 0.992389 -0.253523 7.98463e-17 0.967329 -0.0663839 1.50058e-16 0.997794 -0.0663839 1.73112e-16 0.997794 -0.253523 -8.79586e-17 0.967329 -0.59406 -6.65613e-17 0.804421 -0.431549 6.76408e-18 0.90209 -0.431549 -1.49379e-16 0.90209 -0.59406 -1.39545e-16 0.804421 -0.735216 -2.55079e-16 0.677833 -0.735216 -1.17967e-16 0.677833 -0.934111 -2.62158e-16 0.356982 -0.849941 -2.03484e-16 0.526878 -0.849941 -2.95268e-16 0.526878 -0.934111 -3.24085e-16 0.356982 -0.984701 -3.11409e-16 0.174253 -0.984701 -3.41687e-16 0.174253 -0.999891 -3.49464e-16 -0.0147403 -0.999891 -3.49452e-16 -0.0147403 -0.979136 -3.04456e-16 -0.203204 -0.979136 -3.74843e-16 -0.203204 -0.157727 -5.47224e-17 0.987483 -0.157727 1.71554e-16 0.987483 -0.192967 -6.69489e-17 0.981205 -0.192967 -6.64818e-17 0.981205 -0.22796 -2.47995e-16 0.97367 -0.22796 -7.94726e-17 0.97367 0.983167 3.17605e-17 0.182709 0.983167 3.41105e-16 0.182709 0.931009 -0 0.364997 0.931009 3.22491e-16 0.364997 0.845381 2.00638e-16 0.534163 0.845381 0 0.534163 0.729363 -0 0.684127 0.729363 1.3472e-16 0.684127 0.587125 3.44125e-16 0.809496 0.587125 0 0.809496 0.42378 1.47028e-16 0.905765 0.42378 3.04342e-16 0.905765 0.0578062 -1.93238e-16 0.998328 0.245201 -2.53248e-16 0.969472 0.245201 8.51599e-17 0.969472 0.0578062 2.00556e-17 0.998328 -0.316405 1.6456e-16 0.948624 -0.131666 1.71962e-16 0.991294 -0.131666 -4.57211e-17 0.991294 -0.316405 -1.09775e-16 0.948624 -0.48977 -1.51242e-16 0.871852 -0.48977 -1.7032e-16 0.871852 -0.645527 -3.15437e-16 0.763737 -0.645527 -1.31928e-16 0.763737 -0.778079 -1.60981e-16 0.628167 -0.778079 -4.30686e-16 0.628167 -0.882659 -3.06234e-16 0.470014 -0.882659 -2.24766e-16 0.470014 -0.955508 -3.82677e-16 0.294965 -0.955508 -3.31565e-16 0.294965 -0.994008 -1.89625e-17 0.109312 -0.994008 -3.63849e-16 0.109312 0.155142 -0 0.987892 0.155142 2.25427e-16 0.987892 0.119686 4.15246e-17 0.992812 0.119686 0 0.992812 0.0840775 -1.72858e-16 0.996459 0.0840775 2.94201e-17 0.996459 0.991508 3.21439e-16 -0.130048 0.991508 3.43998e-16 -0.130048 0.998232 -3.46331e-16 0.0594352 0.998232 3.46311e-16 0.0594352 0.969071 3.36214e-16 0.246782 0.969071 -3.36451e-16 0.246782 0.808537 3.82597e-16 0.588445 0.905072 3.8778e-16 0.425258 0.905072 3.13416e-16 0.425258 0.808537 -2.80518e-16 0.588445 0.532783 -0 0.846252 0.682936 -0 0.730479 0.682936 -2.36633e-16 0.730479 0.363477 -0 0.931603 0.532783 -0 0.846252 0.363477 1.26107e-16 0.931603 -0.00777829 -2.69864e-18 0.99997 0.181105 6.28333e-17 0.983464 0.181105 6.28229e-17 0.983464 -0.196382 1.70094e-16 0.980528 -0.00777829 1.73467e-16 0.99997 -0.196382 -6.81336e-17 0.980528 -0.377925 2.94877e-17 0.925836 -0.377925 -1.3123e-16 0.925836 -0.694216 -1.2486e-16 0.719766 -0.545883 -1.45346e-16 0.837861 -0.545883 -4.3976e-17 0.837861 -0.694216 -1.15995e-16 0.719766 -0.817593 0 0.575796 -0.817593 -1.83582e-16 0.575796 -0.911578 -2.44948e-16 0.411127 -0.911578 0 0.411127 0.452824 1.57105e-16 0.8916 0.452824 1.57417e-16 0.8916 0.420624 1.5738e-16 0.907235 0.420624 1.46719e-16 0.907235 0.387885 2.94466e-16 0.921708 0.387885 1.58945e-16 0.921708 0.902793 3.13219e-16 -0.430076 0.902793 3.13219e-16 -0.430076 0.967742 2.92047e-16 -0.251944 0.967742 3.35753e-16 -0.251944 0.997901 0 -0.0647556 0.997901 3.34968e-16 -0.0647556 0.992187 3.44234e-16 0.124761 0.992187 0 0.124761 0.875241 2.19754e-16 0.483688 0.950804 2.76136e-16 0.309793 0.950804 3.29471e-16 0.309793 0.875241 3.0366e-16 0.483688 0.768213 3.77583e-16 0.640194 0.768213 2.66648e-16 0.640194 0.633569 2.8692e-16 0.773687 0.633569 3.53902e-16 0.773687 0.476148 1.26514e-17 0.879365 0.476148 2.41519e-16 0.879365 0.11623 2.12622e-16 0.993222 0.30161 2.70036e-16 0.953431 0.30161 -6.07288e-17 0.953431 0.11623 1.26474e-16 0.993222 -0.260252 -9.02931e-17 0.965541 -0.0733293 -2.54412e-17 0.997308 -0.0733293 6.10778e-17 0.997308 -0.260252 -1.80586e-16 0.965541 -0.437819 1.55963e-16 0.899063 -0.437819 -3.03644e-16 0.899063 -0.599647 -1.38632e-16 0.800265 -0.599647 1.38908e-16 0.800265 -0.739917 0 0.672698 -0.739917 -1.98241e-16 0.672698 0.706181 -1.83594e-16 0.708031 0.706181 1.22265e-16 0.708031 0.680388 -1.08928e-16 0.732852 0.653724 -9.55339e-17 0.756733 0.680388 -1.71172e-16 0.732852 0.653724 -0 0.756733 0.725706 -1.19363e-16 -0.688005 0.725706 5.96749e-17 -0.688005 0.842522 -9.3443e-17 -0.538662 0.842522 4.67681e-17 -0.538662 0.92905 -6.41769e-17 -0.369955 0.92905 -6.42189e-17 -0.369955 0.982179 -4.07546e-17 -0.187948 0.982179 -3.24585e-17 -0.187948 1 3.47157e-16 0.000815916 1 1.75871e-19 0.000815916 0.981871 -3.07773e-16 0.18955 0.981871 3.89851e-16 0.18955 0.841642 7.0261e-17 0.540036 0.928445 4.83299e-17 0.37147 0.928445 -2.57574e-16 0.37147 0.841642 3.62264e-16 0.540036 0.581475 1.05848e-16 0.813564 0.724582 8.96663e-17 0.689188 0.724582 3.4064e-16 0.689188 0.581475 -0 0.813564 0.417463 2.63062e-16 0.908694 0.417463 0 0.908694 0.238445 2.09079e-16 0.971156 0.238445 2.09061e-16 0.971156 -0.138565 2.09624e-16 0.990353 0.0508541 2.77515e-16 0.998706 0.0508541 1.47547e-16 0.998706 -0.138565 1.186e-16 0.990353 -0.495828 -1.72025e-16 0.868421 -0.323002 -1.12064e-16 0.946398 -0.323002 -1.88469e-17 0.946398 -0.495828 1.88309e-16 0.868421 0.890412 5.92177e-17 0.455156 0.890412 6.58705e-16 0.455156 0.873552 1.05543e-16 0.486732 0.873552 6.26611e-17 0.486732 0.855572 1.12255e-16 0.517684 0.855572 1.13096e-16 0.517684 0.477582 2.55184e-16 -0.878587 0.477582 0 -0.878587 0.769257 3.22309e-16 -0.63894 0.63483 2.87268e-16 -0.772652 0.63483 0 -0.772652 0.769257 2.3918e-16 -0.63894 0.876029 0 -0.482259 0.876029 2.83401e-16 -0.482259 0.951308 3.03316e-16 -0.308241 0.951308 0 -0.308241 0.992389 6.83268e-16 -0.123142 0.992389 3.33485e-16 -0.123142 0.967329 3.68594e-16 0.253523 0.997794 3.54816e-16 0.0663839 0.997794 6.9524e-16 0.0663839 0.967329 -1.09948e-17 0.253523 0.90209 3.31691e-16 0.431549 0.90209 -1.88469e-17 0.431549 0.804421 2.53326e-16 0.59406 0.804421 3.0504e-16 0.59406 0.677833 -0 0.735216 0.677833 2.03127e-16 0.735216 0.356982 1.84619e-16 0.934111 0.526878 2.38088e-16 0.849941 0.526878 0 0.849941 0.356982 2.45385e-16 0.934111 -0.0147403 4.33634e-17 0.999891 0.174253 4.27046e-17 0.984701 0.174253 1.88818e-16 0.984701 -0.0147403 8.16127e-17 0.999891 -0.203204 4.24633e-17 0.979136 -0.203204 1.43097e-17 0.979136 0.987483 3.49442e-16 0.157727 0.987483 3.37376e-16 0.157727 0.981205 8.36861e-18 0.192967 0.981205 3.48457e-16 0.192967 0.97367 9.88621e-18 0.22796 0.97367 9.93407e-18 0.22796 0.182709 9.52814e-17 -0.983167 0.182709 -3.25456e-17 -0.983167 0.364997 -8.07521e-17 -0.931009 0.364997 3.55996e-17 -0.931009 0.534163 8.4503e-17 -0.845381 0.534163 -7.32934e-17 -0.845381 0.684127 2.61077e-16 -0.729363 0.684127 1.50077e-16 -0.729363 0.905765 9.18926e-18 -0.42378 0.809496 1.27312e-17 -0.587125 0.809496 2.99456e-16 -0.587125 0.905765 2.59115e-16 -0.42378 0.998328 2.82031e-18 -0.0578062 0.969472 1.19631e-17 -0.245201 0.969472 3.04691e-16 -0.245201 0.991294 6.97841e-16 0.131666 0.998328 6.88342e-16 -0.0578062 0.991294 3.48207e-16 0.131666 0.948624 3.39412e-16 0.316405 0.948624 3.39942e-16 0.316405 0.763737 5.08953e-16 0.645527 0.871852 5.89038e-16 0.48977 0.871852 3.18303e-16 0.48977 0.763737 2.85971e-16 0.645527 0.628167 2.60119e-16 0.778079 0.628167 2.42915e-16 0.778079 0.470014 1.91396e-17 0.882659 0.470014 2.10806e-16 0.882659 0.294965 1.02336e-16 0.955508 0.294965 2.0941e-17 0.955508 0.109312 8.10333e-17 0.994008 0.109312 3.78682e-17 0.994008 0.987892 0 -0.155142 0.987892 3.22857e-16 -0.155142 0.992812 3.41855e-16 -0.119686 0.996459 3.43893e-16 -0.0840775 0.992812 0 -0.119686 0.996459 3.4207e-16 -0.0840775 -0.130048 -1.74159e-16 -0.991508 -0.130048 -8.81194e-17 -0.991508 0.0594352 -1.5357e-16 -0.998232 0.0594352 -2.2686e-17 -0.998232 0.246782 1.7124e-16 -0.969071 0.246782 -1.77998e-17 -0.969071 0.588445 1.69093e-16 -0.808537 0.425258 1.0829e-16 -0.905072 0.425258 2.95268e-16 -0.905072 0.588445 -7.01294e-17 -0.808537 0.846252 5.64099e-16 -0.532783 0.730479 4.77254e-16 -0.682936 0.730479 -5.86347e-17 -0.682936 0.846252 2.47391e-16 -0.532783 0.931603 2.75925e-16 -0.363477 0.931603 2.91777e-16 -0.363477 0.99997 3.47609e-16 0.00777829 0.983464 3.25499e-16 -0.181105 0.983464 3.17605e-16 -0.181105 0.99997 3.47946e-16 0.00777829 0.980528 2.55501e-17 0.196382 0.980528 3.65769e-16 0.196382 0.837861 7.10217e-17 0.545883 0.925836 4.91697e-17 0.377925 0.925836 4.88622e-17 0.377925 0.837861 9.46956e-17 0.545883 0.719766 3.70146e-16 0.694216 0.719766 1.2076e-16 0.694216 0.575796 3.54575e-17 0.817593 0.575796 3.41338e-16 0.817593 0.411127 1.82172e-16 0.911578 0.411127 3.90898e-17 0.911578 0.8916 2.50421e-16 -0.452824 0.8916 2.9038e-16 -0.452824 0.907235 -5.4725e-17 -0.420624 0.907235 2.59814e-16 -0.420624 0.921708 3.0296e-16 -0.387885 0.921708 -5.04345e-17 -0.387885 -0.430076 -1.88469e-16 -0.902793 -0.430076 -3.84127e-16 -0.902793 -0.251944 -2.13318e-16 -0.967742 -0.251944 -3.39244e-16 -0.967742 0.124761 -1.72117e-16 -0.992187 -0.0647556 -1.73108e-16 -0.997901 -0.0647556 -1.52258e-16 -0.997901 0.124761 -1.29088e-16 -0.992187 0.309793 6.62464e-17 -0.950804 0.309793 -1.23552e-16 -0.950804 0.483688 1.59828e-17 -0.875241 0.483688 1.29834e-16 -0.875241 0.640194 -4.44154e-17 -0.768213 0.640194 8.86501e-17 -0.768213 0.773687 3.9947e-16 -0.633569 0.773687 4.88622e-17 -0.633569 0.879365 2.43142e-16 -0.476148 0.879365 5.06771e-16 -0.476148 0.953431 3.04627e-16 -0.30161 0.953431 2.91777e-16 -0.30161 0.993222 2.01626e-17 -0.11623 0.993222 3.34532e-16 -0.11623 0.997308 7.04742e-16 0.0733293 0.997308 -1.27391e-17 0.0733293 0.899063 6.61825e-16 0.437819 0.965541 6.92552e-16 0.260252 0.965541 7.15134e-16 0.260252 0.899063 -2.35976e-16 0.437819 0.800265 -2.77648e-16 0.599647 0.800265 -1.73112e-16 0.599647 0.672698 -0 0.739917 0.672698 -2.33143e-16 0.739917 0.708031 2.45648e-16 -0.706181 0.708031 2.44531e-16 -0.706181 0.732852 1.3623e-16 -0.680388 0.732852 2.53701e-16 -0.680388 0.756733 0 -0.653724 0.756733 1.49775e-16 -0.653724 -0.688005 -2.38727e-16 -0.725706 -0.688005 0 -0.725706 -0.538662 -3.3304e-16 -0.842522 -0.538662 0 -0.842522 -0.369955 -2.89518e-16 -0.92905 -0.369955 -2.89683e-16 -0.92905 0.000815916 -1.72906e-16 -1 -0.187948 -3.00796e-16 -0.982179 -0.187948 -2.35586e-16 -0.982179 0.000815916 1.73755e-16 -1 0.18955 6.57634e-17 -0.981871 0.18955 2.36284e-16 -0.981871 0.37147 1.2888e-16 -0.928445 0.37147 1.28438e-16 -0.928445 0.689188 2.3911e-16 -0.724582 0.540036 1.87363e-16 -0.841642 0.540036 1.87073e-16 -0.841642 0.689188 2.3911e-16 -0.724582 0.813564 2.82262e-16 -0.581475 0.813564 2.82703e-16 -0.581475 0.908694 3.15266e-16 -0.417463 0.908694 3.1551e-16 -0.417463 0.971156 3.36937e-16 -0.238445 0.971156 3.368e-16 -0.238445 0.998706 3.46496e-16 -0.0508541 0.998706 3.46486e-16 -0.0508541 0.990353 7.11233e-16 0.138565 0.990353 3.43432e-16 0.138565 0.946398 3.28348e-16 0.323002 0.946398 7.12691e-16 0.323002 0.868421 3.87306e-16 0.495828 0.868421 3.00852e-16 0.495828 0.455156 0 -0.890412 0.455156 4.58495e-18 -0.890412 0.486732 -1.51537e-16 -0.873552 0.486732 0 -0.873552 0.517684 3.11896e-17 -0.855572 0.517684 -1.48247e-16 -0.855572 -0.878587 -3.87668e-16 -0.477582 -0.878587 -3.04821e-16 -0.477582 -0.772652 -1.10125e-16 -0.63483 -0.772652 -2.68044e-16 -0.63483 -0.63894 -2.21677e-16 -0.769257 -0.63894 -1.33324e-16 -0.769257 -0.308241 -1.06943e-16 -0.951308 -0.482259 -1.67317e-16 -0.876029 -0.482259 -1.67528e-16 -0.876029 -0.308241 5.80831e-17 -0.951308 0.0663839 1.7309e-16 -0.997794 -0.123142 1.72152e-16 -0.992389 -0.123142 1.2931e-16 -0.992389 0.0663839 -1.96121e-16 -0.997794 0.253523 8.79586e-17 -0.967329 0.253523 -2.55829e-16 -0.967329 0.431549 -6.76408e-18 -0.90209 0.431549 1.50077e-16 -0.90209 0.59406 6.65613e-17 -0.804421 0.59406 6.6313e-17 -0.804421 0.735216 3.72665e-16 -0.677833 0.735216 1.37512e-16 -0.677833 0.934111 3.24085e-16 -0.356982 0.849941 2.94882e-16 -0.526878 0.849941 3.86012e-16 -0.526878 0.934111 0 -0.356982 0.984701 3.41637e-16 -0.174253 0.984701 0 -0.174253 0.999891 3.46907e-16 0.0147403 0.999891 3.469e-16 0.0147403 0.979136 -0 0.203204 0.979136 3.39942e-16 0.203204 0.157727 -1.16579e-16 -0.987483 0.157727 -1.16534e-16 -0.987483 0.192967 6.69489e-17 -0.981205 0.192967 -1.03161e-16 -0.981205 0.22796 0 -0.97367 0.22796 7.94726e-17 -0.97367 0 -0.999999 0 0 -0.999999 0 0 -0.999999 0 0 -1 0 0 -1 -0 0 -0.999999 0 0 -0.999999 0 0 -0.999999 -0 0 -1 -0 0 -1 0 0 -0.999999 0 0 -1 0 0 -0.999999 0 0 -1 -0 0 -1 0 0 -1 -0 0 -0.999999 0 0 -0.999999 0 0 -1 0 0 -1 -0 0 -1 -0 0 -0.999999 0 0 -1 0 0 -0.999999 0 0 -1 0 0 -1 -0 0 -1 0 0 -1 0 0 -1 -0 0 -1 0 0 -1 0 0 -1 0 0 -1 -0 0 -1 0 0 -1 0 0 -1 0 0 -0.999999 -0 0 -0.999999 0 0 -0.999999 -0 0 -0.999999 0 0 -0.999999 0 0 -0.999999 0 0 -1 0 0 -1 0 0 -0.999999 0 0 -1 0 0 -0.999999 0 0 -1 0 0 -1 0 0 -1 0 0 -1 0 0 -1 0 0 -1 0 0 -1 0 0 -1 0 0 -1 0 0 -1 0 0 -1 0 0 -1 0 0 -1 0 0 -1 0 0 -1 -0 0 -1 0 0 -1 0 0 -1 0 0 -1 0 0 -1 0 0 -1 0 0 -1 0 0 -1 0 0 -1 0 0 -1 0 0 -1 0 0 -1 0 0 -1 0 0 -1 -0 0 -1 0 0 -1 0 0 -1 0 0 -1 0 0 -1 0 0 -1 0 0 -1 0 0 -1 0 0 -1 0 0 -1 -0 0 -1 0 0 -1 0 0 -1 0 0 -1 0 0 -0.999999 0 0 -0.999999 -0 0 -0.999999 0 0 -0.999999 0 0 -1 0 0 -1 -0 0 -1 0 0 -1 0 0 -1 0 0 -1 0 0 -1 0 0 -1 0 0 -1 0 0 -1 0 0 -1 0 0 -0.999999 0 0 -0.999999 0 0 -1 0 0 -1 0 0 -0.999999 0 0 -1 0 0 -1 0 0 -0.999999 0 0 -1 0 0 -1 0 0 -1 0 0 -1 0 0 -1 0 0 -1 0 0 -1 0 0 -1 0 0 -1 0 0 -1 0 0 -1 0 0 -1 0 0 -1 0 0 -1 0 0 -1 0 0 -1 0 0 -1 0 0 -1 0 0 -1 0 0 -1 0 0 -1 0 0 -1 0 0 -1 -0 0 -1 0 0 -1 0 0 -1 0 0 -1 0 0 -1 0 0 -1 0 0 -1 0 0 -1 0 0 -0.999999 0 0 -0.999999 0 0 -0.999999 0 0 -0.999999 0 0 -1 -0 0 -1 0 0 -1 0 0 -1 0 0 -1 0 0 -0.999999 -0 0 -0.999999 0 0 -1 0 0 -0.999999 0 0 -1 0 0 -1 0 0 -1 0 0 -1 0 0 -1 0 0 -0.999999 0 0 -1 0 0 -1 0 0 -1 0 0 -1 0 0 -1 0 0 -1 0 0 -1 0 0 -1 0 0 -1 0 0 -1 0 0 -1 0 0 -1 0 0 -1 0 0 -1 -0 0 -1 -0 0 -1 0 0 -1 -0 0 -1 0 0 -1 0 0 -1 0 0 -1 0 0 -1 0 0 -1 0 0 -1 0 0 -1 0 0 -1 0 0 -1 -0 0 -1 0 0 -1 0 0 -0.999999 0 0 -0.999999 0 0 -0.999999 0 0 -0.999999 0 0 -1 0 0 -1 0 0 -0.999999 -0 0 -0.999999 0 0 -1 0 0 -0.999999 -0 0 -1 0 0 -1 0 0 -0.999999 0 0 -1 0 0 -1 -0 0 -1 0 0 -1 0 0 -1 0 0 -1 0 0 -1 0 0 -1 0 0 -1 0 0 -1 0 0 -1 0 0 -1 0 0 -1 0 0 -1 0 0 -1 -0 0 -1 0 0 -1 0 0 -1 -0 0 -1 0 0 -1 0 0 -1 0 0 -1 0 0 -1 0 0 -1 0 0 -1 0 0 -1 0 0 -1 -0 0 -1 -0 0 -1 0 0 -1 -0 0 -0.999999 0 0 -0.999999 0 0 -0.999999 0 0 -0.999999 0 0 -1 0 0 -1 0 0 -1 0 0 -1 0 0 -1 0 0 -1 -0 0 -1 0 0 -1 0 0 -0.999999 0 0 -0.999999 -0 0 -1 -0 0 -1 0 0 -1 0 0 -1 0 0 -0.999999 0 0 -0.999999 -0 0 -1 0 0 -1 0 0 -1 0 0 -1 -0 0 -1 0 0 -1 0 0 -1 0 0 -1 0 0 -1 0 0 -1 0 0 -1 0 0 -1 0 0 -1 0 0 -1 0 0 -1 0 0 -1 -0 0 -1 0 0 -1 0 0 -1 -0 0 -1 -0 0 -1 0 0 -1 0 0 -0.999999 0 0 -0.999999 0 0 -0.999999 0 0 -0.999999 0 0 -1 0 0 -1 0 0 -1 -0 0 -1 0 0 -1 0 0 -1 0 0 -1 -0 0 -1 0 0 -1 0 0 -1 0 0 -1 -0 0 -1 0 0 -1 0 0 -1 0 0 -1 -0 0 -1 0 0 -1 0 0 -1 0 0 -1 0 0 -1 0 0 -1 -0 0 -0.999999 0 0 -0.999999 -0 0 -1 0 0 -1 0 0 -0.999999 0 0 -0.999999 0 0 -1 0 0 -1 0 0 -1 0 0 -1 0 0 -1 0 0 -1 0 0 -1 0 0 -1 -0 0 -1 0 0 -1 -0 0 -1 0 0 -1 0 0 -1 0 0 -1 0 0 -1 0 0 -1 -0 0 -1 -0 0 -1 0 0 -1 0 0 -1 0 0 -1 0 0 -1 -0 0 -0.999999 0 0 -0.999999 0 0 -0.999999 0 0 -0.999999 0 0 -1 -0 0 -1 0 0 -1 0 0 -1 0 0 -1 0 0 -1 0 0 -1 -0 0 -1 0 0 -1 0 0 -1 0 0 -1 0 0 -1 -0 0 -1 0 0 -1 0 0 -1 0 0 -1 0 0 -1 -0 0 -1 0 0 -1 0 0 -0.999999 -0 0 -0.999999 0 0 -1 0 0 -1 0 0 -1 0 0 -0.999999 0 0 -0.999999 0 0 -1 -0 0 -1 0 0 -1 0 0 -1 0 0 -1 0 0 -1 -0 0 -1 -0 0 -1 0 0 -1 -0 0 -1 0 0 -1 0 0 -1 0 0 -1 -0 0 -1 0 0 -1 0 0 -1 0 0 -1 0 0 -1 0 0 -1 -0 0 -1 0 0 -1 0 0 -1 -0 0 -1 0 0 -1 0 0 -1 0 0 -1 0 0 -1 -0 0 -1 0 0 -1 -0 0 -1 0 0 -1 -0 0 -1 0 0 -1 -0 0 -1 0 0 -0.999999 0 0 -0.999999 0 0 -0.999999 -0 0 -0.999999 0 0 -1 0 0 -1 0 0 -0.999999 -0 0 -1 0 0 -1 -0 0 -0.999999 0 0 -1 0 0 -1 0 0 -0.999999 -0 0 -0.999999 0 0 -0.999999 0 0 -0.999999 0 0 -1 0 0 -1 0 0 -0.999999 -0 0 -0.999999 0</float_array>
   <technique_common><accessor source="#na" count="4236" stride="3">
    <param name="X" type="float"/><param name="Y" type="float"/><param name="Z" type="float"/>
   </accessor></technique_common></source>
  <vertices id="v"><input semantic="POSITION" source="#p"/></vertices>
  <triangles material="m" count="4236">
   <input semantic="VERTEX" source="#v" offset="0"/><input semantic="NORMAL" source="#n" offset="1"/>
   <p>558 0 592 0 591 0 558 1 559 1 592 1 543 2 544 2 559 2 543 3 559 3 558 3 526 4 527 4 544 4 526 5 510 5 527 5 526 6 544 6 543 6 509 7 510 7 526 7 500 8 501 8 510 8 500 9 510 9 509 9 492 10 493 10 501 10 492 11 497 11 493 11 492 12 501 12 500 12 496 13 497 13 492 13 504 14 497 14 496 14 504 15 505 15 497 15 519 16 505 16 504 16 519 17 520 17 505 17 536 18 520 18 519 18 536 19 537 19 520 19 548 20 537 20 536 20 548 21 549 21 537 21 580 22 549 22 548 22 580 23 581 23 549 23 580 24 603 24 581 24 602 25 603 25 580 25 638 26 603 26 602 26 638 27 639 27 603 27 658 28 639 28 638 28 658 29 659 29 639 29 658 30 679 30 659 30 678 31 679 31 658 31 678 32 695 32 679 32 694 33 695 33 678 33 711 34 695 34 694 34 711 35 712 35 695 35 732 36 712 36 711 36 732 37 733 37 712 37 750 38 733 38 732 38 750 39 751 39 733 39 762 40 763 40 751 40 762 41 751 41 750 41 768 42 769 42 763 42 768 43 767 43 769 43 768 44 763 44 762 44 766 45 767 45 768 45 760 46 767 46 766 46 760 47 761 47 767 47 760 48 741 48 761 48 740 49 741 49 760 49 722 50 723 50 741 50 722 51 741 51 740 51 701 52 702 52 723 52 701 53 684 53 702 53 701 54 723 54 722 54 683 55 684 55 701 55 665 56 666 56 684 56 665 57 684 57 683 57 645 58 646 58 666 58 645 59 618 59 646 59 645 60 666 60 665 60 617 61 618 61 645 61 591 62 592 62 618 62 591 63 618 63 617 63 740 64 701 64 722 64 591 65 617 65 645 65 768 66 760 66 766 66 543 67 558 67 591 67 762 68 760 68 768 68 750 69 760 69 762 69 732 70 760 70 750 70 711 71 760 71 732 71 504 72 496 72 492 72 658 73 694 73 678 73 658 74 711 74 694 74 519 75 509 75 526 75 519 76 500 76 509 76 519 77 492 77 500 77 519 78 504 78 492 78 638 79 740 79 760 79 638 80 683 80 701 80 638 81 665 81 683 81 638 82 701 82 740 82 638 83 760 83 711 83 638 84 711 84 658 84 602 85 665 85 638 85 548 86 536 86 519 86 548 87 519 87 526 87 580 88 526 88 543 88 580 89 645 89 665 89 580 90 591 90 645 90 580 91 543 91 591 91 580 92 665 92 602 92 580 93 548 93 526 93 1274 94 1306 94 1305 94 1274 95 1275 95 1306 95 1262 96 1263 96 1275 96 1262 97 1275 97 1274 97 1246 98 1247 98 1263 98 1246 99 1241 99 1247 99 1246 100 1263 100 1262 100 1240 101 1241 101 1246 101 1232 102 1233 102 1241 102 1232 103 1241 103 1240 103 1228 104 1229 104 1233 104 1228 105 1231 105 1229 105 1228 106 1233 106 1232 106 1230 107 1231 107 1228 107 1236 108 1231 108 1230 108 1236 109 1237 109 1231 109 1242 110 1237 110 1236 110 1242 111 1243 111 1237 111 1254 112 1243 112 1242 112 1254 113 1255 113 1243 113 1266 114 1255 114 1254 114 1266 115 1267 115 1255 115 1290 116 1267 116 1266 116 1290 117 1291 117 1267 117 1290 118 1318 118 1291 118 1317 119 1318 119 1290 119 1334 120 1318 120 1317 120 1334 121 1335 121 1318 121 1346 122 1335 122 1334 122 1346 123 1347 123 1335 123 1346 124 1363 124 1347 124 1362 125 1363 125 1346 125 1362 126 1372 126 1363 126 1371 127 1372 127 1362 127 1384 128 1372 128 1371 128 1384 129 1385 129 1372 129 1404 130 1385 130 1384 130 1404 131 1405 131 1385 131 1420 132 1405 132 1404 132 1420 133 1421 133 1405 133 1434 134 1435 134 1421 134 1434 135 1421 135 1420 135 1441 136 1442 136 1435 136 1441 137 1440 137 1442 137 1441 138 1435 138 1434 138 1439 139 1440 139 1441 139 1428 140 1440 140 1439 140 1428 141 1429 141 1440 141 1428 142 1415 142 1429 142 1414 143 1415 143 1428 143 1388 144 1389 144 1415 144 1388 145 1415 145 1414 145 1375 146 1376 146 1389 146 1375 147 1366 147 1376 147 1375 148 1389 148 1388 148 1365 149 1366 149 1375 149 1354 150 1355 150 1366 150 1354 151 1366 151 1365 151 1338 152 1339 152 1355 152 1338 153 1327 153 1339 153 1338 154 1355 154 1354 154 1326 155 1327 155 1338 155 1305 156 1306 156 1327 156 1305 157 1327 157 1326 157 1305 158 1326 158 1338 158 1441 159 1428 159 1439 159 1441 160 1414 160 1428 160 1404 161 1434 161 1420 161 1232 162 1246 162 1262 162 1232 163 1240 163 1246 163 1384 164 1441 164 1434 164 1384 165 1388 165 1414 165 1384 166 1414 166 1441 166 1384 167 1434 167 1404 167 1371 168 1375 168 1388 168 1371 169 1365 169 1375 169 1371 170 1354 170 1365 170 1371 171 1388 171 1384 171 1230 172 1228 172 1232 172 1362 173 1274 173 1305 173 1362 174 1262 174 1274 174 1362 175 1338 175 1354 175 1362 176 1305 176 1338 176 1362 177 1354 177 1371 177 1236 178 1230 178 1232 178 1266 179 1242 179 1236 179 1266 180 1254 180 1242 180 1266 181 1346 181 1334 181 1266 182 1362 182 1346 182 1266 183 1232 183 1262 183 1266 184 1262 184 1362 184 1266 185 1236 185 1232 185 1290 186 1334 186 1317 186 1290 187 1266 187 1334 187 1136 188 1159 188 1158 188 1136 189 1137 189 1159 189 1124 190 1125 190 1137 190 1124 191 1137 191 1136 191 1112 192 1113 192 1125 192 1112 193 1095 193 1113 193 1112 194 1125 194 1124 194 1094 195 1095 195 1112 195 1084 196 1085 196 1095 196 1084 197 1095 197 1094 197 1080 198 1081 198 1085 198 1080 199 1083 199 1081 199 1080 200 1085 200 1084 200 1082 201 1083 201 1080 201 1092 202 1083 202 1082 202 1092 203 1093 203 1083 203 1102 204 1093 204 1092 204 1102 205 1103 205 1093 205 1118 206 1103 206 1102 206 1118 207 1119 207 1103 207 1128 208 1119 208 1118 208 1128 209 1129 209 1119 209 1147 210 1129 210 1128 210 1147 211 1148 211 1129 211 1147 212 1167 212 1148 212 1166 213 1167 213 1147 213 1184 214 1167 214 1166 214 1184 215 1185 215 1167 215 1206 216 1185 216 1184 216 1206 217 1207 217 1185 217 1206 218 1221 218 1207 218 1220 219 1221 219 1206 219 1220 220 1239 220 1221 220 1238 221 1239 221 1220 221 1252 222 1239 222 1238 222 1252 223 1253 223 1239 223 1264 224 1253 224 1252 224 1264 225 1265 225 1253 225 1272 226 1265 226 1264 226 1272 227 1273 227 1265 227 1278 228 1279 228 1273 228 1278 229 1273 229 1272 229 1286 230 1287 230 1279 230 1286 231 1283 231 1287 231 1286 232 1279 232 1278 232 1282 233 1283 233 1286 233 1276 234 1283 234 1282 234 1276 235 1277 235 1283 235 1276 236 1269 236 1277 236 1268 237 1269 237 1276 237 1256 238 1257 238 1269 238 1256 239 1269 239 1268 239 1244 240 1245 240 1257 240 1244 241 1227 241 1245 241 1244 242 1257 242 1256 242 1226 243 1227 243 1244 243 1213 244 1214 244 1227 244 1213 245 1227 245 1226 245 1196 246 1197 246 1214 246 1196 247 1177 247 1197 247 1196 248 1214 248 1213 248 1176 249 1177 249 1196 249 1158 250 1159 250 1177 250 1158 251 1177 251 1176 251 1158 252 1176 252 1196 252 1286 253 1276 253 1282 253 1272 254 1286 254 1278 254 1084 255 1094 255 1112 255 1252 256 1272 256 1264 256 1252 257 1268 257 1276 257 1252 258 1256 258 1268 258 1252 259 1244 259 1256 259 1252 260 1226 260 1244 260 1252 261 1213 261 1226 261 1252 262 1276 262 1286 262 1252 263 1286 263 1272 263 1220 264 1252 264 1238 264 1220 265 1213 265 1252 265 1206 266 1196 266 1213 266 1206 267 1213 267 1220 267 1102 268 1080 268 1084 268 1102 269 1082 269 1080 269 1102 270 1092 270 1082 270 1184 271 1136 271 1158 271 1184 272 1124 272 1136 272 1184 273 1112 273 1124 273 1184 274 1158 274 1196 274 1184 275 1196 275 1206 275 1128 276 1118 276 1102 276 1147 277 1184 277 1166 277 1147 278 1084 278 1112 278 1147 279 1112 279 1184 279 1147 280 1102 280 1084 280 1147 281 1128 281 1102 281 1474 282 1333 282 1328 282 1474 283 1479 283 1333 283 1465 284 1328 284 1321 284 1465 285 1474 285 1328 285 1462 286 1321 286 1314 286 1462 287 1465 287 1321 287 1453 288 1314 288 1309 288 1453 289 1462 289 1314 289 1448 290 1309 290 1302 290 1448 291 1453 291 1309 291 1445 292 1302 292 1297 292 1445 293 1448 293 1302 293 1438 294 1294 294 1292 294 1438 295 1297 295 1294 295 1438 296 1445 296 1297 296 1438 297 1292 297 1436 297 1622 298 1632 298 1479 298 1622 299 1479 299 1474 299 1609 300 1622 300 1474 300 1609 301 1474 301 1465 301 1594 302 1465 302 1462 302 1594 303 1609 303 1465 303 1583 304 1594 304 1462 304 1583 305 1462 305 1453 305 1580 306 1583 306 1453 306 1580 307 1453 307 1448 307 1577 308 1580 308 1448 308 1577 309 1448 309 1445 309 1572 310 1577 310 1445 310 1572 311 1436 311 1570 311 1572 312 1445 312 1438 312 1572 313 1438 313 1436 313 1712 314 1632 314 1622 314 1712 315 1720 315 1632 315 1707 316 1622 316 1609 316 1707 317 1712 317 1622 317 1698 318 1707 318 1609 318 1698 319 1609 319 1594 319 1695 320 1698 320 1594 320 1695 321 1594 321 1583 321 1691 322 1583 322 1580 322 1691 323 1695 323 1583 323 1684 324 1691 324 1580 324 1684 325 1580 325 1577 325 1681 326 1684 326 1577 326 1681 327 1577 327 1572 327 1681 328 1572 328 1570 328 1681 329 1570 329 1677 329 1767 330 1720 330 1712 330 1767 331 1776 331 1720 331 1758 332 1767 332 1712 332 1758 333 1712 333 1707 333 1758 334 1707 334 1698 334 1749 335 1758 335 1698 335 1738 336 1698 336 1695 336 1738 337 1749 337 1698 337 1730 338 1738 338 1695 338 1730 339 1695 339 1691 339 1726 340 1730 340 1691 340 1726 341 1684 341 1681 341 1726 342 1691 342 1684 342 1725 343 1681 343 1677 343 1725 344 1726 344 1681 344 1725 345 1677 345 1723 345 1793 346 1776 346 1767 346 1793 347 1802 347 1776 347 1787 348 1767 348 1758 348 1787 349 1793 349 1767 349 1781 350 1758 350 1749 350 1781 351 1787 351 1758 351 1772 352 1749 352 1738 352 1772 353 1781 353 1749 353 1766 354 1738 354 1730 354 1766 355 1772 355 1738 355 1759 356 1730 356 1726 356 1759 357 1766 357 1730 357 1757 358 1725 358 1723 358 1757 359 1726 359 1725 359 1757 360 1759 360 1726 360 1757 361 1723 361 1754 361 1803 362 1802 362 1793 362 1803 363 1805 363 1802 363 1794 364 1793 364 1787 364 1794 365 1787 365 1781 365 1794 366 1803 366 1793 366 1789 367 1794 367 1781 367 1785 368 1781 368 1772 368 1785 369 1772 369 1766 369 1785 370 1789 370 1781 370 1779 371 1785 371 1766 371 1774 372 1766 372 1759 372 1774 373 1779 373 1766 373 1771 374 1759 374 1757 374 1771 375 1757 375 1754 375 1771 376 1754 376 1769 376 1771 377 1774 377 1759 377 1799 378 1803 378 1794 378 1799 379 1805 379 1803 379 1799 380 1804 380 1805 380 1790 381 1794 381 1789 381 1790 382 1799 382 1794 382 1786 383 1790 383 1789 383 1780 384 1789 384 1785 384 1780 385 1785 385 1779 385 1780 386 1786 386 1789 386 1773 387 1780 387 1779 387 1768 388 1779 388 1774 388 1768 389 1773 389 1779 389 1763 390 1768 390 1774 390 1763 391 1769 391 1760 391 1763 392 1771 392 1769 392 1763 393 1774 393 1771 393 1782 394 1804 394 1799 394 1782 395 1750 395 1788 395 1782 396 1788 396 1804 396 1775 397 1799 397 1790 397 1775 398 1782 398 1799 398 1762 399 1775 399 1790 399 1762 400 1790 400 1786 400 1756 401 1786 401 1780 401 1756 402 1762 402 1786 402 1751 403 1756 403 1780 403 1751 404 1780 404 1773 404 1744 405 1751 405 1773 405 1744 406 1773 406 1768 406 1739 407 1744 407 1768 407 1739 408 1760 408 1736 408 1739 409 1768 409 1763 409 1739 410 1763 410 1760 410 1733 411 1750 411 1782 411 1727 412 1733 412 1782 412 1727 413 1782 413 1775 413 1717 414 1775 414 1762 414 1717 415 1762 415 1756 415 1717 416 1727 416 1775 416 1711 417 1717 417 1756 417 1708 418 1756 418 1751 418 1708 419 1711 419 1756 419 1706 420 1744 420 1739 420 1706 421 1751 421 1744 421 1706 422 1708 422 1751 422 1705 423 1706 423 1739 423 1705 424 1739 424 1736 424 1705 425 1736 425 1701 425 1676 426 1692 426 1750 426 1676 427 1750 427 1733 427 1657 428 1733 428 1727 428 1657 429 1676 429 1733 429 1644 430 1727 430 1717 430 1644 431 1657 431 1727 431 1635 432 1717 432 1711 432 1635 433 1644 433 1717 433 1629 434 1711 434 1708 434 1629 435 1635 435 1711 435 1619 436 1708 436 1706 436 1619 437 1629 437 1708 437 1618 438 1706 438 1705 438 1618 439 1619 439 1706 439 1618 440 1705 440 1701 440 1618 441 1701 441 1614 441 1536 442 1692 442 1676 442 1536 443 1549 443 1692 443 1523 444 1676 444 1657 444 1523 445 1536 445 1676 445 1510 446 1657 446 1644 446 1510 447 1523 447 1657 447 1497 448 1644 448 1635 448 1497 449 1635 449 1629 449 1497 450 1510 450 1644 450 1492 451 1497 451 1629 451 1489 452 1629 452 1619 452 1489 453 1492 453 1629 453 1486 454 1619 454 1618 454 1486 455 1618 455 1614 455 1486 456 1614 456 1484 456 1486 457 1489 457 1619 457 1370 458 1225 458 1377 458 1370 459 1377 459 1549 459 1370 460 1549 460 1536 460 1370 461 1536 461 1523 461 1367 462 1370 462 1523 462 1364 463 1523 463 1510 463 1364 464 1510 464 1497 464 1364 465 1367 465 1523 465 1359 466 1364 466 1497 466 1358 467 1497 467 1492 467 1358 468 1359 468 1497 468 1353 469 1492 469 1489 469 1353 470 1358 470 1492 470 1352 471 1484 471 1350 471 1352 472 1486 472 1484 472 1352 473 1489 473 1486 473 1352 474 1353 474 1489 474 1222 475 1225 475 1370 475 1217 476 1222 476 1370 476 1217 477 1370 477 1367 477 1217 478 1367 478 1364 478 1216 479 1217 479 1364 479 1216 480 1364 480 1359 480 1215 481 1216 481 1359 481 1212 482 1215 482 1359 482 1212 483 1359 483 1358 483 1211 484 1358 484 1353 484 1211 485 1212 485 1358 485 1210 486 1352 486 1350 486 1210 487 1353 487 1352 487 1210 488 1211 488 1353 488 1210 489 1350 489 1208 489 1052 490 1053 490 1225 490 1052 491 1225 491 1222 491 1049 492 1052 492 1222 492 1049 493 1222 493 1217 493 1048 494 1217 494 1216 494 1048 495 1049 495 1217 495 1047 496 1216 496 1215 496 1047 497 1048 497 1216 497 1046 498 1215 498 1212 498 1046 499 1047 499 1215 499 1045 500 1212 500 1211 500 1045 501 1046 501 1212 501 1042 502 1211 502 1210 502 1042 503 1210 503 1208 503 1042 504 1045 504 1211 504 1042 505 1208 505 1040 505 909 506 906 506 1053 506 909 507 1052 507 1049 507 909 508 1053 508 1052 508 914 509 909 509 1049 509 915 510 1049 510 1048 510 915 511 914 511 1049 511 915 512 1048 512 1047 512 918 513 915 513 1047 513 919 514 1047 514 1046 514 919 515 1046 515 1045 515 919 516 918 516 1047 516 920 517 919 517 1045 517 920 518 1045 518 1042 518 923 519 1042 519 1040 519 923 520 920 520 1042 520 923 521 1040 521 924 521 923 522 924 522 838 522 809 523 804 523 906 523 809 524 906 524 909 524 814 525 909 525 914 525 814 526 809 526 909 526 819 527 914 527 915 527 819 528 814 528 914 528 824 529 915 529 918 529 824 530 819 530 915 530 829 531 918 531 919 531 829 532 824 532 918 532 834 533 919 533 920 533 834 534 829 534 919 534 837 535 920 535 923 535 837 536 923 536 838 536 837 537 834 537 920 537 671 538 664 538 804 538 671 539 804 539 809 539 671 540 809 540 814 540 682 541 671 541 814 541 687 542 814 542 819 542 687 543 682 543 814 543 698 544 687 544 819 544 698 545 819 545 824 545 705 546 824 546 829 546 705 547 698 547 824 547 708 548 705 548 829 548 708 549 829 549 834 549 708 550 834 550 837 550 713 551 708 551 837 551 713 552 838 552 714 552 713 553 837 553 838 553 485 554 387 554 475 554 485 555 475 555 664 555 485 556 664 556 671 556 506 557 485 557 671 557 506 558 671 558 682 558 525 559 506 559 682 559 525 560 682 560 687 560 540 561 525 561 687 561 540 562 687 562 698 562 545 563 698 563 705 563 545 564 540 564 698 564 550 565 705 565 708 565 550 566 545 566 705 566 555 567 713 567 714 567 555 568 550 568 708 568 555 569 714 569 556 569 555 570 708 570 713 570 395 571 331 571 387 571 395 572 387 572 485 572 395 573 485 573 506 573 400 574 395 574 506 574 409 575 506 575 525 575 409 576 400 576 506 576 412 577 525 577 540 577 412 578 409 578 525 578 416 579 540 579 545 579 416 580 545 580 550 580 416 581 412 581 540 581 423 582 416 582 550 582 426 583 423 583 550 583 426 584 550 584 555 584 426 585 555 585 556 585 426 586 556 586 429 586 340 587 331 587 395 587 349 588 395 588 400 588 349 589 340 589 395 589 358 590 400 590 409 590 358 591 349 591 400 591 369 592 409 592 412 592 369 593 358 593 409 593 377 594 412 594 416 594 377 595 369 595 412 595 381 596 423 596 426 596 381 597 416 597 423 597 381 598 377 598 416 598 382 599 426 599 429 599 382 600 429 600 383 600 382 601 383 601 352 601 382 602 381 602 426 602 314 603 305 603 331 603 314 604 331 604 340 604 320 605 314 605 340 605 320 606 349 606 358 606 320 607 340 607 349 607 326 608 320 608 358 608 335 609 358 609 369 609 335 610 369 610 377 610 335 611 326 611 358 611 341 612 335 612 377 612 348 613 341 613 377 613 348 614 377 614 381 614 350 615 382 615 352 615 350 616 381 616 382 616 350 617 348 617 381 617 304 618 303 618 302 618 304 619 302 619 305 619 304 620 305 620 314 620 313 621 314 621 320 621 313 622 320 622 326 622 313 623 304 623 314 623 318 624 313 624 326 624 322 625 326 625 335 625 322 626 318 626 326 626 328 627 322 627 335 627 328 628 335 628 341 628 328 629 341 629 348 629 333 630 328 630 348 630 336 631 333 631 348 631 336 632 352 632 337 632 336 633 350 633 352 633 336 634 348 634 350 634 308 635 303 635 304 635 317 636 308 636 304 636 317 637 304 637 313 637 321 638 317 638 313 638 321 639 313 639 318 639 327 640 321 640 318 640 327 641 318 641 322 641 334 642 327 642 322 642 334 643 322 643 328 643 339 644 328 644 333 644 339 645 334 645 328 645 344 646 333 646 336 646 344 647 336 647 337 647 344 648 339 648 333 648 344 649 337 649 346 649 325 650 303 650 308 650 325 651 357 651 319 651 325 652 319 652 303 652 332 653 325 653 308 653 332 654 317 654 321 654 332 655 308 655 317 655 345 656 332 656 321 656 351 657 321 657 327 657 351 658 345 658 321 658 356 659 327 659 334 659 356 660 351 660 327 660 363 661 334 661 339 661 363 662 339 662 344 662 363 663 356 663 334 663 368 664 363 664 344 664 368 665 344 665 346 665 368 666 346 666 372 666 374 667 415 667 357 667 374 668 357 668 325 668 380 669 374 669 325 669 380 670 332 670 345 670 380 671 325 671 332 671 390 672 380 672 345 672 396 673 345 673 351 673 396 674 390 674 345 674 399 675 351 675 356 675 399 676 396 676 351 676 401 677 399 677 356 677 401 678 356 678 363 678 402 679 363 679 368 679 402 680 368 680 372 680 402 681 372 681 405 681 402 682 401 682 363 682 431 683 415 683 374 683 450 684 374 684 380 684 450 685 431 685 374 685 450 686 380 686 390 686 463 687 450 687 390 687 472 688 390 688 396 688 472 689 396 689 399 689 472 690 463 690 390 690 478 691 472 691 399 691 488 692 399 692 401 692 488 693 401 693 402 693 488 694 478 694 399 694 489 695 405 695 494 695 489 696 402 696 405 696 489 697 488 697 402 697 597 698 582 698 415 698 597 699 415 699 431 699 612 700 597 700 431 700 612 701 431 701 450 701 612 702 450 702 463 702 627 703 612 703 463 703 642 704 627 704 463 704 642 705 463 705 472 705 642 706 472 706 478 706 649 707 642 707 478 707 652 708 649 708 478 708 652 709 478 709 488 709 655 710 652 710 488 710 655 711 494 711 656 711 655 712 656 712 792 712 655 713 489 713 494 713 655 714 488 714 489 714 779 715 858 715 776 715 779 716 776 716 582 716 779 717 582 717 597 717 782 718 779 718 597 718 782 719 597 719 612 719 783 720 612 720 627 720 783 721 782 721 612 721 786 722 627 722 642 722 786 723 783 723 627 723 787 724 642 724 649 724 787 725 786 725 642 725 790 726 649 726 652 726 790 727 787 727 649 727 791 728 790 728 652 728 791 729 655 729 792 729 791 730 652 730 655 730 861 731 858 731 779 731 864 732 782 732 783 732 864 733 779 733 782 733 864 734 861 734 779 734 865 735 864 735 783 735 866 736 783 736 786 736 866 737 865 737 783 737 867 738 786 738 787 738 867 739 866 739 786 739 867 740 787 740 790 740 868 741 790 741 791 741 868 742 867 742 790 742 869 743 791 743 792 743 869 744 868 744 791 744 869 745 792 745 870 745 869 746 870 746 1002 746 991 747 990 747 858 747 991 748 858 748 861 748 994 749 861 749 864 749 994 750 991 750 861 750 995 751 864 751 865 751 995 752 994 752 864 752 996 753 865 753 866 753 996 754 995 754 865 754 997 755 866 755 867 755 997 756 867 756 868 756 997 757 996 757 866 757 998 758 997 758 868 758 1001 759 998 759 868 759 1001 760 868 760 869 760 1001 761 869 761 1002 761 1160 762 1333 762 1163 762 1160 763 1163 763 990 763 1160 764 990 764 991 764 1160 765 1328 765 1333 765 1153 766 991 766 994 766 1153 767 1160 767 991 767 1153 768 1321 768 1328 768 1153 769 994 769 995 769 1153 770 1328 770 1160 770 1152 771 1314 771 1321 771 1152 772 1321 772 1153 772 1152 773 1153 773 995 773 1149 774 1314 774 1152 774 1149 775 1309 775 1314 775 1149 776 995 776 996 776 1149 777 1152 777 995 777 1146 778 1309 778 1149 778 1146 779 1149 779 996 779 1146 780 1302 780 1309 780 1146 781 996 781 997 781 1146 782 997 782 998 782 1145 783 1297 783 1302 783 1145 784 998 784 1001 784 1145 785 1302 785 1146 785 1145 786 1146 786 998 786 1142 787 1292 787 1294 787 1142 788 1294 788 1297 788 1142 789 1002 789 1140 789 1142 790 1140 790 1292 790 1142 791 1297 791 1145 791 1142 792 1001 792 1002 792 1142 793 1145 793 1001 793 839 794 838 794 924 794 925 795 924 795 1040 795 925 796 839 796 924 796 1041 797 1040 797 1208 797 1041 798 925 798 1040 798 1209 799 1208 799 1350 799 1209 800 1041 800 1208 800 1351 801 1350 801 1484 801 1351 802 1209 802 1350 802 1485 803 1484 803 1614 803 1485 804 1351 804 1484 804 1615 805 1614 805 1701 805 1615 806 1485 806 1614 806 1702 807 1701 807 1736 807 1702 808 1615 808 1701 808 1737 809 1702 809 1736 809 1737 810 1736 810 1760 810 1761 811 1737 811 1760 811 1761 812 1760 812 1769 812 1770 813 1761 813 1769 813 1770 814 1769 814 1754 814 1755 815 1770 815 1754 815 1755 816 1754 816 1723 816 1724 817 1755 817 1723 817 1724 818 1723 818 1677 818 1678 819 1724 819 1677 819 1571 820 1678 820 1677 820 1571 821 1677 821 1570 821 1437 822 1571 822 1570 822 1437 823 1436 823 1292 823 1437 824 1570 824 1436 824 1293 825 1437 825 1292 825 1293 826 1292 826 1140 826 1141 827 1293 827 1140 827 1003 828 1141 828 1140 828 1003 829 1002 829 870 829 1003 830 1140 830 1002 830 871 831 1003 831 870 831 793 832 871 832 870 832 793 833 792 833 656 833 793 834 870 834 792 834 657 835 793 835 656 835 495 836 657 836 656 836 495 837 494 837 405 837 495 838 656 838 494 838 406 839 495 839 405 839 373 840 372 840 346 840 373 841 405 841 372 841 373 842 406 842 405 842 347 843 346 843 337 843 347 844 373 844 346 844 338 845 337 845 352 845 338 846 347 846 337 846 353 847 338 847 352 847 384 848 352 848 383 848 384 849 353 849 352 849 430 850 383 850 429 850 430 851 384 851 383 851 557 852 429 852 556 852 557 853 430 853 429 853 715 854 556 854 714 854 715 855 557 855 556 855 839 856 714 856 838 856 839 857 715 857 714 857 2013 858 2047 858 2031 858 2057 859 2071 859 2063 859 1995 860 2047 860 2013 860 2037 861 2047 861 1995 861 2037 862 2057 862 2063 862 2037 863 2063 863 2047 863 2087 864 2103 864 2099 864 1961 865 1965 865 1957 865 2025 866 2037 866 1995 866 2025 867 1995 867 1979 867 2079 868 2103 868 2087 868 2079 869 2105 869 2103 869 1953 870 1961 870 1957 870 1975 871 2025 871 1979 871 2019 872 2025 872 1975 872 2095 873 2107 873 2105 873 1905 874 1937 874 1923 874 2009 875 2019 875 1975 875 2009 876 1975 876 1971 876 1969 877 2009 877 1971 877 2003 878 2009 878 1969 878 2085 879 2105 879 2079 879 2085 880 2095 880 2105 880 2085 881 2079 881 2067 881 1901 882 1957 882 1937 882 1901 883 1953 883 1957 883 1901 884 1937 884 1905 884 1963 885 2003 885 1969 885 2001 886 2003 886 1963 886 2077 887 2085 887 2067 887 1897 888 1947 888 1953 888 1897 889 1953 889 1901 889 2069 890 2077 890 2067 890 2069 891 2067 891 2053 891 1891 892 1943 892 1947 892 1891 893 1947 893 1897 893 2061 894 2069 894 2053 894 2061 895 2053 895 2035 895 1885 896 1943 896 1891 896 1885 897 1941 897 1943 897 2051 898 2061 898 2035 898 2051 899 2023 899 2017 899 2051 900 2035 900 2023 900 1881 901 1941 901 1885 901 1881 902 1945 902 1941 902 2097 903 2101 903 2091 903 1847 904 1859 904 1863 904 2083 905 2097 905 2091 905 1853 906 1859 906 1847 906 2045 907 2051 907 2017 907 1875 908 1945 908 1881 908 1875 909 1951 909 1945 909 2081 910 2089 910 2093 910 1817 911 1835 911 1821 911 2073 912 2097 912 2083 912 2073 913 2081 913 2093 913 2073 914 2093 914 2097 914 1815 915 1847 915 1835 915 1815 916 1853 916 1847 916 1815 917 1835 917 1817 917 1811 918 1849 918 1853 918 1811 919 1853 919 1815 919 2059 920 2073 920 2083 920 2059 921 2075 921 2065 921 2059 922 2083 922 2075 922 1807 923 1849 923 1811 923 1807 924 1851 924 1849 924 2033 925 2059 925 2065 925 2033 926 2065 926 2055 926 2021 927 2033 927 2055 927 1796 928 1857 928 1851 928 1796 929 1861 929 1857 929 1796 930 1851 930 1807 930 1778 931 1861 931 1796 931 2005 932 2049 932 2041 932 2005 933 2055 933 2049 933 2005 934 2021 934 2055 934 1997 935 2005 935 2041 935 1753 936 1867 936 1861 936 1753 937 1861 937 1778 937 2029 938 2027 938 2015 938 2029 939 2043 939 2027 939 1503 940 1593 940 1602 940 1503 941 1587 941 1593 941 1981 942 1993 942 2011 942 1337 943 1423 943 1345 943 1977 944 2011 944 2029 944 1977 945 1981 945 2011 945 1977 946 2029 946 2015 946 1330 947 1598 947 1587 947 1330 948 1587 948 1503 948 1330 949 1423 949 1337 949 1330 950 1503 950 1423 950 1973 951 1999 951 1991 951 1973 952 2015 952 1999 952 1973 953 1977 953 2015 953 1299 954 1598 954 1330 954 1967 955 1973 955 1991 955 1261 956 1617 956 1598 956 1261 957 1598 957 1299 957 1959 958 1991 958 1987 958 1959 959 1967 959 1991 959 1224 960 1639 960 1617 960 1224 961 1617 961 1261 961 1949 962 1987 962 1983 962 1949 963 1959 963 1987 963 1189 964 1675 964 1639 964 1189 965 1639 965 1224 965 1933 966 1983 966 1985 966 1933 967 1949 967 1983 967 1144 968 1700 968 1675 968 1144 969 1675 969 1189 969 1776 970 2001 970 1963 970 1802 971 2001 971 1776 971 1802 972 2007 972 2001 972 1802 973 2017 973 2007 973 1720 974 1955 974 1951 974 1720 975 1963 975 1955 975 1720 976 1776 976 1963 976 1805 977 2045 977 2017 977 1805 978 2017 978 1802 978 1805 979 2039 979 2045 979 1632 980 1875 980 1869 980 1632 981 1951 981 1875 981 1632 982 1720 982 1951 982 1917 983 1927 983 1919 983 1917 984 1931 984 1927 984 853 985 899 985 895 985 853 986 908 986 899 986 1804 987 2039 987 1805 987 1804 988 2041 988 2039 988 1804 989 1997 989 2041 989 1479 990 1869 990 1867 990 1479 991 1867 991 1753 991 1479 992 1632 992 1869 992 1788 993 1989 993 1997 993 1788 994 1985 994 1989 994 1788 995 1997 995 1804 995 1333 996 1719 996 1700 996 1333 997 1753 997 1719 997 1333 998 1479 998 1753 998 743 999 801 999 731 999 1889 1000 1893 1000 1903 1000 739 1001 801 1001 743 1001 739 1002 908 1002 853 1002 739 1003 853 1003 801 1003 1887 1004 1917 1004 1919 1004 1887 1005 1889 1005 1903 1005 1887 1006 1919 1006 1911 1006 1887 1007 1903 1007 1917 1007 719 1008 908 1008 739 1008 719 1009 929 1009 908 1009 1883 1010 1887 1010 1911 1010 697 1011 949 1011 929 1011 697 1012 929 1012 719 1012 1877 1013 1911 1013 1907 1013 1877 1014 1883 1014 1911 1014 1750 1015 1929 1015 1933 1015 1750 1016 1985 1016 1788 1016 1750 1017 1933 1017 1985 1017 1163 1018 1700 1018 1144 1018 1163 1019 1144 1019 1097 1019 1163 1020 1333 1020 1700 1020 670 1021 949 1021 697 1021 670 1022 977 1022 949 1022 670 1023 1017 1023 977 1023 1871 1024 1877 1024 1907 1024 1871 1025 1909 1025 1913 1025 1871 1026 1907 1026 1909 1026 637 1027 1017 1027 670 1027 1865 1028 1871 1028 1913 1028 573 1029 1039 1029 1017 1029 573 1030 1017 1030 637 1030 1855 1031 1913 1031 1921 1031 1855 1032 1865 1032 1913 1032 1692 1033 1921 1033 1929 1033 1692 1034 1929 1034 1750 1034 1692 1035 1855 1035 1921 1035 990 1036 1163 1036 1097 1036 990 1037 1097 1037 1039 1037 990 1038 1039 1038 573 1038 1549 1039 1845 1039 1855 1039 1549 1040 1841 1040 1845 1040 1549 1041 1855 1041 1692 1041 858 1042 990 1042 573 1042 858 1043 518 1043 462 1043 858 1044 573 1044 518 1044 1819 1045 1829 1045 1825 1045 1819 1046 1833 1046 1829 1046 295 1047 316 1047 307 1047 295 1048 324 1048 316 1048 1377 1049 1841 1049 1549 1049 776 1050 858 1050 462 1050 289 1051 324 1051 295 1051 1801 1052 1813 1052 1792 1052 275 1053 279 1053 289 1053 1784 1054 1819 1054 1825 1054 1784 1055 1792 1055 1813 1055 1784 1056 1813 1056 1819 1056 283 1057 324 1057 289 1057 283 1058 289 1058 279 1058 1765 1059 1825 1059 1823 1059 1765 1060 1784 1060 1825 1060 285 1061 343 1061 324 1061 285 1062 324 1062 283 1062 281 1063 343 1063 285 1063 281 1064 367 1064 343 1064 281 1065 394 1065 367 1065 1741 1066 1765 1066 1823 1066 1741 1067 1823 1067 1827 1067 277 1068 394 1068 281 1068 1714 1069 1741 1069 1827 1069 1714 1070 1827 1070 1831 1070 271 1071 394 1071 277 1071 271 1072 414 1072 394 1072 1694 1073 1831 1073 1837 1073 1694 1074 1714 1074 1831 1074 267 1075 776 1075 462 1075 267 1076 462 1076 414 1076 267 1077 414 1077 271 1077 267 1078 582 1078 776 1078 1646 1079 1837 1079 1841 1079 1646 1080 1694 1080 1837 1080 1646 1081 1841 1081 1377 1081 1646 1082 1377 1082 1225 1082 263 1083 582 1083 267 1083 1600 1084 1646 1084 1225 1084 253 1085 415 1085 582 1085 253 1086 582 1086 263 1086 1557 1087 1600 1087 1225 1087 1557 1088 1225 1088 1053 1088 1341 1089 1407 1089 1409 1089 1341 1090 1417 1090 1407 1090 205 1091 219 1091 215 1091 205 1092 221 1092 219 1092 189 1093 221 1093 205 1093 189 1094 205 1094 191 1094 1162 1095 1251 1095 1341 1095 1162 1096 1341 1096 1409 1096 1135 1097 1409 1097 1431 1097 1135 1098 1162 1098 1409 1098 197 1099 221 1099 189 1099 197 1100 225 1100 221 1100 197 1101 231 1101 225 1101 181 1102 189 1102 191 1102 1173 1103 1251 1103 1162 1103 201 1104 231 1104 197 1104 1107 1105 1431 1105 1455 1105 1107 1106 1135 1106 1431 1106 177 1107 181 1107 191 1107 1179 1108 1251 1108 1173 1108 1067 1109 1107 1109 1455 1109 1067 1110 1476 1110 1501 1110 1067 1111 1455 1111 1476 1111 199 1112 237 1112 231 1112 199 1113 231 1113 201 1113 1027 1114 1067 1114 1501 1114 1027 1115 1501 1115 1557 1115 195 1116 243 1116 237 1116 195 1117 253 1117 243 1117 195 1118 237 1118 199 1118 1005 1119 1027 1119 1557 1119 1005 1120 1557 1120 1053 1120 187 1121 253 1121 195 1121 187 1122 415 1122 253 1122 957 1123 1005 1123 1053 1123 957 1124 1053 1124 906 1124 179 1125 357 1125 415 1125 179 1126 415 1126 187 1126 922 1127 957 1127 906 1127 175 1128 357 1128 179 1128 727 1129 803 1129 808 1129 727 1130 797 1130 803 1130 97 1131 127 1131 115 1131 97 1132 131 1132 127 1132 491 1133 849 1133 860 1133 522 1134 849 1134 491 1134 522 1135 833 1135 849 1135 522 1136 808 1136 833 1136 109 1137 141 1137 135 1137 109 1138 117 1138 141 1138 121 1139 149 1139 141 1139 121 1140 159 1140 149 1140 121 1141 141 1141 117 1141 469 1142 491 1142 860 1142 93 1143 97 1143 79 1143 93 1144 135 1144 131 1144 93 1145 131 1145 97 1145 93 1146 109 1146 135 1146 535 1147 808 1147 522 1147 535 1148 635 1148 727 1148 535 1149 727 1149 808 1149 125 1150 159 1150 121 1150 433 1151 469 1151 860 1151 433 1152 860 1152 887 1152 529 1153 635 1153 535 1153 81 1154 93 1154 79 1154 123 1155 175 1155 159 1155 123 1156 357 1156 175 1156 123 1157 159 1157 125 1157 123 1158 319 1158 357 1158 408 1159 433 1159 887 1159 408 1160 922 1160 906 1160 408 1161 887 1161 922 1161 408 1162 906 1162 804 1162 516 1163 635 1163 529 1163 65 1164 81 1164 79 1164 119 1165 319 1165 123 1165 389 1166 408 1166 804 1166 111 1167 319 1167 119 1167 111 1168 303 1168 319 1168 355 1169 389 1169 804 1169 355 1170 804 1170 664 1170 247 1171 312 1171 330 1171 251 1172 301 1172 312 1172 251 1173 312 1173 247 1173 53 1174 59 1174 103 1174 53 1175 87 1175 75 1175 53 1176 103 1176 87 1176 67 1177 303 1177 111 1177 67 1178 103 1178 59 1178 67 1179 111 1179 103 1179 241 1180 355 1180 664 1180 241 1181 247 1181 330 1181 241 1182 330 1182 355 1182 43 1183 53 1183 75 1183 43 1184 75 1184 49 1184 257 1185 301 1185 251 1185 273 1186 291 1186 293 1186 273 1187 287 1187 291 1187 15 1188 27 1188 19 1188 15 1189 35 1189 27 1189 69 1190 303 1190 67 1190 69 1191 302 1191 303 1191 239 1192 241 1192 664 1192 239 1193 664 1193 475 1193 33 1194 43 1194 49 1194 259 1195 297 1195 301 1195 259 1196 301 1196 257 1196 63 1197 302 1197 69 1197 233 1198 239 1198 475 1198 25 1199 33 1199 49 1199 25 1200 49 1200 35 1200 255 1201 293 1201 297 1201 255 1202 297 1202 259 1202 11 1203 25 1203 35 1203 11 1204 35 1204 15 1204 261 1205 293 1205 255 1205 261 1206 273 1206 293 1206 17 1207 25 1207 11 1207 249 1208 261 1208 255 1208 245 1209 261 1209 249 1209 7 1210 17 1210 11 1210 91 1211 302 1211 63 1211 91 1212 305 1212 302 1212 157 1213 233 1213 475 1213 157 1214 475 1214 387 1214 101 1215 305 1215 91 1215 153 1216 157 1216 387 1216 163 1217 227 1217 233 1217 163 1218 233 1218 157 1218 85 1219 91 1219 63 1219 85 1220 63 1220 57 1220 145 1221 153 1221 387 1221 145 1222 387 1222 331 1222 107 1223 305 1223 101 1223 107 1224 145 1224 331 1224 107 1225 331 1225 305 1225 167 1226 223 1226 227 1226 167 1227 227 1227 163 1227 73 1228 85 1228 57 1228 73 1229 57 1229 47 1229 105 1230 139 1230 145 1230 105 1231 145 1231 107 1231 165 1232 217 1232 223 1232 165 1233 223 1233 167 1233 55 1234 73 1234 47 1234 55 1235 47 1235 39 1235 137 1236 139 1236 105 1236 137 1237 105 1237 99 1237 161 1238 211 1238 217 1238 161 1239 217 1239 165 1239 41 1240 39 1240 31 1240 41 1241 55 1241 39 1241 133 1242 99 1242 89 1242 133 1243 137 1243 99 1243 155 1244 207 1244 211 1244 155 1245 211 1245 161 1245 29 1246 31 1246 23 1246 29 1247 41 1247 31 1247 129 1248 133 1248 89 1248 83 1249 129 1249 89 1249 171 1250 203 1250 207 1250 171 1251 185 1251 203 1251 171 1252 207 1252 155 1252 3 1253 13 1253 1 1253 3 1254 23 1254 13 1254 5 1255 23 1255 3 1255 5 1256 21 1256 29 1256 5 1257 29 1257 23 1257 151 1258 171 1258 155 1258 151 1259 155 1259 147 1259 113 1260 129 1260 83 1260 71 1261 113 1261 83 1261 9 1262 21 1262 5 1262 143 1263 151 1263 147 1263 61 1264 95 1264 113 1264 61 1265 77 1265 95 1265 45 1266 61 1266 113 1266 45 1267 113 1267 71 1267 45 1268 51 1268 37 1268 45 1269 71 1269 51 1269 1169 1270 1157 1270 1209 1270 1139 1271 1209 1271 1157 1271 1127 1272 1041 1272 1209 1272 1127 1273 1209 1273 1139 1273 1181 1274 1169 1274 1209 1274 1117 1275 1041 1275 1127 1275 1187 1276 1209 1276 1351 1276 1187 1277 1181 1277 1209 1277 1195 1278 1187 1278 1351 1278 1101 1279 1041 1279 1117 1279 1079 1280 1041 1280 1101 1280 1201 1281 1195 1281 1351 1281 1203 1282 1201 1282 1351 1282 1071 1283 1041 1283 1079 1283 1063 1284 925 1284 1041 1284 1063 1285 1041 1285 1071 1285 1057 1286 925 1286 1063 1286 1376 1287 1366 1287 1485 1287 1355 1288 1351 1288 1485 1288 1355 1289 1485 1289 1366 1289 1389 1290 1485 1290 1615 1290 1389 1291 1376 1291 1485 1291 1339 1292 1351 1292 1355 1292 1044 1293 925 1293 1057 1293 1415 1294 1389 1294 1615 1294 1327 1295 1199 1295 1203 1295 1327 1296 1203 1296 1351 1296 1327 1297 1351 1297 1339 1297 1035 1298 839 1298 925 1298 1035 1299 925 1299 1044 1299 1429 1300 1415 1300 1615 1300 1306 1301 1191 1301 1199 1301 1306 1302 1199 1302 1327 1302 1037 1303 839 1303 1035 1303 1440 1304 1615 1304 1702 1304 1440 1305 1429 1305 1615 1305 1275 1306 1183 1306 1191 1306 1275 1307 1191 1307 1306 1307 1263 1308 1175 1308 1183 1308 1263 1309 1183 1309 1275 1309 1637 1310 1628 1310 1702 1310 1613 1311 1702 1311 1628 1311 1247 1312 1175 1312 1263 1312 1247 1313 1165 1313 1175 1313 1650 1314 1702 1314 1737 1314 1650 1315 1637 1315 1702 1315 1596 1316 1702 1316 1613 1316 1582 1317 1440 1317 1702 1317 1582 1318 1702 1318 1596 1318 1582 1319 1442 1319 1440 1319 1656 1320 1650 1320 1737 1320 1663 1321 1656 1321 1737 1321 1574 1322 1442 1322 1582 1322 1574 1323 1435 1323 1442 1323 1241 1324 1165 1324 1247 1324 1241 1325 1151 1325 1165 1325 1241 1326 1133 1326 1151 1326 1667 1327 1663 1327 1737 1327 1553 1328 1435 1328 1574 1328 1233 1329 1123 1329 1133 1329 1233 1330 1133 1330 1241 1330 1671 1331 1667 1331 1737 1331 1540 1332 1435 1332 1553 1332 1540 1333 1421 1333 1435 1333 1761 1334 1671 1334 1737 1334 1665 1335 1671 1335 1761 1335 1529 1336 1421 1336 1540 1336 1529 1337 1405 1337 1421 1337 1229 1338 1109 1338 1123 1338 1229 1339 1123 1339 1233 1339 1522 1340 1405 1340 1529 1340 1522 1341 1385 1341 1405 1341 1659 1342 1665 1342 1761 1342 1231 1343 1109 1343 1229 1343 1231 1344 1089 1344 1109 1344 1652 1345 1659 1345 1761 1345 1514 1346 1385 1346 1522 1346 1514 1347 1372 1347 1385 1347 1237 1348 1089 1348 1231 1348 1643 1349 1652 1349 1761 1349 1509 1350 1363 1350 1372 1350 1509 1351 1372 1351 1514 1351 1631 1352 1643 1352 1761 1352 1512 1353 1363 1353 1509 1353 1516 1354 1363 1354 1512 1354 1516 1355 1347 1355 1363 1355 1525 1356 1347 1356 1516 1356 1525 1357 1335 1357 1347 1357 1535 1358 1335 1358 1525 1358 1770 1359 1631 1359 1761 1359 1770 1360 1621 1360 1631 1360 1770 1361 1608 1361 1621 1361 707 1362 693 1362 715 1362 681 1363 557 1363 715 1363 681 1364 715 1364 693 1364 668 1365 557 1365 681 1365 725 1366 707 1366 715 1366 725 1367 715 1367 839 1367 651 1368 557 1368 668 1368 737 1369 839 1369 1037 1369 737 1370 725 1370 839 1370 737 1371 1037 1371 1051 1371 749 1372 737 1372 1051 1372 641 1373 557 1373 651 1373 755 1374 749 1374 1051 1374 755 1375 1051 1375 1061 1375 616 1376 557 1376 641 1376 759 1377 1061 1377 1065 1377 759 1378 755 1378 1061 1378 601 1379 557 1379 616 1379 753 1380 759 1380 1065 1380 753 1381 1065 1381 1075 1381 745 1382 1075 1382 1089 1382 745 1383 753 1383 1075 1383 430 1384 557 1384 601 1384 430 1385 601 1385 588 1385 430 1386 588 1386 579 1386 1755 1387 1608 1387 1770 1387 1755 1388 1589 1388 1608 1388 569 1389 430 1389 579 1389 565 1390 430 1390 569 1390 567 1391 430 1391 565 1391 384 1392 430 1392 567 1392 384 1393 567 1393 571 1393 384 1394 571 1394 584 1394 384 1395 584 1395 596 1395 684 1396 686 1396 700 1396 684 1397 677 1397 686 1397 702 1398 700 1398 717 1398 702 1399 684 1399 700 1399 666 1400 677 1400 684 1400 666 1401 661 1401 677 1401 723 1402 717 1402 729 1402 723 1403 702 1403 717 1403 646 1404 661 1404 666 1404 646 1405 648 1405 661 1405 741 1406 723 1406 729 1406 741 1407 729 1407 745 1407 618 1408 648 1408 646 1408 618 1409 631 1409 648 1409 761 1410 741 1410 745 1410 761 1411 745 1411 1089 1411 761 1412 1089 1412 1237 1412 592 1413 631 1413 618 1413 592 1414 609 1414 631 1414 767 1415 761 1415 1237 1415 767 1416 1237 1416 1243 1416 559 1417 609 1417 592 1417 559 1418 596 1418 609 1418 559 1419 384 1419 596 1419 1527 1420 1507 1420 1755 1420 1494 1421 1755 1421 1507 1421 1494 1422 1579 1422 1589 1422 1494 1423 1589 1423 1755 1423 769 1424 767 1424 1243 1424 769 1425 1243 1425 1255 1425 769 1426 1255 1426 1267 1426 544 1427 384 1427 559 1427 1538 1428 1755 1428 1724 1428 1538 1429 1527 1429 1755 1429 1483 1430 1579 1430 1494 1430 1483 1431 1567 1431 1579 1431 1469 1432 1567 1432 1483 1432 1469 1433 1546 1433 1567 1433 1548 1434 1538 1434 1724 1434 1559 1435 1548 1435 1724 1435 1464 1436 1546 1436 1469 1436 1464 1437 1535 1437 1546 1437 763 1438 769 1438 1267 1438 527 1439 384 1439 544 1439 1563 1440 1559 1440 1724 1440 1452 1441 1535 1441 1464 1441 353 1442 527 1442 510 1442 353 1443 510 1443 501 1443 353 1444 384 1444 527 1444 1678 1445 1563 1445 1724 1445 1678 1446 1561 1446 1565 1446 1678 1447 1565 1447 1563 1447 1551 1448 1561 1448 1678 1448 493 1449 353 1449 501 1449 1544 1450 1551 1450 1678 1450 1533 1451 1544 1451 1678 1451 1227 1452 1433 1452 1419 1452 1245 1453 1419 1453 1403 1453 1245 1454 1227 1454 1419 1454 1214 1455 1452 1455 1433 1455 1214 1456 1433 1456 1227 1456 1214 1457 1535 1457 1452 1457 1214 1458 1318 1458 1335 1458 1214 1459 1335 1459 1535 1459 1257 1460 1403 1460 1397 1460 1257 1461 1245 1461 1403 1461 1197 1462 1318 1462 1214 1462 1197 1463 1291 1463 1318 1463 1177 1464 1291 1464 1197 1464 1177 1465 1267 1465 1291 1465 1269 1466 1397 1466 1391 1466 1269 1467 1257 1467 1397 1467 1277 1468 1391 1468 1395 1468 1277 1469 1269 1469 1391 1469 1159 1470 1267 1470 1177 1470 1159 1471 763 1471 1267 1471 1283 1472 1395 1472 1399 1472 1283 1473 1399 1473 1411 1473 1283 1474 1277 1474 1395 1474 1137 1475 751 1475 763 1475 1137 1476 763 1476 1159 1476 338 1477 493 1477 497 1477 338 1478 497 1478 505 1478 338 1479 505 1479 520 1479 338 1480 353 1480 493 1480 1571 1481 1467 1481 1478 1481 1571 1482 1478 1482 1491 1482 1571 1483 1491 1483 1499 1483 1571 1484 1533 1484 1678 1484 1571 1485 1499 1485 1520 1485 1571 1486 1520 1486 1533 1486 1287 1487 1411 1487 1425 1487 1287 1488 1283 1488 1411 1488 1125 1489 733 1489 751 1489 1125 1490 751 1490 1137 1490 1279 1491 1287 1491 1425 1491 1279 1492 1425 1492 1447 1492 1113 1493 733 1493 1125 1493 1113 1494 712 1494 733 1494 1273 1495 1447 1495 1457 1495 1273 1496 1279 1496 1447 1496 563 1497 603 1497 639 1497 586 1498 639 1498 659 1498 586 1499 563 1499 639 1499 547 1500 581 1500 603 1500 547 1501 603 1501 563 1501 599 1502 659 1502 679 1502 599 1503 586 1503 659 1503 533 1504 549 1504 581 1504 533 1505 581 1505 547 1505 611 1506 599 1506 679 1506 508 1507 549 1507 533 1507 622 1508 679 1508 695 1508 622 1509 611 1509 679 1509 487 1510 537 1510 549 1510 487 1511 549 1511 508 1511 626 1512 695 1512 712 1512 626 1513 622 1513 695 1513 477 1514 520 1514 537 1514 477 1515 537 1515 487 1515 629 1516 626 1516 712 1516 629 1517 712 1517 1113 1517 347 1518 338 1518 520 1518 347 1519 477 1519 465 1519 347 1520 465 1520 456 1520 347 1521 456 1521 449 1521 347 1522 449 1522 443 1522 347 1523 520 1523 477 1523 1437 1524 1253 1524 1265 1524 1437 1525 1265 1525 1273 1525 1437 1526 1457 1526 1467 1526 1437 1527 1467 1527 1571 1527 1437 1528 1273 1528 1457 1528 437 1529 347 1529 443 1529 961 1530 1085 1530 1081 1530 969 1531 1081 1531 1083 1531 969 1532 961 1532 1081 1532 947 1533 1095 1533 1085 1533 947 1534 1085 1534 961 1534 979 1535 1083 1535 1093 1535 979 1536 969 1536 1083 1536 937 1537 1095 1537 947 1537 937 1538 1113 1538 1095 1538 983 1539 1093 1539 1103 1539 983 1540 979 1540 1093 1540 931 1541 629 1541 1113 1541 931 1542 1113 1542 937 1542 993 1543 983 1543 1103 1543 917 1544 629 1544 931 1544 917 1545 624 1545 629 1545 1007 1546 1103 1546 1119 1546 1007 1547 993 1547 1103 1547 905 1548 624 1548 917 1548 905 1549 614 1549 624 1549 1009 1550 1007 1550 1119 1550 1009 1551 1119 1551 1129 1551 897 1552 607 1552 614 1552 897 1553 614 1553 905 1553 373 1554 347 1554 437 1554 373 1555 437 1555 441 1555 373 1556 441 1556 445 1556 373 1557 445 1557 452 1557 373 1558 452 1558 458 1558 1293 1559 1185 1559 1207 1559 1293 1560 1207 1560 1221 1560 1293 1561 1221 1561 1239 1561 1293 1562 1239 1562 1253 1562 1293 1563 1253 1563 1437 1563 1000 1564 1129 1564 1148 1564 1000 1565 1009 1565 1129 1565 891 1566 594 1566 607 1566 891 1567 607 1567 897 1567 987 1568 1000 1568 1148 1568 406 1569 373 1569 458 1569 406 1570 458 1570 471 1570 406 1571 471 1571 480 1571 406 1572 480 1572 499 1572 406 1573 499 1573 524 1573 406 1574 524 1574 542 1574 1141 1575 1148 1575 1167 1575 1141 1576 1167 1576 1185 1576 1141 1577 987 1577 1148 1577 1141 1578 981 1578 987 1578 1141 1579 1185 1579 1293 1579 495 1580 406 1580 542 1580 495 1581 554 1581 577 1581 495 1582 542 1582 554 1582 1003 1583 935 1583 941 1583 1003 1584 941 1584 953 1584 1003 1585 981 1585 1141 1585 1003 1586 953 1586 965 1586 1003 1587 965 1587 973 1587 1003 1588 973 1588 981 1588 657 1589 891 1589 885 1589 657 1590 885 1590 879 1590 657 1591 879 1591 875 1591 657 1592 495 1592 577 1592 657 1593 577 1593 594 1593 657 1594 594 1594 891 1594 871 1595 935 1595 1003 1595 871 1596 889 1596 893 1596 871 1597 893 1597 903 1597 871 1598 903 1598 911 1598 871 1599 911 1599 927 1599 871 1600 927 1600 935 1600 793 1601 875 1601 877 1601 793 1602 877 1602 881 1602 793 1603 881 1603 889 1603 793 1604 889 1604 871 1604 793 1605 657 1605 875 1605 959 1606 988 1606 989 1606 959 1607 958 1607 988 1607 933 1608 932 1608 958 1608 933 1609 958 1609 959 1609 901 1610 900 1610 932 1610 901 1611 932 1611 933 1611 873 1612 872 1612 900 1612 873 1613 900 1613 901 1613 857 1614 856 1614 872 1614 857 1615 872 1615 873 1615 851 1616 850 1616 856 1616 851 1617 856 1617 857 1617 845 1618 844 1618 850 1618 845 1619 850 1619 851 1619 823 1620 822 1620 844 1620 823 1621 815 1621 822 1621 823 1622 844 1622 845 1622 816 1623 815 1623 823 1623 813 1624 815 1624 816 1624 813 1625 812 1625 815 1625 813 1626 817 1626 812 1626 818 1627 817 1627 813 1627 831 1628 817 1628 818 1628 831 1629 830 1629 817 1629 831 1630 846 1630 830 1630 847 1631 846 1631 831 1631 847 1632 854 1632 846 1632 855 1633 854 1633 847 1633 855 1634 862 1634 854 1634 863 1635 862 1635 855 1635 883 1636 862 1636 863 1636 883 1637 882 1637 862 1637 883 1638 912 1638 882 1638 913 1639 912 1639 883 1639 939 1640 912 1640 913 1640 939 1641 938 1641 912 1641 971 1642 938 1642 939 1642 971 1643 970 1643 938 1643 1015 1644 970 1644 971 1644 1015 1645 1014 1645 970 1645 1015 1646 1024 1646 1014 1646 1025 1647 1024 1647 1015 1647 1059 1648 1058 1648 1024 1648 1059 1649 1076 1649 1058 1649 1059 1650 1024 1650 1025 1650 1077 1651 1076 1651 1059 1651 1099 1652 1076 1652 1077 1652 1099 1653 1098 1653 1076 1653 1099 1654 1110 1654 1098 1654 1111 1655 1110 1655 1099 1655 1115 1656 1114 1656 1110 1656 1115 1657 1104 1657 1114 1657 1115 1658 1110 1658 1111 1658 1105 1659 1086 1659 1104 1659 1105 1660 1104 1660 1115 1660 1087 1661 1068 1661 1086 1661 1087 1662 1086 1662 1105 1662 1069 1663 1068 1663 1087 1663 1031 1664 1030 1664 1068 1664 1031 1665 1068 1665 1069 1665 1021 1666 1020 1666 1030 1666 1021 1667 1030 1667 1031 1667 989 1668 988 1668 1020 1668 989 1669 1020 1669 1021 1669 986 1670 1087 1670 1105 1670 980 1671 1069 1671 1087 1671 980 1672 1087 1672 986 1672 999 1673 1105 1673 1115 1673 999 1674 986 1674 1105 1674 972 1675 1031 1675 1069 1675 972 1676 1069 1676 980 1676 1008 1677 1115 1677 1111 1677 1008 1678 999 1678 1115 1678 964 1679 1021 1679 1031 1679 964 1680 1031 1680 972 1680 1006 1681 1111 1681 1099 1681 1006 1682 1008 1682 1111 1682 952 1683 989 1683 1021 1683 952 1684 1021 1684 964 1684 992 1685 1006 1685 1099 1685 992 1686 1099 1686 1077 1686 940 1687 989 1687 952 1687 940 1688 959 1688 989 1688 982 1689 1077 1689 1059 1689 982 1690 992 1690 1077 1690 934 1691 933 1691 959 1691 934 1692 959 1692 940 1692 978 1693 982 1693 1059 1693 926 1694 901 1694 933 1694 926 1695 933 1695 934 1695 968 1696 978 1696 1059 1696 968 1697 1059 1697 1025 1697 1015 1698 968 1698 1025 1698 910 1699 901 1699 926 1699 873 1700 901 1700 910 1700 960 1701 968 1701 1015 1701 902 1702 873 1702 910 1702 971 1703 960 1703 1015 1703 971 1704 946 1704 960 1704 857 1705 873 1705 902 1705 939 1706 946 1706 971 1706 939 1707 936 1707 946 1707 851 1708 857 1708 902 1708 851 1709 892 1709 888 1709 851 1710 902 1710 892 1710 913 1711 930 1711 936 1711 913 1712 936 1712 939 1712 845 1713 888 1713 880 1713 845 1714 851 1714 888 1714 883 1715 916 1715 930 1715 883 1716 930 1716 913 1716 823 1717 845 1717 880 1717 863 1718 904 1718 916 1718 863 1719 916 1719 883 1719 816 1720 880 1720 876 1720 816 1721 823 1721 880 1721 855 1722 896 1722 904 1722 855 1723 904 1723 863 1723 813 1724 816 1724 876 1724 813 1725 876 1725 874 1725 847 1726 890 1726 896 1726 847 1727 896 1727 855 1727 818 1728 878 1728 884 1728 818 1729 874 1729 878 1729 818 1730 813 1730 874 1730 831 1731 818 1731 884 1731 831 1732 890 1732 847 1732 831 1733 884 1733 890 1733 691 1734 746 1734 747 1734 691 1735 690 1735 746 1735 654 1736 653 1736 690 1736 654 1737 690 1737 691 1737 605 1738 604 1738 653 1738 605 1739 653 1739 654 1739 552 1740 551 1740 604 1740 552 1741 604 1741 605 1741 512 1742 511 1742 551 1742 512 1743 551 1743 552 1743 474 1744 473 1744 511 1744 474 1745 511 1745 512 1745 454 1746 453 1746 473 1746 454 1747 473 1747 474 1747 428 1748 427 1748 453 1748 428 1749 419 1749 427 1749 428 1750 453 1750 454 1750 420 1751 419 1751 428 1751 418 1752 419 1752 420 1752 418 1753 417 1753 419 1753 418 1754 421 1754 417 1754 422 1755 421 1755 418 1755 439 1756 421 1756 422 1756 439 1757 438 1757 421 1757 439 1758 459 1758 438 1758 460 1759 459 1759 439 1759 460 1760 483 1760 459 1760 484 1761 483 1761 460 1761 484 1762 530 1762 483 1762 531 1763 530 1763 484 1763 575 1764 530 1764 531 1764 575 1765 574 1765 530 1765 575 1766 632 1766 574 1766 633 1767 632 1767 575 1767 673 1768 632 1768 633 1768 673 1769 672 1769 632 1769 710 1770 672 1770 673 1770 710 1771 709 1771 672 1771 771 1772 709 1772 710 1772 771 1773 770 1773 709 1773 771 1774 784 1774 770 1774 785 1775 784 1775 771 1775 799 1776 798 1776 784 1776 799 1777 810 1777 798 1777 799 1778 784 1778 785 1778 811 1779 810 1779 799 1779 826 1780 810 1780 811 1780 826 1781 825 1781 810 1781 826 1782 840 1782 825 1782 841 1783 840 1783 826 1783 843 1784 842 1784 840 1784 843 1785 835 1785 842 1785 843 1786 840 1786 841 1786 836 1787 820 1787 835 1787 836 1788 835 1788 843 1788 821 1789 805 1789 820 1789 821 1790 820 1790 836 1790 806 1791 805 1791 821 1791 795 1792 794 1792 805 1792 795 1793 805 1793 806 1793 781 1794 780 1794 794 1794 781 1795 794 1795 795 1795 747 1796 746 1796 780 1796 747 1797 780 1797 781 1797 744 1798 821 1798 836 1798 728 1799 806 1799 821 1799 728 1800 821 1800 744 1800 752 1801 836 1801 843 1801 752 1802 744 1802 836 1802 758 1803 752 1803 843 1803 716 1804 795 1804 806 1804 716 1805 806 1805 728 1805 699 1806 781 1806 795 1806 699 1807 795 1807 716 1807 754 1808 841 1808 826 1808 754 1809 843 1809 841 1809 754 1810 758 1810 843 1810 685 1811 781 1811 699 1811 685 1812 747 1812 781 1812 748 1813 754 1813 826 1813 748 1814 826 1814 811 1814 676 1815 691 1815 747 1815 676 1816 747 1816 685 1816 736 1817 748 1817 811 1817 736 1818 811 1818 799 1818 660 1819 654 1819 691 1819 660 1820 691 1820 676 1820 724 1821 736 1821 799 1821 724 1822 799 1822 785 1822 647 1823 605 1823 654 1823 647 1824 654 1824 660 1824 706 1825 724 1825 785 1825 692 1826 785 1826 771 1826 692 1827 706 1827 785 1827 552 1828 605 1828 647 1828 552 1829 647 1829 630 1829 608 1830 552 1830 630 1830 710 1831 692 1831 771 1831 710 1832 680 1832 692 1832 512 1833 552 1833 608 1833 512 1834 608 1834 595 1834 673 1835 680 1835 710 1835 673 1836 667 1836 680 1836 474 1837 512 1837 595 1837 474 1838 595 1838 583 1838 633 1839 667 1839 673 1839 633 1840 650 1840 667 1840 454 1841 583 1841 570 1841 454 1842 474 1842 583 1842 575 1843 650 1843 633 1843 575 1844 640 1844 650 1844 428 1845 570 1845 566 1845 428 1846 454 1846 570 1846 531 1847 615 1847 640 1847 531 1848 640 1848 575 1848 420 1849 566 1849 564 1849 420 1850 428 1850 566 1850 484 1851 600 1851 615 1851 484 1852 615 1852 531 1852 418 1853 420 1853 564 1853 418 1854 564 1854 568 1854 460 1855 600 1855 484 1855 460 1856 587 1856 600 1856 422 1857 418 1857 568 1857 439 1858 578 1858 587 1858 439 1859 568 1859 578 1859 439 1860 587 1860 460 1860 439 1861 422 1861 568 1861 1505 1862 1554 1862 1555 1862 1505 1863 1504 1863 1554 1863 1473 1864 1472 1864 1504 1864 1473 1865 1504 1865 1505 1865 1444 1866 1443 1866 1472 1866 1444 1867 1472 1867 1473 1867 1383 1868 1382 1868 1443 1868 1383 1869 1443 1869 1444 1869 1361 1870 1360 1870 1382 1870 1361 1871 1382 1871 1383 1871 1343 1872 1342 1872 1360 1872 1343 1873 1360 1873 1361 1873 1325 1874 1324 1874 1342 1874 1325 1875 1342 1875 1343 1875 1308 1876 1307 1876 1324 1876 1308 1877 1288 1877 1307 1877 1308 1878 1324 1878 1325 1878 1289 1879 1288 1879 1308 1879 1285 1880 1288 1880 1289 1880 1285 1881 1284 1881 1288 1881 1285 1882 1295 1882 1284 1882 1296 1883 1295 1883 1285 1883 1313 1884 1295 1884 1296 1884 1313 1885 1312 1885 1295 1885 1313 1886 1331 1886 1312 1886 1332 1887 1331 1887 1313 1887 1332 1888 1348 1888 1331 1888 1349 1889 1348 1889 1332 1889 1349 1890 1368 1890 1348 1890 1369 1891 1368 1891 1349 1891 1401 1892 1368 1892 1369 1892 1401 1893 1400 1893 1368 1893 1401 1894 1458 1894 1400 1894 1459 1895 1458 1895 1401 1895 1488 1896 1458 1896 1459 1896 1488 1897 1487 1897 1458 1897 1531 1898 1487 1898 1488 1898 1531 1899 1530 1899 1487 1899 1576 1900 1530 1900 1531 1900 1576 1901 1575 1901 1530 1901 1576 1902 1605 1902 1575 1902 1606 1903 1605 1903 1576 1903 1634 1904 1633 1904 1605 1904 1634 1905 1653 1905 1633 1905 1634 1906 1605 1906 1606 1906 1654 1907 1653 1907 1634 1907 1680 1908 1653 1908 1654 1908 1680 1909 1679 1909 1653 1909 1680 1910 1687 1910 1679 1910 1688 1911 1687 1911 1680 1911 1690 1912 1689 1912 1687 1912 1690 1913 1685 1913 1689 1913 1690 1914 1687 1914 1688 1914 1686 1915 1668 1915 1685 1915 1686 1916 1685 1916 1690 1916 1669 1917 1647 1917 1668 1917 1669 1918 1668 1918 1686 1918 1648 1919 1647 1919 1669 1919 1624 1920 1623 1920 1647 1920 1624 1921 1647 1921 1648 1921 1591 1922 1590 1922 1623 1922 1591 1923 1623 1923 1624 1923 1555 1924 1554 1924 1590 1924 1555 1925 1590 1925 1591 1925 1550 1926 1669 1926 1686 1926 1543 1927 1648 1927 1669 1927 1543 1928 1669 1928 1550 1928 1560 1929 1550 1929 1686 1929 1532 1930 1624 1930 1648 1930 1532 1931 1648 1931 1543 1931 1564 1932 1690 1932 1688 1932 1564 1933 1686 1933 1690 1933 1564 1934 1560 1934 1686 1934 1519 1935 1591 1935 1624 1935 1519 1936 1555 1936 1591 1936 1519 1937 1624 1937 1532 1937 1562 1938 1688 1938 1680 1938 1562 1939 1564 1939 1688 1939 1498 1940 1555 1940 1519 1940 1558 1941 1680 1941 1654 1941 1558 1942 1562 1942 1680 1942 1490 1943 1505 1943 1555 1943 1490 1944 1555 1944 1498 1944 1547 1945 1558 1945 1654 1945 1547 1946 1654 1946 1634 1946 1477 1947 1473 1947 1505 1947 1477 1948 1505 1948 1490 1948 1537 1949 1547 1949 1634 1949 1537 1950 1634 1950 1606 1950 1466 1951 1444 1951 1473 1951 1466 1952 1473 1952 1477 1952 1526 1953 1537 1953 1606 1953 1576 1954 1526 1954 1606 1954 1456 1955 1444 1955 1466 1955 1506 1956 1526 1956 1576 1956 1383 1957 1444 1957 1456 1957 1446 1958 1383 1958 1456 1958 1493 1959 1506 1959 1576 1959 1531 1960 1493 1960 1576 1960 1361 1961 1383 1961 1446 1961 1488 1962 1493 1962 1531 1962 1488 1963 1482 1963 1493 1963 1343 1964 1361 1964 1446 1964 1343 1965 1424 1965 1410 1965 1343 1966 1446 1966 1424 1966 1459 1967 1468 1967 1482 1967 1459 1968 1482 1968 1488 1968 1325 1969 1410 1969 1398 1969 1325 1970 1343 1970 1410 1970 1401 1971 1468 1971 1459 1971 1401 1972 1463 1972 1468 1972 1308 1973 1325 1973 1398 1973 1369 1974 1451 1974 1463 1974 1369 1975 1463 1975 1401 1975 1289 1976 1398 1976 1394 1976 1289 1977 1308 1977 1398 1977 1349 1978 1451 1978 1369 1978 1349 1979 1432 1979 1451 1979 1285 1980 1394 1980 1390 1980 1285 1981 1289 1981 1394 1981 1332 1982 1418 1982 1432 1982 1332 1983 1432 1983 1349 1983 1296 1984 1396 1984 1402 1984 1296 1985 1390 1985 1396 1985 1296 1986 1285 1986 1390 1986 1313 1987 1418 1987 1332 1987 1313 1988 1402 1988 1418 1988 1313 1989 1296 1989 1402 1989 561 1990 619 1990 620 1990 561 1991 560 1991 619 1991 514 1992 513 1992 560 1992 514 1993 560 1993 561 1993 467 1994 466 1994 513 1994 467 1995 513 1995 514 1995 425 1996 424 1996 466 1996 425 1997 466 1997 467 1997 404 1998 403 1998 424 1998 404 1999 424 1999 425 1999 392 2000 391 2000 403 2000 392 2001 403 2001 404 2001 379 2002 378 2002 391 2002 379 2003 391 2003 392 2003 371 2004 370 2004 378 2004 371 2005 361 2005 370 2005 371 2006 378 2006 379 2006 362 2007 361 2007 371 2007 360 2008 361 2008 362 2008 360 2009 359 2009 361 2009 360 2010 364 2010 359 2010 365 2011 364 2011 360 2011 376 2012 364 2012 365 2012 376 2013 375 2013 364 2013 376 2014 385 2014 375 2014 386 2015 385 2015 376 2015 386 2016 397 2016 385 2016 398 2017 397 2017 386 2017 398 2018 410 2018 397 2018 411 2019 410 2019 398 2019 447 2020 410 2020 411 2020 447 2021 446 2021 410 2021 447 2022 481 2022 446 2022 482 2023 481 2023 447 2023 539 2024 481 2024 482 2024 539 2025 538 2025 481 2025 590 2026 538 2026 539 2026 590 2027 589 2027 538 2027 644 2028 589 2028 590 2028 644 2029 643 2029 589 2029 644 2030 674 2030 643 2030 675 2031 674 2031 644 2031 704 2032 703 2032 674 2032 704 2033 734 2033 703 2033 704 2034 674 2034 675 2034 735 2035 734 2035 704 2035 765 2036 734 2036 735 2036 765 2037 764 2037 734 2037 765 2038 774 2038 764 2038 775 2039 774 2039 765 2039 778 2040 777 2040 774 2040 778 2041 772 2041 777 2041 778 2042 774 2042 775 2042 773 2043 756 2043 772 2043 773 2044 772 2044 778 2044 757 2045 720 2045 756 2045 757 2046 756 2046 773 2046 721 2047 720 2047 757 2047 689 2048 688 2048 720 2048 689 2049 720 2049 721 2049 663 2050 662 2050 688 2050 663 2051 688 2051 689 2051 620 2052 619 2052 662 2052 620 2053 662 2053 663 2053 613 2054 757 2054 773 2054 606 2055 721 2055 757 2055 606 2056 757 2056 613 2056 623 2057 773 2057 778 2057 623 2058 613 2058 773 2058 593 2059 689 2059 721 2059 593 2060 721 2060 606 2060 628 2061 778 2061 775 2061 628 2062 623 2062 778 2062 576 2063 663 2063 689 2063 576 2064 689 2064 593 2064 625 2065 775 2065 765 2065 625 2066 628 2066 775 2066 553 2067 663 2067 576 2067 553 2068 620 2068 663 2068 621 2069 765 2069 735 2069 621 2070 625 2070 765 2070 541 2071 561 2071 620 2071 541 2072 620 2072 553 2072 610 2073 621 2073 735 2073 610 2074 735 2074 704 2074 523 2075 514 2075 561 2075 523 2076 561 2076 541 2076 598 2077 610 2077 704 2077 598 2078 704 2078 675 2078 498 2079 467 2079 514 2079 498 2080 514 2080 523 2080 585 2081 598 2081 675 2081 644 2082 585 2082 675 2082 479 2083 467 2083 498 2083 425 2084 467 2084 479 2084 562 2085 585 2085 644 2085 470 2086 425 2086 479 2086 590 2087 562 2087 644 2087 590 2088 546 2088 562 2088 404 2089 425 2089 470 2089 539 2090 546 2090 590 2090 539 2091 532 2091 546 2091 392 2092 404 2092 470 2092 392 2093 457 2093 451 2093 392 2094 470 2094 457 2094 482 2095 507 2095 532 2095 482 2096 532 2096 539 2096 379 2097 451 2097 444 2097 379 2098 392 2098 451 2098 447 2099 486 2099 507 2099 447 2100 507 2100 482 2100 371 2101 444 2101 440 2101 371 2102 379 2102 444 2102 411 2103 476 2103 486 2103 411 2104 486 2104 447 2104 362 2105 371 2105 440 2105 398 2106 464 2106 476 2106 398 2107 476 2107 411 2107 360 2108 436 2108 442 2108 360 2109 440 2109 436 2109 360 2110 362 2110 440 2110 386 2111 455 2111 464 2111 386 2112 464 2112 398 2112 365 2113 360 2113 442 2113 365 2114 442 2114 448 2114 376 2115 365 2115 448 2115 376 2116 448 2116 455 2116 376 2117 455 2117 386 2117 1155 2118 1192 2118 1193 2118 1155 2119 1154 2119 1192 2119 1121 2120 1120 2120 1154 2120 1121 2121 1154 2121 1155 2121 1073 2122 1072 2122 1120 2122 1073 2123 1120 2123 1121 2123 1029 2124 1028 2124 1072 2124 1029 2125 1072 2125 1073 2125 1019 2126 1018 2126 1028 2126 1019 2127 1028 2127 1029 2127 985 2128 984 2128 1018 2128 985 2129 1018 2129 1019 2129 967 2130 966 2130 984 2130 967 2131 984 2131 985 2131 955 2132 954 2132 966 2132 955 2133 944 2133 954 2133 955 2134 966 2134 967 2134 945 2135 944 2135 955 2135 943 2136 944 2136 945 2136 943 2137 942 2137 944 2137 943 2138 950 2138 942 2138 951 2139 950 2139 943 2139 963 2140 950 2140 951 2140 963 2141 962 2141 950 2141 963 2142 974 2142 962 2142 975 2143 974 2143 963 2143 975 2144 1012 2144 974 2144 1013 2145 1012 2145 975 2145 1013 2146 1022 2146 1012 2146 1023 2147 1022 2147 1013 2147 1055 2148 1022 2148 1023 2148 1055 2149 1054 2149 1022 2149 1055 2150 1090 2150 1054 2150 1091 2151 1090 2151 1055 2151 1131 2152 1090 2152 1091 2152 1131 2153 1130 2153 1090 2153 1171 2154 1130 2154 1131 2154 1171 2155 1170 2155 1130 2155 1205 2156 1170 2156 1171 2156 1205 2157 1204 2157 1170 2157 1205 2158 1234 2158 1204 2158 1235 2159 1234 2159 1205 2159 1259 2160 1258 2160 1234 2160 1259 2161 1280 2161 1258 2161 1259 2162 1234 2162 1235 2162 1281 2163 1280 2163 1259 2163 1311 2164 1280 2164 1281 2164 1311 2165 1310 2165 1280 2165 1311 2166 1319 2166 1310 2166 1320 2167 1319 2167 1311 2167 1323 2168 1322 2168 1319 2168 1323 2169 1315 2169 1322 2169 1323 2170 1319 2170 1320 2170 1316 2171 1300 2171 1315 2171 1316 2172 1315 2172 1323 2172 1301 2173 1270 2173 1300 2173 1301 2174 1300 2174 1316 2174 1271 2175 1270 2175 1301 2175 1249 2176 1248 2176 1270 2176 1249 2177 1270 2177 1271 2177 1219 2178 1218 2178 1248 2178 1219 2179 1248 2179 1249 2179 1193 2180 1192 2180 1218 2180 1193 2181 1218 2181 1219 2181 1190 2182 1301 2182 1316 2182 1182 2183 1271 2183 1301 2183 1182 2184 1301 2184 1190 2184 1198 2185 1190 2185 1316 2185 1174 2186 1249 2186 1271 2186 1174 2187 1271 2187 1182 2187 1202 2188 1323 2188 1320 2188 1202 2189 1316 2189 1323 2189 1202 2190 1198 2190 1316 2190 1164 2191 1219 2191 1249 2191 1164 2192 1193 2192 1219 2192 1164 2193 1249 2193 1174 2193 1200 2194 1320 2194 1311 2194 1200 2195 1202 2195 1320 2195 1150 2196 1193 2196 1164 2196 1194 2197 1311 2197 1281 2197 1194 2198 1200 2198 1311 2198 1132 2199 1155 2199 1193 2199 1132 2200 1193 2200 1150 2200 1186 2201 1194 2201 1281 2201 1186 2202 1281 2202 1259 2202 1122 2203 1121 2203 1155 2203 1122 2204 1155 2204 1132 2204 1180 2205 1186 2205 1259 2205 1180 2206 1259 2206 1235 2206 1108 2207 1073 2207 1121 2207 1108 2208 1121 2208 1122 2208 1168 2209 1180 2209 1235 2209 1205 2210 1168 2210 1235 2210 1088 2211 1073 2211 1108 2211 1156 2212 1168 2212 1205 2212 1029 2213 1073 2213 1088 2213 1074 2214 1029 2214 1088 2214 1138 2215 1156 2215 1205 2215 1171 2216 1138 2216 1205 2216 1019 2217 1029 2217 1074 2217 1131 2218 1138 2218 1171 2218 1131 2219 1126 2219 1138 2219 985 2220 1019 2220 1074 2220 985 2221 1064 2221 1060 2221 985 2222 1074 2222 1064 2222 1091 2223 1116 2223 1126 2223 1091 2224 1126 2224 1131 2224 967 2225 1060 2225 1050 2225 967 2226 985 2226 1060 2226 1055 2227 1116 2227 1091 2227 1055 2228 1100 2228 1116 2228 955 2229 967 2229 1050 2229 1023 2230 1078 2230 1100 2230 1023 2231 1100 2231 1055 2231 945 2232 1050 2232 1036 2232 945 2233 955 2233 1050 2233 1013 2234 1078 2234 1023 2234 1013 2235 1070 2235 1078 2235 943 2236 1036 2236 1034 2236 943 2237 945 2237 1036 2237 975 2238 1062 2238 1070 2238 975 2239 1070 2239 1013 2239 951 2240 1043 2240 1056 2240 951 2241 1034 2241 1043 2241 951 2242 943 2242 1034 2242 963 2243 1062 2243 975 2243 963 2244 1056 2244 1062 2244 963 2245 951 2245 1056 2245 1626 2246 1660 2246 1661 2246 1626 2247 1625 2247 1660 2247 1585 2248 1584 2248 1625 2248 1585 2249 1625 2249 1626 2249 1542 2250 1541 2250 1584 2250 1542 2251 1584 2251 1585 2251 1496 2252 1495 2252 1541 2252 1496 2253 1541 2253 1542 2253 1471 2254 1470 2254 1495 2254 1471 2255 1495 2255 1496 2255 1450 2256 1449 2256 1470 2256 1450 2257 1470 2257 1471 2257 1413 2258 1412 2258 1449 2258 1413 2259 1449 2259 1450 2259 1387 2260 1386 2260 1412 2260 1387 2261 1378 2261 1386 2261 1387 2262 1412 2262 1413 2262 1379 2263 1378 2263 1387 2263 1374 2264 1378 2264 1379 2264 1374 2265 1373 2265 1378 2265 1374 2266 1380 2266 1373 2266 1381 2267 1380 2267 1374 2267 1393 2268 1380 2268 1381 2268 1393 2269 1392 2269 1380 2269 1393 2270 1426 2270 1392 2270 1427 2271 1426 2271 1393 2271 1427 2272 1460 2272 1426 2272 1461 2273 1460 2273 1427 2273 1461 2274 1480 2274 1460 2274 1481 2275 1480 2275 1461 2275 1518 2276 1480 2276 1481 2276 1518 2277 1517 2277 1480 2277 1518 2278 1568 2278 1517 2278 1569 2279 1568 2279 1518 2279 1604 2280 1568 2280 1569 2280 1604 2281 1603 2281 1568 2281 1641 2282 1603 2282 1604 2282 1641 2283 1640 2283 1603 2283 1683 2284 1640 2284 1641 2284 1683 2285 1682 2285 1640 2285 1683 2286 1703 2286 1682 2286 1704 2287 1703 2287 1683 2287 1716 2288 1715 2288 1703 2288 1716 2289 1728 2289 1715 2289 1716 2290 1703 2290 1704 2290 1729 2291 1728 2291 1716 2291 1735 2292 1728 2292 1729 2292 1735 2293 1734 2293 1728 2293 1735 2294 1745 2294 1734 2294 1746 2295 1745 2295 1735 2295 1748 2296 1747 2296 1745 2296 1748 2297 1742 2297 1747 2297 1748 2298 1745 2298 1746 2298 1743 2299 1731 2299 1742 2299 1743 2300 1742 2300 1748 2300 1732 2301 1721 2301 1731 2301 1732 2302 1731 2302 1743 2302 1722 2303 1721 2303 1732 2303 1710 2304 1709 2304 1721 2304 1710 2305 1721 2305 1722 2305 1697 2306 1696 2306 1709 2306 1697 2307 1709 2307 1710 2307 1661 2308 1660 2308 1696 2308 1661 2309 1696 2309 1697 2309 1658 2310 1732 2310 1743 2310 1651 2311 1722 2311 1732 2311 1651 2312 1732 2312 1658 2312 1664 2313 1743 2313 1748 2313 1664 2314 1658 2314 1743 2314 1642 2315 1710 2315 1722 2315 1642 2316 1722 2316 1651 2316 1670 2317 1748 2317 1746 2317 1670 2318 1664 2318 1748 2318 1630 2319 1697 2319 1710 2319 1630 2320 1710 2320 1642 2320 1666 2321 1746 2321 1735 2321 1666 2322 1670 2322 1746 2322 1620 2323 1697 2323 1630 2323 1620 2324 1661 2324 1697 2324 1662 2325 1735 2325 1729 2325 1662 2326 1666 2326 1735 2326 1607 2327 1626 2327 1661 2327 1607 2328 1661 2328 1620 2328 1655 2329 1729 2329 1716 2329 1655 2330 1662 2330 1729 2330 1588 2331 1585 2331 1626 2331 1588 2332 1626 2332 1607 2332 1649 2333 1655 2333 1716 2333 1649 2334 1716 2334 1704 2334 1578 2335 1542 2335 1585 2335 1578 2336 1585 2336 1588 2336 1636 2337 1649 2337 1704 2337 1683 2338 1636 2338 1704 2338 1566 2339 1542 2339 1578 2339 1496 2340 1542 2340 1566 2340 1627 2341 1636 2341 1683 2341 1545 2342 1496 2342 1566 2342 1641 2343 1627 2343 1683 2343 1641 2344 1612 2344 1627 2344 1471 2345 1496 2345 1545 2345 1471 2346 1545 2346 1534 2346 1604 2347 1612 2347 1641 2347 1604 2348 1595 2348 1612 2348 1450 2349 1471 2349 1534 2349 1450 2350 1534 2350 1524 2350 1569 2351 1581 2351 1595 2351 1569 2352 1595 2352 1604 2352 1413 2353 1524 2353 1515 2353 1413 2354 1450 2354 1524 2354 1518 2355 1573 2355 1581 2355 1518 2356 1581 2356 1569 2356 1387 2357 1413 2357 1515 2357 1481 2358 1552 2358 1573 2358 1481 2359 1573 2359 1518 2359 1379 2360 1511 2360 1508 2360 1379 2361 1515 2361 1511 2361 1379 2362 1387 2362 1515 2362 1461 2363 1552 2363 1481 2363 1461 2364 1539 2364 1552 2364 1374 2365 1379 2365 1508 2365 1427 2366 1528 2366 1539 2366 1427 2367 1539 2367 1461 2367 1381 2368 1513 2368 1521 2368 1381 2369 1508 2369 1513 2369 1381 2370 1374 2370 1508 2370 1393 2371 1521 2371 1528 2371 1393 2372 1381 2372 1521 2372 1393 2373 1528 2373 1427 2373 1608 2374 1620 2374 1621 2374 1608 2375 1607 2375 1620 2375 1589 2376 1588 2376 1607 2376 1589 2377 1607 2377 1608 2377 1579 2378 1578 2378 1588 2378 1579 2379 1588 2379 1589 2379 1567 2380 1566 2380 1578 2380 1567 2381 1578 2381 1579 2381 1546 2382 1534 2382 1545 2382 1546 2383 1545 2383 1566 2383 1546 2384 1566 2384 1567 2384 1535 2385 1524 2385 1534 2385 1535 2386 1534 2386 1546 2386 1525 2387 1515 2387 1524 2387 1525 2388 1524 2388 1535 2388 1516 2389 1511 2389 1515 2389 1516 2390 1515 2390 1525 2390 1512 2391 1511 2391 1516 2391 1512 2392 1508 2392 1511 2392 1509 2393 1508 2393 1512 2393 1509 2394 1513 2394 1508 2394 1514 2395 1513 2395 1509 2395 1514 2396 1521 2396 1513 2396 1522 2397 1521 2397 1514 2397 1522 2398 1528 2398 1521 2398 1529 2399 1528 2399 1522 2399 1529 2400 1539 2400 1528 2400 1540 2401 1539 2401 1529 2401 1540 2402 1552 2402 1539 2402 1553 2403 1552 2403 1540 2403 1553 2404 1573 2404 1552 2404 1574 2405 1573 2405 1553 2405 1574 2406 1581 2406 1573 2406 1582 2407 1581 2407 1574 2407 1582 2408 1595 2408 1581 2408 1596 2409 1595 2409 1582 2409 1613 2410 1612 2410 1595 2410 1613 2411 1595 2411 1596 2411 1628 2412 1636 2412 1627 2412 1628 2413 1627 2413 1612 2413 1628 2414 1612 2414 1613 2414 1637 2415 1636 2415 1628 2415 1650 2416 1655 2416 1649 2416 1650 2417 1649 2417 1636 2417 1650 2418 1636 2418 1637 2418 1656 2419 1655 2419 1650 2419 1663 2420 1666 2420 1662 2420 1663 2421 1662 2421 1655 2421 1663 2422 1655 2422 1656 2422 1667 2423 1666 2423 1663 2423 1671 2424 1664 2424 1670 2424 1671 2425 1670 2425 1666 2425 1671 2426 1666 2426 1667 2426 1665 2427 1658 2427 1664 2427 1665 2428 1664 2428 1671 2428 1659 2429 1658 2429 1665 2429 1652 2430 1642 2430 1651 2430 1652 2431 1651 2431 1658 2431 1652 2432 1658 2432 1659 2432 1643 2433 1642 2433 1652 2433 1631 2434 1620 2434 1630 2434 1631 2435 1630 2435 1642 2435 1631 2436 1642 2436 1643 2436 1621 2437 1620 2437 1631 2437 1151 2438 1132 2438 1150 2438 1133 2439 1122 2439 1132 2439 1133 2440 1132 2440 1151 2440 1123 2441 1108 2441 1122 2441 1123 2442 1122 2442 1133 2442 1109 2443 1088 2443 1108 2443 1109 2444 1108 2444 1123 2444 1089 2445 1074 2445 1088 2445 1089 2446 1088 2446 1109 2446 1075 2447 1064 2447 1074 2447 1075 2448 1074 2448 1089 2448 1065 2449 1060 2449 1064 2449 1065 2450 1064 2450 1075 2450 1061 2451 1050 2451 1060 2451 1061 2452 1060 2452 1065 2452 1051 2453 1036 2453 1050 2453 1051 2454 1050 2454 1061 2454 1037 2455 1036 2455 1051 2455 1037 2456 1034 2456 1036 2456 1035 2457 1034 2457 1037 2457 1035 2458 1043 2458 1034 2458 1044 2459 1043 2459 1035 2459 1044 2460 1056 2460 1043 2460 1057 2461 1056 2461 1044 2461 1057 2462 1062 2462 1056 2462 1063 2463 1062 2463 1057 2463 1063 2464 1070 2464 1062 2464 1071 2465 1070 2465 1063 2465 1071 2466 1078 2466 1070 2466 1079 2467 1078 2467 1071 2467 1079 2468 1100 2468 1078 2468 1101 2469 1100 2469 1079 2469 1101 2470 1116 2470 1100 2470 1117 2471 1116 2471 1101 2471 1117 2472 1126 2472 1116 2472 1127 2473 1126 2473 1117 2473 1127 2474 1138 2474 1126 2474 1139 2475 1156 2475 1138 2475 1139 2476 1138 2476 1127 2476 1157 2477 1156 2477 1139 2477 1157 2478 1168 2478 1156 2478 1169 2479 1168 2479 1157 2479 1169 2480 1180 2480 1168 2480 1181 2481 1186 2481 1180 2481 1181 2482 1180 2482 1169 2482 1187 2483 1186 2483 1181 2483 1195 2484 1200 2484 1194 2484 1195 2485 1194 2485 1186 2485 1195 2486 1186 2486 1187 2486 1201 2487 1202 2487 1200 2487 1201 2488 1200 2488 1195 2488 1203 2489 1198 2489 1202 2489 1203 2490 1202 2490 1201 2490 1199 2491 1198 2491 1203 2491 1191 2492 1190 2492 1198 2492 1191 2493 1198 2493 1199 2493 1183 2494 1174 2494 1182 2494 1183 2495 1182 2495 1190 2495 1183 2496 1190 2496 1191 2496 1175 2497 1174 2497 1183 2497 1165 2498 1150 2498 1164 2498 1165 2499 1164 2499 1174 2499 1165 2500 1174 2500 1175 2500 1151 2501 1150 2501 1165 2501 941 2502 952 2502 953 2502 941 2503 940 2503 952 2503 935 2504 934 2504 940 2504 935 2505 940 2505 941 2505 927 2506 926 2506 934 2506 927 2507 934 2507 935 2507 911 2508 910 2508 926 2508 911 2509 926 2509 927 2509 903 2510 902 2510 910 2510 903 2511 910 2511 911 2511 893 2512 892 2512 902 2512 893 2513 902 2513 903 2513 889 2514 888 2514 892 2514 889 2515 892 2515 893 2515 881 2516 888 2516 889 2516 881 2517 880 2517 888 2517 877 2518 880 2518 881 2518 877 2519 876 2519 880 2519 875 2520 876 2520 877 2520 875 2521 874 2521 876 2521 879 2522 874 2522 875 2522 879 2523 878 2523 874 2523 885 2524 878 2524 879 2524 885 2525 884 2525 878 2525 891 2526 884 2526 885 2526 891 2527 890 2527 884 2527 897 2528 890 2528 891 2528 897 2529 896 2529 890 2529 905 2530 896 2530 897 2530 905 2531 904 2531 896 2531 917 2532 904 2532 905 2532 917 2533 916 2533 904 2533 931 2534 916 2534 917 2534 931 2535 930 2535 916 2535 937 2536 930 2536 931 2536 937 2537 936 2537 930 2537 947 2538 946 2538 936 2538 947 2539 936 2539 937 2539 961 2540 960 2540 946 2540 961 2541 946 2541 947 2541 969 2542 960 2542 961 2542 969 2543 968 2543 960 2543 979 2544 978 2544 968 2544 979 2545 968 2545 969 2545 983 2546 978 2546 979 2546 983 2547 982 2547 978 2547 993 2548 992 2548 982 2548 993 2549 982 2549 983 2549 1007 2550 1006 2550 992 2550 1007 2551 992 2551 993 2551 1009 2552 1008 2552 1006 2552 1009 2553 1006 2553 1007 2553 1000 2554 999 2554 1008 2554 1000 2555 1008 2555 1009 2555 987 2556 986 2556 999 2556 987 2557 999 2557 1000 2557 981 2558 972 2558 980 2558 981 2559 980 2559 986 2559 981 2560 986 2560 987 2560 973 2561 972 2561 981 2561 965 2562 964 2562 972 2562 965 2563 972 2563 973 2563 953 2564 952 2564 964 2564 953 2565 964 2565 965 2565 542 2566 553 2566 554 2566 542 2567 541 2567 553 2567 524 2568 523 2568 541 2568 524 2569 541 2569 542 2569 499 2570 498 2570 523 2570 499 2571 523 2571 524 2571 480 2572 479 2572 498 2572 480 2573 498 2573 499 2573 471 2574 457 2574 470 2574 471 2575 470 2575 479 2575 471 2576 479 2576 480 2576 458 2577 451 2577 457 2577 458 2578 457 2578 471 2578 452 2579 444 2579 451 2579 452 2580 451 2580 458 2580 445 2581 440 2581 444 2581 445 2582 444 2582 452 2582 441 2583 440 2583 445 2583 441 2584 436 2584 440 2584 437 2585 436 2585 441 2585 437 2586 442 2586 436 2586 443 2587 442 2587 437 2587 443 2588 448 2588 442 2588 449 2589 448 2589 443 2589 449 2590 455 2590 448 2590 456 2591 455 2591 449 2591 456 2592 464 2592 455 2592 465 2593 464 2593 456 2593 465 2594 476 2594 464 2594 477 2595 476 2595 465 2595 477 2596 486 2596 476 2596 487 2597 486 2597 477 2597 487 2598 507 2598 486 2598 508 2599 507 2599 487 2599 508 2600 532 2600 507 2600 533 2601 532 2601 508 2601 547 2602 546 2602 532 2602 547 2603 532 2603 533 2603 563 2604 585 2604 562 2604 563 2605 562 2605 546 2605 563 2606 546 2606 547 2606 586 2607 585 2607 563 2607 599 2608 610 2608 598 2608 599 2609 598 2609 585 2609 599 2610 585 2610 586 2610 611 2611 610 2611 599 2611 622 2612 625 2612 621 2612 622 2613 621 2613 610 2613 622 2614 610 2614 611 2614 626 2615 625 2615 622 2615 629 2616 623 2616 628 2616 629 2617 628 2617 625 2617 629 2618 625 2618 626 2618 624 2619 613 2619 623 2619 624 2620 623 2620 629 2620 614 2621 613 2621 624 2621 607 2622 593 2622 606 2622 607 2623 606 2623 613 2623 607 2624 613 2624 614 2624 594 2625 593 2625 607 2625 577 2626 553 2626 576 2626 577 2627 576 2627 593 2627 577 2628 593 2628 594 2628 554 2629 553 2629 577 2629 686 2630 676 2630 685 2630 677 2631 660 2631 676 2631 677 2632 676 2632 686 2632 661 2633 647 2633 660 2633 661 2634 660 2634 677 2634 648 2635 630 2635 647 2635 648 2636 647 2636 661 2636 631 2637 608 2637 630 2637 631 2638 630 2638 648 2638 609 2639 595 2639 608 2639 609 2640 608 2640 631 2640 596 2641 583 2641 595 2641 596 2642 595 2642 609 2642 584 2643 570 2643 583 2643 584 2644 583 2644 596 2644 571 2645 566 2645 570 2645 571 2646 570 2646 584 2646 567 2647 566 2647 571 2647 567 2648 564 2648 566 2648 565 2649 564 2649 567 2649 565 2650 568 2650 564 2650 569 2651 568 2651 565 2651 569 2652 578 2652 568 2652 579 2653 578 2653 569 2653 579 2654 587 2654 578 2654 588 2655 587 2655 579 2655 588 2656 600 2656 587 2656 601 2657 600 2657 588 2657 601 2658 615 2658 600 2658 616 2659 615 2659 601 2659 616 2660 640 2660 615 2660 641 2661 640 2661 616 2661 641 2662 650 2662 640 2662 651 2663 650 2663 641 2663 651 2664 667 2664 650 2664 668 2665 667 2665 651 2665 668 2666 680 2666 667 2666 681 2667 692 2667 680 2667 681 2668 680 2668 668 2668 693 2669 692 2669 681 2669 693 2670 706 2670 692 2670 707 2671 706 2671 693 2671 707 2672 724 2672 706 2672 725 2673 736 2673 724 2673 725 2674 724 2674 707 2674 737 2675 736 2675 725 2675 749 2676 754 2676 748 2676 749 2677 748 2677 736 2677 749 2678 736 2678 737 2678 755 2679 758 2679 754 2679 755 2680 754 2680 749 2680 759 2681 752 2681 758 2681 759 2682 758 2682 755 2682 753 2683 752 2683 759 2683 745 2684 744 2684 752 2684 745 2685 752 2685 753 2685 729 2686 716 2686 728 2686 729 2687 728 2687 744 2687 729 2688 744 2688 745 2688 717 2689 716 2689 729 2689 700 2690 685 2690 699 2690 700 2691 699 2691 716 2691 700 2692 716 2692 717 2692 686 2693 685 2693 700 2693 1491 2694 1498 2694 1499 2694 1491 2695 1490 2695 1498 2695 1478 2696 1477 2696 1490 2696 1478 2697 1490 2697 1491 2697 1467 2698 1466 2698 1477 2698 1467 2699 1477 2699 1478 2699 1457 2700 1456 2700 1466 2700 1457 2701 1466 2701 1467 2701 1447 2702 1446 2702 1456 2702 1447 2703 1456 2703 1457 2703 1425 2704 1424 2704 1446 2704 1425 2705 1446 2705 1447 2705 1411 2706 1410 2706 1424 2706 1411 2707 1424 2707 1425 2707 1399 2708 1410 2708 1411 2708 1399 2709 1398 2709 1410 2709 1395 2710 1398 2710 1399 2710 1395 2711 1394 2711 1398 2711 1391 2712 1394 2712 1395 2712 1391 2713 1390 2713 1394 2713 1397 2714 1390 2714 1391 2714 1397 2715 1396 2715 1390 2715 1403 2716 1396 2716 1397 2716 1403 2717 1402 2717 1396 2717 1419 2718 1402 2718 1403 2718 1419 2719 1418 2719 1402 2719 1433 2720 1418 2720 1419 2720 1433 2721 1432 2721 1418 2721 1452 2722 1432 2722 1433 2722 1452 2723 1451 2723 1432 2723 1464 2724 1451 2724 1452 2724 1464 2725 1463 2725 1451 2725 1469 2726 1463 2726 1464 2726 1469 2727 1468 2727 1463 2727 1483 2728 1468 2728 1469 2728 1483 2729 1482 2729 1468 2729 1494 2730 1493 2730 1482 2730 1494 2731 1482 2731 1483 2731 1507 2732 1506 2732 1493 2732 1507 2733 1493 2733 1494 2733 1527 2734 1506 2734 1507 2734 1527 2735 1526 2735 1506 2735 1538 2736 1537 2736 1526 2736 1538 2737 1526 2737 1527 2737 1548 2738 1537 2738 1538 2738 1548 2739 1547 2739 1537 2739 1559 2740 1558 2740 1547 2740 1559 2741 1547 2741 1548 2741 1563 2742 1562 2742 1558 2742 1563 2743 1558 2743 1559 2743 1565 2744 1564 2744 1562 2744 1565 2745 1562 2745 1563 2745 1561 2746 1560 2746 1564 2746 1561 2747 1564 2747 1565 2747 1551 2748 1550 2748 1560 2748 1551 2749 1560 2749 1561 2749 1544 2750 1532 2750 1543 2750 1544 2751 1543 2751 1550 2751 1544 2752 1550 2752 1551 2752 1533 2753 1532 2753 1544 2753 1520 2754 1519 2754 1532 2754 1520 2755 1532 2755 1533 2755 1499 2756 1498 2756 1519 2756 1499 2757 1519 2757 1520 2757 1304 2758 1610 2758 1611 2758 1304 2759 1303 2759 1610 2759 1011 2760 1010 2760 1303 2760 1011 2761 788 2761 1010 2761 1011 2762 1303 2762 1304 2762 789 2763 788 2763 1011 2763 435 2764 434 2764 788 2764 435 2765 788 2765 789 2765 299 2766 298 2766 434 2766 299 2767 264 2767 298 2767 299 2768 434 2768 435 2768 265 2769 264 2769 299 2769 229 2770 264 2770 265 2770 229 2771 228 2771 264 2771 229 2772 208 2772 228 2772 209 2773 208 2773 229 2773 183 2774 208 2774 209 2774 183 2775 182 2775 208 2775 169 2776 182 2776 183 2776 169 2777 168 2777 182 2777 173 2778 168 2778 169 2778 173 2779 172 2779 168 2779 193 2780 172 2780 173 2780 193 2781 192 2781 172 2781 213 2782 192 2782 193 2782 213 2783 212 2783 192 2783 235 2784 212 2784 213 2784 235 2785 234 2785 212 2785 269 2786 234 2786 235 2786 269 2787 268 2787 234 2787 310 2788 268 2788 269 2788 310 2789 309 2789 268 2789 503 2790 309 2790 310 2790 503 2791 502 2791 309 2791 828 2792 502 2792 503 2792 828 2793 827 2793 502 2793 828 2794 1032 2794 827 2794 1033 2795 1032 2795 828 2795 1357 2796 1032 2796 1033 2796 1357 2797 1356 2797 1032 2797 1673 2798 1672 2798 1356 2798 1673 2799 1356 2799 1357 2799 1809 2800 1808 2800 1672 2800 1809 2801 1672 2801 1673 2801 1843 2802 1842 2802 1808 2802 1843 2803 1878 2803 1842 2803 1843 2804 1808 2804 1809 2804 1879 2805 1878 2805 1843 2805 1899 2806 1898 2806 1878 2806 1899 2807 1878 2807 1879 2807 1925 2808 1924 2808 1898 2808 1925 2809 1938 2809 1924 2809 1925 2810 1898 2810 1899 2810 1939 2811 1938 2811 1925 2811 1935 2812 1934 2812 1938 2812 1935 2813 1938 2813 1939 2813 1915 2814 1914 2814 1934 2814 1915 2815 1894 2815 1914 2815 1915 2816 1934 2816 1935 2816 1895 2817 1894 2817 1915 2817 1873 2818 1872 2818 1894 2818 1873 2819 1838 2819 1872 2819 1873 2820 1894 2820 1895 2820 1839 2821 1797 2821 1838 2821 1839 2822 1838 2822 1873 2822 1798 2823 1797 2823 1839 2823 1798 2824 1610 2824 1797 2824 1611 2825 1610 2825 1798 2825 1668 2826 1873 2826 1895 2826 1685 2827 1668 2827 1895 2827 1647 2828 1873 2828 1668 2828 1689 2829 1895 2829 1915 2829 1689 2830 1685 2830 1895 2830 1623 2831 1839 2831 1873 2831 1623 2832 1873 2832 1647 2832 1687 2833 1915 2833 1935 2833 1687 2834 1689 2834 1915 2834 1590 2835 1839 2835 1623 2835 1679 2836 1687 2836 1935 2836 1554 2837 1798 2837 1839 2837 1554 2838 1839 2838 1590 2838 1504 2839 1611 2839 1798 2839 1504 2840 1798 2840 1554 2840 1472 2841 1611 2841 1504 2841 1731 2842 1935 2842 1939 2842 1721 2843 1679 2843 1935 2843 1721 2844 1935 2844 1731 2844 1742 2845 1731 2845 1939 2845 1747 2846 1939 2846 1925 2846 1747 2847 1742 2847 1939 2847 1709 2848 1653 2848 1679 2848 1709 2849 1679 2849 1721 2849 1745 2850 1747 2850 1925 2850 1696 2851 1633 2851 1653 2851 1696 2852 1653 2852 1709 2852 1734 2853 1925 2853 1899 2853 1734 2854 1745 2854 1925 2854 1660 2855 1605 2855 1633 2855 1660 2856 1633 2856 1696 2856 1728 2857 1734 2857 1899 2857 1625 2858 1605 2858 1660 2858 1625 2859 1575 2859 1605 2859 1715 2860 1899 2860 1879 2860 1715 2861 1728 2861 1899 2861 1584 2862 1575 2862 1625 2862 1584 2863 1530 2863 1575 2863 1703 2864 1715 2864 1879 2864 1541 2865 1530 2865 1584 2865 1541 2866 1487 2866 1530 2866 1682 2867 1879 2867 1843 2867 1682 2868 1703 2868 1879 2868 1495 2869 1458 2869 1487 2869 1495 2870 1487 2870 1541 2870 1640 2871 1682 2871 1843 2871 1470 2872 1400 2872 1458 2872 1470 2873 1458 2873 1495 2873 1449 2874 1368 2874 1400 2874 1449 2875 1400 2875 1470 2875 1104 2876 1382 2876 1360 2876 1104 2877 1086 2877 1382 2877 1068 2878 1443 2878 1382 2878 1068 2879 1382 2879 1086 2879 1114 2880 1360 2880 1342 2880 1114 2881 1104 2881 1360 2881 1030 2882 1472 2882 1443 2882 1030 2883 1443 2883 1068 2883 1030 2884 1611 2884 1472 2884 1412 2885 1348 2885 1368 2885 1412 2886 1368 2886 1449 2886 1110 2887 1342 2887 1324 2887 1110 2888 1114 2888 1342 2888 1020 2889 1304 2889 1611 2889 1020 2890 1611 2890 1030 2890 1098 2891 1324 2891 1307 2891 1098 2892 1110 2892 1324 2892 988 2893 1011 2893 1304 2893 988 2894 1304 2894 1020 2894 1386 2895 1331 2895 1348 2895 1386 2896 1348 2896 1412 2896 1076 2897 1307 2897 1288 2897 1076 2898 1098 2898 1307 2898 958 2899 1011 2899 988 2899 1058 2900 1288 2900 1284 2900 1058 2901 1284 2901 1295 2901 1058 2902 1076 2902 1288 2902 932 2903 789 2903 1011 2903 932 2904 1011 2904 958 2904 1024 2905 1058 2905 1295 2905 900 2906 789 2906 932 2906 1014 2907 1295 2907 1312 2907 1014 2908 1312 2908 1331 2908 1014 2909 1024 2909 1295 2909 872 2910 789 2910 900 2910 970 2911 1014 2911 1331 2911 435 2912 789 2912 872 2912 435 2913 872 2913 856 2913 435 2914 856 2914 850 2914 1300 2915 1460 2915 1480 2915 1270 2916 1460 2916 1300 2916 1270 2917 1426 2917 1460 2917 1315 2918 1480 2918 1517 2918 1315 2919 1300 2919 1480 2919 1322 2920 1517 2920 1568 2920 1322 2921 1315 2921 1517 2921 1248 2922 1392 2922 1426 2922 1248 2923 1426 2923 1270 2923 1319 2924 1568 2924 1603 2924 1319 2925 1322 2925 1568 2925 1218 2926 1392 2926 1248 2926 1218 2927 1380 2927 1392 2927 1310 2928 1603 2928 1640 2928 1310 2929 1640 2929 1843 2929 1310 2930 1319 2930 1603 2930 1192 2931 1380 2931 1218 2931 1192 2932 1373 2932 1380 2932 1280 2933 1843 2933 1809 2933 1280 2934 1310 2934 1843 2934 1154 2935 1378 2935 1373 2935 1154 2936 1373 2936 1192 2936 1258 2937 1809 2937 1673 2937 1258 2938 1280 2938 1809 2938 1120 2939 1386 2939 1378 2939 1120 2940 1378 2940 1154 2940 1234 2941 1258 2941 1673 2941 1072 2942 1386 2942 1120 2942 1204 2943 1234 2943 1673 2943 299 2944 850 2944 844 2944 299 2945 435 2945 850 2945 756 2946 854 2946 862 2946 772 2947 862 2947 882 2947 772 2948 756 2948 862 2948 720 2949 846 2949 854 2949 720 2950 854 2950 756 2950 777 2951 772 2951 882 2951 777 2952 882 2952 912 2952 688 2953 846 2953 720 2953 688 2954 830 2954 846 2954 774 2955 912 2955 938 2955 774 2956 777 2956 912 2956 662 2957 817 2957 830 2957 662 2958 830 2958 688 2958 764 2959 774 2959 938 2959 764 2960 970 2960 1331 2960 764 2961 938 2961 970 2961 764 2962 1331 2962 1386 2962 619 2963 817 2963 662 2963 619 2964 812 2964 817 2964 560 2965 812 2965 619 2965 560 2966 815 2966 812 2966 513 2967 815 2967 560 2967 513 2968 822 2968 815 2968 1357 2969 1130 2969 1170 2969 1357 2970 1170 2970 1204 2970 1357 2971 1204 2971 1673 2971 466 2972 822 2972 513 2972 835 2973 820 2973 1028 2973 835 2974 1028 2974 1018 2974 805 2975 1386 2975 1072 2975 805 2976 1028 2976 820 2976 805 2977 1072 2977 1028 2977 805 2978 764 2978 1386 2978 842 2979 835 2979 1018 2979 842 2980 1018 2980 984 2980 794 2981 734 2981 764 2981 794 2982 764 2982 805 2982 840 2983 984 2983 966 2983 840 2984 966 2984 954 2984 840 2985 842 2985 984 2985 780 2986 703 2986 734 2986 780 2987 734 2987 794 2987 825 2988 840 2988 954 2988 746 2989 703 2989 780 2989 746 2990 674 2990 703 2990 810 2991 825 2991 954 2991 810 2992 954 2992 944 2992 690 2993 674 2993 746 2993 690 2994 643 2994 674 2994 798 2995 810 2995 944 2995 798 2996 944 2996 942 2996 653 2997 589 2997 643 2997 653 2998 643 2998 690 2998 265 2999 466 2999 424 2999 265 3000 844 3000 822 3000 265 3001 822 3001 466 3001 265 3002 299 3002 844 3002 784 3003 798 3003 942 3003 784 3004 942 3004 950 3004 604 3005 538 3005 589 3005 604 3006 589 3006 653 3006 770 3007 950 3007 962 3007 770 3008 784 3008 950 3008 551 3009 538 3009 604 3009 551 3010 481 3010 538 3010 709 3011 770 3011 962 3011 709 3012 962 3012 974 3012 511 3013 446 3013 481 3013 511 3014 481 3014 551 3014 672 3015 709 3015 974 3015 672 3016 974 3016 1012 3016 473 3017 446 3017 511 3017 473 3018 410 3018 446 3018 1033 3019 1054 3019 1090 3019 1033 3020 1090 3020 1130 3020 1033 3021 1130 3021 1357 3021 453 3022 410 3022 473 3022 453 3023 397 3023 410 3023 427 3024 397 3024 453 3024 427 3025 385 3025 397 3025 229 3026 424 3026 403 3026 229 3027 403 3027 391 3027 229 3028 265 3028 424 3028 828 3029 1022 3029 1054 3029 828 3030 1054 3030 1033 3030 209 3031 391 3031 378 3031 209 3032 378 3032 370 3032 209 3033 229 3033 391 3033 503 3034 672 3034 1012 3034 503 3035 1022 3035 828 3035 503 3036 1012 3036 1022 3036 503 3037 632 3037 672 3037 183 3038 209 3038 370 3038 183 3039 370 3039 361 3039 183 3040 361 3040 359 3040 310 3041 632 3041 503 3041 310 3042 574 3042 632 3042 169 3043 359 3043 364 3043 169 3044 364 3044 375 3044 169 3045 183 3045 359 3045 269 3046 574 3046 310 3046 269 3047 483 3047 530 3047 269 3048 530 3048 574 3048 173 3049 169 3049 375 3049 173 3050 385 3050 427 3050 173 3051 375 3051 385 3051 173 3052 427 3052 419 3052 235 3053 483 3053 269 3053 235 3054 438 3054 459 3054 235 3055 459 3055 483 3055 193 3056 173 3056 419 3056 193 3057 419 3057 417 3057 213 3058 438 3058 235 3058 213 3059 193 3059 417 3059 213 3060 417 3060 421 3060 213 3061 421 3061 438 3061 1344 3062 1337 3062 1345 3062 1336 3063 1330 3063 1337 3063 1336 3064 1337 3064 1344 3064 1329 3065 1299 3065 1330 3065 1329 3066 1330 3066 1336 3066 1298 3067 1261 3067 1299 3067 1298 3068 1299 3068 1329 3068 1260 3069 1224 3069 1261 3069 1260 3070 1261 3070 1298 3070 1223 3071 1189 3071 1224 3071 1223 3072 1224 3072 1260 3072 1188 3073 1144 3073 1189 3073 1188 3074 1189 3074 1223 3074 1143 3075 1097 3075 1144 3075 1143 3076 1144 3076 1188 3076 1096 3077 1097 3077 1143 3077 1038 3078 1017 3078 1039 3078 1038 3079 1039 3079 1097 3079 1038 3080 1097 3080 1096 3080 1016 3081 977 3081 1017 3081 1016 3082 1017 3082 1038 3082 976 3083 977 3083 1016 3083 948 3084 949 3084 977 3084 948 3085 977 3085 976 3085 928 3086 908 3086 929 3086 928 3087 929 3087 949 3087 928 3088 949 3088 948 3088 907 3089 899 3089 908 3089 907 3090 908 3090 928 3090 898 3091 899 3091 907 3091 894 3092 895 3092 899 3092 894 3093 899 3093 898 3093 800 3094 731 3094 801 3094 800 3095 730 3095 731 3095 852 3096 801 3096 853 3096 852 3097 800 3097 801 3097 894 3098 853 3098 895 3098 894 3099 852 3099 853 3099 742 3100 731 3100 730 3100 742 3101 743 3101 731 3101 738 3102 739 3102 743 3102 738 3103 743 3103 742 3103 718 3104 719 3104 739 3104 718 3105 739 3105 738 3105 696 3106 697 3106 719 3106 696 3107 719 3107 718 3107 669 3108 637 3108 670 3108 669 3109 670 3109 697 3109 669 3110 697 3110 696 3110 636 3111 637 3111 669 3111 572 3112 573 3112 637 3112 572 3113 637 3113 636 3113 517 3114 462 3114 518 3114 517 3115 518 3115 573 3115 517 3116 573 3116 572 3116 461 3117 462 3117 517 3117 413 3118 414 3118 462 3118 413 3119 462 3119 461 3119 393 3120 394 3120 414 3120 393 3121 414 3121 413 3121 366 3122 343 3122 367 3122 366 3123 367 3123 394 3123 366 3124 394 3124 393 3124 342 3125 343 3125 366 3125 323 3126 324 3126 343 3126 323 3127 343 3127 342 3127 315 3128 307 3128 316 3128 315 3129 316 3129 324 3129 315 3130 324 3130 323 3130 306 3131 307 3131 315 3131 288 3132 275 3132 289 3132 288 3133 274 3133 275 3133 294 3134 289 3134 295 3134 294 3135 288 3135 289 3135 306 3136 295 3136 307 3136 306 3137 294 3137 295 3137 278 3138 275 3138 274 3138 278 3139 279 3139 275 3139 282 3140 283 3140 279 3140 282 3141 279 3141 278 3141 284 3142 285 3142 283 3142 284 3143 283 3143 282 3143 280 3144 277 3144 281 3144 280 3145 281 3145 285 3145 280 3146 285 3146 284 3146 276 3147 277 3147 280 3147 270 3148 271 3148 277 3148 270 3149 277 3149 276 3149 266 3150 263 3150 267 3150 266 3151 267 3151 271 3151 266 3152 271 3152 270 3152 262 3153 263 3153 266 3153 252 3154 243 3154 253 3154 252 3155 253 3155 263 3155 252 3156 263 3156 262 3156 242 3157 243 3157 252 3157 236 3158 237 3158 243 3158 236 3159 243 3159 242 3159 230 3160 231 3160 237 3160 230 3161 237 3161 236 3161 224 3162 225 3162 231 3162 224 3163 231 3163 230 3163 220 3164 219 3164 221 3164 220 3165 221 3165 225 3165 220 3166 225 3166 224 3166 218 3167 219 3167 220 3167 214 3168 215 3168 219 3168 214 3169 219 3169 218 3169 190 3170 177 3170 191 3170 190 3171 176 3171 177 3171 204 3172 191 3172 205 3172 204 3173 190 3173 191 3173 214 3174 205 3174 215 3174 214 3175 204 3175 205 3175 176 3176 181 3176 177 3176 180 3177 189 3177 181 3177 180 3178 181 3178 176 3178 188 3179 197 3179 189 3179 188 3180 189 3180 180 3180 196 3181 201 3181 197 3181 196 3182 197 3182 188 3182 200 3183 199 3183 201 3183 200 3184 201 3184 196 3184 198 3185 195 3185 199 3185 198 3186 199 3186 200 3186 194 3187 187 3187 195 3187 194 3188 195 3188 198 3188 186 3189 179 3189 187 3189 186 3190 187 3190 194 3190 178 3191 179 3191 186 3191 174 3192 159 3192 175 3192 174 3193 175 3193 179 3193 174 3194 179 3194 178 3194 158 3195 159 3195 174 3195 148 3196 141 3196 149 3196 148 3197 149 3197 159 3197 148 3198 159 3198 158 3198 140 3199 135 3199 141 3199 140 3200 141 3200 148 3200 134 3201 135 3201 140 3201 130 3202 131 3202 135 3202 130 3203 135 3203 134 3203 126 3204 115 3204 127 3204 126 3205 127 3205 131 3205 126 3206 131 3206 130 3206 114 3207 115 3207 126 3207 78 3208 65 3208 79 3208 78 3209 64 3209 65 3209 96 3210 79 3210 97 3210 96 3211 97 3211 115 3211 96 3212 78 3212 79 3212 114 3213 96 3213 115 3213 80 3214 65 3214 64 3214 80 3215 81 3215 65 3215 92 3216 109 3216 93 3216 92 3217 93 3217 81 3217 92 3218 81 3218 80 3218 108 3219 109 3219 92 3219 116 3220 121 3220 117 3220 116 3221 117 3221 109 3221 116 3222 109 3222 108 3222 120 3223 121 3223 116 3223 124 3224 125 3224 121 3224 124 3225 121 3225 120 3225 122 3226 119 3226 123 3226 122 3227 123 3227 125 3227 122 3228 125 3228 124 3228 118 3229 119 3229 122 3229 110 3230 103 3230 111 3230 110 3231 111 3231 119 3231 110 3232 119 3232 118 3232 102 3233 103 3233 110 3233 86 3234 87 3234 103 3234 86 3235 103 3235 102 3235 74 3236 49 3236 75 3236 74 3237 75 3237 87 3237 74 3238 87 3238 86 3238 48 3239 49 3239 74 3239 34 3240 35 3240 49 3240 34 3241 49 3241 48 3241 26 3242 27 3242 35 3242 26 3243 35 3243 34 3243 18 3244 19 3244 27 3244 18 3245 27 3245 26 3245 10 3246 7 3246 11 3246 10 3247 6 3247 7 3247 14 3248 11 3248 15 3248 14 3249 15 3249 19 3249 14 3250 10 3250 11 3250 18 3251 14 3251 19 3251 16 3252 7 3252 6 3252 16 3253 17 3253 7 3253 24 3254 25 3254 17 3254 24 3255 17 3255 16 3255 32 3256 33 3256 25 3256 32 3257 25 3257 24 3257 42 3258 43 3258 33 3258 42 3259 33 3259 32 3259 52 3260 53 3260 43 3260 52 3261 43 3261 42 3261 58 3262 59 3262 53 3262 58 3263 53 3263 52 3263 66 3264 69 3264 67 3264 66 3265 67 3265 59 3265 66 3266 59 3266 58 3266 68 3267 63 3267 69 3267 68 3268 69 3268 66 3268 62 3269 57 3269 63 3269 62 3270 63 3270 68 3270 56 3271 47 3271 57 3271 56 3272 57 3272 62 3272 46 3273 39 3273 47 3273 46 3274 47 3274 56 3274 38 3275 31 3275 39 3275 38 3276 39 3276 46 3276 30 3277 23 3277 31 3277 30 3278 31 3278 38 3278 22 3279 13 3279 23 3279 22 3280 23 3280 30 3280 12 3281 1 3281 13 3281 12 3282 13 3282 22 3282 0 3283 1 3283 12 3283 4 3284 9 3284 5 3284 4 3285 8 3285 9 3285 2 3286 5 3286 3 3286 2 3287 4 3287 5 3287 0 3288 3 3288 1 3288 0 3289 2 3289 3 3289 8 3290 21 3290 9 3290 20 3291 29 3291 21 3291 20 3292 21 3292 8 3292 28 3293 29 3293 20 3293 40 3294 41 3294 29 3294 40 3295 29 3295 28 3295 54 3296 55 3296 41 3296 54 3297 41 3297 40 3297 72 3298 85 3298 73 3298 72 3299 73 3299 55 3299 72 3300 55 3300 54 3300 84 3301 85 3301 72 3301 90 3302 91 3302 85 3302 90 3303 85 3303 84 3303 100 3304 101 3304 91 3304 100 3305 91 3305 90 3305 106 3306 107 3306 101 3306 106 3307 101 3307 100 3307 104 3308 99 3308 105 3308 104 3309 105 3309 107 3309 104 3310 107 3310 106 3310 98 3311 99 3311 104 3311 88 3312 89 3312 99 3312 88 3313 99 3313 98 3313 82 3314 83 3314 89 3314 82 3315 89 3315 88 3315 70 3316 51 3316 71 3316 70 3317 71 3317 83 3317 70 3318 83 3318 82 3318 50 3319 51 3319 70 3319 36 3320 37 3320 51 3320 36 3321 51 3321 50 3321 60 3322 77 3322 61 3322 60 3323 61 3323 45 3323 60 3324 76 3324 77 3324 44 3325 60 3325 45 3325 36 3326 45 3326 37 3326 36 3327 44 3327 45 3327 94 3328 77 3328 76 3328 94 3329 95 3329 77 3329 112 3330 113 3330 95 3330 112 3331 95 3331 94 3331 128 3332 129 3332 113 3332 128 3333 113 3333 112 3333 132 3334 133 3334 129 3334 132 3335 129 3335 128 3335 136 3336 137 3336 133 3336 136 3337 133 3337 132 3337 138 3338 139 3338 137 3338 138 3339 137 3339 136 3339 144 3340 145 3340 139 3340 144 3341 139 3341 138 3341 152 3342 153 3342 145 3342 152 3343 145 3343 144 3343 156 3344 157 3344 153 3344 156 3345 153 3345 152 3345 162 3346 163 3346 157 3346 162 3347 157 3347 156 3347 166 3348 167 3348 163 3348 166 3349 163 3349 162 3349 164 3350 161 3350 165 3350 164 3351 165 3351 167 3351 164 3352 167 3352 166 3352 160 3353 161 3353 164 3353 154 3354 155 3354 161 3354 154 3355 161 3355 160 3355 146 3356 147 3356 155 3356 146 3357 155 3357 154 3357 142 3358 143 3358 147 3358 142 3359 147 3359 146 3359 170 3360 185 3360 171 3360 170 3361 184 3361 185 3361 150 3362 171 3362 151 3362 150 3363 151 3363 143 3363 150 3364 170 3364 171 3364 142 3365 150 3365 143 3365 202 3366 185 3366 184 3366 202 3367 203 3367 185 3367 206 3368 207 3368 203 3368 206 3369 203 3369 202 3369 210 3370 217 3370 211 3370 210 3371 211 3371 207 3371 210 3372 207 3372 206 3372 216 3373 223 3373 217 3373 216 3374 217 3374 210 3374 222 3375 227 3375 223 3375 222 3376 223 3376 216 3376 226 3377 227 3377 222 3377 232 3378 233 3378 227 3378 232 3379 227 3379 226 3379 238 3380 239 3380 233 3380 238 3381 233 3381 232 3381 240 3382 241 3382 239 3382 240 3383 239 3383 238 3383 246 3384 247 3384 241 3384 246 3385 241 3385 240 3385 250 3386 257 3386 251 3386 250 3387 251 3387 247 3387 250 3388 247 3388 246 3388 256 3389 257 3389 250 3389 258 3390 259 3390 257 3390 258 3391 257 3391 256 3391 254 3392 249 3392 255 3392 254 3393 255 3393 259 3393 254 3394 259 3394 258 3394 248 3395 249 3395 254 3395 244 3396 245 3396 249 3396 244 3397 249 3397 248 3397 286 3398 287 3398 273 3398 272 3399 273 3399 261 3399 272 3400 286 3400 273 3400 260 3401 272 3401 261 3401 244 3402 261 3402 245 3402 244 3403 260 3403 261 3403 290 3404 287 3404 286 3404 290 3405 291 3405 287 3405 292 3406 293 3406 291 3406 292 3407 291 3407 290 3407 296 3408 297 3408 293 3408 296 3409 293 3409 292 3409 300 3410 312 3410 301 3410 300 3411 301 3411 297 3411 300 3412 297 3412 296 3412 311 3413 312 3413 300 3413 329 3414 330 3414 312 3414 329 3415 312 3415 311 3415 354 3416 389 3416 355 3416 354 3417 355 3417 330 3417 354 3418 330 3418 329 3418 388 3419 389 3419 354 3419 407 3420 433 3420 408 3420 407 3421 408 3421 389 3421 407 3422 389 3422 388 3422 432 3423 433 3423 407 3423 468 3424 469 3424 433 3424 468 3425 433 3425 432 3425 490 3426 522 3426 491 3426 490 3427 491 3427 469 3427 490 3428 469 3428 468 3428 521 3429 522 3429 490 3429 534 3430 535 3430 522 3430 534 3431 522 3431 521 3431 528 3432 529 3432 535 3432 528 3433 535 3433 534 3433 515 3434 516 3434 529 3434 515 3435 529 3435 528 3435 726 3436 797 3436 727 3436 726 3437 796 3437 797 3437 634 3438 727 3438 635 3438 634 3439 726 3439 727 3439 515 3440 635 3440 516 3440 515 3441 634 3441 635 3441 802 3442 797 3442 796 3442 802 3443 803 3443 797 3443 807 3444 808 3444 803 3444 807 3445 803 3445 802 3445 832 3446 833 3446 808 3446 832 3447 808 3447 807 3447 848 3448 849 3448 833 3448 848 3449 833 3449 832 3449 859 3450 860 3450 849 3450 859 3451 849 3451 848 3451 886 3452 887 3452 860 3452 886 3453 860 3453 859 3453 921 3454 957 3454 922 3454 921 3455 922 3455 887 3455 921 3456 887 3456 886 3456 956 3457 957 3457 921 3457 1004 3458 1027 3458 1005 3458 1004 3459 1005 3459 957 3459 1004 3460 957 3460 956 3460 1026 3461 1027 3461 1004 3461 1066 3462 1067 3462 1027 3462 1066 3463 1027 3463 1026 3463 1106 3464 1107 3464 1067 3464 1106 3465 1067 3465 1066 3465 1134 3466 1135 3466 1107 3466 1134 3467 1107 3467 1106 3467 1161 3468 1162 3468 1135 3468 1161 3469 1135 3469 1134 3469 1172 3470 1173 3470 1162 3470 1172 3471 1162 3471 1161 3471 1178 3472 1179 3472 1173 3472 1178 3473 1173 3473 1172 3473 1340 3474 1417 3474 1341 3474 1340 3475 1416 3475 1417 3475 1250 3476 1341 3476 1251 3476 1250 3477 1340 3477 1341 3477 1178 3478 1251 3478 1179 3478 1178 3479 1250 3479 1251 3479 1416 3480 1407 3480 1417 3480 1406 3481 1407 3481 1416 3481 1408 3482 1409 3482 1407 3482 1408 3483 1407 3483 1406 3483 1430 3484 1431 3484 1409 3484 1430 3485 1409 3485 1408 3485 1454 3486 1476 3486 1455 3486 1454 3487 1455 3487 1431 3487 1454 3488 1431 3488 1430 3488 1475 3489 1476 3489 1454 3489 1500 3490 1557 3490 1501 3490 1500 3491 1501 3491 1476 3491 1500 3492 1476 3492 1475 3492 1556 3493 1600 3493 1557 3493 1556 3494 1557 3494 1500 3494 1599 3495 1600 3495 1556 3495 1645 3496 1694 3496 1646 3496 1645 3497 1646 3497 1600 3497 1645 3498 1600 3498 1599 3498 1693 3499 1714 3499 1694 3499 1693 3500 1694 3500 1645 3500 1713 3501 1714 3501 1693 3501 1740 3502 1741 3502 1714 3502 1740 3503 1714 3503 1713 3503 1764 3504 1784 3504 1765 3504 1764 3505 1765 3505 1741 3505 1764 3506 1741 3506 1740 3506 1783 3507 1784 3507 1764 3507 1791 3508 1792 3508 1784 3508 1791 3509 1784 3509 1783 3509 1800 3510 1801 3510 1792 3510 1800 3511 1792 3511 1791 3511 1818 3512 1833 3512 1819 3512 1818 3513 1832 3513 1833 3513 1812 3514 1819 3514 1813 3514 1812 3515 1818 3515 1819 3515 1800 3516 1813 3516 1801 3516 1800 3517 1812 3517 1813 3517 1832 3518 1829 3518 1833 3518 1828 3519 1829 3519 1832 3519 1824 3520 1825 3520 1829 3520 1824 3521 1829 3521 1828 3521 1822 3522 1823 3522 1825 3522 1822 3523 1825 3523 1824 3523 1826 3524 1827 3524 1823 3524 1826 3525 1823 3525 1822 3525 1830 3526 1837 3526 1831 3526 1830 3527 1831 3527 1827 3527 1830 3528 1827 3528 1826 3528 1836 3529 1837 3529 1830 3529 1840 3530 1841 3530 1837 3530 1840 3531 1837 3531 1836 3531 1844 3532 1845 3532 1841 3532 1844 3533 1841 3533 1840 3533 1854 3534 1855 3534 1845 3534 1854 3535 1845 3535 1844 3535 1864 3536 1871 3536 1865 3536 1864 3537 1865 3537 1855 3537 1864 3538 1855 3538 1854 3538 1870 3539 1871 3539 1864 3539 1876 3540 1883 3540 1877 3540 1876 3541 1877 3541 1871 3541 1876 3542 1871 3542 1870 3542 1882 3543 1883 3543 1876 3543 1886 3544 1887 3544 1883 3544 1886 3545 1883 3545 1882 3545 1888 3546 1889 3546 1887 3546 1888 3547 1887 3547 1886 3547 1892 3548 1893 3548 1889 3548 1892 3549 1889 3549 1888 3549 1916 3550 1931 3550 1917 3550 1916 3551 1930 3551 1931 3551 1902 3552 1917 3552 1903 3552 1902 3553 1903 3553 1893 3553 1902 3554 1916 3554 1917 3554 1892 3555 1902 3555 1893 3555 1926 3556 1931 3556 1930 3556 1926 3557 1927 3557 1931 3557 1918 3558 1919 3558 1927 3558 1918 3559 1927 3559 1926 3559 1910 3560 1911 3560 1919 3560 1910 3561 1919 3561 1918 3561 1906 3562 1907 3562 1911 3562 1906 3563 1911 3563 1910 3563 1908 3564 1909 3564 1907 3564 1908 3565 1907 3565 1906 3565 1912 3566 1913 3566 1909 3566 1912 3567 1909 3567 1908 3567 1920 3568 1929 3568 1921 3568 1920 3569 1921 3569 1913 3569 1920 3570 1913 3570 1912 3570 1928 3571 1929 3571 1920 3571 1932 3572 1949 3572 1933 3572 1932 3573 1933 3573 1929 3573 1932 3574 1929 3574 1928 3574 1948 3575 1949 3575 1932 3575 1958 3576 1959 3576 1949 3576 1958 3577 1949 3577 1948 3577 1966 3578 1967 3578 1959 3578 1966 3579 1959 3579 1958 3579 1972 3580 1977 3580 1973 3580 1972 3581 1973 3581 1967 3581 1972 3582 1967 3582 1966 3582 1976 3583 1977 3583 1972 3583 1980 3584 1993 3584 1981 3584 1980 3585 1981 3585 1977 3585 1980 3586 1977 3586 1976 3586 1992 3587 1993 3587 1980 3587 2028 3588 2043 3588 2029 3588 2028 3589 2042 3589 2043 3589 2010 3590 2029 3590 2011 3590 2010 3591 2028 3591 2029 3591 1992 3592 2011 3592 1993 3592 1992 3593 2010 3593 2011 3593 2042 3594 2027 3594 2043 3594 2026 3595 2027 3595 2042 3595 2014 3596 1999 3596 2015 3596 2014 3597 2015 3597 2027 3597 2014 3598 2027 3598 2026 3598 1998 3599 1999 3599 2014 3599 1990 3600 1991 3600 1999 3600 1990 3601 1999 3601 1998 3601 1986 3602 1987 3602 1991 3602 1986 3603 1991 3603 1990 3603 1982 3604 1983 3604 1987 3604 1982 3605 1987 3605 1986 3605 1984 3606 1989 3606 1985 3606 1984 3607 1985 3607 1983 3607 1984 3608 1983 3608 1982 3608 1988 3609 1989 3609 1984 3609 1996 3610 1997 3610 1989 3610 1996 3611 1989 3611 1988 3611 2004 3612 2005 3612 1997 3612 2004 3613 1997 3613 1996 3613 2020 3614 2021 3614 2005 3614 2020 3615 2005 3615 2004 3615 2032 3616 2059 3616 2033 3616 2032 3617 2033 3617 2021 3617 2032 3618 2021 3618 2020 3618 2058 3619 2059 3619 2032 3619 2072 3620 2081 3620 2073 3620 2072 3621 2073 3621 2059 3621 2072 3622 2059 3622 2058 3622 2080 3623 2081 3623 2072 3623 2088 3624 2089 3624 2081 3624 2088 3625 2081 3625 2080 3625 2096 3626 2101 3626 2097 3626 2096 3627 2100 3627 2101 3627 2092 3628 2097 3628 2093 3628 2092 3629 2096 3629 2097 3629 2088 3630 2093 3630 2089 3630 2088 3631 2092 3631 2093 3631 2090 3632 2101 3632 2100 3632 2090 3633 2091 3633 2101 3633 2082 3634 2083 3634 2091 3634 2082 3635 2091 3635 2090 3635 2074 3636 2075 3636 2083 3636 2074 3637 2083 3637 2082 3637 2064 3638 2065 3638 2075 3638 2064 3639 2075 3639 2074 3639 2054 3640 2049 3640 2055 3640 2054 3641 2055 3641 2065 3641 2054 3642 2065 3642 2064 3642 2048 3643 2049 3643 2054 3643 2040 3644 2039 3644 2041 3644 2040 3645 2041 3645 2049 3645 2040 3646 2049 3646 2048 3646 2038 3647 2045 3647 2039 3647 2038 3648 2039 3648 2040 3648 2044 3649 2045 3649 2038 3649 2050 3650 2051 3650 2045 3650 2050 3651 2045 3651 2044 3651 2060 3652 2069 3652 2061 3652 2060 3653 2061 3653 2051 3653 2060 3654 2051 3654 2050 3654 2068 3655 2069 3655 2060 3655 2076 3656 2077 3656 2069 3656 2076 3657 2069 3657 2068 3657 2084 3658 2085 3658 2077 3658 2084 3659 2077 3659 2076 3659 2094 3660 2095 3660 2085 3660 2094 3661 2085 3661 2084 3661 2106 3662 2107 3662 2095 3662 2106 3663 2095 3663 2094 3663 2102 3664 2099 3664 2103 3664 2102 3665 2098 3665 2099 3665 2104 3666 2103 3666 2105 3666 2104 3667 2105 3667 2107 3667 2104 3668 2102 3668 2103 3668 2106 3669 2104 3669 2107 3669 2086 3670 2099 3670 2098 3670 2086 3671 2087 3671 2099 3671 2078 3672 2079 3672 2087 3672 2078 3673 2087 3673 2086 3673 2066 3674 2067 3674 2079 3674 2066 3675 2079 3675 2078 3675 2052 3676 2035 3676 2053 3676 2052 3677 2053 3677 2067 3677 2052 3678 2067 3678 2066 3678 2034 3679 2035 3679 2052 3679 2022 3680 2017 3680 2023 3680 2022 3681 2023 3681 2035 3681 2022 3682 2035 3682 2034 3682 2016 3683 2017 3683 2022 3683 2006 3684 2007 3684 2017 3684 2006 3685 2017 3685 2016 3685 2000 3686 2003 3686 2001 3686 2000 3687 2001 3687 2007 3687 2000 3688 2007 3688 2006 3688 2002 3689 2003 3689 2000 3689 2008 3690 2009 3690 2003 3690 2008 3691 2003 3691 2002 3691 2018 3692 2025 3692 2019 3692 2018 3693 2019 3693 2009 3693 2018 3694 2009 3694 2008 3694 2024 3695 2025 3695 2018 3695 2036 3696 2037 3696 2025 3696 2036 3697 2025 3697 2024 3697 2056 3698 2057 3698 2037 3698 2056 3699 2037 3699 2036 3699 2070 3700 2071 3700 2057 3700 2070 3701 2057 3701 2056 3701 2046 3702 2031 3702 2047 3702 2046 3703 2030 3703 2031 3703 2062 3704 2047 3704 2063 3704 2062 3705 2046 3705 2047 3705 2070 3706 2063 3706 2071 3706 2070 3707 2062 3707 2063 3707 2012 3708 2031 3708 2030 3708 2012 3709 2013 3709 2031 3709 1994 3710 1995 3710 2013 3710 1994 3711 2013 3711 2012 3711 1978 3712 1975 3712 1979 3712 1978 3713 1979 3713 1995 3713 1978 3714 1995 3714 1994 3714 1974 3715 1975 3715 1978 3715 1970 3716 1971 3716 1975 3716 1970 3717 1975 3717 1974 3717 1968 3718 1969 3718 1971 3718 1968 3719 1971 3719 1970 3719 1962 3720 1963 3720 1969 3720 1962 3721 1969 3721 1968 3721 1954 3722 1955 3722 1963 3722 1954 3723 1963 3723 1962 3723 1950 3724 1951 3724 1955 3724 1950 3725 1955 3725 1954 3725 1944 3726 1945 3726 1951 3726 1944 3727 1951 3727 1950 3727 1940 3728 1941 3728 1945 3728 1940 3729 1945 3729 1944 3729 1942 3730 1943 3730 1941 3730 1942 3731 1941 3731 1940 3731 1946 3732 1953 3732 1947 3732 1946 3733 1947 3733 1943 3733 1946 3734 1943 3734 1942 3734 1952 3735 1953 3735 1946 3735 1960 3736 1961 3736 1953 3736 1960 3737 1953 3737 1952 3737 1964 3738 1965 3738 1961 3738 1964 3739 1961 3739 1960 3739 1936 3740 1923 3740 1937 3740 1936 3741 1922 3741 1923 3741 1956 3742 1937 3742 1957 3742 1956 3743 1936 3743 1937 3743 1964 3744 1957 3744 1965 3744 1964 3745 1956 3745 1957 3745 1904 3746 1923 3746 1922 3746 1904 3747 1905 3747 1923 3747 1900 3748 1901 3748 1905 3748 1900 3749 1905 3749 1904 3749 1896 3750 1897 3750 1901 3750 1896 3751 1901 3751 1900 3751 1890 3752 1885 3752 1891 3752 1890 3753 1891 3753 1897 3753 1890 3754 1897 3754 1896 3754 1884 3755 1885 3755 1890 3755 1880 3756 1881 3756 1885 3756 1880 3757 1885 3757 1884 3757 1874 3758 1875 3758 1881 3758 1874 3759 1881 3759 1880 3759 1868 3760 1867 3760 1869 3760 1868 3761 1869 3761 1875 3761 1868 3762 1875 3762 1874 3762 1866 3763 1867 3763 1868 3763 1860 3764 1861 3764 1867 3764 1860 3765 1867 3765 1866 3765 1856 3766 1857 3766 1861 3766 1856 3767 1861 3767 1860 3767 1850 3768 1851 3768 1857 3768 1850 3769 1857 3769 1856 3769 1848 3770 1849 3770 1851 3770 1848 3771 1851 3771 1850 3771 1852 3772 1853 3772 1849 3772 1852 3773 1849 3773 1848 3773 1858 3774 1859 3774 1853 3774 1858 3775 1853 3775 1852 3775 1862 3776 1863 3776 1859 3776 1862 3777 1859 3777 1858 3777 1834 3778 1821 3778 1835 3778 1834 3779 1820 3779 1821 3779 1846 3780 1835 3780 1847 3780 1846 3781 1834 3781 1835 3781 1862 3782 1847 3782 1863 3782 1862 3783 1846 3783 1847 3783 1820 3784 1817 3784 1821 3784 1816 3785 1817 3785 1820 3785 1814 3786 1815 3786 1817 3786 1814 3787 1817 3787 1816 3787 1810 3788 1811 3788 1815 3788 1810 3789 1815 3789 1814 3789 1806 3790 1796 3790 1807 3790 1806 3791 1807 3791 1811 3791 1806 3792 1811 3792 1810 3792 1795 3793 1796 3793 1806 3793 1777 3794 1753 3794 1778 3794 1777 3795 1778 3795 1796 3795 1777 3796 1796 3796 1795 3796 1752 3797 1753 3797 1777 3797 1718 3798 1719 3798 1753 3798 1718 3799 1753 3799 1752 3799 1699 3800 1700 3800 1719 3800 1699 3801 1719 3801 1718 3801 1674 3802 1675 3802 1700 3802 1674 3803 1700 3803 1699 3803 1638 3804 1639 3804 1675 3804 1638 3805 1675 3805 1674 3805 1616 3806 1598 3806 1617 3806 1616 3807 1617 3807 1639 3807 1616 3808 1639 3808 1638 3808 1597 3809 1598 3809 1616 3809 1586 3810 1587 3810 1598 3810 1586 3811 1598 3811 1597 3811 1592 3812 1593 3812 1587 3812 1592 3813 1587 3813 1586 3813 1601 3814 1602 3814 1593 3814 1601 3815 1593 3815 1592 3815 1422 3816 1345 3816 1423 3816 1422 3817 1344 3817 1345 3817 1502 3818 1423 3818 1503 3818 1502 3819 1422 3819 1423 3819 1601 3820 1503 3820 1602 3820 1601 3821 1502 3821 1503 3821 2012 3822 2030 3822 2046 3822 2056 3823 2062 3823 2070 3823 1994 3824 2012 3824 2046 3824 1994 3825 2046 3825 2062 3825 2036 3826 1994 3826 2062 3826 2036 3827 2062 3827 2056 3827 2086 3828 2098 3828 2102 3828 1960 3829 1956 3829 1964 3829 2024 3830 1994 3830 2036 3830 2024 3831 1978 3831 1994 3831 2078 3832 2086 3832 2102 3832 2078 3833 2102 3833 2104 3833 1952 3834 1956 3834 1960 3834 1952 3835 1936 3835 1956 3835 1974 3836 1978 3836 2024 3836 2018 3837 1974 3837 2024 3837 2094 3838 2104 3838 2106 3838 1904 3839 1922 3839 1936 3839 1970 3840 1974 3840 2018 3840 2008 3841 1970 3841 2018 3841 2084 3842 2078 3842 2104 3842 2084 3843 2104 3843 2094 3843 1900 3844 1936 3844 1952 3844 1900 3845 1904 3845 1936 3845 2076 3846 2078 3846 2084 3846 2076 3847 2066 3847 2078 3847 1896 3848 1952 3848 1946 3848 1896 3849 1900 3849 1952 3849 2068 3850 2066 3850 2076 3850 2068 3851 2052 3851 2066 3851 1890 3852 1946 3852 1942 3852 1890 3853 1896 3853 1946 3853 2060 3854 2052 3854 2068 3854 2060 3855 2034 3855 2052 3855 1884 3856 1890 3856 1942 3856 1884 3857 1942 3857 1940 3857 2096 3858 2090 3858 2100 3858 1846 3859 1862 3859 1858 3859 1852 3860 1846 3860 1858 3860 2082 3861 2090 3861 2096 3861 1816 3862 1820 3862 1834 3862 2080 3863 2092 3863 2088 3863 1814 3864 1834 3864 1846 3864 1814 3865 1846 3865 1852 3865 1814 3866 1816 3866 1834 3866 2072 3867 2082 3867 2096 3867 2072 3868 2092 3868 2080 3868 2072 3869 2096 3869 2092 3869 1810 3870 1852 3870 1848 3870 1810 3871 1814 3871 1852 3871 2058 3872 2082 3872 2072 3872 2058 3873 2074 3873 2082 3873 1894 3874 1954 3874 1962 3874 1894 3875 1962 3875 1968 3875 1894 3876 1968 3876 1970 3876 1894 3877 2008 3877 2002 3877 1894 3878 1970 3878 2008 3878 1914 3879 2002 3879 2000 3879 1914 3880 2000 3880 2006 3880 1914 3881 2006 3881 2016 3881 1914 3882 2016 3882 2022 3882 1914 3883 1894 3883 2002 3883 1806 3884 1848 3884 1850 3884 1806 3885 1810 3885 1848 3885 2032 3886 2074 3886 2058 3886 2032 3887 2054 3887 2064 3887 2032 3888 2064 3888 2074 3888 1872 3889 1954 3889 1894 3889 1872 3890 1940 3890 1944 3890 1872 3891 1884 3891 1940 3891 1872 3892 1944 3892 1950 3892 1872 3893 1950 3893 1954 3893 1934 3894 2034 3894 2060 3894 1934 3895 2022 3895 2034 3895 1934 3896 2060 3896 2050 3896 1934 3897 1914 3897 2022 3897 1934 3898 2050 3898 2044 3898 1795 3899 1850 3899 1856 3899 1795 3900 1806 3900 1850 3900 2020 3901 2054 3901 2032 3901 1838 3902 1866 3902 1868 3902 1838 3903 1868 3903 1874 3903 1838 3904 1874 3904 1880 3904 1838 3905 1880 3905 1884 3905 1838 3906 1884 3906 1872 3906 1938 3907 1934 3907 2044 3907 1938 3908 2044 3908 2038 3908 1938 3909 2038 3909 2040 3909 1938 3910 2040 3910 2048 3910 1938 3911 2048 3911 2054 3911 2028 3912 2014 3912 2026 3912 2028 3913 2026 3913 2042 3913 1502 3914 1601 3914 1592 3914 1502 3915 1592 3915 1586 3915 1797 3916 1777 3916 1795 3916 1797 3917 1795 3917 1856 3917 1797 3918 1856 3918 1860 3918 1797 3919 1866 3919 1838 3919 1797 3920 1860 3920 1866 3920 1422 3921 1502 3921 1586 3921 1924 3922 2054 3922 2020 3922 1924 3923 2020 3923 2004 3923 1924 3924 2004 3924 1996 3924 1924 3925 1996 3925 1988 3925 1924 3926 1938 3926 2054 3926 1336 3927 1344 3927 1422 3927 1980 3928 2010 3928 1992 3928 1976 3929 2028 3929 2010 3929 1976 3930 2014 3930 2028 3930 1976 3931 2010 3931 1980 3931 1329 3932 1586 3932 1597 3932 1329 3933 1422 3933 1586 3933 1329 3934 1336 3934 1422 3934 1610 3935 1674 3935 1699 3935 1610 3936 1699 3936 1718 3936 1610 3937 1718 3937 1752 3937 1610 3938 1752 3938 1777 3938 1610 3939 1777 3939 1797 3939 1972 3940 1990 3940 1998 3940 1972 3941 1998 3941 2014 3941 1972 3942 2014 3942 1976 3942 1298 3943 1329 3943 1597 3943 1966 3944 1990 3944 1972 3944 1260 3945 1597 3945 1616 3945 1260 3946 1298 3946 1597 3946 1958 3947 1986 3947 1990 3947 1958 3948 1990 3948 1966 3948 1223 3949 1616 3949 1638 3949 1223 3950 1260 3950 1616 3950 1898 3951 1988 3951 1984 3951 1898 3952 1984 3952 1982 3952 1898 3953 1982 3953 1986 3953 1898 3954 1924 3954 1988 3954 1898 3955 1986 3955 1958 3955 1303 3956 1638 3956 1674 3956 1303 3957 1223 3957 1638 3957 1303 3958 1674 3958 1610 3958 1303 3959 1143 3959 1188 3959 1303 3960 1188 3960 1223 3960 1878 3961 1958 3961 1948 3961 1878 3962 1948 3962 1932 3962 1878 3963 1932 3963 1928 3963 1878 3964 1928 3964 1920 3964 1878 3965 1898 3965 1958 3965 1916 3966 1918 3966 1926 3966 1916 3967 1926 3967 1930 3967 852 3968 894 3968 898 3968 852 3969 898 3969 907 3969 1010 3970 976 3970 1016 3970 1010 3971 1016 3971 1038 3971 1010 3972 1038 3972 1096 3972 1010 3973 1096 3973 1143 3973 1010 3974 1143 3974 1303 3974 742 3975 730 3975 800 3975 1888 3976 1902 3976 1892 3976 738 3977 852 3977 907 3977 738 3978 742 3978 800 3978 738 3979 800 3979 852 3979 738 3980 907 3980 928 3980 1886 3981 1910 3981 1918 3981 1886 3982 1916 3982 1902 3982 1886 3983 1918 3983 1916 3983 1886 3984 1902 3984 1888 3984 718 3985 738 3985 928 3985 1882 3986 1910 3986 1886 3986 1842 3987 1920 3987 1912 3987 1842 3988 1912 3988 1908 3988 1842 3989 1878 3989 1920 3989 696 3990 718 3990 928 3990 696 3991 928 3991 948 3991 1876 3992 1908 3992 1906 3992 1876 3993 1906 3993 1910 3993 1876 3994 1910 3994 1882 3994 669 3995 948 3995 976 3995 669 3996 696 3996 948 3996 1870 3997 1908 3997 1876 3997 1870 3998 1842 3998 1908 3998 1864 3999 1842 3999 1870 3999 788 4000 976 4000 1010 4000 788 4001 669 4001 976 4001 788 4002 636 4002 669 4002 572 4003 636 4003 788 4003 517 4004 572 4004 788 4004 1808 4005 1864 4005 1854 4005 1808 4006 1854 4006 1844 4006 1808 4007 1844 4007 1840 4007 1808 4008 1840 4008 1836 4008 1808 4009 1842 4009 1864 4009 434 4010 393 4010 413 4010 434 4011 413 4011 461 4011 434 4012 461 4012 517 4012 434 4013 517 4013 788 4013 294 4014 306 4014 315 4014 294 4015 315 4015 323 4015 1818 4016 1824 4016 1828 4016 1818 4017 1828 4017 1832 4017 1672 4018 1836 4018 1830 4018 1672 4019 1808 4019 1836 4019 1800 4020 1791 4020 1812 4020 274 4021 288 4021 278 4021 282 4022 294 4022 323 4022 282 4023 278 4023 288 4023 282 4024 288 4024 294 4024 1783 4025 1824 4025 1818 4025 1783 4026 1812 4026 1791 4026 1783 4027 1818 4027 1812 4027 284 4028 282 4028 323 4028 284 4029 323 4029 342 4029 284 4030 342 4030 366 4030 1764 4031 1824 4031 1783 4031 1764 4032 1822 4032 1824 4032 280 4033 284 4033 366 4033 1740 4034 1822 4034 1764 4034 1740 4035 1826 4035 1822 4035 276 4036 280 4036 366 4036 276 4037 366 4037 393 4037 276 4038 393 4038 434 4038 1713 4039 1826 4039 1740 4039 1713 4040 1830 4040 1826 4040 1713 4041 1672 4041 1830 4041 270 4042 276 4042 434 4042 270 4043 434 4043 298 4043 1693 4044 1672 4044 1713 4044 266 4045 270 4045 298 4045 1645 4046 1672 4046 1693 4046 262 4047 266 4047 298 4047 1599 4048 1672 4048 1645 4048 252 4049 262 4049 298 4049 1356 4050 1599 4050 1556 4050 1356 4051 1672 4051 1599 4051 242 4052 252 4052 298 4052 1500 4053 1356 4053 1556 4053 1475 4054 1356 4054 1500 4054 264 4055 236 4055 242 4055 264 4056 242 4056 298 4056 1340 4057 1408 4057 1406 4057 1340 4058 1406 4058 1416 4058 204 4059 214 4059 218 4059 204 4060 218 4060 220 4060 1250 4061 1408 4061 1340 4061 188 4062 190 4062 204 4062 188 4063 204 4063 220 4063 1161 4064 1408 4064 1250 4064 196 4065 220 4065 224 4065 196 4066 188 4066 220 4066 1134 4067 1408 4067 1161 4067 1134 4068 1430 4068 1408 4068 180 4069 190 4069 188 4069 1172 4070 1161 4070 1250 4070 200 4071 196 4071 224 4071 200 4072 224 4072 230 4072 1106 4073 1430 4073 1134 4073 1106 4074 1454 4074 1430 4074 176 4075 190 4075 180 4075 1178 4076 1172 4076 1250 4076 1066 4077 1454 4077 1106 4077 1066 4078 1356 4078 1475 4078 1066 4079 1475 4079 1454 4079 1066 4080 1032 4080 1356 4080 198 4081 200 4081 230 4081 198 4082 230 4082 236 4082 198 4083 236 4083 264 4083 1026 4084 1032 4084 1066 4084 194 4085 198 4085 264 4085 1004 4086 1032 4086 1026 4086 186 4087 194 4087 264 4087 186 4088 264 4088 228 4088 178 4089 186 4089 228 4089 956 4090 1032 4090 1004 4090 921 4091 1032 4091 956 4091 921 4092 827 4092 1032 4092 174 4093 178 4093 228 4093 158 4094 174 4094 228 4094 886 4095 827 4095 921 4095 859 4096 827 4096 886 4096 148 4097 158 4097 228 4097 148 4098 228 4098 208 4098 96 4099 114 4099 126 4099 96 4100 126 4100 130 4100 726 4101 807 4101 802 4101 726 4102 802 4102 796 4102 108 4103 134 4103 140 4103 108 4104 140 4104 116 4104 521 4105 490 4105 848 4105 521 4106 848 4106 832 4106 120 4107 140 4107 148 4107 120 4108 148 4108 208 4108 120 4109 116 4109 140 4109 468 4110 827 4110 859 4110 468 4111 848 4111 490 4111 468 4112 859 4112 848 4112 92 4113 78 4113 96 4113 92 4114 130 4114 134 4114 92 4115 134 4115 108 4115 92 4116 96 4116 130 4116 534 4117 521 4117 832 4117 534 4118 832 4118 807 4118 534 4119 726 4119 634 4119 534 4120 807 4120 726 4120 432 4121 827 4121 468 4121 432 4122 502 4122 827 4122 124 4123 120 4123 208 4123 528 4124 534 4124 634 4124 80 4125 78 4125 92 4125 122 4126 124 4126 208 4126 407 4127 502 4127 432 4127 64 4128 78 4128 80 4128 515 4129 528 4129 634 4129 118 4130 122 4130 208 4130 118 4131 208 4131 182 4131 388 4132 502 4132 407 4132 110 4133 118 4133 182 4133 354 4134 502 4134 388 4134 102 4135 110 4135 182 4135 329 4136 502 4136 354 4136 329 4137 309 4137 502 4137 86 4138 102 4138 182 4138 311 4139 309 4139 329 4139 52 4140 86 4140 182 4140 52 4141 168 4141 58 4141 52 4142 182 4142 168 4142 52 4143 74 4143 86 4143 250 4144 309 4144 311 4144 250 4145 246 4145 309 4145 66 4146 58 4146 168 4146 240 4147 309 4147 246 4147 240 4148 268 4148 309 4148 42 4149 74 4149 52 4149 256 4150 311 4150 300 4150 256 4151 250 4151 311 4151 14 4152 18 4152 26 4152 14 4153 26 4153 34 4153 272 4154 292 4154 290 4154 272 4155 290 4155 286 4155 68 4156 66 4156 168 4156 238 4157 268 4157 240 4157 32 4158 74 4158 42 4158 32 4159 34 4159 48 4159 32 4160 48 4160 74 4160 258 4161 300 4161 296 4161 258 4162 256 4162 300 4162 232 4163 268 4163 238 4163 62 4164 68 4164 168 4164 62 4165 168 4165 172 4165 24 4166 34 4166 32 4166 24 4167 14 4167 34 4167 254 4168 296 4168 292 4168 254 4169 258 4169 296 4169 10 4170 14 4170 24 4170 260 4171 292 4171 272 4171 260 4172 254 4172 292 4172 56 4173 62 4173 172 4173 226 4174 268 4174 232 4174 16 4175 10 4175 24 4175 248 4176 254 4176 260 4176 46 4177 56 4177 172 4177 222 4178 234 4178 268 4178 222 4179 268 4179 226 4179 244 4180 248 4180 260 4180 6 4181 10 4181 16 4181 100 4182 90 4182 192 4182 152 4183 234 4183 156 4183 152 4184 212 4184 234 4184 84 4185 192 4185 90 4185 84 4186 172 4186 192 4186 162 4187 156 4187 234 4187 106 4188 100 4188 192 4188 144 4189 212 4189 152 4189 72 4190 46 4190 172 4190 72 4191 172 4191 84 4191 166 4192 222 4192 216 4192 166 4193 234 4193 222 4193 166 4194 162 4194 234 4194 104 4195 106 4195 192 4195 104 4196 192 4196 212 4196 138 4197 212 4197 144 4197 164 4198 166 4198 216 4198 54 4199 38 4199 46 4199 54 4200 46 4200 72 4200 98 4201 104 4201 212 4201 136 4202 212 4202 138 4202 136 4203 98 4203 212 4203 160 4204 216 4204 210 4204 160 4205 210 4205 206 4205 160 4206 164 4206 216 4206 40 4207 30 4207 38 4207 40 4208 38 4208 54 4208 88 4209 98 4209 136 4209 132 4210 88 4210 136 4210 154 4211 160 4211 206 4211 28 4212 22 4212 30 4212 28 4213 30 4213 40 4213 128 4214 88 4214 132 4214 82 4215 88 4215 128 4215 170 4216 206 4216 202 4216 170 4217 202 4217 184 4217 2 4218 0 4218 12 4218 2 4219 12 4219 22 4219 2 4220 22 4220 28 4220 150 4221 206 4221 170 4221 150 4222 146 4222 154 4222 150 4223 154 4223 206 4223 4 4224 2 4224 28 4224 4 4225 28 4225 20 4225 70 4226 128 4226 112 4226 70 4227 82 4227 128 4227 8 4228 4 4228 20 4228 142 4229 146 4229 150 4229 60 4230 112 4230 94 4230 60 4231 94 4231 76 4231 44 4232 70 4232 112 4232 44 4233 112 4233 60 4233 44 4234 36 4234 50 4234 44 4235 50 4235 70 4235</p>
  </triangles>
 </mesh></geometry></library_geometries>
 <library_visual_scenes><visual_scene id="s"><node id="nodo">
  <instance_geometry url="#g"><bind_material><technique_common>
   <instance_material symbol="m" target="#mat"/>
  </technique_common></bind_material></instance_geometry>
 </node></visual_scene></library_visual_scenes>
 <scene><instance_visual_scene url="#s"/></scene>
</COLLADA>
