<?xml version="1.0" encoding="utf-8"?>
<COLLADA xmlns="http://www.collada.org/2005/11/COLLADASchema" version="1.4.1">
 <asset><unit name="meter" meter="1"/><up_axis>Z_UP</up_axis></asset>
 <library_effects><effect id="fx"><profile_COMMON><technique sid="c"><phong>
  <diffuse><color>0.150 0.150 0.150 1</color></diffuse>
  <specular><color>0.2 0.2 0.2 1</color></specular><shininess><float>20</float></shininess>
 </phong></technique></profile_COMMON></effect></library_effects>
 <library_materials><material id="mat"><instance_effect url="#fx"/></material></library_materials>
 <library_geometries><geometry id="g"><mesh>
  <source id="p"><float_array id="pa" count="6324">-0.048378 -0.0375 0.0008246 -0.048378 0.0425 0.0008246 -0.0483765 -0.0375 -0.0009073 -0.0483765 0.0425 -0.0009073 -0.0483175 -0.0375 0.0025555 -0.0483175 0.0425 0.0025555 -0.0481951 -0.0375 0.0042831 -0.0481951 0.0425 0.0042831 -0.0474288 -0.0375 -0.0009306 -0.0474288 0.0425 -0.0009306 -0.047248 -0.0375 0.0042401 -0.047248 0.0425 0.0042401 -0.0471598 -0.0375 -0.0108196 -0.0471598 0.0425 -0.0108196 -0.0467423 -0.0375 -0.0125005 -0.0467423 0.0425 -0.0125005 -0.0465025 -0.0375 -0.0011322 -0.0465025 0.0425 -0.0011322 -0.0463099 -0.0375 0.0043766 -0.0463099 0.0425 0.0043766 -0.0462892 -0.0375 0.0140862 -0.0462892 0.0425 0.0140862 -0.046265 -0.0375 -0.0141654 -0.046265 0.0425 -0.0141654 -0.0462458 -0.0375 -0.0105678 -0.0462458 0.0425 -0.0105678 -0.0457554 -0.0375 0.0157339 -0.0457554 0.0425 0.0157339 -0.0457284 -0.0375 -0.0158121 -0.0457284 0.0425 -0.0158121 -0.0456309 -0.0375 -0.0015051 -0.0456309 0.0425 -0.0015051 -0.0454144 -0.0375 0.0046878 -0.0454144 0.0425 0.0046878 -0.0453958 -0.0375 -0.0101481 -0.0453958 0.0425 -0.0101481 -0.045395 -0.0375 0.0137713 -0.045395 0.0425 0.0137713 -0.0451629 -0.0375 0.0173614 -0.0451629 0.0425 0.0173614 -0.0448453 -0.0375 -0.0020359 -0.0448453 0.0425 -0.0020359 -0.0448199 -0.0375 -0.0155413 -0.0448199 0.0425 -0.0155413 -0.0446402 -0.0375 -0.0095755 -0.0446402 0.0425 -0.0095755 -0.0445937 -0.0375 0.0051623 -0.0445937 0.0425 0.0051623 -0.0445763 -0.0375 0.0132932 -0.0445763 0.0425 0.0132932 -0.0445127 -0.0375 0.0189666 -0.0445127 0.0425 0.0189666 -0.0441741 -0.0375 -0.0027053 -0.0441741 0.0425 -0.0027053 -0.0440064 -0.0375 -0.0088705 -0.0440064 0.0425 -0.0088705 -0.0438773 -0.0375 0.0057833 -0.0438773 0.0425 0.0057833 -0.0438766 -0.0375 -0.0154469 -0.0438766 0.0425 -0.0154469 -0.0438626 -0.0375 0.0126692 -0.0438626 0.0425 0.0126692 -0.0436412 -0.0375 -0.0034894 -0.0436412 0.0425 -0.0034894 -0.0436253 -0.0375 0.018633 -0.0436253 0.0425 0.018633 -0.043517 -0.0375 -0.0080586 -0.043517 0.0425 -0.0080586 -0.0432911 -0.0375 0.0065283 -0.0432911 0.0425 0.0065283 -0.0432795 -0.0375 0.0119217 -0.0432795 0.0425 0.0119217 -0.043266 -0.0375 -0.00436 -0.043266 0.0425 -0.00436 -0.0431896 -0.0375 -0.0071689 -0.0431896 0.0425 -0.0071689 -0.0430618 -0.0375 -0.0052858 -0.0430618 0.0425 -0.0052858 -0.043036 -0.0375 -0.0062334 -0.043036 0.0425 -0.0062334 -0.0429324 -0.0375 -0.0155322 -0.0429324 0.0425 -0.0155322 -0.0428559 -0.0375 0.0073705 -0.0428559 0.0425 0.0073705 -0.042848 -0.0375 0.0110776 -0.042848 0.0425 0.0110776 -0.0426909 -0.0375 0.018473 -0.0426909 0.0425 0.018473 -0.0425876 -0.0375 0.0082798 -0.0425876 0.0425 0.0082798 -0.0425836 -0.0375 0.0101673 -0.0425836 0.0425 0.0101673 -0.0424957 -0.0375 0.0092233 -0.0424957 0.0425 0.0092233 -0.0420213 -0.0375 -0.0157942 -0.0420213 0.0425 -0.0157942 -0.041743 -0.0375 0.0184922 -0.041743 0.0425 0.0184922 -0.0415082 -0.0375 -0.0248632 -0.0415082 0.0425 -0.0248632 -0.041176 -0.0375 -0.0162234 -0.041176 0.0425 -0.0162234 -0.0408159 -0.0375 0.0186899 -0.0408159 0.0425 0.0186899 -0.0407167 -0.0375 -0.0243413 -0.0407167 0.0425 -0.0243413 -0.0405917 -0.0375 -0.0263328 -0.0405917 0.0425 -0.0263328 -0.040427 -0.0375 -0.0168045 -0.040427 0.0425 -0.0168045 -0.040038 -0.0375 -0.0236795 -0.040038 0.0425 -0.0236795 -0.0399427 -0.0375 0.0190591 -0.0399427 0.0425 0.0190591 -0.0398011 -0.0375 -0.0175165 -0.0398011 0.0425 -0.0175165 -0.0396707 -0.0375 0.0277009 -0.0396707 0.0425 0.0277009 -0.0396233 -0.0375 -0.0277687 -0.0396233 0.0425 -0.0277687 -0.0394964 -0.0375 -0.0229014 -0.0394964 0.0425 -0.0229014 -0.0393208 -0.0375 -0.0183339 -0.0393208 0.0425 -0.0183339 -0.0391549 -0.0375 0.0195864 -0.0391549 0.0425 0.0195864 -0.0391114 -0.0375 -0.0220351 -0.0391114 0.0425 -0.0220351 -0.0390035 -0.0375 -0.0192272 -0.0390035 0.0425 -0.0192272 -0.0389176 -0.0375 0.0271251 -0.0389176 0.0425 0.0271251 -0.0388968 -0.0375 -0.0211117 -0.0388968 0.0425 -0.0211117 -0.0388604 -0.0375 -0.0201644 -0.0388604 0.0425 -0.0201644 -0.0386539 -0.0375 0.029103 -0.0386539 0.0425 0.029103 -0.0386041 -0.0375 -0.029169 -0.0386041 0.0425 -0.029169 -0.0384808 -0.0375 0.020253 -0.0384808 0.0425 0.020253 -0.0382868 -0.0375 0.0264175 -0.0382868 0.0425 0.0264175 -0.0379446 -0.0375 0.0210348 -0.0379446 0.0425 0.0210348 -0.0378237 -0.0375 -0.0286308 -0.0378237 0.0425 -0.0286308 -0.0378008 -0.0375 0.0256035 -0.0378008 0.0425 0.0256035 -0.0375876 -0.0375 0.0304678 -0.0375876 0.0425 0.0304678 -0.0375657 -0.0375 0.0219038 -0.0375657 0.0425 0.0219038 -0.0374773 -0.0375 0.0247124 -0.0374773 0.0425 0.0247124 -0.0373575 -0.0375 0.0228287 -0.0373575 0.0425 0.0228287 -0.0373277 -0.0375 0.0237762 -0.0373277 0.0425 0.0237762 -0.0369558 -0.0375 -0.0282495 -0.0369558 0.0425 -0.0282495 -0.036473 -0.0375 0.0317935 -0.036473 0.0425 0.0317935 -0.0360314 -0.0375 -0.0280388 -0.0360314 0.0425 -0.0280388 -0.0357322 -0.0375 0.031202 -0.0357322 0.0425 0.031202 -0.035084 -0.0375 -0.0280065 -0.035084 0.0425 -0.0280065 -0.0349884 0.0125 0.0008995 -0.0349884 0.0425 0.0008995 -0.034893 -0.0375 0.030761 -0.034893 0.0425 0.030761 -0.034558 0.0125 -0.0055449 -0.034558 0.0425 -0.0055449 -0.0342274 0.0125 0.0073133 -0.0342274 0.0425 0.0073133 -0.0341474 -0.0375 -0.0281535 -0.0341474 0.0425 -0.0281535 -0.0339856 -0.0375 0.0304864 -0.0339856 0.0425 0.0304864 -0.0332555 -0.0375 -0.0284747 -0.0332555 0.0425 -0.0284747 -0.0330427 -0.0375 0.0303879 -0.0330427 0.0425 0.0303879 -0.0329507 0.0125 -0.0118005 -0.0329507 0.0425 -0.0118005 -0.0324402 -0.0375 -0.0289584 -0.0324402 0.0425 -0.0289584 -0.0323008 0.0125 0.013478 -0.0323008 0.0425 0.013478 -0.0320982 -0.0375 0.0304692 -0.0320982 0.0425 0.0304692 -0.0317935 -0.0375 -0.036473 -0.0317935 0.0425 -0.036473 -0.0317308 -0.0375 -0.0295874 -0.0317308 0.0425 -0.0295874 -0.031202 -0.0375 -0.0357322 -0.031202 0.0425 -0.0357322 -0.031186 -0.0375 0.0307273 -0.031186 0.0425 0.0307273 -0.031153 -0.0375 -0.0303389 -0.031153 0.0425 -0.0303389 -0.030761 -0.0375 -0.034893 -0.030761 0.0425 -0.034893 -0.0307273 -0.0375 -0.031186 -0.0307273 0.0425 -0.031186 -0.0304864 -0.0375 -0.0339856 -0.0304864 0.0425 -0.0339856 -0.0304692 -0.0375 -0.0320982 -0.0304692 0.0425 -0.0320982 -0.0304678 -0.0375 -0.0375876 -0.0304678 0.0425 -0.0375876 -0.0303879 -0.0375 -0.0330427 -0.0303879 0.0425 -0.0330427 -0.0303389 -0.0375 0.031153 -0.0303389 0.0425 0.031153 -0.0302213 0.0125 -0.0176543 -0.0302213 0.0425 -0.0176543 -0.0295874 -0.0375 0.0317308 -0.0295874 0.0425 0.0317308 -0.0292743 0.0125 0.0191838 -0.0292743 0.0425 0.0191838 -0.029169 -0.0375 0.0386041 -0.029169 0.0425 0.0386041 -0.029103 -0.0375 -0.0386539 -0.029103 0.0425 -0.0386539 -0.0289584 -0.0375 0.0324402 -0.0289584 0.0425 0.0324402 -0.0286308 -0.0375 0.0378237 -0.0286308 0.0425 0.0378237 -0.0284747 -0.0375 0.0332555 -0.0284747 0.0425 0.0332555 -0.0282495 -0.0375 0.0369558 -0.0282495 0.0425 0.0369558 -0.0281535 -0.0375 0.0341474 -0.0281535 0.0425 0.0341474 -0.0280388 -0.0375 0.0360314 -0.0280388 0.0425 0.0360314 -0.0280065 -0.0375 0.035084 -0.0280065 0.0425 0.035084 -0.0277687 -0.0375 0.0396233 -0.0277687 0.0425 0.0396233 -0.0277009 -0.0375 -0.0396707 -0.0277009 0.0425 -0.0396707 -0.0271251 -0.0375 -0.0389176 -0.0271251 0.0425 -0.0389176 -0.0264627 0.0125 -0.0229068 -0.0264627 0.0425 -0.0229068 -0.0264175 -0.0375 -0.0382868 -0.0264175 0.0425 -0.0382868 -0.0263328 -0.0375 0.0405917 -0.0263328 0.0425 0.0405917 -0.0256035 -0.0375 -0.0378008 -0.0256035 0.0425 -0.0378008 -0.0252508 0.0125 0.0242363 -0.0252508 0.0425 0.0242363 -0.0248632 -0.0375 0.0415082 -0.0248632 0.0425 0.0415082 -0.0247124 -0.0375 -0.0374773 -0.0247124 0.0425 -0.0374773 -0.0243413 -0.0375 0.0407167 -0.0243413 0.0425 0.0407167 -0.0237762 -0.0375 -0.0373277 -0.0237762 0.0425 -0.0373277 -0.0236795 -0.0375 0.040038 -0.0236795 0.0425 0.040038 -0.0229014 -0.0375 0.0394964 -0.0229014 0.0425 0.0394964 -0.0228287 -0.0375 -0.0373575 -0.0228287 0.0425 -0.0373575 -0.0220351 -0.0375 0.0391114 -0.0220351 0.0425 0.0391114 -0.0219038 -0.0375 -0.0375657 -0.0219038 0.0425 -0.0375657 -0.0218031 0.0125 -0.0273793 -0.0218031 0.0425 -0.0273793 -0.0211117 -0.0375 0.0388968 -0.0211117 0.0425 0.0388968 -0.0210348 -0.0375 -0.0379446 -0.0210348 0.0425 -0.0379446 -0.0203674 0.0125 0.0284634 -0.0203674 0.0425 0.0284634 -0.020253 -0.0375 -0.0384808 -0.020253 0.0425 -0.0384808 -0.0201644 -0.0375 0.0388604 -0.0201644 0.0425 0.0388604 -0.0195864 -0.0375 -0.0391549 -0.0195864 0.0425 -0.0391549 -0.0192272 -0.0375 0.0390035 -0.0192272 0.0425 0.0390035 -0.0190591 -0.0375 -0.0399427 -0.0190591 0.0425 -0.0399427 -0.0189666 -0.0375 -0.0445127 -0.0189666 0.0425 -0.0445127 -0.0186899 -0.0375 -0.0408159 -0.0186899 0.0425 -0.0408159 -0.018633 -0.0375 -0.0436253 -0.018633 0.0425 -0.0436253 -0.0184922 -0.0375 -0.041743 -0.0184922 0.0425 -0.041743 -0.0184824 -0.0375 -0.0008063 -0.018473 -0.0375 -0.0426909 -0.018473 0.0425 -0.0426909 -0.0183339 -0.0375 0.0393208 -0.0183339 0.0425 0.0393208 -0.0182846 -0.0375 0.0028149 -0.0180926 -0.0375384 -0.0007893 -0.01797 -0.0375 -0.0043965 -0.0178989 -0.0375384 0.0027556 -0.0177178 -0.0376522 -0.0007729 -0.017591 -0.0375384 -0.0043038 -0.0175281 -0.0376522 0.0026985 -0.0175165 -0.0375 0.0398011 -0.0175165 0.0425 0.0398011 -0.0173841 -0.0375 0.006328 -0.0173723 -0.0378371 -0.0007579 -0.0173614 -0.0375 -0.0451629 -0.0173614 0.0425 -0.0451629 -0.0172265 -0.0376522 -0.0042147 -0.0171864 -0.0378371 0.0026459 -0.0170696 -0.0380858 -0.0007447 -0.0170174 -0.0375384 0.0061945 -0.0168907 -0.0378371 -0.0041325 -0.0168868 -0.0380858 0.0025998 -0.0168211 -0.0383889 -0.0007338 -0.0168045 -0.0375 0.040427 -0.0168045 0.0425 0.040427 -0.016767 -0.0375 -0.0078178 -0.0166649 -0.0376522 0.0060662 -0.016641 -0.0383889 0.0025619 -0.0166364 -0.0387346 -0.0007258 -0.0165963 -0.0380858 -0.0040605 -0.0165227 -0.0391098 -0.0007208 -0.0164843 -0.0425 -0.0007191 -0.0164843 -0.0395 -0.0007191 -0.0164583 -0.0387346 0.0025338 -0.0164133 -0.0375384 -0.007653 -0.0164009 0.0125 -0.0309194 -0.0164009 0.0425 -0.0309194 -0.0163547 -0.0383889 -0.0040013 -0.0163459 -0.0391098 0.0025165 -0.01634 -0.0378371 0.0059479 -0.0163079 -0.0425 0.0025106 -0.0163079 -0.0395 0.0025106 -0.0162234 -0.0375 0.041176 -0.0162234 0.0425 0.041176 -0.0161752 -0.0387346 -0.0039574 -0.0160733 -0.0376522 -0.0074944 -0.0160646 -0.0391098 -0.0039304 -0.0160552 -0.0380858 0.0058443 -0.0160273 -0.0425 -0.0039212 -0.0160273 -0.0395 -0.0039212 -0.0158215 -0.0383889 0.0057592 -0.0158155 -0.0375 0.0095979 -0.0158121 -0.0375 0.0457284 -0.0158121 0.0425 0.0457284 -0.0157942 -0.0375 0.0420213 -0.0157942 0.0425 0.0420213 -0.0157599 -0.0378371 -0.0073483 -0.0157339 -0.0375 -0.0457554 -0.0157339 0.0425 -0.0457554 -0.0156478 -0.0387346 0.005696 -0.0155413 -0.0375 0.0448199 -0.0155413 0.0425 0.0448199 -0.0155408 -0.0391098 0.005657 -0.0155322 -0.0375 0.0429324 -0.0155322 0.0425 0.0429324 -0.0155047 -0.0425 0.0056439 -0.0155047 -0.0395 0.0056439 -0.0154852 -0.0380858 -0.0072202 -0.015482 -0.0375384 0.0093954 -0.0154469 -0.0375 0.0438766 -0.0154469 0.0425 0.0438766 -0.0153252 -0.0225 -0.0054567 -0.0153252 0.0125 -0.0054567 -0.0152825 -0.0225 -0.0046737 -0.0152825 0.0125 -0.0046737 -0.0152598 -0.0383889 -0.0071151 -0.0152144 -0.0225 -0.0062329 -0.0152144 0.0125 -0.0062329 -0.0151612 -0.0376522 0.0092008 -0.0150923 -0.0387346 -0.007037 -0.0150878 -0.0225 -0.0039141 -0.0150878 0.0125 -0.0039141 -0.0149892 -0.0391098 -0.0069889 -0.0149543 -0.0425 -0.0069727 -0.0149543 -0.0395 -0.0069727 -0.0149543 -0.0225 -0.0069727 -0.0149543 0.0125 -0.0069727 -0.0149196 -0.0375 -0.0109387 -0.0148656 -0.0378371 0.0090214 -0.0147905 0.0125 0.0317213 -0.0147905 0.0425 0.0317213 -0.0147486 -0.0225 -0.0032071 -0.0147486 0.0125 -0.0032071 -0.0146065 -0.0380858 0.0088642 -0.0146049 -0.0375384 -0.010708 -0.0145549 -0.0225 -0.0076474 -0.0145549 0.0125 -0.0076474 -0.0143939 -0.0383889 0.0087351 -0.0143024 -0.0376522 -0.0104861 -0.014278 -0.0225 -0.0025799 -0.014278 0.0125 -0.0025799 -0.0142359 -0.0387346 0.0086392 -0.0142353 -0.0225 0.0069957 -0.0142353 0.0125 0.0069957 -0.0141926 -0.0225 0.0077787 -0.0141926 0.0125 0.0077787 -0.0141654 -0.0375 0.046265 -0.0141654 0.0425 0.046265 -0.0141386 -0.0391098 0.0085802 -0.0141245 -0.0225 0.0062195 -0.0141245 0.0125 0.0062195 -0.0141057 -0.0425 0.0085603 -0.0141057 -0.0395 0.0085603 -0.0140862 -0.0375 -0.0462892 -0.0140862 0.0425 -0.0462892 -0.0140315 -0.0225 -0.0082313 -0.0140315 0.0125 -0.0082313 -0.0140235 -0.0378371 -0.0102817 -0.0139979 -0.0225 0.0085383 -0.0139979 0.0125 0.0085383 -0.0138644 -0.0225 0.0054797 -0.0138644 0.0125 0.0054797 -0.0137791 -0.0380858 -0.0101025 -0.0137713 -0.0375 -0.045395 -0.0137713 0.0425 -0.045395 -0.0136942 -0.0225 -0.0020565 -0.0136942 0.0125 -0.0020565 -0.0136587 -0.0225 0.0092453 -0.0136587 0.0125 0.0092453 -0.0136392 -0.0375 0.0124989 -0.0135785 -0.0383889 -0.0099554 -0.013465 -0.0225 0.0048049 -0.013465 0.0125 0.0048049 -0.0134295 -0.0387346 -0.0098462 -0.0134043 -0.0225 -0.0087019 -0.0134043 0.0125 -0.0087019 -0.0133515 -0.0375384 0.0122353 -0.0133377 -0.0391098 -0.0097789 -0.0133067 -0.0425 -0.0097561 -0.0133067 -0.0395 -0.0097561 -0.0132932 -0.0375 -0.0445763 -0.0132932 0.0425 -0.0445763 -0.0131882 -0.0225 0.0098725 -0.0131882 0.0125 0.0098725 -0.0130749 -0.0376522 0.0119818 -0.0130194 -0.0225 -0.001657 -0.0130194 0.0125 -0.001657 -0.0129416 -0.0225 0.0042211 -0.0129416 0.0125 0.0042211 -0.0128276 -0.0425 -0.0053477 -0.0128276 -0.0225 -0.0053477 -0.01282 -0.0378371 0.0117482 -0.0128116 -0.0425 -0.0050541 -0.0128116 -0.0225 -0.0050541 -0.0127861 -0.0425 -0.0056388 -0.0127861 -0.0225 -0.0056388 -0.0127386 -0.0425 -0.0047692 -0.0127386 -0.0225 -0.0047692 -0.0126973 -0.0225 -0.009041 -0.0126973 0.0125 -0.009041 -0.0126885 -0.0425 -0.0059162 -0.0126885 -0.0225 -0.0059162 -0.0126692 -0.0375 -0.0438626 -0.0126692 0.0425 -0.0438626 -0.0126114 -0.0425 -0.0045041 -0.0126114 -0.0225 -0.0045041 -0.0126043 -0.0225 0.0103959 -0.0126043 0.0125 0.0103959 -0.0125965 -0.0380858 0.0115434 -0.0125387 -0.0425 -0.0061692 -0.0125387 -0.0225 -0.0061692 -0.0125005 -0.0375 0.0467423 -0.0125005 0.0425 0.0467423 -0.0124989 -0.0375 -0.0136392 -0.0124349 -0.0425 -0.0042689 -0.0124349 -0.0225 -0.0042689 -0.0124132 -0.0383889 0.0113754 -0.0123425 -0.0425 -0.0063882 -0.0123425 -0.0225 -0.0063882 -0.0123144 -0.0225 0.0037505 -0.0123144 0.0125 0.0037505 -0.0122796 -0.0225 -0.0013969 -0.0122796 0.0125 -0.0013969 -0.0122769 -0.0387346 0.0112505 -0.0122353 -0.0375384 -0.0133515 -0.012216 -0.0425 -0.0040726 -0.012216 -0.0225 -0.0040726 -0.012193 -0.0391098 0.0111736 -0.0121647 -0.0425 0.0111477 -0.0121647 -0.0395 0.0111477 -0.0121072 -0.0425 -0.0065647 -0.0121072 -0.0225 -0.0065647 -0.0119818 -0.0376522 -0.0130749 -0.0119629 -0.0425 -0.0039228 -0.0119629 -0.0225 -0.0039228 -0.0119377 -0.0225 -0.0092357 -0.0119377 0.0125 -0.0092357 -0.0119295 -0.0225 0.0107954 -0.0119295 0.0125 0.0107954 -0.0119217 -0.0375 -0.0432795 -0.0119217 0.0425 -0.0432795 -0.0118421 -0.0425 -0.0066918 -0.0118421 -0.0225 -0.0066918 -0.0117482 -0.0378371 -0.01282 -0.0117377 -0.0425 0.0071047 -0.0117377 -0.0225 0.0071047 -0.0117217 -0.0425 0.0073983 -0.0117217 -0.0225 0.0073983 -0.0116962 -0.0425 0.0068136 -0.0116962 -0.0225 0.0068136 -0.0116855 -0.0425 -0.0038253 -0.0116855 -0.0225 -0.0038253 -0.0116487 -0.0425 0.0076832 -0.0116487 -0.0225 0.0076832 -0.0116074 -0.0225 0.0034114 -0.0116074 0.0125 0.0034114 -0.0115986 -0.0425 0.0065362 -0.0115986 -0.0225 0.0065362 -0.0115573 -0.0425 -0.0067649 -0.0115573 -0.0225 -0.0067649 -0.0115434 -0.0380858 -0.0125965 -0.0115215 -0.0425 0.0079483 -0.0115215 -0.0225 0.0079483 -0.0115034 -0.0225 -0.0012861 -0.0115034 0.0125 -0.0012861 -0.0114488 -0.0425 0.0062832 -0.0114488 -0.0225 0.0062832 -0.0113944 -0.0425 -0.0037837 -0.0113944 -0.0225 -0.0037837 -0.0113754 -0.0383889 -0.0124132 -0.011345 -0.0425 0.0081835 -0.011345 -0.0225 0.0081835 -0.0112637 -0.0425 -0.0067809 -0.0112637 -0.0225 -0.0067809 -0.0112526 -0.0425 0.0060642 -0.0112526 -0.0225 0.0060642 -0.0112505 -0.0387346 -0.0122769 -0.0111897 -0.0225 0.0110555 -0.0111897 0.0125 0.0110555 -0.0111736 -0.0391098 -0.012193 -0.0111547 -0.0225 -0.0092785 -0.0111547 0.0125 -0.0092785 -0.0111477 -0.0425 -0.0121647 -0.0111477 -0.0395 -0.0121647 -0.0111261 -0.0425 0.0083798 -0.0111261 -0.0225 0.0083798 -0.0111008 -0.0425 -0.0037998 -0.0111008 -0.0225 -0.0037998 -0.0110776 -0.0375 -0.042848 -0.0110776 0.0425 -0.042848 -0.0110173 -0.0425 0.0058877 -0.0110173 -0.0225 0.0058877 -0.0109726 -0.0425 -0.0067393 -0.0109726 -0.0225 -0.0067393 -0.0109387 -0.0375 0.0149196 -0.010873 -0.0425 0.0085296 -0.010873 -0.0225 0.0085296 -0.0108478 -0.0225 0.0032166 -0.0108478 0.0125 0.0032166 -0.0108196 -0.0375 0.0471598 -0.0108196 0.0425 0.0471598 -0.010816 -0.0425 -0.0038728 -0.010816 -0.0225 -0.0038728 -0.0107522 -0.0425 0.0057606 -0.0107522 -0.0225 0.0057606 -0.0107204 -0.0225 -0.0013289 -0.0107204 0.0125 -0.0013289 -0.010708 -0.0375384 0.0146049 -0.0106952 -0.0425 -0.0066418 -0.0106952 -0.0225 -0.0066418 -0.0105956 -0.0425 0.0086271 -0.0105956 -0.0225 0.0086271 -0.0105678 -0.0375 0.0462458 -0.0105678 0.0425 0.0462458 -0.0105508 -0.0425 -0.004 -0.0105508 -0.0225 -0.004 -0.0104861 -0.0376522 0.0143024 -0.0104674 -0.0425 0.0056875 -0.0104674 -0.0225 0.0056875 -0.0104421 -0.0425 -0.006492 -0.0104421 -0.0225 -0.006492 -0.0104402 0.0125 -0.0334066 -0.0104402 0.0425 -0.0334066 -0.0104135 -0.0225 0.0111663 -0.0104135 0.0125 0.0111663 -0.0103784 -0.0225 -0.0091677 -0.0103784 0.0125 -0.0091677 -0.0103156 -0.0425 -0.0041764 -0.0103156 -0.0225 -0.0041764 -0.0103045 -0.0425 0.0086686 -0.0103045 -0.0225 0.0086686 -0.0102817 -0.0378371 0.0140235 -0.0102232 -0.0425 -0.0062957 -0.0102232 -0.0225 -0.0062957 -0.0101738 -0.0425 0.0056715 -0.0101738 -0.0225 0.0056715 -0.0101673 -0.0375 -0.0425836 -0.0101673 0.0425 -0.0425836 -0.0101481 -0.0375 0.0453958 -0.0101481 0.0425 0.0453958 -0.0101193 -0.0425 -0.0043954 -0.0101193 -0.0225 -0.0043954 -0.0101025 -0.0380858 0.0137791 -0.0100648 -0.0225 0.0031739 -0.0100648 0.0125 0.0031739 -0.0100467 -0.0425 -0.0060605 -0.0100467 -0.0225 -0.0060605 -0.0100109 -0.0425 0.0086526 -0.0100109 -0.0225 0.0086526 -0.0099696 -0.0425 -0.0046484 -0.0099696 -0.0225 -0.0046484 -0.0099608 -0.0225 -0.0015236 -0.0099608 0.0125 -0.0015236 -0.0099554 -0.0383889 0.0135785 -0.0099195 -0.0425 -0.0057954 -0.0099195 -0.0225 -0.0057954 -0.0098827 -0.0425 0.005713 -0.0098827 -0.0225 0.005713 -0.009872 -0.0425 -0.0049258 -0.009872 -0.0225 -0.0049258 -0.0098465 -0.0425 -0.0055106 -0.0098465 -0.0225 -0.0055106 -0.0098462 -0.0387346 0.0134295 -0.0098305 -0.0425 -0.0052169 -0.0098305 -0.0225 -0.0052169 -0.0097789 -0.0391098 0.0133377 -0.0097561 -0.0425 0.0133067 -0.0097561 -0.0395 0.0133067 -0.0097261 -0.0425 0.0085796 -0.0097261 -0.0225 0.0085796 -0.0096387 -0.0225 -0.0089076 -0.0096387 0.0125 -0.0089076 -0.0096305 -0.0225 0.0111235 -0.0096305 0.0125 0.0111235 -0.0096053 -0.0425 0.0058106 -0.0096053 -0.0225 0.0058106 -0.0095979 -0.0375 -0.0158155 -0.0095755 -0.0375 0.0446402 -0.0095755 0.0425 0.0446402 -0.0094609 -0.0425 0.0084524 -0.0094609 -0.0225 0.0084524 -0.0093954 -0.0375384 -0.015482 -0.0093522 -0.0425 0.0059604 -0.0093522 -0.0225 0.0059604 -0.0092885 -0.0225 0.0032847 -0.0092885 0.0125 0.0032847 -0.0092538 -0.0225 -0.0018627 -0.0092538 0.0125 -0.0018627 -0.0092257 -0.0425 0.008276 -0.0092257 -0.0225 0.008276 -0.0092233 -0.0375 -0.0424957 -0.0092233 0.0425 -0.0424957 -0.0092008 -0.0376522 -0.0151612 -0.0091333 -0.0425 0.0061566 -0.0091333 -0.0225 0.0061566 -0.0090294 -0.0425 0.008057 -0.0090294 -0.0225 0.008057 -0.0090214 -0.0378371 -0.0148656 -0.0089639 -0.0225 -0.0085082 -0.0089639 0.0125 -0.0085082 -0.0089568 -0.0425 0.0063919 -0.0089568 -0.0225 0.0063919 -0.0088797 -0.0425 0.007804 -0.0088797 -0.0225 0.007804 -0.0088709 -0.0225 0.0109288 -0.0088709 0.0125 0.0109288 -0.0088705 -0.0375 0.0440064 -0.0088705 0.0425 0.0440064 -0.0088642 -0.0380858 -0.0146065 -0.0088296 -0.0425 0.006657 -0.0088296 -0.0225 0.006657 -0.0087821 -0.0425 0.0075265 -0.0087821 -0.0225 0.0075265 -0.0087566 -0.0425 0.0069418 -0.0087566 -0.0225 0.0069418 -0.0087406 -0.0425 0.0072354 -0.0087406 -0.0225 0.0072354 -0.0087351 -0.0383889 -0.0143939 -0.0087099 0.0125 0.0338989 -0.0087099 0.0425 0.0338989 -0.0086392 -0.0387346 -0.0142359 -0.0086266 -0.0225 -0.0023333 -0.0086266 0.0125 -0.0023333 -0.0085802 -0.0391098 -0.0141386 -0.0085603 -0.0425 -0.0141057 -0.0085603 -0.0395 -0.0141057 -0.0085488 -0.0225 0.0035448 -0.0085488 0.0125 0.0035448 -0.00838 -0.0225 -0.0079848 -0.00838 0.0125 -0.0079848 -0.0082798 -0.0375 -0.0425876 -0.0082798 0.0425 -0.0425876 -0.0081639 -0.0225 0.0105896 -0.0081639 0.0125 0.0105896 -0.0081032 -0.0225 -0.0029172 -0.0081032 0.0125 -0.0029172 -0.0080586 -0.0375 0.043517 -0.0080586 0.0425 0.043517 -0.0079488 -0.0425 -0.0084467 -0.0079488 -0.0275 -0.0084467 -0.0079263 -0.0425 -0.0080356 -0.0079263 -0.0275 -0.0080356 -0.0079095 -0.0225 -0.0073575 -0.0079095 0.0125 -0.0073575 -0.0078906 -0.0425 -0.0088542 -0.0078906 -0.0275 -0.0088542 -0.007874 -0.0225 0.0039442 -0.007874 0.0125 0.0039442 -0.0078241 -0.0425 -0.0076368 -0.0078241 -0.0275 -0.0076368 -0.0078178 -0.0375 0.016767 -0.0077541 -0.0425 -0.0092426 -0.0077541 -0.0275 -0.0092426 -0.0077037 -0.0225 -0.003592 -0.0077037 0.0125 -0.003592 -0.007653 -0.0375384 0.0164133 -0.0076461 -0.0425 -0.0072657 -0.0076461 -0.0275 -0.0072657 -0.0075703 -0.0225 -0.0066505 -0.0075703 0.0125 -0.0066505 -0.0075444 -0.0425 -0.0095968 -0.0075444 -0.0275 -0.0095968 -0.0075367 -0.0225 0.0101191 -0.0075367 0.0125 0.0101191 -0.0074944 -0.0376522 0.0160733 -0.0074436 -0.0225 -0.0043317 -0.0074436 0.0125 -0.0043317 -0.007399 -0.0425 -0.0069363 -0.007399 -0.0275 -0.0069363 -0.0073756 -0.0225 -0.005891 -0.0073756 0.0125 -0.005891 -0.0073705 -0.0375 -0.0428559 -0.0073705 0.0425 -0.0428559 -0.0073483 -0.0378371 0.0157599 -0.0073328 -0.0225 -0.005108 -0.0073328 0.0125 -0.005108 -0.0072901 -0.0225 0.0044676 -0.0072901 0.0125 0.0044676 -0.0072696 -0.0425 -0.0099034 -0.0072696 -0.0275 -0.0099034 -0.0072202 -0.0380858 0.0154852 -0.0071689 -0.0375 0.0431896 -0.0071689 0.0425 0.0431896 -0.0071151 -0.0383889 0.0152598 -0.0070925 -0.0425 -0.0066616 -0.0070925 -0.0275 -0.0066616 -0.007037 -0.0387346 0.0150923 -0.0070133 -0.0225 0.0095352 -0.0070133 0.0125 0.0095352 -0.0069889 -0.0391098 0.0149892 -0.0069727 -0.0425 0.0149543 -0.0069727 -0.0395 0.0149543 -0.0069403 -0.0425 -0.0101504 -0.0069403 -0.0275 -0.0101504 -0.0068196 -0.0225 0.0050949 -0.0068196 0.0125 0.0050949 -0.0067382 -0.0425 -0.0064519 -0.0067382 -0.0275 -0.0064519 -0.0066139 -0.0225 0.0088604 -0.0066139 0.0125 0.0088604 -0.0065691 -0.0425 -0.0103285 -0.0065691 -0.0275 -0.0103285 -0.0065283 -0.0375 -0.0432911 -0.0065283 0.0425 -0.0432911 -0.0064804 -0.0225 0.0058019 -0.0064804 0.0125 0.0058019 -0.0064084 -0.0425 0.009153 -0.0064084 -0.0275 0.009153 -0.0063859 -0.0425 0.009564 -0.0063859 -0.0275 0.009564 -0.0063537 -0.0225 0.0081207 -0.0063537 0.0125 0.0081207 -0.0063502 -0.0425 0.0087454 -0.0063502 -0.0275 0.0087454 -0.0063498 -0.0425 -0.0063153 -0.0063498 -0.0275 -0.0063153 -0.006328 -0.0375 -0.0173841 -0.0062857 -0.0225 0.0065614 -0.0062857 0.0125 0.0065614 -0.0062837 -0.0425 0.0099628 -0.0062837 -0.0275 0.0099628 -0.0062429 -0.0225 0.0073444 -0.0062429 0.0125 0.0073444 -0.0062334 -0.0375 0.043036 -0.0062334 0.0425 0.043036 -0.0062137 -0.0425 0.0083571 -0.0062137 -0.0275 0.0083571 -0.0061945 -0.0375384 -0.0170174 -0.0061703 -0.0425 -0.0104307 -0.0061703 -0.0275 -0.0104307 -0.0061057 -0.0425 0.010334 -0.0061057 -0.0275 0.010334 -0.0060662 -0.0376522 -0.0166649 -0.006004 -0.0425 0.0080028 -0.006004 -0.0275 0.0080028 -0.0059479 -0.0378371 -0.01634 -0.0059423 -0.0425 -0.0062571 -0.0059423 -0.0275 -0.0062571 -0.0058586 -0.0425 0.0106633 -0.0058586 -0.0275 0.0106633 -0.0058443 -0.0380858 -0.0160552 -0.0057833 -0.0375 -0.0438773 -0.0057833 0.0425 -0.0438773 -0.0057593 -0.0425 -0.0104531 -0.0057593 -0.0275 -0.0104531 -0.0057592 -0.0383889 -0.0158215 -0.0057292 -0.0425 0.0076963 -0.0057292 -0.0275 0.0076963 -0.005696 -0.0387346 -0.0156478 -0.005657 -0.0391098 -0.0155408 -0.0056439 -0.0425 -0.0155047 -0.0056439 -0.0395 -0.0155047 -0.0055521 -0.0425 0.0109381 -0.0055521 -0.0275 0.0109381 -0.0055312 -0.0425 -0.0062796 -0.0055312 -0.0275 -0.0062796 -0.0053999 -0.0425 0.0074492 -0.0053999 -0.0275 0.0074492 -0.0053517 -0.0425 -0.010395 -0.0053517 -0.0275 -0.010395 -0.0052858 -0.0375 0.0430618 -0.0052858 0.0425 0.0430618 -0.0051978 -0.0425 0.0111478 -0.0051978 -0.0275 0.0111478 -0.0051623 -0.0375 -0.0445937 -0.0051623 0.0425 -0.0445937 -0.0051325 -0.0425 -0.0063818 -0.0051325 -0.0275 -0.0063818 -0.0050861 -0.0225 -0.0126267 -0.0050861 0.0125 -0.0126267 -0.0050433 -0.0225 -0.0118438 -0.0050433 0.0125 -0.0118438 -0.0050287 -0.0425 0.0072712 -0.0050287 -0.0275 0.0072712 -0.0049753 -0.0225 -0.013403 -0.0049753 0.0125 -0.013403 -0.0049633 -0.0425 -0.0102584 -0.0049633 -0.0275 -0.0102584 -0.0048486 -0.0225 -0.0110842 -0.0048486 0.0125 -0.0110842 -0.0048094 -0.0425 0.0112843 -0.0048094 -0.0275 0.0112843 -0.0047613 -0.0425 -0.0065599 -0.0047613 -0.0275 -0.0065599 -0.0047152 -0.0225 -0.0141427 -0.0047152 0.0125 -0.0141427 -0.0046878 -0.0375 -0.0454144 -0.0046878 0.0425 -0.0454144 -0.0046299 -0.0425 0.0071689 -0.0046299 -0.0275 0.0071689 -0.0046091 -0.0425 -0.0100487 -0.0046091 -0.0275 -0.0100487 -0.0045095 -0.0225 -0.0103772 -0.0045095 0.0125 -0.0103772 -0.004432 -0.0425 -0.0068069 -0.004432 -0.0275 -0.0068069 -0.0044019 -0.0425 0.0113425 -0.0044019 -0.0275 0.0113425 -0.0043965 -0.0375 0.01797 -0.0043766 -0.0375 -0.0463099 -0.0043766 0.0425 -0.0463099 -0.00436 -0.0375 0.043266 -0.00436 0.0425 0.043266 -0.0043158 -0.0225 -0.0148175 -0.0043158 0.0125 -0.0148175 -0.0043038 -0.0375384 0.017591 -0.0043025 -0.0425 -0.0097739 -0.0043025 -0.0275 -0.0097739 -0.0042831 -0.0375 -0.0481951 -0.0042831 0.0425 -0.0481951 -0.0042401 -0.0375 -0.047248 -0.0042401 0.0425 -0.047248 -0.0042188 -0.0425 0.0071465 -0.0042188 -0.0275 0.0071465 -0.0042147 -0.0376522 0.0172265 -0.0041572 -0.0425 -0.0071135 -0.0041572 -0.0275 -0.0071135 -0.0041325 -0.0378371 0.0168907 -0.004124 0.0125 -0.0347562 -0.004124 0.0425 -0.0347562 -0.0040605 -0.0380858 0.0165963 -0.0040555 -0.0425 -0.0094446 -0.0040555 -0.0275 -0.0094446 -0.0040389 -0.0225 -0.0097499 -0.0040389 0.0125 -0.0097499 -0.0040013 -0.0383889 0.0163547 -0.0039908 -0.0425 0.01132 -0.0039908 -0.0275 0.01132 -0.0039574 -0.0387346 0.0161752 -0.0039475 -0.0425 -0.0074677 -0.0039475 -0.0275 -0.0074677 -0.0039304 -0.0391098 0.0160646 -0.0039212 -0.0425 0.0160273 -0.0039212 -0.0395 0.0160273 -0.0038774 -0.0425 -0.0090735 -0.0038774 -0.0275 -0.0090735 -0.0038113 -0.0425 0.0072047 -0.0038113 -0.0275 0.0072047 -0.0038109 -0.0425 -0.0078561 -0.0038109 -0.0275 -0.0078561 -0.0037924 -0.0225 -0.0154014 -0.0037924 0.0125 -0.0154014 -0.0037752 -0.0425 -0.0086747 -0.0037752 -0.0275 -0.0086747 -0.0037528 -0.0425 -0.0082636 -0.0037528 -0.0275 -0.0082636 -0.0035921 -0.0425 0.0112178 -0.0035921 -0.0275 0.0112178 -0.0034894 -0.0375 0.0436412 -0.0034894 0.0425 0.0436412 -0.003455 -0.0225 -0.0092265 -0.003455 0.0125 -0.0092265 -0.0034229 -0.0425 0.0073412 -0.0034229 -0.0275 0.0073412 -0.0032209 -0.0425 0.0110398 -0.0032209 -0.0275 0.0110398 -0.0031651 -0.0225 -0.015872 -0.0031651 0.0125 -0.015872 -0.0030687 -0.0425 0.0075509 -0.0030687 -0.0275 0.0075509 -0.0029063 -0.0225 0.0122781 -0.0029063 0.0125 0.0122781 -0.0028916 -0.0425 0.0107927 -0.0028916 -0.0275 0.0107927 -0.0028635 -0.0225 0.013061 -0.0028635 0.0125 0.013061 -0.0028149 -0.0375 -0.0182846 -0.0027955 -0.0225 0.0115018 -0.0027955 0.0125 0.0115018 -0.0027802 -0.0225 -0.0088271 -0.0027802 0.0125 -0.0088271 -0.0027621 -0.0425 0.0078257 -0.0027621 -0.0275 0.0078257 -0.0027556 -0.0375384 -0.0178989 -0.0027053 -0.0375 0.0441741 -0.0027053 0.0425 0.0441741 -0.0026985 -0.0376522 -0.0175281 -0.0026688 -0.0225 0.0138206 -0.0026688 0.0125 0.0138206 -0.0026459 -0.0378371 -0.0171864 -0.0026168 -0.0425 0.0104862 -0.0026168 -0.0275 0.0104862 -0.0025998 -0.0380858 -0.0168868 -0.0025885 -0.0425 -0.0125178 -0.0025885 -0.0225 -0.0125178 -0.0025724 -0.0425 -0.0122242 -0.0025724 -0.0225 -0.0122242 -0.0025619 -0.0383889 -0.016641 -0.0025555 -0.0375 -0.0483175 -0.0025555 0.0425 -0.0483175 -0.0025469 -0.0425 -0.0128089 -0.0025469 -0.0225 -0.0128089 -0.0025354 -0.0225 0.0107621 -0.0025354 0.0125 0.0107621 -0.0025338 -0.0387346 -0.0164583 -0.0025165 -0.0391098 -0.0163459 -0.0025151 -0.0425 0.008155 -0.0025151 -0.0275 0.008155 -0.0025106 -0.0425 -0.0163079 -0.0025106 -0.0395 -0.0163079 -0.0024994 -0.0425 -0.0119393 -0.0024994 -0.0225 -0.0119393 -0.0024581 -0.0225 -0.0162111 -0.0024581 0.0125 -0.0162111 -0.0024494 -0.0425 -0.0130863 -0.0024494 -0.0225 -0.0130863 -0.0024071 -0.0425 0.0101319 -0.0024071 -0.0275 0.0101319 -0.0023722 -0.0425 -0.0116742 -0.0023722 -0.0225 -0.0116742 -0.002337 -0.0425 0.0085262 -0.002337 -0.0275 0.0085262 -0.0023327 0.0125 0.0349222 -0.0023327 0.0425 0.0349222 -0.0023297 -0.0225 0.0145276 -0.0023297 0.0125 0.0145276 -0.0022996 -0.0425 -0.0133393 -0.0022996 -0.0225 -0.0133393 -0.0022705 -0.0425 0.0097436 -0.0022705 -0.0275 0.0097436 -0.0022348 -0.0425 0.008925 -0.0022348 -0.0275 0.008925 -0.0022124 -0.0425 0.009336 -0.0022124 -0.0275 0.009336 -0.0021958 -0.0425 -0.011439 -0.0021958 -0.0225 -0.011439 -0.002136 -0.0225 0.0100873 -0.002136 0.0125 0.0100873 -0.0021033 -0.0425 -0.0135583 -0.0021033 -0.0225 -0.0135583 -0.0020405 -0.0225 -0.008567 -0.0020405 0.0125 -0.008567 -0.0020359 -0.0375 0.0448453 -0.0020359 0.0425 0.0448453 -0.0019768 -0.0425 -0.0112427 -0.0019768 -0.0225 -0.0112427 -0.0018681 -0.0425 -0.0137347 -0.0018681 -0.0225 -0.0137347 -0.0018591 -0.0225 0.0151549 -0.0018591 0.0125 0.0151549 -0.0017238 -0.0425 -0.0110929 -0.0017238 -0.0225 -0.0110929 -0.0016985 -0.0225 -0.0164058 -0.0016985 0.0125 -0.0164058 -0.0016126 -0.0225 0.0095034 -0.0016126 0.0125 0.0095034 -0.001603 -0.0425 -0.0138619 -0.001603 -0.0225 -0.0138619 -0.0015051 -0.0375 0.0456309 -0.0015051 0.0425 0.0456309 -0.0014464 -0.0425 -0.0109954 -0.0014464 -0.0225 -0.0109954 -0.0013181 -0.0425 -0.0139349 -0.0013181 -0.0225 -0.0139349 -0.0012752 -0.0225 0.0156783 -0.0012752 0.0125 0.0156783 -0.0012642 -0.0225 -0.0084562 -0.0012642 0.0125 -0.0084562 -0.0011553 -0.0425 -0.0109538 -0.0011553 -0.0225 -0.0109538 -0.0011322 -0.0375 0.0465025 -0.0011322 0.0425 0.0465025 -0.0010245 -0.0425 -0.013951 -0.0010245 -0.0225 -0.013951 -0.0009853 -0.0225 0.0090328 -0.0009853 0.0125 0.0090328 -0.0009306 -0.0375 0.0474288 -0.0009306 0.0425 0.0474288 -0.0009156 -0.0225 -0.0164486 -0.0009156 0.0125 -0.0164486 -0.0009073 -0.0375 0.0483765 -0.0009073 0.0425 0.0483765 -0.0008617 -0.0425 -0.0109699 -0.0008617 -0.0225 -0.0109699 -0.0008246 -0.0375 -0.048378 -0.0008246 0.0425 -0.048378 -0.0008063 -0.0375 0.0184824 -0.0007893 -0.0375384 0.0180926 -0.0007729 -0.0376522 0.0177178 -0.0007579 -0.0378371 0.0173723 -0.0007447 -0.0380858 0.0170696 -0.0007338 -0.0383889 0.0168211 -0.0007334 -0.0425 -0.0139094 -0.0007334 -0.0225 -0.0139094 -0.0007258 -0.0387346 0.0166364 -0.0007208 -0.0391098 0.0165227 -0.0007191 -0.0425 0.0164843 -0.0007191 -0.0395 0.0164843 -0.0006005 -0.0225 0.0160777 -0.0006005 0.0125 0.0160777 -0.0005768 -0.0425 -0.0110429 -0.0005768 -0.0225 -0.0110429 -0.0004813 -0.0225 -0.008499 -0.0004813 0.0125 -0.008499 -0.000456 -0.0425 -0.0138119 -0.000456 -0.0225 -0.0138119 -0.0004087 -0.0425 0.012387 -0.0004087 -0.0225 0.012387 -0.0003926 -0.0425 0.0126806 -0.0003926 -0.0225 0.0126806 -0.0003671 -0.0425 0.0120959 -0.0003671 -0.0225 0.0120959 -0.0003196 -0.0425 0.0129655 -0.0003196 -0.0225 0.0129655 -0.0003117 -0.0425 -0.0111701 -0.0003117 -0.0225 -0.0111701 -0.0002783 -0.0225 0.0086937 -0.0002783 0.0125 0.0086937 -0.0002696 -0.0425 0.0118185 -0.0002696 -0.0225 0.0118185 -0.000203 -0.0425 -0.0136621 -0.000203 -0.0225 -0.0136621 -0.0001924 -0.0425 0.0132306 -0.0001924 -0.0225 0.0132306 -0.0001393 -0.0225 -0.0163378 -0.0001393 0.0125 -0.0163378 -0.0001198 -0.0425 0.0115655 -0.0001198 -0.0225 0.0115655 -7.65e-05 -0.0425 -0.0113465 -7.65e-05 -0.0225 -0.0113465 -1.6e-05 -0.0425 0.0134658 -1.6e-05 -0.0225 0.0134658 1.6e-05 -0.0425 -0.0134658 1.6e-05 -0.0225 -0.0134658 7.65e-05 -0.0425 0.0113465 7.65e-05 -0.0225 0.0113465 0.0001198 -0.0425 -0.0115655 0.0001198 -0.0225 -0.0115655 0.0001393 -0.0225 0.0163378 0.0001393 0.0125 0.0163378 0.0001924 -0.0425 -0.0132306 0.0001924 -0.0225 -0.0132306 0.000203 -0.0425 0.0136621 0.000203 -0.0225 0.0136621 0.0002696 -0.0425 -0.0118185 0.0002696 -0.0225 -0.0118185 0.0002783 -0.0225 -0.0086937 0.0002783 0.0125 -0.0086937 0.0003117 -0.0425 0.0111701 0.0003117 -0.0225 0.0111701 0.0003196 -0.0425 -0.0129655 0.0003196 -0.0225 -0.0129655 0.0003671 -0.0425 -0.0120959 0.0003671 -0.0225 -0.0120959 0.0003926 -0.0425 -0.0126806 0.0003926 -0.0225 -0.0126806 0.0004087 -0.0425 -0.012387 0.0004087 -0.0225 -0.012387 0.000456 -0.0425 0.0138119 0.000456 -0.0225 0.0138119 0.0004813 -0.0225 0.008499 0.0004813 0.0125 0.008499 0.0005768 -0.0425 0.0110429 0.0005768 -0.0225 0.0110429 0.0006005 -0.0225 -0.0160777 0.0006005 0.0125 -0.0160777 0.0007191 -0.0425 -0.0164843 0.0007191 -0.0395 -0.0164843 0.0007208 -0.0391098 -0.0165227 0.0007258 -0.0387346 -0.0166364 0.0007334 -0.0425 0.0139094 0.0007334 -0.0225 0.0139094 0.0007338 -0.0383889 -0.0168211 0.0007447 -0.0380858 -0.0170696 0.0007579 -0.0378371 -0.0173723 0.0007729 -0.0376522 -0.0177178 0.0007893 -0.0375384 -0.0180926 0.0008063 -0.0375 -0.0184824 0.0008246 -0.0375 0.048378 0.0008246 0.0425 0.048378 0.0008617 -0.0425 0.0109699 0.0008617 -0.0225 0.0109699 0.0009073 -0.0375 -0.0483765 0.0009073 0.0425 -0.0483765 0.0009156 -0.0225 0.0164486 0.0009156 0.0125 0.0164486 0.0009306 -0.0375 -0.0474288 0.0009306 0.0425 -0.0474288 0.0009853 -0.0225 -0.0090328 0.0009853 0.0125 -0.0090328 0.0010245 -0.0425 0.013951 0.0010245 -0.0225 0.013951 0.0011322 -0.0375 -0.0465025 0.0011322 0.0425 -0.0465025 0.0011553 -0.0425 0.0109538 0.0011553 -0.0225 0.0109538 0.0012642 -0.0225 0.0084562 0.0012642 0.0125 0.0084562 0.0012752 -0.0225 -0.0156783 0.0012752 0.0125 -0.0156783 0.0013181 -0.0425 0.0139349 0.0013181 -0.0225 0.0139349 0.0014464 -0.0425 0.0109954 0.0014464 -0.0225 0.0109954 0.0015051 -0.0375 -0.0456309 0.0015051 0.0425 -0.0456309 0.001603 -0.0425 0.0138619 0.001603 -0.0225 0.0138619 0.0016126 -0.0225 -0.0095034 0.0016126 0.0125 -0.0095034 0.0016985 -0.0225 0.0164058 0.0016985 0.0125 0.0164058 0.0017238 -0.0425 0.0110929 0.0017238 -0.0225 0.0110929 0.0018591 -0.0225 -0.0151549 0.0018591 0.0125 -0.0151549 0.0018681 -0.0425 0.0137347 0.0018681 -0.0225 0.0137347 0.0019768 -0.0425 0.0112427 0.0019768 -0.0225 0.0112427 0.0020359 -0.0375 -0.0448453 0.0020359 0.0425 -0.0448453 0.0020405 -0.0225 0.008567 0.0020405 0.0125 0.008567 0.0021033 -0.0425 0.0135583 0.0021033 -0.0225 0.0135583 0.002136 -0.0225 -0.0100873 0.002136 0.0125 -0.0100873 0.0021958 -0.0425 0.011439 0.0021958 -0.0225 0.011439 0.0022996 -0.0425 0.0133393 0.0022996 -0.0225 0.0133393 0.0023297 -0.0225 -0.0145276 0.0023297 0.0125 -0.0145276 0.0023327 0.0125 -0.0349222 0.0023327 0.0425 -0.0349222 0.0023722 -0.0425 0.0116742 0.0023722 -0.0225 0.0116742 0.0024494 -0.0425 0.0130863 0.0024494 -0.0225 0.0130863 0.0024581 -0.0225 0.0162111 0.0024581 0.0125 0.0162111 0.0024994 -0.0425 0.0119393 0.0024994 -0.0225 0.0119393 0.0025106 -0.0425 0.0163079 0.0025106 -0.0395 0.0163079 0.0025165 -0.0391098 0.0163459 0.0025338 -0.0387346 0.0164583 0.0025354 -0.0225 -0.0107621 0.0025354 0.0125 -0.0107621 0.0025469 -0.0425 0.0128089 0.0025469 -0.0225 0.0128089 0.0025555 -0.0375 0.0483175 0.0025555 0.0425 0.0483175 0.0025619 -0.0383889 0.016641 0.0025724 -0.0425 0.0122242 0.0025724 -0.0225 0.0122242 0.0025885 -0.0425 0.0125178 0.0025885 -0.0225 0.0125178 0.0025998 -0.0380858 0.0168868 0.0026459 -0.0378371 0.0171864 0.0026688 -0.0225 -0.0138206 0.0026688 0.0125 -0.0138206 0.0026985 -0.0376522 0.0175281 0.0027053 -0.0375 -0.0441741 0.0027053 0.0425 -0.0441741 0.0027556 -0.0375384 0.0178989 0.0027802 -0.0225 0.0088271 0.0027802 0.0125 0.0088271 0.0027955 -0.0225 -0.0115018 0.0027955 0.0125 -0.0115018 0.0028149 -0.0375 0.0182846 0.0028635 -0.0225 -0.013061 0.0028635 0.0125 -0.013061 0.0029063 -0.0225 -0.0122781 0.0029063 0.0125 -0.0122781 0.0031651 -0.0225 0.015872 0.0031651 0.0125 0.015872 0.003455 -0.0225 0.0092265 0.003455 0.0125 0.0092265 0.0034894 -0.0375 -0.0436412 0.0034894 0.0425 -0.0436412 0.0037924 -0.0225 0.0154014 0.0037924 0.0125 0.0154014 0.0039212 -0.0425 -0.0160273 0.0039212 -0.0395 -0.0160273 0.0039304 -0.0391098 -0.0160646 0.0039574 -0.0387346 -0.0161752 0.0040013 -0.0383889 -0.0163547 0.0040389 -0.0225 0.0097499 0.0040389 0.0125 0.0097499 0.0040605 -0.0380858 -0.0165963 0.004124 0.0125 0.0347562 0.004124 0.0425 0.0347562 0.0041325 -0.0378371 -0.0168907 0.0042147 -0.0376522 -0.0172265 0.0042401 -0.0375 0.047248 0.0042401 0.0425 0.047248 0.0042831 -0.0375 0.0481951 0.0042831 0.0425 0.0481951 0.0043038 -0.0375384 -0.017591 0.0043158 -0.0225 0.0148175 0.0043158 0.0125 0.0148175 0.00436 -0.0375 -0.043266 0.00436 0.0425 -0.043266 0.0043766 -0.0375 0.0463099 0.0043766 0.0425 0.0463099 0.0043965 -0.0375 -0.01797 0.0045095 -0.0225 0.0103772 0.0045095 0.0125 0.0103772 0.0046878 -0.0375 0.0454144 0.0046878 0.0425 0.0454144 0.0047152 -0.0225 0.0141427 0.0047152 0.0125 0.0141427 0.0048486 -0.0225 0.0110842 0.0048486 0.0125 0.0110842 0.0049753 -0.0225 0.013403 0.0049753 0.0125 0.013403 0.0050433 -0.0225 0.0118438 0.0050433 0.0125 0.0118438 0.0050861 -0.0225 0.0126267 0.0050861 0.0125 0.0126267 0.0051623 -0.0375 0.0445937 0.0051623 0.0425 0.0445937 0.0052858 -0.0375 -0.0430618 0.0052858 0.0425 -0.0430618 0.0056439 -0.0425 0.0155047 0.0056439 -0.0395 0.0155047 0.005657 -0.0391098 0.0155408 0.005696 -0.0387346 0.0156478 0.0057592 -0.0383889 0.0158215 0.0057833 -0.0375 0.0438773 0.0057833 0.0425 0.0438773 0.0058443 -0.0380858 0.0160552 0.0059479 -0.0378371 0.01634 0.0060662 -0.0376522 0.0166649 0.0061945 -0.0375384 0.0170174 0.0062334 -0.0375 -0.043036 0.0062334 0.0425 -0.043036 0.0062429 -0.0225 -0.0073444 0.0062429 0.0125 -0.0073444 0.0062857 -0.0225 -0.0065614 0.0062857 0.0125 -0.0065614 0.006328 -0.0375 0.0173841 0.0063537 -0.0225 -0.0081207 0.0063537 0.0125 -0.0081207 0.0064804 -0.0225 -0.0058019 0.0064804 0.0125 -0.0058019 0.0065283 -0.0375 0.0432911 0.0065283 0.0425 0.0432911 0.0066139 -0.0225 -0.0088604 0.0066139 0.0125 -0.0088604 0.0068196 -0.0225 -0.0050949 0.0068196 0.0125 -0.0050949 0.0069727 -0.0425 -0.0149543 0.0069727 -0.0395 -0.0149543 0.0069889 -0.0391098 -0.0149892 0.0070133 -0.0225 -0.0095352 0.0070133 0.0125 -0.0095352 0.007037 -0.0387346 -0.0150923 0.0071151 -0.0383889 -0.0152598 0.0071689 -0.0375 -0.0431896 0.0071689 0.0425 -0.0431896 0.0072202 -0.0380858 -0.0154852 0.0072901 -0.0225 -0.0044676 0.0072901 0.0125 -0.0044676 0.0073328 -0.0225 0.005108 0.0073328 0.0125 0.005108 0.0073483 -0.0378371 -0.0157599 0.0073705 -0.0375 0.0428559 0.0073705 0.0425 0.0428559 0.0073756 -0.0225 0.005891 0.0073756 0.0125 0.005891 0.0074436 -0.0225 0.0043317 0.0074436 0.0125 0.0043317 0.0074944 -0.0376522 -0.0160733 0.0075367 -0.0225 -0.0101191 0.0075367 0.0125 -0.0101191 0.0075703 -0.0225 0.0066505 0.0075703 0.0125 0.0066505 0.007653 -0.0375384 -0.0164133 0.0077037 -0.0225 0.003592 0.0077037 0.0125 0.003592 0.0078178 -0.0375 -0.016767 0.007874 -0.0225 -0.0039442 0.007874 0.0125 -0.0039442 0.0079095 -0.0225 0.0073575 0.0079095 0.0125 0.0073575 0.0080586 -0.0375 -0.043517 0.0080586 0.0425 -0.043517 0.0080631 -0.0425 -0.0009809 0.0080631 -0.0275 -0.0009809 0.0080856 -0.0425 -0.0005698 0.0080856 -0.0275 -0.0005698 0.0081032 -0.0225 0.0029172 0.0081032 0.0125 0.0029172 0.0081213 -0.0425 -0.0013884 0.0081213 -0.0275 -0.0013884 0.0081639 -0.0225 -0.0105896 0.0081639 0.0125 -0.0105896 0.0081878 -0.0425 -0.000171 0.0081878 -0.0275 -0.000171 0.0082579 -0.0425 -0.0017768 0.0082579 -0.0275 -0.0017768 0.0082798 -0.0375 0.0425876 0.0082798 0.0425 0.0425876 0.0083659 -0.0425 0.0002001 0.0083659 -0.0275 0.0002001 0.00838 -0.0225 0.0079848 0.00838 0.0125 0.0079848 0.0084676 -0.0425 -0.002131 0.0084676 -0.0275 -0.002131 0.0085488 -0.0225 -0.0035448 0.0085488 0.0125 -0.0035448 0.0085603 -0.0425 0.0141057 0.0085603 -0.0395 0.0141057 0.0085802 -0.0391098 0.0141386 0.0086129 -0.0425 0.0005294 0.0086129 -0.0275 0.0005294 0.0086266 -0.0225 0.0023333 0.0086266 0.0125 0.0023333 0.0086392 -0.0387346 0.0142359 0.0087099 0.0125 -0.0338989 0.0087099 0.0425 -0.0338989 0.0087351 -0.0383889 0.0143939 0.0087406 -0.0425 -0.0072354 0.0087406 -0.0225 -0.0072354 0.0087424 -0.0425 -0.0024376 0.0087424 -0.0275 -0.0024376 0.0087566 -0.0425 -0.0069418 0.0087566 -0.0225 -0.0069418 0.0087821 -0.0425 -0.0075265 0.0087821 -0.0225 -0.0075265 0.0088296 -0.0425 -0.006657 0.0088296 -0.0225 -0.006657 0.0088642 -0.0380858 0.0146065 0.0088705 -0.0375 -0.0440064 0.0088705 0.0425 -0.0440064 0.0088709 -0.0225 -0.0109288 0.0088709 0.0125 -0.0109288 0.0088797 -0.0425 -0.007804 0.0088797 -0.0225 -0.007804 0.0089195 -0.0425 0.0008042 0.0089195 -0.0275 0.0008042 0.0089568 -0.0425 -0.0063919 0.0089568 -0.0225 -0.0063919 0.0089639 -0.0225 0.0085082 0.0089639 0.0125 0.0085082 0.0090214 -0.0378371 0.0148656 0.0090294 -0.0425 -0.008057 0.0090294 -0.0225 -0.008057 0.0090717 -0.0425 -0.0026846 0.0090717 -0.0275 -0.0026846 0.0091333 -0.0425 -0.0061566 0.0091333 -0.0225 -0.0061566 0.0092008 -0.0376522 0.0151612 0.0092233 -0.0375 0.0424957 0.0092233 0.0425 0.0424957 0.0092257 -0.0425 -0.008276 0.0092257 -0.0225 -0.008276 0.0092538 -0.0225 0.0018627 0.0092538 0.0125 0.0018627 0.0092737 -0.0425 0.0010139 0.0092737 -0.0275 0.0010139 0.0092885 -0.0225 -0.0032847 0.0092885 0.0125 -0.0032847 0.0093522 -0.0425 -0.0059604 0.0093522 -0.0225 -0.0059604 0.0093954 -0.0375384 0.015482 0.0094428 -0.0425 -0.0028627 0.0094428 -0.0275 -0.0028627 0.0094609 -0.0425 -0.0084524 0.0094609 -0.0225 -0.0084524 0.0095755 -0.0375 -0.0446402 0.0095755 0.0425 -0.0446402 0.0095979 -0.0375 0.0158155 0.0096053 -0.0425 -0.0058106 0.0096053 -0.0225 -0.0058106 0.0096305 -0.0225 -0.0111235 0.0096305 0.0125 -0.0111235 0.0096387 -0.0225 0.0089076 0.0096387 0.0125 0.0089076 0.0096621 -0.0425 0.0011505 0.0096621 -0.0275 0.0011505 0.0097261 -0.0425 -0.0085796 0.0097261 -0.0225 -0.0085796 0.0097561 -0.0425 -0.0133067 0.0097561 -0.0395 -0.0133067 0.0097789 -0.0391098 -0.0133377 0.0098305 -0.0425 0.0052169 0.0098305 -0.0225 0.0052169 0.0098416 -0.0425 -0.0029649 0.0098416 -0.0275 -0.0029649 0.0098462 -0.0387346 -0.0134295 0.0098465 -0.0425 0.0055106 0.0098465 -0.0225 0.0055106 0.009872 -0.0425 0.0049258 0.009872 -0.0225 0.0049258 0.0098827 -0.0425 -0.005713 0.0098827 -0.0225 -0.005713 0.0099195 -0.0425 0.0057954 0.0099195 -0.0225 0.0057954 0.0099554 -0.0383889 -0.0135785 0.0099608 -0.0225 0.0015236 0.0099608 0.0125 0.0015236 0.0099696 -0.0425 0.0046484 0.0099696 -0.0225 0.0046484 0.0100109 -0.0425 -0.0086526 0.0100109 -0.0225 -0.0086526 0.0100467 -0.0425 0.0060605 0.0100467 -0.0225 0.0060605 0.0100648 -0.0225 -0.0031739 0.0100648 0.0125 -0.0031739 0.0100696 -0.0425 0.0012087 0.0100696 -0.0275 0.0012087 0.0101025 -0.0380858 -0.0137791 0.0101193 -0.0425 0.0043954 0.0101193 -0.0225 0.0043954 0.0101481 -0.0375 -0.0453958 0.0101481 0.0425 -0.0453958 0.0101673 -0.0375 0.0425836 0.0101673 0.0425 0.0425836 0.0101738 -0.0425 -0.0056715 0.0101738 -0.0225 -0.0056715 0.0102232 -0.0425 0.0062957 0.0102232 -0.0225 0.0062957 0.0102527 -0.0425 -0.0029874 0.0102527 -0.0275 -0.0029874 0.0102817 -0.0378371 -0.0140235 0.0103045 -0.0425 -0.0086686 0.0103045 -0.0225 -0.0086686 0.0103156 -0.0425 0.0041764 0.0103156 -0.0225 0.0041764 0.0103784 -0.0225 0.0091677 0.0103784 0.0125 0.0091677 0.0104135 -0.0225 -0.0111663 0.0104135 0.0125 -0.0111663 0.0104402 0.0125 0.0334066 0.0104402 0.0425 0.0334066 0.0104421 -0.0425 0.006492 0.0104421 -0.0225 0.006492 0.0104674 -0.0425 -0.0056875 0.0104674 -0.0225 -0.0056875 0.0104807 -0.0425 0.0011862 0.0104807 -0.0275 0.0011862 0.0104861 -0.0376522 -0.0143024 0.0105508 -0.0425 0.004 0.0105508 -0.0225 0.004 0.0105678 -0.0375 -0.0462458 0.0105678 0.0425 -0.0462458 0.0105956 -0.0425 -0.0086271 0.0105956 -0.0225 -0.0086271 0.0106602 -0.0425 -0.0029292 0.0106602 -0.0275 -0.0029292 0.0106952 -0.0425 0.0066418 0.0106952 -0.0225 0.0066418 0.010708 -0.0375384 -0.0146049 0.0107204 -0.0225 0.0013289 0.0107204 0.0125 0.0013289 0.0107522 -0.0425 -0.0057606 0.0107522 -0.0225 -0.0057606 0.010816 -0.0425 0.0038728 0.010816 -0.0225 0.0038728 0.0108196 -0.0375 -0.0471598 0.0108196 0.0425 -0.0471598 0.0108478 -0.0225 -0.0032166 0.0108478 0.0125 -0.0032166 0.010873 -0.0425 -0.0085296 0.010873 -0.0225 -0.0085296 0.0108795 -0.0425 0.001084 0.0108795 -0.0275 0.001084 0.0109387 -0.0375 -0.0149196 0.0109726 -0.0425 0.0067393 0.0109726 -0.0225 0.0067393 0.0110173 -0.0425 -0.0058877 0.0110173 -0.0225 -0.0058877 0.0110486 -0.0425 -0.0027926 0.0110486 -0.0275 -0.0027926 0.0110776 -0.0375 0.042848 0.0110776 0.0425 0.042848 0.0111008 -0.0425 0.0037998 0.0111008 -0.0225 0.0037998 0.0111261 -0.0425 -0.0083798 0.0111261 -0.0225 -0.0083798 0.0111477 -0.0425 0.0121647 0.0111477 -0.0395 0.0121647 0.0111547 -0.0225 0.0092785 0.0111547 0.0125 0.0092785 0.0111736 -0.0391098 0.012193 0.0111897 -0.0225 -0.0110555 0.0111897 0.0125 -0.0110555 0.0112505 -0.0387346 0.0122769 0.0112506 -0.0425 0.0009059 0.0112506 -0.0275 0.0009059 0.0112526 -0.0425 -0.0060642 0.0112526 -0.0225 -0.0060642 0.0112637 -0.0425 0.0067809 0.0112637 -0.0225 0.0067809 0.011345 -0.0425 -0.0081835 0.011345 -0.0225 -0.0081835 0.0113754 -0.0383889 0.0124132 0.0113944 -0.0425 0.0037837 0.0113944 -0.0225 0.0037837 0.0114028 -0.0425 -0.0025829 0.0114028 -0.0275 -0.0025829 0.0114488 -0.0425 -0.0062832 0.0114488 -0.0225 -0.0062832 0.0115034 -0.0225 0.0012861 0.0115034 0.0125 0.0012861 0.0115215 -0.0425 -0.0079483 0.0115215 -0.0225 -0.0079483 0.0115434 -0.0380858 0.0125965 0.0115573 -0.0425 0.0067649 0.0115573 -0.0225 0.0067649 0.0115799 -0.0425 0.0006589 0.0115799 -0.0275 0.0006589 0.0115986 -0.0425 -0.0065362 0.0115986 -0.0225 -0.0065362 0.0116074 -0.0225 -0.0034114 0.0116074 0.0125 -0.0034114 0.0116487 -0.0425 -0.0076832 0.0116487 -0.0225 -0.0076832 0.0116855 -0.0425 0.0038253 0.0116855 -0.0225 0.0038253 0.0116962 -0.0425 -0.0068136 0.0116962 -0.0225 -0.0068136 0.0117094 -0.0425 -0.0023081 0.0117094 -0.0275 -0.0023081 0.0117217 -0.0425 -0.0073983 0.0117217 -0.0225 -0.0073983 0.0117377 -0.0425 -0.0071047 0.0117377 -0.0225 -0.0071047 0.0117482 -0.0378371 0.01282 0.0118421 -0.0425 0.0066918 0.0118421 -0.0225 0.0066918 0.0118547 -0.0425 0.0003523 0.0118547 -0.0275 0.0003523 0.0119217 -0.0375 0.0432795 0.0119217 0.0425 0.0432795 0.0119295 -0.0225 -0.0107954 0.0119295 0.0125 -0.0107954 0.0119377 -0.0225 0.0092357 0.0119377 0.0125 0.0092357 0.0119564 -0.0425 -0.0019788 0.0119564 -0.0275 -0.0019788 0.0119629 -0.0425 0.0039228 0.0119629 -0.0225 0.0039228 0.0119818 -0.0376522 0.0130749 0.0120644 -0.0425 -1.9e-06 0.0120644 -0.0275 -1.9e-06 0.0121072 -0.0425 0.0065647 0.0121072 -0.0225 0.0065647 0.0121345 -0.0425 -0.0016077 0.0121345 -0.0275 -0.0016077 0.0121647 -0.0425 -0.0111477 0.0121647 -0.0395 -0.0111477 0.012193 -0.0391098 -0.0111736 0.012201 -0.0425 -0.0003903 0.012201 -0.0275 -0.0003903 0.012216 -0.0425 0.0040726 0.012216 -0.0225 0.0040726 0.0122353 -0.0375384 0.0133515 0.0122367 -0.0425 -0.0012089 0.0122367 -0.0275 -0.0012089 0.0122592 -0.0425 -0.0007978 0.0122592 -0.0275 -0.0007978 0.0122769 -0.0387346 -0.0112505 0.0122796 -0.0225 0.0013969 0.0122796 0.0125 0.0013969 0.0123144 -0.0225 -0.0037505 0.0123144 0.0125 -0.0037505 0.0123425 -0.0425 0.0063882 0.0123425 -0.0225 0.0063882 0.0124132 -0.0383889 -0.0113754 0.0124349 -0.0425 0.0042689 0.0124349 -0.0225 0.0042689 0.0124989 -0.0375 0.0136392 0.0125005 -0.0375 -0.0467423 0.0125005 0.0425 -0.0467423 0.0125387 -0.0425 0.0061692 0.0125387 -0.0225 0.0061692 0.0125965 -0.0380858 -0.0115434 0.0126043 -0.0225 -0.0103959 0.0126043 0.0125 -0.0103959 0.0126114 -0.0425 0.0045041 0.0126114 -0.0225 0.0045041 0.0126692 -0.0375 0.0438626 0.0126692 0.0425 0.0438626 0.0126885 -0.0425 0.0059162 0.0126885 -0.0225 0.0059162 0.0126973 -0.0225 0.009041 0.0126973 0.0125 0.009041 0.0127386 -0.0425 0.0047692 0.0127386 -0.0225 0.0047692 0.0127861 -0.0425 0.0056388 0.0127861 -0.0225 0.0056388 0.0128116 -0.0425 0.0050541 0.0128116 -0.0225 0.0050541 0.01282 -0.0378371 -0.0117482 0.0128276 -0.0425 0.0053477 0.0128276 -0.0225 0.0053477 0.0129416 -0.0225 -0.0042211 0.0129416 0.0125 -0.0042211 0.0130194 -0.0225 0.001657 0.0130194 0.0125 0.001657 0.0130749 -0.0376522 -0.0119818 0.0131882 -0.0225 -0.0098725 0.0131882 0.0125 -0.0098725 0.0132932 -0.0375 0.0445763 0.0132932 0.0425 0.0445763 0.0133067 -0.0425 0.0097561 0.0133067 -0.0395 0.0097561 0.0133377 -0.0391098 0.0097789 0.0133515 -0.0375384 -0.0122353 0.0134043 -0.0225 0.0087019 0.0134043 0.0125 0.0087019 0.0134295 -0.0387346 0.0098462 0.013465 -0.0225 -0.0048049 0.013465 0.0125 -0.0048049 0.0135785 -0.0383889 0.0099554 0.0136392 -0.0375 -0.0124989 0.0136587 -0.0225 -0.0092453 0.0136587 0.0125 -0.0092453 0.0136942 -0.0225 0.0020565 0.0136942 0.0125 0.0020565 0.0137713 -0.0375 0.045395 0.0137713 0.0425 0.045395 0.0137791 -0.0380858 0.0101025 0.0138644 -0.0225 -0.0054797 0.0138644 0.0125 -0.0054797 0.0139979 -0.0225 -0.0085383 0.0139979 0.0125 -0.0085383 0.0140235 -0.0378371 0.0102817 0.0140315 -0.0225 0.0082313 0.0140315 0.0125 0.0082313 0.0140862 -0.0375 0.0462892 0.0140862 0.0425 0.0462892 0.0141057 -0.0425 -0.0085603 0.0141057 -0.0395 -0.0085603 0.0141245 -0.0225 -0.0062195 0.0141245 0.0125 -0.0062195 0.0141386 -0.0391098 -0.0085802 0.0141654 -0.0375 -0.046265 0.0141654 0.0425 -0.046265 0.0141926 -0.0225 -0.0077787 0.0141926 0.0125 -0.0077787 0.0142353 -0.0225 -0.0069957 0.0142353 0.0125 -0.0069957 0.0142359 -0.0387346 -0.0086392 0.014278 -0.0225 0.0025799 0.014278 0.0125 0.0025799 0.0143024 -0.0376522 0.0104861 0.0143939 -0.0383889 -0.0087351 0.0145549 -0.0225 0.0076474 0.0145549 0.0125 0.0076474 0.0146049 -0.0375384 0.010708 0.0146065 -0.0380858 -0.0088642 0.0147486 -0.0225 0.0032071 0.0147486 0.0125 0.0032071 0.0147905 0.0125 -0.0317213 0.0147905 0.0425 -0.0317213 0.0148656 -0.0378371 -0.0090214 0.0149196 -0.0375 0.0109387 0.0149543 -0.0425 0.0069727 0.0149543 -0.0395 0.0069727 0.0149543 -0.0225 0.0069727 0.0149543 0.0125 0.0069727 0.0149892 -0.0391098 0.0069889 0.0150878 -0.0225 0.0039141 0.0150878 0.0125 0.0039141 0.0150923 -0.0387346 0.007037 0.0151612 -0.0376522 -0.0092008 0.0152144 -0.0225 0.0062329 0.0152144 0.0125 0.0062329 0.0152598 -0.0383889 0.0071151 0.0152825 -0.0225 0.0046737 0.0152825 0.0125 0.0046737 0.0153252 -0.0225 0.0054567 0.0153252 0.0125 0.0054567 0.0154469 -0.0375 -0.0438766 0.0154469 0.0425 -0.0438766 0.015482 -0.0375384 -0.0093954 0.0154852 -0.0380858 0.0072202 0.0155047 -0.0425 -0.0056439 0.0155047 -0.0395 -0.0056439 0.0155322 -0.0375 -0.0429324 0.0155322 0.0425 -0.0429324 0.0155408 -0.0391098 -0.005657 0.0155413 -0.0375 -0.0448199 0.0155413 0.0425 -0.0448199 0.0156478 -0.0387346 -0.005696 0.0157339 -0.0375 0.0457554 0.0157339 0.0425 0.0457554 0.0157599 -0.0378371 0.0073483 0.0157942 -0.0375 -0.0420213 0.0157942 0.0425 -0.0420213 0.0158121 -0.0375 -0.0457284 0.0158121 0.0425 -0.0457284 0.0158155 -0.0375 -0.0095979 0.0158215 -0.0383889 -0.0057592 0.0160273 -0.0425 0.0039212 0.0160273 -0.0395 0.0039212 0.0160552 -0.0380858 -0.0058443 0.0160646 -0.0391098 0.0039304 0.0160733 -0.0376522 0.0074944 0.0161752 -0.0387346 0.0039574 0.0162234 -0.0375 -0.041176 0.0162234 0.0425 -0.041176 0.0163079 -0.0425 -0.0025106 0.0163079 -0.0395 -0.0025106 0.01634 -0.0378371 -0.0059479 0.0163459 -0.0391098 -0.0025165 0.0163547 -0.0383889 0.0040013 0.0164009 0.0125 0.0309194 0.0164009 0.0425 0.0309194 0.0164133 -0.0375384 0.007653 0.0164583 -0.0387346 -0.0025338 0.0164843 -0.0425 0.0007191 0.0164843 -0.0395 0.0007191 0.0165227 -0.0391098 0.0007208 0.0165963 -0.0380858 0.0040605 0.0166364 -0.0387346 0.0007258 0.016641 -0.0383889 -0.0025619 0.0166649 -0.0376522 -0.0060662 0.016767 -0.0375 0.0078178 0.0168045 -0.0375 -0.040427 0.0168045 0.0425 -0.040427 0.0168211 -0.0383889 0.0007338 0.0168868 -0.0380858 -0.0025998 0.0168907 -0.0378371 0.0041325 0.0170174 -0.0375384 -0.0061945 0.0170696 -0.0380858 0.0007447 0.0171864 -0.0378371 -0.0026459 0.0172265 -0.0376522 0.0042147 0.0173614 -0.0375 0.0451629 0.0173614 0.0425 0.0451629 0.0173723 -0.0378371 0.0007579 0.0173841 -0.0375 -0.006328 0.0175165 -0.0375 -0.0398011 0.0175165 0.0425 -0.0398011 0.0175281 -0.0376522 -0.0026985 0.017591 -0.0375384 0.0043038 0.0177178 -0.0376522 0.0007729 0.0178989 -0.0375384 -0.0027556 0.01797 -0.0375 0.0043965 0.0180926 -0.0375384 0.0007893 0.0182846 -0.0375 -0.0028149 0.0183339 -0.0375 -0.0393208 0.0183339 0.0425 -0.0393208 0.018473 -0.0375 0.0426909 0.018473 0.0425 0.0426909 0.0184824 -0.0375 0.0008063 0.0184922 -0.0375 0.041743 0.0184922 0.0425 0.041743 0.018633 -0.0375 0.0436253 0.018633 0.0425 0.0436253 0.0186899 -0.0375 0.0408159 0.0186899 0.0425 0.0408159 0.0189666 -0.0375 0.0445127 0.0189666 0.0425 0.0445127 0.0190591 -0.0375 0.0399427 0.0190591 0.0425 0.0399427 0.0192272 -0.0375 -0.0390035 0.0192272 0.0425 -0.0390035 0.0195864 -0.0375 0.0391549 0.0195864 0.0425 0.0391549 0.0201644 -0.0375 -0.0388604 0.0201644 0.0425 -0.0388604 0.020253 -0.0375 0.0384808 0.020253 0.0425 0.0384808 0.0203674 0.0125 -0.0284634 0.0203674 0.0425 -0.0284634 0.0210348 -0.0375 0.0379446 0.0210348 0.0425 0.0379446 0.0211117 -0.0375 -0.0388968 0.0211117 0.0425 -0.0388968 0.0218031 0.0125 0.0273793 0.0218031 0.0425 0.0273793 0.0219038 -0.0375 0.0375657 0.0219038 0.0425 0.0375657 0.0220351 -0.0375 -0.0391114 0.0220351 0.0425 -0.0391114 0.0228287 -0.0375 0.0373575 0.0228287 0.0425 0.0373575 0.0229014 -0.0375 -0.0394964 0.0229014 0.0425 -0.0394964 0.0236795 -0.0375 -0.040038 0.0236795 0.0425 -0.040038 0.0237762 -0.0375 0.0373277 0.0237762 0.0425 0.0373277 0.0243413 -0.0375 -0.0407167 0.0243413 0.0425 -0.0407167 0.0247124 -0.0375 0.0374773 0.0247124 0.0425 0.0374773 0.0248632 -0.0375 -0.0415082 0.0248632 0.0425 -0.0415082 0.0252508 0.0125 -0.0242363 0.0252508 0.0425 -0.0242363 0.0256035 -0.0375 0.0378008 0.0256035 0.0425 0.0378008 0.0263328 -0.0375 -0.0405917 0.0263328 0.0425 -0.0405917 0.0264175 -0.0375 0.0382868 0.0264175 0.0425 0.0382868 0.0264627 0.0125 0.0229068 0.0264627 0.0425 0.0229068 0.0271251 -0.0375 0.0389176 0.0271251 0.0425 0.0389176 0.0277009 -0.0375 0.0396707 0.0277009 0.0425 0.0396707 0.0277687 -0.0375 -0.0396233 0.0277687 0.0425 -0.0396233 0.0280065 -0.0375 -0.035084 0.0280065 0.0425 -0.035084 0.0280388 -0.0375 -0.0360314 0.0280388 0.0425 -0.0360314 0.0281535 -0.0375 -0.0341474 0.0281535 0.0425 -0.0341474 0.0282495 -0.0375 -0.0369558 0.0282495 0.0425 -0.0369558 0.0284747 -0.0375 -0.0332555 0.0284747 0.0425 -0.0332555 0.0286308 -0.0375 -0.0378237 0.0286308 0.0425 -0.0378237 0.0289584 -0.0375 -0.0324402 0.0289584 0.0425 -0.0324402 0.029103 -0.0375 0.0386539 0.029103 0.0425 0.0386539 0.029169 -0.0375 -0.0386041 0.029169 0.0425 -0.0386041 0.0292743 0.0125 -0.0191838 0.0292743 0.0425 -0.0191838 0.0295874 -0.0375 -0.0317308 0.0295874 0.0425 -0.0317308 0.0302213 0.0125 0.0176543 0.0302213 0.0425 0.0176543 0.0303389 -0.0375 -0.031153 0.0303389 0.0425 -0.031153 0.0303879 -0.0375 0.0330427 0.0303879 0.0425 0.0330427 0.0304678 -0.0375 0.0375876 0.0304678 0.0425 0.0375876 0.0304692 -0.0375 0.0320982 0.0304692 0.0425 0.0320982 0.0304864 -0.0375 0.0339856 0.0304864 0.0425 0.0339856 0.0307273 -0.0375 0.031186 0.0307273 0.0425 0.031186 0.030761 -0.0375 0.034893 0.030761 0.0425 0.034893 0.031153 -0.0375 0.0303389 0.031153 0.0425 0.0303389 0.031186 -0.0375 -0.0307273 0.031186 0.0425 -0.0307273 0.031202 -0.0375 0.0357322 0.031202 0.0425 0.0357322 0.0317308 -0.0375 0.0295874 0.0317308 0.0425 0.0295874 0.0317935 -0.0375 0.036473 0.0317935 0.0425 0.036473 0.0320982 -0.0375 -0.0304692 0.0320982 0.0425 -0.0304692 0.0323008 0.0125 -0.013478 0.0323008 0.0425 -0.013478 0.0324402 -0.0375 0.0289584 0.0324402 0.0425 0.0289584 0.0329507 0.0125 0.0118005 0.0329507 0.0425 0.0118005 0.0330427 -0.0375 -0.0303879 0.0330427 0.0425 -0.0303879 0.0332555 -0.0375 0.0284747 0.0332555 0.0425 0.0284747 0.0339856 -0.0375 -0.0304864 0.0339856 0.0425 -0.0304864 0.0341474 -0.0375 0.0281535 0.0341474 0.0425 0.0281535 0.0342274 0.0125 -0.0073133 0.0342274 0.0425 -0.0073133 0.034558 0.0125 0.0055449 0.034558 0.0425 0.0055449 0.034893 -0.0375 -0.030761 0.034893 0.0425 -0.030761 0.0349884 0.0125 -0.0008995 0.0349884 0.0425 -0.0008995 0.035084 -0.0375 0.0280065 0.035084 0.0425 0.0280065 0.0357322 -0.0375 -0.031202 0.0357322 0.0425 -0.031202 0.0360314 -0.0375 0.0280388 0.0360314 0.0425 0.0280388 0.036473 -0.0375 -0.0317935 0.036473 0.0425 -0.0317935 0.0369558 -0.0375 0.0282495 0.0369558 0.0425 0.0282495 0.0373277 -0.0375 -0.0237762 0.0373277 0.0425 -0.0237762 0.0373575 -0.0375 -0.0228287 0.0373575 0.0425 -0.0228287 0.0374773 -0.0375 -0.0247124 0.0374773 0.0425 -0.0247124 0.0375657 -0.0375 -0.0219038 0.0375657 0.0425 -0.0219038 0.0375876 -0.0375 -0.0304678 0.0375876 0.0425 -0.0304678 0.0378008 -0.0375 -0.0256035 0.0378008 0.0425 -0.0256035 0.0378237 -0.0375 0.0286308 0.0378237 0.0425 0.0286308 0.0379446 -0.0375 -0.0210348 0.0379446 0.0425 -0.0210348 0.0382868 -0.0375 -0.0264175 0.0382868 0.0425 -0.0264175 0.0384808 -0.0375 -0.020253 0.0384808 0.0425 -0.020253 0.0386041 -0.0375 0.029169 0.0386041 0.0425 0.029169 0.0386539 -0.0375 -0.029103 0.0386539 0.0425 -0.029103 0.0388604 -0.0375 0.0201644 0.0388604 0.0425 0.0201644 0.0388968 -0.0375 0.0211117 0.0388968 0.0425 0.0211117 0.0389176 -0.0375 -0.0271251 0.0389176 0.0425 -0.0271251 0.0390035 -0.0375 0.0192272 0.0390035 0.0425 0.0192272 0.0391114 -0.0375 0.0220351 0.0391114 0.0425 0.0220351 0.0391549 -0.0375 -0.0195864 0.0391549 0.0425 -0.0195864 0.0393208 -0.0375 0.0183339 0.0393208 0.0425 0.0183339 0.0394964 -0.0375 0.0229014 0.0394964 0.0425 0.0229014 0.0396233 -0.0375 0.0277687 0.0396233 0.0425 0.0277687 0.0396707 -0.0375 -0.0277009 0.0396707 0.0425 -0.0277009 0.0398011 -0.0375 0.0175165 0.0398011 0.0425 0.0175165 0.0399427 -0.0375 -0.0190591 0.0399427 0.0425 -0.0190591 0.040038 -0.0375 0.0236795 0.040038 0.0425 0.0236795 0.040427 -0.0375 0.0168045 0.040427 0.0425 0.0168045 0.0405917 -0.0375 0.0263328 0.0405917 0.0425 0.0263328 0.0407167 -0.0375 0.0243413 0.0407167 0.0425 0.0243413 0.0408159 -0.0375 -0.0186899 0.0408159 0.0425 -0.0186899 0.041176 -0.0375 0.0162234 0.041176 0.0425 0.0162234 0.0415082 -0.0375 0.0248632 0.0415082 0.0425 0.0248632 0.041743 -0.0375 -0.0184922 0.041743 0.0425 -0.0184922 0.0420213 -0.0375 0.0157942 0.0420213 0.0425 0.0157942 0.0424957 -0.0375 -0.0092233 0.0424957 0.0425 -0.0092233 0.0425836 -0.0375 -0.0101673 0.0425836 0.0425 -0.0101673 0.0425876 -0.0375 -0.0082798 0.0425876 0.0425 -0.0082798 0.0426909 -0.0375 -0.018473 0.0426909 0.0425 -0.018473 0.042848 -0.0375 -0.0110776 0.042848 0.0425 -0.0110776 0.0428559 -0.0375 -0.0073705 0.0428559 0.0425 -0.0073705 0.0429324 -0.0375 0.0155322 0.0429324 0.0425 0.0155322 0.043036 -0.0375 0.0062334 0.043036 0.0425 0.0062334 0.0430618 -0.0375 0.0052858 0.0430618 0.0425 0.0052858 0.0431896 -0.0375 0.0071689 0.0431896 0.0425 0.0071689 0.043266 -0.0375 0.00436 0.043266 0.0425 0.00436 0.0432795 -0.0375 -0.0119217 0.0432795 0.0425 -0.0119217 0.0432911 -0.0375 -0.0065283 0.0432911 0.0425 -0.0065283 0.043517 -0.0375 0.0080586 0.043517 0.0425 0.0080586 0.0436253 -0.0375 -0.018633 0.0436253 0.0425 -0.018633 0.0436412 -0.0375 0.0034894 0.0436412 0.0425 0.0034894 0.0438626 -0.0375 -0.0126692 0.0438626 0.0425 -0.0126692 0.0438766 -0.0375 0.0154469 0.0438766 0.0425 0.0154469 0.0438773 -0.0375 -0.0057833 0.0438773 0.0425 -0.0057833 0.0440064 -0.0375 0.0088705 0.0440064 0.0425 0.0088705 0.0441741 -0.0375 0.0027053 0.0441741 0.0425 0.0027053 0.0445127 -0.0375 -0.0189666 0.0445127 0.0425 -0.0189666 0.0445763 -0.0375 -0.0132932 0.0445763 0.0425 -0.0132932 0.0445937 -0.0375 -0.0051623 0.0445937 0.0425 -0.0051623 0.0446402 -0.0375 0.0095755 0.0446402 0.0425 0.0095755 0.0448199 -0.0375 0.0155413 0.0448199 0.0425 0.0155413 0.0448453 -0.0375 0.0020359 0.0448453 0.0425 0.0020359 0.0451629 -0.0375 -0.0173614 0.0451629 0.0425 -0.0173614 0.045395 -0.0375 -0.0137713 0.045395 0.0425 -0.0137713 0.0453958 -0.0375 0.0101481 0.0453958 0.0425 0.0101481 0.0454144 -0.0375 -0.0046878 0.0454144 0.0425 -0.0046878 0.0456309 -0.0375 0.0015051 0.0456309 0.0425 0.0015051 0.0457284 -0.0375 0.0158121 0.0457284 0.0425 0.0158121 0.0457554 -0.0375 -0.0157339 0.0457554 0.0425 -0.0157339 0.0462458 -0.0375 0.0105678 0.0462458 0.0425 0.0105678 0.046265 -0.0375 0.0141654 0.046265 0.0425 0.0141654 0.0462892 -0.0375 -0.0140862 0.0462892 0.0425 -0.0140862 0.0463099 -0.0375 -0.0043766 0.0463099 0.0425 -0.0043766 0.0465025 -0.0375 0.0011322 0.0465025 0.0425 0.0011322 0.0467423 -0.0375 0.0125005 0.0467423 0.0425 0.0125005 0.0471598 -0.0375 0.0108196 0.0471598 0.0425 0.0108196 0.047248 -0.0375 -0.0042401 0.047248 0.0425 -0.0042401 0.0474288 -0.0375 0.0009306 0.0474288 0.0425 0.0009306 0.0481951 -0.0375 -0.0042831 0.0481951 0.0425 -0.0042831 0.0483175 -0.0375 -0.0025555 0.0483175 0.0425 -0.0025555 0.0483765 -0.0375 0.0009073 0.0483765 0.0425 0.0009073 0.048378 -0.0375 -0.0008246 0.048378 0.0425 -0.0008246</float_array>
   <technique_common><accessor source="#pa" count="2108" stride="3">
    <param name="X" type="float"/><param name="Y" type="float"/><param name="Z" type="float"/>
   </accessor></technique_common></source>
  <source id="n"><float_array id="na" count="12708">-0.331716 -2.18614e-16 0.943379 -0.331716 0 0.943379 -0.141298 -4.57952e-16 0.989967 -0.141298 0 0.989967 0.0545502 -1.84762e-15 0.998511 0.248302 -1.79242e-15 0.968683 0.0545502 -4.61876e-16 0.998511 0.248302 -4.48106e-16 0.968683 0.432511 -2.46865e-15 0.901628 0.432511 -4.17938e-16 0.901628 0.6001 -1.8502e-16 0.799925 0.744627 -1.54386e-16 0.667481 0.6001 -2.58907e-15 0.799925 0.744627 -1.38947e-15 0.667481 0.860538 -1.06092e-15 0.509386 0.860538 5.89096e-17 0.509386 0.943379 3.85789e-17 0.331716 0.943379 -1.15087e-16 0.331716 0.989967 -4.92953e-17 0.141298 0.989967 1.63408e-17 0.141298 0.998511 -6.42982e-18 -0.0545502 0.998511 1.26173e-17 -0.0545502 0.968683 5.67968e-17 -0.248302 0.968683 5.16882e-16 -0.248302 0.901628 9.00345e-16 -0.432511 0.901628 1.00038e-16 -0.432511 0.799925 1.39313e-16 -0.6001 0.799925 2.77602e-16 -0.6001 0.667481 3.45067e-16 -0.744627 0.667481 1.7223e-16 -0.744627 0.509386 1.99039e-16 -0.860538 0.509386 1.99039e-16 -0.860538 0.331716 2.182e-16 -0.943379 0.331716 3.273e-16 -0.943379 0.141298 3.4346e-16 -0.989967 0.141298 3.43464e-16 -0.989967 -0.0545502 3.46407e-16 -0.998511 -0.0545502 1.96309e-15 -0.998511 -0.248302 1.9043e-15 -0.968683 -0.248302 -1.12026e-16 -0.968683 -0.432511 2.08543e-16 -0.901628 -0.432511 -1.0502e-16 -0.901628 -0.6001 3.7004e-16 -0.799925 -0.744627 3.08772e-16 -0.667481 -0.6001 1.84322e-16 -0.799925 -0.744627 -7.7193e-17 -0.667481 -0.860538 -5.78684e-17 -0.509386 -0.860538 9.42554e-16 -0.509386 -0.943379 6.13797e-16 -0.331716 -0.943379 -7.67247e-17 -0.331716 -0.989967 -1.63408e-17 -0.141298 -0.989967 -3.26849e-17 -0.141298 -0.998511 6.30864e-18 0.0545502 -0.968683 2.87157e-17 0.248302 -0.998511 6.42982e-18 0.0545502 -0.968683 1.36169e-15 0.248302 -0.901628 1.00038e-16 0.432511 -0.901628 9.17321e-16 0.432511 -0.799925 -2.08201e-16 0.6001 -0.667481 -2.58344e-16 0.744627 -0.799925 1.39313e-16 0.6001 -0.667481 2.01711e-16 0.744627 -0.509386 -1.99039e-16 0.860538 -0.509386 -2.50763e-16 0.860538 0 -0.99997 0 0 -0.99997 0 0 -0.99997 0 0 -0.99997 0 0 -0.99999 0 0 -0.999995 0 0 -0.999997 0 0 -0.999998 0 0 -0.99997 0 0 -0.99997 0 0 -0.99999 0 0 -0.999998 0 0 -0.999997 0 0 -0.999995 0 0 -0.99999 0 0 -0.999999 0 0 -0.999999 0 0 -0.999999 0 0 -1 0 0 -1 0 0 -0.999995 0 0 -0.999999 0 0 -0.99997 -0 0 -0.999999 0 0 -0.999999 0 0 -0.999999 0 0 -1 0 0 -1 0 0 -0.999999 0 0 -0.999999 -0 -0.331716 -3.26849e-16 0.943379 -0.331716 -3.273e-16 0.943379 -0.141298 -3.43464e-16 0.989967 -0.141298 -3.4346e-16 0.989967 0.0545502 1.15476e-16 0.998511 0.248302 1.12026e-16 0.968683 0.0545502 -3.46407e-16 0.998511 0.248302 -2.24053e-16 0.968683 0.432511 -2.08543e-16 0.901628 0.432511 -2.07898e-16 0.901628 0.6001 -2.7753e-16 0.799925 0.744627 -2.31579e-16 0.667481 0.6001 -1.84322e-16 0.799925 0.744627 7.7193e-17 0.667481 0.860538 5.78684e-17 0.509386 0.860538 5.89096e-17 0.509386 0.943379 3.85789e-17 0.331716 0.943379 -9.59058e-17 0.331716 0.989967 -4.1258e-17 0.141298 0.989967 1.79095e-15 0.141298 0.998511 1.86331e-15 -0.0545502 0.998511 -6.30864e-18 -0.0545502 0.968683 -2.89342e-17 -0.248302 0.968683 7.17892e-17 -0.248302 0.901628 1.25048e-16 -0.432511 0.901628 -7.50288e-17 -0.432511 0.799925 -1.0502e-16 -0.6001 0.799925 2.08201e-16 -0.6001 0.667481 2.59336e-16 -0.744627 0.667481 -1.3212e-15 -0.744627 0.509386 -1.04207e-15 -0.860538 0.509386 3.48319e-16 -0.860538 0.331716 3.8185e-16 -0.943379 0.331716 2.7275e-16 -0.943379 0.141298 2.86127e-16 -0.989967 0.141298 -1.14488e-16 -0.989967 -0.0545502 -1.15469e-16 -0.998511 -0.0545502 1.7176e-15 -0.998511 -0.248302 2.02754e-15 -0.968683 -0.248302 3.36079e-16 -0.968683 -0.432511 2.15584e-15 -0.901628 -0.432511 3.12918e-16 -0.901628 -0.6001 -8.79133e-16 -0.799925 -0.744627 -1.18485e-15 -0.667481 -0.6001 2.31474e-15 -0.799925 -0.744627 2.14977e-15 -0.667481 -0.860538 2.18185e-15 -0.509386 -0.860538 -8.83644e-17 -0.509386 -0.943379 -5.75435e-17 -0.331716 -0.943379 1.34268e-16 -0.331716 -0.989967 1.98704e-15 -0.141298 -0.989967 5.73326e-17 -0.141298 -0.998511 -1.57716e-17 0.0545502 -0.968683 -7.17892e-17 0.248302 -0.998511 1.78776e-15 0.0545502 -0.968683 3.11104e-15 0.248302 -0.901628 -6.2524e-16 0.432511 -0.901628 2.51192e-15 0.432511 -0.799925 -2.08201e-16 0.6001 -0.667481 -2.58344e-16 0.744627 -0.799925 -8.68026e-16 0.6001 -0.667481 1.15596e-16 0.744627 -0.509386 -2.98559e-16 0.860538 -0.509386 -3.51497e-16 0.860538 0 -0.99997 0 0 -0.99997 0 0 -0.99999 0 0 -0.99997 0 0 -0.99999 0 0 -0.99997 0 0 -0.999995 0 0 -0.999999 0 0 -0.999999 0 0 -0.99999 0 0 -0.999999 0 0 -0.999999 0 0 -0.999999 0 0 -0.999999 0 0 -0.99997 0 0 -0.999999 0 0 -0.999999 0 0 -0.999999 0 0 -1 0 0 -0.999999 0 0 -0.99999 0 0 -0.99999 0 0 -0.99997 -0 0 -0.999995 0 0 -0.999997 0 0 -1 0 0 -1 0 0 -0.999999 0 0 -0.99997 0 0 -0.99999 -0 -0.331716 1.09307e-16 0.943379 -0.331716 -3.273e-16 0.943379 -0.141298 -3.43464e-16 0.989967 -0.141298 -3.4346e-16 0.989967 0.0545502 -2.8869e-16 0.998511 0.248302 -2.80066e-16 0.968683 0.0545502 -3.46407e-16 0.998511 0.248302 -2.80066e-16 0.968683 0.432511 -3.64951e-16 0.901628 0.432511 -2.61479e-16 0.901628 0.6001 -2.35929e-15 0.799925 0.744627 -2.41994e-15 0.667481 0.6001 -3.23634e-16 0.799925 0.744627 7.7193e-17 0.667481 0.860538 6.00117e-17 0.509386 0.860538 -7.65825e-16 0.509386 0.943379 -4.99383e-16 0.331716 0.943379 -1.15087e-16 0.331716 0.989967 -4.87595e-17 0.141298 0.989967 -3.26817e-17 0.141298 0.998511 1.25917e-17 -0.0545502 0.998511 0 -0.0545502 0.968683 0 -0.248302 0.968683 8.6147e-17 -0.248302 0.901628 1.50058e-16 -0.432511 0.901628 1.50058e-16 -0.432511 0.799925 2.07898e-16 -0.6001 0.799925 2.77602e-16 -0.6001 0.667481 3.45067e-16 -0.744627 0.667481 1.7223e-16 -0.744627 0.509386 1.99039e-16 -0.860538 0.509386 3.98079e-16 -0.860538 0.331716 4.36401e-16 -0.943379 0.331716 2.182e-16 -0.943379 0.141298 2.28794e-16 -0.989967 0.141298 7.19405e-16 -0.989967 -0.0545502 3.61142e-16 -0.998511 -0.0545502 3.46428e-16 -0.998511 -0.248302 3.35422e-16 -0.968683 -0.248302 3.36079e-16 -0.968683 -0.432511 1.84302e-15 -0.901628 -0.432511 3.12918e-16 -0.901628 -0.6001 -8.32878e-16 -0.799925 -0.744627 -1.14626e-15 -0.667481 -0.6001 2.03611e-15 -0.799925 -0.744627 2.30415e-15 -0.667481 -0.860538 2.29973e-15 -0.509386 -0.860538 -0 -0.509386 -0.943379 -0 -0.331716 -0.943379 -3.83623e-17 -0.331716 -0.989967 3.26817e-17 -0.141298 -0.989967 -1.60746e-17 -0.141298 -0.998511 -1.89259e-17 0.0545502 -0.968683 -8.6147e-17 0.248302 -0.998511 -1.25917e-17 0.0545502 -0.968683 -2.58441e-16 0.248302 -0.901628 -6.50249e-16 0.432511 -0.901628 -4.50088e-16 0.432511 -0.799925 -1.38801e-16 0.6001 -0.667481 -1.7223e-16 0.744627 -0.799925 -9.02318e-16 0.6001 -0.667481 8.61148e-17 0.744627 -0.509386 9.95197e-17 0.860538 -0.509386 9.85906e-17 0.860538 0 -0.99997 0 0 -0.99997 0 0 -0.99997 0 0 -0.99997 0 0 -0.99997 0 0 -0.999998 0 0 -0.999999 0 0 -0.999999 0 0 -0.999999 0 0 -0.999999 0 0 -0.999999 0 0 -0.999996 0 0 -0.99997 0 0 -1 0 0 -0.999999 0 0 -0.999999 0 0 -0.999995 0 0 -0.99999 0 0 -0.99997 0 0 -0.999999 0 0 -0.999999 0 0 -0.999999 0 0 -1 0 0 -0.999999 0 0 -0.99997 -0 0 -0.99997 0 0 -0.999999 0 0 -1 0 0 -0.999999 -0 0 -0.99999 0 -0.0326696 -0.995138 0.0929104 -0.0326696 -0.995138 0.0929104 -0.0967183 -0.956549 0.275061 -0.0967183 -0.956549 0.275061 -0.156957 -0.880972 0.446377 -0.156957 -0.880972 0.446377 -0.211045 -0.771505 0.600198 -0.211045 -0.771505 0.600198 -0.256917 -0.632562 0.730655 -0.256917 -0.632562 0.730655 -0.29286 -0.469628 0.832875 -0.29286 -0.469628 0.832875 -0.330133 -0.0975496 0.938879 -0.317561 -0.289004 0.903123 -0.317561 -0.289004 0.903123 -0.330133 -0.0975496 0.938879 -0.013916 -0.995138 0.0974986 -0.013916 -0.995138 0.0974986 -0.0411982 -0.956549 0.288645 -0.0411982 -0.956549 0.288645 -0.0668575 -0.880972 0.46842 -0.0668575 -0.880972 0.46842 -0.0898967 -0.771505 0.629839 -0.0898967 -0.771505 0.629839 -0.109436 -0.632562 0.766738 -0.109436 -0.632562 0.766738 -0.124747 -0.469628 0.874006 -0.124747 -0.469628 0.874006 -0.135268 -0.289004 0.947722 -0.140624 -0.0975496 0.985245 -0.135268 -0.289004 0.947722 -0.140624 -0.0975496 0.985245 0.00537248 -0.995138 0.0983401 0.00537248 -0.995138 0.0983401 0.0159052 -0.956549 0.291136 0.0159052 -0.956549 0.291136 0.0258114 -0.880972 0.472463 0.0258114 -0.880972 0.472463 0.034706 -0.771505 0.635274 0.034706 -0.771505 0.635274 0.0422496 -0.632562 0.773355 0.0422496 -0.632562 0.773355 0.0481604 -0.469628 0.881549 0.0481604 -0.469628 0.881549 0.0522224 -0.289004 0.955902 0.0522224 -0.289004 0.955902 0.05429 -0.0975496 0.993748 0.05429 -0.0975496 0.993748 0.0244544 -0.995138 0.0954024 0.0244544 -0.995138 0.0954024 0.0723974 -0.956549 0.282439 0.0723974 -0.956549 0.282439 0.117488 -0.880972 0.458349 0.117488 -0.880972 0.458349 0.157975 -0.771505 0.616297 0.157975 -0.771505 0.616297 0.192312 -0.632562 0.750253 0.192312 -0.632562 0.750253 0.219217 -0.469628 0.855215 0.237706 -0.289004 0.927346 0.219217 -0.469628 0.855215 0.247117 -0.0975496 0.964062 0.237706 -0.289004 0.927346 0.247117 -0.0975496 0.964062 0.0425966 -0.995138 0.0887984 0.0425966 -0.995138 0.0887984 0.126107 -0.956549 0.262888 0.126107 -0.956549 0.262888 0.20465 -0.880972 0.426621 0.20465 -0.880972 0.426621 0.275173 -0.771505 0.573636 0.275173 -0.771505 0.573636 0.334984 -0.632562 0.698319 0.334984 -0.632562 0.698319 0.381849 -0.469628 0.796015 0.381849 -0.469628 0.796015 0.430448 -0.0975496 0.897328 0.414055 -0.289004 0.863153 0.414055 -0.289004 0.863153 0.430448 -0.0975496 0.897328 0.0591019 -0.995138 0.078782 0.0591019 -0.995138 0.078782 0.174971 -0.956549 0.233234 0.283948 -0.880972 0.378499 0.174971 -0.956549 0.233234 0.283948 -0.880972 0.378499 0.381797 -0.771505 0.50893 0.464783 -0.632562 0.619549 0.381797 -0.771505 0.50893 0.464783 -0.632562 0.619549 0.529806 -0.469628 0.706225 0.529806 -0.469628 0.706225 0.574492 -0.289004 0.76579 0.597237 -0.0975496 0.796109 0.597237 -0.0975496 0.796109 0.574492 -0.289004 0.76579 0.217111 -0.956549 0.194617 0.0733359 -0.995138 0.065738 0.0733359 -0.995138 0.065738 0.352333 -0.880972 0.31583 0.217111 -0.956549 0.194617 0.352333 -0.880972 0.31583 0.473748 -0.771505 0.424666 0.57672 -0.632562 0.51697 0.473748 -0.771505 0.424666 0.57672 -0.632562 0.51697 0.657404 -0.469628 0.589295 0.657404 -0.469628 0.589295 0.712851 -0.289004 0.638998 0.741075 -0.0975496 0.664297 0.741075 -0.0975496 0.664297 0.712851 -0.289004 0.638998 0.0847516 -0.995138 0.0501678 0.0929104 -0.995138 0.0326696 0.0847516 -0.995138 0.0501678 0.250907 -0.956549 0.148522 0.250907 -0.956549 0.148522 0.407179 -0.880972 0.241025 0.407179 -0.880972 0.241025 0.547493 -0.771505 0.324082 0.547493 -0.771505 0.324082 0.666494 -0.632562 0.394524 0.666494 -0.632562 0.394524 0.759738 -0.469628 0.449718 0.759738 -0.469628 0.449718 0.823816 -0.289004 0.487649 0.856433 -0.0975496 0.506956 0.823816 -0.289004 0.487649 0.856433 -0.0975496 0.506956 0.0929104 -0.995138 0.0326696 0.275061 -0.956549 0.0967183 0.275061 -0.956549 0.0967183 0.446377 -0.880972 0.156957 0.600198 -0.771505 0.211045 0.446377 -0.880972 0.156957 0.600198 -0.771505 0.211045 0.730655 -0.632562 0.256917 0.730655 -0.632562 0.256917 0.903123 -0.289004 0.317561 0.832875 -0.469628 0.29286 0.832875 -0.469628 0.29286 0.903123 -0.289004 0.317561 0.938879 -0.0975496 0.330133 0.938879 -0.0975496 0.330133 0.0974986 -0.995138 0.013916 0.0974986 -0.995138 0.013916 0.288645 -0.956549 0.0411982 0.288645 -0.956549 0.0411982 0.46842 -0.880972 0.0668575 0.46842 -0.880972 0.0668575 0.629839 -0.771505 0.0898967 0.629839 -0.771505 0.0898967 0.766738 -0.632562 0.109436 0.766738 -0.632562 0.109436 0.874006 -0.469628 0.124747 0.874006 -0.469628 0.124747 0.947722 -0.289004 0.135268 0.947722 -0.289004 0.135268 0.985245 -0.0975496 0.140624 0.985245 -0.0975496 0.140624 0.0983401 -0.995138 -0.00537248 0.0983401 -0.995138 -0.00537248 0.291136 -0.956549 -0.0159052 0.291136 -0.956549 -0.0159052 0.472463 -0.880972 -0.0258114 0.472463 -0.880972 -0.0258114 0.635274 -0.771505 -0.034706 0.773355 -0.632562 -0.0422496 0.635274 -0.771505 -0.034706 0.773355 -0.632562 -0.0422496 0.881549 -0.469628 -0.0481604 0.881549 -0.469628 -0.0481604 0.955902 -0.289004 -0.0522224 0.993748 -0.0975496 -0.05429 0.993748 -0.0975496 -0.05429 0.955902 -0.289004 -0.0522224 0.0887984 -0.995138 -0.0425966 0.0954024 -0.995138 -0.0244544 0.0954024 -0.995138 -0.0244544 0.282439 -0.956549 -0.0723974 0.282439 -0.956549 -0.0723974 0.458349 -0.880972 -0.117488 0.616297 -0.771505 -0.157975 0.458349 -0.880972 -0.117488 0.616297 -0.771505 -0.157975 0.750253 -0.632562 -0.192312 0.750253 -0.632562 -0.192312 0.855215 -0.469628 -0.219217 0.855215 -0.469628 -0.219217 0.964062 -0.0975496 -0.247117 0.964062 -0.0975496 -0.247117 0.927346 -0.289004 -0.237706 0.927346 -0.289004 -0.237706 0.0887984 -0.995138 -0.0425966 0.262888 -0.956549 -0.126107 0.262888 -0.956549 -0.126107 0.426621 -0.880972 -0.20465 0.426621 -0.880972 -0.20465 0.573636 -0.771505 -0.275173 0.573636 -0.771505 -0.275173 0.698319 -0.632562 -0.334984 0.698319 -0.632562 -0.334984 0.796015 -0.469628 -0.381849 0.796015 -0.469628 -0.381849 0.897328 -0.0975496 -0.430448 0.863153 -0.289004 -0.414055 0.863153 -0.289004 -0.414055 0.897328 -0.0975496 -0.430448 0.078782 -0.995138 -0.0591019 0.078782 -0.995138 -0.0591019 0.233234 -0.956549 -0.174971 0.233234 -0.956549 -0.174971 0.378499 -0.880972 -0.283948 0.378499 -0.880972 -0.283948 0.50893 -0.771505 -0.381797 0.50893 -0.771505 -0.381797 0.619549 -0.632562 -0.464783 0.619549 -0.632562 -0.464783 0.706225 -0.469628 -0.529806 0.706225 -0.469628 -0.529806 0.76579 -0.289004 -0.574492 0.796109 -0.0975496 -0.597237 0.76579 -0.289004 -0.574492 0.796109 -0.0975496 -0.597237 0.065738 -0.995138 -0.0733359 0.194617 -0.956549 -0.217111 0.065738 -0.995138 -0.0733359 0.194617 -0.956549 -0.217111 0.31583 -0.880972 -0.352333 0.31583 -0.880972 -0.352333 0.424666 -0.771505 -0.473748 0.424666 -0.771505 -0.473748 0.51697 -0.632562 -0.57672 0.589295 -0.469628 -0.657404 0.51697 -0.632562 -0.57672 0.589295 -0.469628 -0.657404 0.638998 -0.289004 -0.712851 0.664297 -0.0975496 -0.741075 0.638998 -0.289004 -0.712851 0.664297 -0.0975496 -0.741075 0.506956 -0.0975496 -0.856433 0.0501678 -0.995138 -0.0847516 0.0501678 -0.995138 -0.0847516 0.148522 -0.956549 -0.250907 0.148522 -0.956549 -0.250907 0.241025 -0.880972 -0.407179 0.241025 -0.880972 -0.407179 0.324082 -0.771505 -0.547493 0.324082 -0.771505 -0.547493 0.394524 -0.632562 -0.666494 0.394524 -0.632562 -0.666494 0.449718 -0.469628 -0.759738 0.449718 -0.469628 -0.759738 0.487649 -0.289004 -0.823816 0.506956 -0.0975496 -0.856433 0.487649 -0.289004 -0.823816 0.0326696 -0.995138 -0.0929104 0.0326696 -0.995138 -0.0929104 0.0967183 -0.956549 -0.275061 0.0967183 -0.956549 -0.275061 0.156957 -0.880972 -0.446377 0.156957 -0.880972 -0.446377 0.211045 -0.771505 -0.600198 0.211045 -0.771505 -0.600198 0.256917 -0.632562 -0.730655 0.256917 -0.632562 -0.730655 0.29286 -0.469628 -0.832875 0.29286 -0.469628 -0.832875 0.317561 -0.289004 -0.903123 0.317561 -0.289004 -0.903123 0.330133 -0.0975496 -0.938879 0.330133 -0.0975496 -0.938879 -0.00537248 -0.995138 -0.0983401 0.013916 -0.995138 -0.0974986 0.013916 -0.995138 -0.0974986 0.0411982 -0.956549 -0.288645 0.0411982 -0.956549 -0.288645 0.0668575 -0.880972 -0.46842 0.0668575 -0.880972 -0.46842 0.0898967 -0.771505 -0.629839 0.0898967 -0.771505 -0.629839 0.109436 -0.632562 -0.766738 0.109436 -0.632562 -0.766738 0.124747 -0.469628 -0.874006 0.124747 -0.469628 -0.874006 0.140624 -0.0975496 -0.985245 0.135268 -0.289004 -0.947722 0.140624 -0.0975496 -0.985245 0.135268 -0.289004 -0.947722 -0.0244544 -0.995138 -0.0954024 -0.00537248 -0.995138 -0.0983401 -0.0159052 -0.956549 -0.291136 -0.0159052 -0.956549 -0.291136 -0.0258114 -0.880972 -0.472463 -0.0258114 -0.880972 -0.472463 -0.034706 -0.771505 -0.635274 -0.034706 -0.771505 -0.635274 -0.0422496 -0.632562 -0.773355 -0.0481604 -0.469628 -0.881549 -0.0422496 -0.632562 -0.773355 -0.0481604 -0.469628 -0.881549 -0.0522224 -0.289004 -0.955902 -0.0522224 -0.289004 -0.955902 -0.05429 -0.0975496 -0.993748 -0.05429 -0.0975496 -0.993748 -0.0244544 -0.995138 -0.0954024 -0.0723974 -0.956549 -0.282439 -0.0723974 -0.956549 -0.282439 -0.117488 -0.880972 -0.458349 -0.117488 -0.880972 -0.458349 -0.157975 -0.771505 -0.616297 -0.157975 -0.771505 -0.616297 -0.192312 -0.632562 -0.750253 -0.192312 -0.632562 -0.750253 -0.237706 -0.289004 -0.927346 -0.219217 -0.469628 -0.855215 -0.219217 -0.469628 -0.855215 -0.247117 -0.0975496 -0.964062 -0.247117 -0.0975496 -0.964062 -0.430448 -0.0975496 -0.897328 -0.237706 -0.289004 -0.927346 -0.0425966 -0.995138 -0.0887984 -0.0425966 -0.995138 -0.0887984 -0.126107 -0.956549 -0.262888 -0.20465 -0.880972 -0.426621 -0.126107 -0.956549 -0.262888 -0.20465 -0.880972 -0.426621 -0.275173 -0.771505 -0.573636 -0.334984 -0.632562 -0.698319 -0.275173 -0.771505 -0.573636 -0.334984 -0.632562 -0.698319 -0.381849 -0.469628 -0.796015 -0.381849 -0.469628 -0.796015 -0.430448 -0.0975496 -0.897328 -0.414055 -0.289004 -0.863153 -0.414055 -0.289004 -0.863153 -0.0733359 -0.995138 -0.065738 -0.0591019 -0.995138 -0.078782 -0.0591019 -0.995138 -0.078782 -0.174971 -0.956549 -0.233234 -0.283948 -0.880972 -0.378499 -0.174971 -0.956549 -0.233234 -0.283948 -0.880972 -0.378499 -0.381797 -0.771505 -0.50893 -0.381797 -0.771505 -0.50893 -0.464783 -0.632562 -0.619549 -0.464783 -0.632562 -0.619549 -0.529806 -0.469628 -0.706225 -0.529806 -0.469628 -0.706225 -0.574492 -0.289004 -0.76579 -0.597237 -0.0975496 -0.796109 -0.597237 -0.0975496 -0.796109 -0.574492 -0.289004 -0.76579 -0.0733359 -0.995138 -0.065738 -0.217111 -0.956549 -0.194617 -0.217111 -0.956549 -0.194617 -0.352333 -0.880972 -0.31583 -0.352333 -0.880972 -0.31583 -0.473748 -0.771505 -0.424666 -0.473748 -0.771505 -0.424666 -0.57672 -0.632562 -0.51697 -0.57672 -0.632562 -0.51697 -0.657404 -0.469628 -0.589295 -0.657404 -0.469628 -0.589295 -0.712851 -0.289004 -0.638998 -0.741075 -0.0975496 -0.664297 -0.712851 -0.289004 -0.638998 -0.741075 -0.0975496 -0.664297 -0.0847516 -0.995138 -0.0501678 -0.0929104 -0.995138 -0.0326696 -0.0847516 -0.995138 -0.0501678 -0.250907 -0.956549 -0.148522 -0.407179 -0.880972 -0.241025 -0.250907 -0.956549 -0.148522 -0.407179 -0.880972 -0.241025 -0.547493 -0.771505 -0.324082 -0.547493 -0.771505 -0.324082 -0.666494 -0.632562 -0.394524 -0.666494 -0.632562 -0.394524 -0.759738 -0.469628 -0.449718 -0.823816 -0.289004 -0.487649 -0.759738 -0.469628 -0.449718 -0.823816 -0.289004 -0.487649 -0.856433 -0.0975496 -0.506956 -0.856433 -0.0975496 -0.506956 -0.0974986 -0.995138 -0.013916 -0.0929104 -0.995138 -0.0326696 -0.275061 -0.956549 -0.0967183 -0.446377 -0.880972 -0.156957 -0.275061 -0.956549 -0.0967183 -0.446377 -0.880972 -0.156957 -0.600198 -0.771505 -0.211045 -0.600198 -0.771505 -0.211045 -0.730655 -0.632562 -0.256917 -0.730655 -0.632562 -0.256917 -0.832875 -0.469628 -0.29286 -0.832875 -0.469628 -0.29286 -0.903123 -0.289004 -0.317561 -0.938879 -0.0975496 -0.330133 -0.938879 -0.0975496 -0.330133 -0.903123 -0.289004 -0.317561 -0.0974986 -0.995138 -0.013916 -0.288645 -0.956549 -0.0411982 -0.288645 -0.956549 -0.0411982 -0.46842 -0.880972 -0.0668575 -0.46842 -0.880972 -0.0668575 -0.629839 -0.771505 -0.0898967 -0.766738 -0.632562 -0.109436 -0.629839 -0.771505 -0.0898967 -0.766738 -0.632562 -0.109436 -0.874006 -0.469628 -0.124747 -0.947722 -0.289004 -0.135268 -0.874006 -0.469628 -0.124747 -0.985245 -0.0975496 -0.140624 -0.985245 -0.0975496 -0.140624 -0.947722 -0.289004 -0.135268 -0.0983401 -0.995138 0.00537248 -0.0983401 -0.995138 0.00537248 -0.291136 -0.956549 0.0159052 -0.291136 -0.956549 0.0159052 -0.472463 -0.880972 0.0258114 -0.472463 -0.880972 0.0258114 -0.635274 -0.771505 0.034706 -0.635274 -0.771505 0.034706 -0.773355 -0.632562 0.0422496 -0.773355 -0.632562 0.0422496 -0.881549 -0.469628 0.0481604 -0.881549 -0.469628 0.0481604 -0.955902 -0.289004 0.0522224 -0.993748 -0.0975496 0.05429 -0.964062 -0.0975496 0.247117 -0.993748 -0.0975496 0.05429 -0.955902 -0.289004 0.0522224 -0.0887984 -0.995138 0.0425966 -0.0954024 -0.995138 0.0244544 -0.0954024 -0.995138 0.0244544 -0.282439 -0.956549 0.0723974 -0.282439 -0.956549 0.0723974 -0.458349 -0.880972 0.117488 -0.458349 -0.880972 0.117488 -0.616297 -0.771505 0.157975 -0.616297 -0.771505 0.157975 -0.750253 -0.632562 0.192312 -0.750253 -0.632562 0.192312 -0.855215 -0.469628 0.219217 -0.855215 -0.469628 0.219217 -0.927346 -0.289004 0.237706 -0.964062 -0.0975496 0.247117 -0.927346 -0.289004 0.237706 -0.0887984 -0.995138 0.0425966 -0.426621 -0.880972 0.20465 -0.262888 -0.956549 0.126107 -0.262888 -0.956549 0.126107 -0.426621 -0.880972 0.20465 -0.573636 -0.771505 0.275173 -0.573636 -0.771505 0.275173 -0.698319 -0.632562 0.334984 -0.698319 -0.632562 0.334984 -0.796015 -0.469628 0.381849 -0.863153 -0.289004 0.414055 -0.796015 -0.469628 0.381849 -0.897328 -0.0975496 0.430448 -0.863153 -0.289004 0.414055 -0.897328 -0.0975496 0.430448 -0.796109 -0.0975496 0.597237 -0.078782 -0.995138 0.0591019 -0.078782 -0.995138 0.0591019 -0.233234 -0.956549 0.174971 -0.233234 -0.956549 0.174971 -0.378499 -0.880972 0.283948 -0.378499 -0.880972 0.283948 -0.50893 -0.771505 0.381797 -0.50893 -0.771505 0.381797 -0.619549 -0.632562 0.464783 -0.706225 -0.469628 0.529806 -0.619549 -0.632562 0.464783 -0.706225 -0.469628 0.529806 -0.76579 -0.289004 0.574492 -0.76579 -0.289004 0.574492 -0.796109 -0.0975496 0.597237 -0.0501678 -0.995138 0.0847516 -0.065738 -0.995138 0.0733359 -0.065738 -0.995138 0.0733359 -0.0501678 -0.995138 0.0847516 -0.194617 -0.956549 0.217111 -0.194617 -0.956549 0.217111 -0.148522 -0.956549 0.250907 -0.31583 -0.880972 0.352333 -0.148522 -0.956549 0.250907 -0.241025 -0.880972 0.407179 -0.241025 -0.880972 0.407179 -0.31583 -0.880972 0.352333 -0.324082 -0.771505 0.547493 -0.324082 -0.771505 0.547493 -0.424666 -0.771505 0.473748 -0.424666 -0.771505 0.473748 -0.394524 -0.632562 0.666494 -0.51697 -0.632562 0.57672 -0.394524 -0.632562 0.666494 -0.51697 -0.632562 0.57672 -0.589295 -0.469628 0.657404 -0.449718 -0.469628 0.759738 -0.638998 -0.289004 0.712851 -0.449718 -0.469628 0.759738 -0.589295 -0.469628 0.657404 -0.506956 -0.0975496 0.856433 -0.487649 -0.289004 0.823816 -0.664297 -0.0975496 0.741075 -0.506956 -0.0975496 0.856433 -0.487649 -0.289004 0.823816 -0.664297 -0.0975496 0.741075 -0.638998 -0.289004 0.712851 0.509386 0 -0.860538 0.667481 2.01711e-15 -0.744627 0.509386 -2.51683e-15 -0.860538 0.799925 -2.3326e-16 -0.6001 0.667481 -3.29718e-15 -0.744627 0.901628 -1.18431e-14 -0.432511 0.799925 -1.22588e-14 -0.6001 0.968683 -4.16377e-15 -0.248302 0.901628 -7.25278e-15 -0.432511 0.998511 7.85018e-15 -0.0545502 0.968683 2.64467e-15 -0.248302 0.989967 1.16102e-14 0.141298 0.998511 8.29179e-15 -0.0545502 0.943379 -1.45788e-14 0.331716 0.989967 -1.70925e-14 0.141298 0.943379 -1.36198e-14 0.331716 0.860538 -1.00322e-14 0.509386 0.860538 -2.36516e-15 0.509386 0.744627 4.44154e-16 0.667481 0.744627 1.04211e-14 0.667481 0.6001 1.24888e-14 0.799925 0.6001 -8.33022e-15 0.799925 0.432511 -2.62015e-15 0.901628 0.432511 -5.91763e-15 0.901628 0.248302 -2.35398e-15 0.968683 0.248302 -1.13451e-16 0.968683 0.0545502 3.61161e-15 0.998511 0.0545502 -5.62842e-15 0.998511 -0.141298 -1.96402e-15 0.989967 -0.331716 2.45694e-15 0.943379 -0.141298 -5.07485e-15 0.989967 -0.331716 2.31947e-15 0.943379 -0.509386 5.94235e-15 0.860538 -0.509386 1.46396e-15 0.860538 -0.667481 5.49925e-15 0.744627 -0.799925 -1.27427e-15 0.6001 -0.667481 -4.58891e-15 0.744627 -0.799925 3.35051e-15 0.6001 -0.901628 8.37981e-15 0.432511 -0.968683 1.34015e-14 0.248302 -0.901628 8.80545e-15 0.432511 -0.968683 -1.26593e-14 0.248302 -0.998511 -1.00492e-14 0.0545502 -0.989967 3.55413e-15 -0.141298 -0.998511 -1.37213e-15 0.0545502 -0.989967 1.36528e-14 -0.141298 -0.860538 4.99854e-15 -0.509386 -0.943379 -2.88297e-16 -0.331716 -0.943379 1.9291e-14 -0.331716 -0.744627 -3.74327e-15 -0.667481 -0.860538 -8.2649e-15 -0.509386 -0.6001 -2.88757e-18 -0.799925 -0.744627 -4.5152e-15 -0.667481 -0.6001 -1.85164e-15 -0.799925 -0.432511 -1.51328e-14 -0.901628 -0.432511 1.74579e-16 -0.901628 -0.248302 2.1838e-15 -0.968683 -0.248302 -1.02565e-14 -0.968683 -0.0545502 4.61904e-15 -0.998511 -0.0545502 4.11353e-15 -0.998511 0.141298 0 -0.989967 0.141298 4.58271e-15 -0.989967 0.331716 0 -0.943379 0.331716 0 -0.943379 1.51202e-14 -0.999999 -5.32575e-15 0 -0.999999 0 1.58409e-14 -0.999999 -9.25052e-15 7.94268e-15 -1 7.09927e-15 0 -0.999999 0 0 -1 0 0 -0.999999 0 0 -0.999999 0 5.39823e-15 -1 1.09225e-16 3.61584e-15 -1 -3.16134e-15 0 -0.999999 0 0 -1 0 0 -0.999999 0 3.25003e-15 -1 -4.16629e-15 4.44607e-15 -1 9.48199e-16 0 -0.999999 0 0 -0.999999 0 4.84687e-15 -1 2.04926e-15 2.03122e-15 -1 -3.97324e-15 1.54341e-15 -1 -5.31334e-15 3.89607e-15 -1 2.60804e-15 0 -1 0 0 -0.999999 0 0 -1 0 0 -1 0 0 -1 0 0 -0.999999 0 6.00043e-16 -1 -6.4467e-15 3.93161e-15 -1 3.8877e-15 0 -1 0 0 -1 0 0 -1 0 0 -1 0 0 -1 0 0 -1 0 0 -1 0 0 -1 0 0 -1 0 0 -1 0 0 -1 0 0 -1 0 0 -1 0 0 -1 0 0 -1 0 0 -1 0 0 -0.999999 0 0 -0.999999 0 -1.66804e-14 -0.999999 -3.48221e-14 0 -0.999999 0 0 -1 0 0 -1 0 0 -1 0 0 -0.999999 0 0 -0.999999 0 -1.05986e-14 -1 -1.07484e-15 0 -0.999999 0 0 -1 0 0 -1 0 0 -1 0 0 -0.999999 0 0 -1 0 0 -1 0 -4.43146e-15 -1 3.08464e-15 -1.80444e-16 -1 5.28092e-15 -1.06709e-15 -1 4.68292e-15 0 -1 0 0 -1 0 -2.86348e-14 -1 -1.93129e-14 0 -1 0 0 -1 0 0 -1 0 0 -1 0 0 -1 0 0 -1 0 0 -1 0 0 -1 0 0 -1 0 0 -1 0 0 -1 0 0 -1 0 0 -0.999999 0 0 -0.999999 0 0 -0.999999 0 0 -0.999999 0 0 -0.999999 0 0 -0.999999 0 0 -1 0 0 -0.999999 0 0 -1 0 0 -1 0 0 -1 0 0 -0.999999 0 0 -1 0 -3.32013e-14 -1 -9.51903e-15 0 -1 0 0 -1 0 0 -1 0 -3.32013e-14 -1 -9.51903e-15 0 -1 0 0 -1 0 0 -1 0 0 -1 0 0 -1 0 0 -1 0 0 -1 0 0 -1 0 0 -1 0 0 -1 0 0 -1 0 0 -1 0 0 -1 0 0 -1 0 2.41509e-15 -1 -2.78455e-16 4.79338e-16 -1 9.99245e-16 6.35067e-16 -1 9.26036e-16 4.46376e-16 -1 1.02356e-15 0 -1 0 0 -1 0 0 -1 0 6.93419e-16 -1 8.87471e-16 6.72071e-16 -1 8.95862e-16 8.81267e-16 -1 6.77639e-16 0 -1 0 0 -1 0 0 -1 0 0 -0.999999 0 -2.96797e-14 -0.999999 -1.60509e-14 0 -0.999999 0 0 -0.999999 0 8.27837e-16 -1 7.4207e-16 7.33427e-16 -1 8.27178e-16 9.35347e-16 -1 6.30851e-16 0 -1 0 0 -1 0 0 -1 0 1.05576e-15 -1 3.75067e-16 9.65985e-16 -1 5.67598e-16 9.57414e-16 -1 5.66731e-16 0 -1 0 0 -1 0 0 -1 0 0 -0.999999 0 0 -0.999999 0 0 -0.999999 0 0 -1 0 0 -1 0 0 -1 0 0 -0.999999 0 0 -1 0 0 -1 0 0 -1 0 0 -1 0 0 -1 0 0 -1 0 0 -1 0 0 -1 0 0 -1 0 1.1051e-15 -1 3.00585e-17 1.04958e-15 -1 3.69059e-16 1.08451e-15 -1 3.10937e-16 0 -1 0 0 -1 0 0 -1 0 0 -1 0 0 -1 0 0 -1 0 0 -1 0 0 -1 0 0 -1 0 0 -1 0 0 -1 0 0 -1 0 0 -1 0 0 -1 0 0 -1 0 1.08559e-15 -1 2.39433e-16 1.10059e-15 -1 1.57087e-16 1.12556e-15 -1 -3.93458e-17 0 -1 0 0 -1 0 0 -1 0 1.07099e-15 -1 -3.16062e-16 1.11759e-15 -1 -1.08836e-16 1.11826e-15 -1 -6.10926e-17 0 -1 0 0 -1 0 0 -1 0 0 -0.999999 0 0 -0.999999 0 0 -0.999999 0 0 -0.999999 0 1.07356e-15 -1 -2.75185e-16 0 -1 0 0 -1 0 0 -0.999999 0 0 -0.999999 0 0 -1 0 0 -0.999999 0 0 -1 0 0 -1 0 0 -0.999999 0 0 -1 0 0 -1 0 0 -1 0 0 -1 0 0 -1 0 0 -1 0 0 -1 0 3.24556e-14 -1 -1.18142e-14 3.58444e-15 -1 2.79614e-15 0 -1 0 -2.04926e-15 -1 4.84687e-15 3.97324e-15 -1 2.03122e-15 0 -1 0 0 -1 0 4.50231e-15 -1 1.30782e-15 -3.07784e-15 -1 4.59789e-15 0 -1 0 0 -1 0 0 -1 0 0 -1 0 5.50538e-15 -1 5.12427e-16 -4.55243e-15 -1 4.60385e-15 1.33922e-15 -1 2.02895e-15 0 -1 0 0 -1 0 0 -1 0 0 -1 0 0 -1 0 0 -1 0 0 -1 0 0 -0.999999 0 0 -0.999999 0 0 -0.999999 0 0 -0.999999 0 0 -1 0 0 -1 0 0 -1 0 0 -1 0 0 -1 0 0 -1 0 0 -1 0 0 -1 0 0 -1 0 0 -0.999999 0 0 -0.999999 0 0 -1 0 0 -1 0 0 -1 0 -2.96797e-14 -0.999999 -1.60509e-14 0 -0.999999 0 0 -1 0 0 -1 0 0 -1 0 0 -1 0 0 -1 0 0 -1 0 0 -1 0 0 -1 0 0 -1 0 0 -1 0 0 -1 0 0 -1 0 0 -1 0 0 -1 0 0 -1 0 0 -1 0 0 -1 0 0 -1 0 0 -1 0 0 -1 0 0 -0.999999 0 0 -0.999999 0 0 -0.999999 0 0 -0.999999 0 0 -1 0 0 -1 0 0 -1 0 0 -1 0 -3.32013e-14 -1 -9.51903e-15 -3.32013e-14 -1 -9.51903e-15 0 -1 0 0 -1 0 0 -1 0 0 -1 0 0 -1 0 0 -1 0 0 -1 0 0 -1 0 0 -1 0 0 -1 0 0 -1 0 0 -1 0 0 -1 0 0 -1 0 0 -0.999999 0 0 -0.999999 0 0 -1 0 0 -1 0 0 -1 0 0 -1 0 0 -1 0 0 -1 0 0 -1 0 0 -1 0 0 -0.999999 0 0 -0.999999 0 0 -1 0 0 -1 0 0 -1 0 0 -1 0 0 -1 0 0 -1 0 0 -1 0 0 -1 0 0 -1 0 0 -1 0 0 -1 0 0 -1 0 0 -1 0 0 -1 0 0 -1 0 0 -1 0 0 -1 0 0 -1 0 0 -1 0 -2.86348e-14 -1 -1.93129e-14 0 -1 0 0 -0.999999 0 0 -0.999999 0 0 -0.999999 0 0 -0.999999 0 0 -1 0 0 -1 0 0 -1 0 0 -1 0 -1.80444e-16 -1 5.28092e-15 0 -1 0 0 -1 0 0 -1 0 0 -1 0 -1.06709e-15 -1 4.68292e-15 -4.43146e-15 -1 3.08464e-15 0 -1 0 0 -1 0 -1.05986e-14 -1 -1.07484e-15 0 -1 0 0 -1 0 0 -1 0 -1.66804e-14 -0.999999 -3.48221e-14 0 -0.999999 0 0 -0.999999 0 0 -0.999999 0 0 -1 0 0 -1 0 0 -1 0 0 -1 0 0 -1 0 0 -1 0 0 -1 0 0 -1 0 0 -1 0 0 -1 0 0 -1 0 0 -1 0 0 -1 0 0 -1 0 0 -1 0 0 -1 0 0 -1 0 0 -1 0 0 -1 0 0 -1 0 0 -1 0 0 -1 0 0 -1 0 0 -1 0 0 -1 0 0 -1 0 0 -1 0 0 -1 0 0 -1 0 0 -1 0 0 -1 0 0 -1 0 0 -1 0 0 -1 0 0 -1 0 0 -1 0 0 -1 0 0 -1 0 0 -1 0 0 -0.999999 0 0 -0.999999 0 0 -1 0 0 -0.999999 0 0 -0.999999 0 0 -1 0 0 -0.999999 0 0 -1 0 0 -1 0 0 -0.999999 0 0 -1 0 0 -1 0 0 -0.999999 0 0 -0.999999 0 0 -0.999999 0 0 -0.999999 0 0 -1 0 0 -1 0 0 -0.999999 0 0 -0.999999 0 0 -0.999999 -0 0 -0.999999 0 0 -1 0 0 -0.999999 0 0 -0.999999 -0 0 -0.999999 0 0 -1 0 0 -0.999998 0 0 -0.999999 0 0 -0.999999 0 0 -0.999999 0 0 -0.999999 0 0 -0.999999 0 0 -0.999999 0 0 -1 -0 0 -0.999999 0 0 -0.999999 0 0 -0.999999 -0 0 -1 0 0 -0.999999 0 0 -1 0 0 -0.999999 -0 0 -1 0 0 -0.999999 0 0 -0.999999 0 0 -0.999999 0 0 -1 -0 0 -1 0 0 -1 -0 0 -0.999999 0 0 -0.999999 0 0 -0.999999 0 0 -0.999999 -0 0 -0.999999 -0 0 -1 0 0 -0.999999 0 0 -0.999999 -0 0 -0.999999 0 0 -0.999999 -0 0 -0.999999 0 0 -0.999999 -0 0 -0.999999 0 0 -0.999999 0 0 -0.999999 0 0 -1 0 0 -0.999999 -0 0 -0.999999 0 0 -1 -0 0 -0.999999 0 0 -0.999999 0 0 -0.999999 0 0 -0.999999 0 0 -0.999999 -0 0 -0.999999 0 0 -0.999999 0 0 -0.999999 0 0 -0.999999 -0 0 -0.999999 0 0 -0.999999 -0 0 -0.999999 0 0 -0.999999 0 0 -0.999999 0 0 -0.999999 -0 0 -0.999999 0 0 -1 -0 0 -0.999999 0 0 -0.999999 -0 0 -0.999999 0 0 -0.999999 0 0 -0.999999 0 0 -0.999999 -0 0 -0.999999 0 0 -0.999999 0 0 -0.999999 0 0 -0.999999 0 0 -0.999999 0 0 -0.999999 -0 0 -0.999999 0 0 -0.999999 0 0 -0.999999 0 0 -0.999999 0 0 -0.999999 -0 0 -0.999999 0 0 -0.999999 -0 0 -0.999999 -0 0 -0.999999 0 0 -0.999998 -0 0 -0.999999 0 0 -0.999998 -0 0 -1 -0 0 -0.999999 0 0 -0.999999 0 0 -0.999999 -0 0 -1 0 0 -0.999999 0 0 -0.999999 0 0 -0.999999 -0 0 -1 0 0 -0.999999 0 0 -1 0 0 -0.999999 0 0 -1 0 0 -1 0 0 -0.999999 0 0 -1 0 0 -1 0 0 -0.999999 0 0 -1 0 0 -1 0 0 -0.999999 0 0 -1 0 0 -1 0 0 -1 0 0 -1 0 0 -1 0 0 -0.999999 0 0 -0.999999 0 0 -1 0 0 -1 0 0 -0.999999 -0 0 -0.999999 -0 0 -0.999998 -0 0 -1 0 0 -0.999999 0 0 -0.999999 0 0 -0.999999 0 0 -0.999999 0 0 -0.999999 0 0 -0.999999 0 0 -0.999999 -0 0 -0.999999 0 0 -0.999999 0 0 -0.999999 0 0 -0.999999 -0 0 -0.999999 0 0 -0.999999 0 0 -0.999999 0 0 -0.999999 0 0 -0.999999 0 0 -0.999999 0 0 -0.999999 0 0 -1 0 0 -1 0 0 -0.999999 0 0 -0.999999 0 0 -1 0 0 -1 0 0 -0.999999 0 0 -0.999999 0 0 -1 -0 0 -0.999999 -0 0 -0.999999 0 0 -1 0 0 -1 0 0 -1 0 0 -1 0 0 -1 0 0 -1 0 0 -1 0 0 -0.999999 -0 0 -1 0 0 -1 0 0 -1 0 0 -1 0 0 -0.999999 0 0 -0.999999 0 0 -1 0 0 -1 0 0 -1 0 0 -1 0 0 -0.999999 0 0 -1 0 0 -0.999999 0 0 -0.999999 0 0 -1 0 0 -1 -0 0 -0.999999 0 0 -0.999998 0 0 -0.999999 0 0 -0.999999 -0 0 -0.999999 0 0 -0.999999 0 0 -0.999999 0 0 -0.999999 0 0 -0.999999 -0 0 -0.999998 0 0 -0.999999 0 0 -1 0 0 -1 0 0 -1 0 0 -0.999999 0 0 -0.999999 -0 0 -1 0 0 -1 0 0 -1 0 0 -1 0 0 -0.999999 0 0 -0.999999 0 0 -0.999999 0 0 -0.999999 0 0 -1 0 0 -1 -0 0 -0.999999 0 0 -0.999999 0 0 -0.999999 0 0 -1 0 0 -1 -0 0 -0.999999 0 0 -0.999999 0 0 -0.999999 0 0 -1 0 0 -0.999999 0 0 -0.999999 0 0 -0.999999 0 0 -1 0 0 -0.999999 0 0 -0.999999 0 0 -0.999999 0 0 -0.999999 0 0 -1 0 0 -1 -0 0 -0.999999 0 0 -0.999999 0 0 -1 -0 0 -1 0 0 -0.999999 0 0 -0.999999 0 0 -0.999999 0 0 -0.999999 0 0 -0.999999 -0 0 -0.999999 0 0 -0.999999 0 0 -0.999999 0 0 -0.999999 -0 0 -0.999999 0 0 -0.999999 0 0 -0.999999 0 0 -0.999999 0 0 -0.999999 0 0 -0.999999 0 0 -0.999999 0 0 -0.999999 0 0 -0.999999 0 0 -0.999998 0 0 -0.999999 0 0 -0.999999 0 0 -0.999998 0 0 -1 0 0 -1 0 0 -0.999999 0 0 -0.999999 0 0 -0.999999 0 0 -0.999999 0 0 -1 0 0 -0.999999 0 0 -0.999999 -0 0 -0.999999 0 0 -1 0 0 -1 0 0 -0.999999 -0 0 -0.999999 0 0 -0.999999 0 0 -0.999999 -0 0 -0.999999 0 0 -0.999999 0 0 -0.999999 0 0 -0.999999 -0 0 -0.999999 0 0 -0.999999 0 0 -0.999999 0 0 -0.999999 0 0 -1 -0 0 -0.999998 0 0 -0.999999 0 0 -1 -0 0 -1 0 0 -0.999999 0 0 -0.999999 0 0 -1 -0 0 -1 0 0 -0.999999 0 0 -0.999999 0 0 -1 0 0 -1 -0 0 -1 0 0 -0.999999 0 0 -0.999999 0 0 -0.999999 0 0 -0.999999 0 0 -0.999999 0 0 -0.999999 0 0 -0.999999 0 0 -0.999999 0 0 -1 0 0 -0.999999 0 0 -0.999999 0 0 -1 0 0 -1 -0 0 -0.999999 0 0 -1 0 0 -0.999999 0 0 -0.999999 0 0 -0.999999 0 0 -0.999999 0 0 -0.999999 0 0 -0.999999 0 0 -0.999999 0 0 -1 0 0 -0.999999 -0 0 -1 0 0 -1 0 0 -0.999999 0 0 -0.999999 0 0 -0.999999 0 0 -0.999999 0 0 -1 0 0 -0.999999 0 0 -0.999999 0 0 -0.999999 0 0 -0.999999 0 0 -0.999999 0 0 -0.999999 0 0 -1 -0 0 -1 0 0 -1 0 0 -1 0 0 -0.999998 0 0 -0.999999 0 0 -0.999999 0 0 -0.999999 0 0 -0.999999 0 0 -0.999999 0 0 -0.999999 0 0 -0.999999 0 0 -1 0 0 -1 -0 0.509386 -5.97974e-16 -0.860538 0.509386 -8.53026e-17 -0.860538 0.667481 4.95412e-17 -0.744627 0.667481 -7.33e-17 -0.744627 0.799925 2.77437e-16 -0.6001 0.799925 2.46905e-16 -0.6001 0.901628 -1.71494e-16 -0.432511 0.901628 4.5716e-16 -0.432511 0.968683 -2.46134e-17 -0.248302 0.968683 -9.83763e-17 -0.248302 0.998511 7.55336e-16 -0.0545502 0.998511 -5.3046e-18 -0.0545502 0.989967 8.75402e-17 0.141298 0.989967 8.796e-16 0.141298 0.943379 -8.2205e-18 0.331716 0.860538 -1.26235e-17 0.509386 0.943379 2.05433e-16 0.331716 0.860538 1.11162e-15 0.509386 0.744627 1.15351e-15 0.667481 0.744627 3.14286e-16 0.667481 0.6001 3.76648e-16 0.799925 0.6001 9.8139e-16 0.799925 0.432511 9.12392e-16 0.901628 0.432511 7.48522e-16 0.901628 0.248302 8.0419e-16 0.968683 0.248302 1.20028e-16 0.968683 0.0545502 1.23724e-16 0.998511 0.0545502 1.23724e-16 0.998511 -0.141298 1.22666e-16 0.989967 -0.141298 -7.35994e-17 0.989967 -0.331716 -7.04066e-17 0.943379 -0.331716 1.81137e-16 0.943379 -0.509386 1.23579e-18 0.860538 -0.509386 1.27954e-16 0.860538 -0.667481 1.0995e-16 0.744627 -0.667481 -6.79944e-17 0.744627 -0.799925 -2.62337e-16 0.6001 -0.799925 -3.51795e-16 0.6001 -0.901628 -5.11171e-16 0.432511 -0.901628 -1.38714e-15 0.432511 -0.968683 -1.51175e-15 0.248302 -0.968683 -6.57421e-16 0.248302 -0.998511 5.4074e-18 0.0545502 -0.989967 -1.40064e-17 -0.141298 -0.998511 -7.6748e-16 0.0545502 -0.989967 -8.76102e-16 -0.141298 -0.943379 -9.6158e-16 -0.331716 -0.943379 -9.61848e-16 -0.331716 -0.860538 -1.01063e-15 -0.509386 -0.860538 -9.85384e-16 -0.509386 -0.744627 -8.88246e-16 -0.667481 -0.6001 -8.32713e-16 -0.799925 -0.744627 -9.87621e-16 -0.667481 -0.432511 -9.23931e-16 -0.901628 -0.6001 -9.91301e-16 -0.799925 -0.248302 9.60227e-17 -0.968683 -0.432511 8.93758e-17 -0.901628 -0.248302 -8.69066e-16 -0.968683 -0.0545502 -4.88667e-16 -0.998511 -0.0545502 -7.36134e-16 -0.998511 0.141298 -2.80479e-16 -0.989967 0.141298 -3.29368e-16 -0.989967 0.331716 -6.54601e-16 -0.943379 0.331716 -1.10914e-16 -0.943379 0 0.999999 0 0 0.999999 0 -0 0.999999 0 0 0.999999 0 0 0.999999 -0 0 0.999999 -0 -0 0.999999 0 0 0.999999 0 0 0.999999 -0 0 0.999999 -0 0 0.999999 0 0 0.999999 0 0 0.999999 -0 0 0.999999 0 0 0.999999 -0 0 0.999999 -0 0 0.999999 0 0 0.999999 -0 0 0.999999 0 -0 0.999999 0 0 0.999999 -0 0 0.999999 0 0 0.999999 -0 0 0.999999 -0 0 0.999999 0 0 0.999999 -0 0 0.999999 0 -0 0.999999 0 0 0.999999 -0 0 0.999999 -0 -0 0.999999 0 -0 0.999999 0 0 0.999999 -0 0 0.999999 -0 0 0.999999 0 -0 0.999999 0 0 0.999999 -0 0 0.999999 0 0 0.999999 0 -0 0.999999 0 0 0.999999 0 0 0.999999 0 0 0.999999 -0 0 0.999999 0 0 0.999999 -0 0 0.999999 0 0 0.999999 -0 0 0.999999 -0 0 0.999999 0 0 0.999999 -0 0 0.999999 0 0 0.999999 -0 0 0.999999 -0 0 0.999999 0 0 0.999999 -0 0 0.999999 0 0 0.999999 0 -0 0.999999 0 0 0.999999 0 0 0.999999 0 0 0.999999 -0 0 0.999999 -0 -0 0.999999 0 0 0.999999 0 0.509386 2.12184e-17 -0.860538 0.509386 4.26513e-17 -0.860538 0.667481 8.64475e-17 -0.744627 0.667481 3.665e-17 -0.744627 0.799925 3.36923e-16 -0.6001 0.799925 2.77768e-16 -0.6001 0.901628 -4.28736e-17 -0.432511 0.901628 4.99597e-16 -0.432511 0.968683 -2.46134e-17 -0.248302 0.968683 -2.50763e-17 -0.248302 0.998511 7.48576e-16 -0.0545502 0.998511 -5.3046e-18 -0.0545502 0.989967 8.55092e-16 0.141298 0.989967 8.9696e-16 0.141298 0.943379 -9.8646e-17 0.331716 0.860538 -1.51482e-16 0.509386 0.943379 9.12392e-16 0.331716 0.860538 5.04939e-17 0.509386 0.744627 6.55842e-17 0.667481 0.744627 3.30827e-16 0.667481 0.6001 3.96471e-16 0.799925 0.6001 -1.58588e-16 0.799925 0.432511 -1.79392e-16 0.901628 0.432511 3.57503e-16 0.901628 0.248302 3.84091e-16 0.968683 0.248302 1.92045e-16 0.968683 0.0545502 1.97959e-16 0.998511 0.0545502 -0 0.998511 -0.141298 0 0.989967 -0.141298 8.83193e-16 0.989967 -0.331716 8.41985e-16 0.943379 -0.331716 7.48115e-16 0.943379 -0.509386 6.82421e-16 0.860538 -0.509386 1.48044e-16 0.860538 -0.667481 3.08631e-16 0.744627 -0.667481 -2.34073e-16 0.744627 -0.799925 -3.97363e-16 0.6001 -0.799925 -1.58465e-16 0.6001 -0.901628 -3.72287e-16 0.432511 -0.901628 -1.28621e-16 0.432511 -0.968683 -7.38403e-17 0.248302 -0.968683 4.92269e-17 0.248302 -0.998511 4.86666e-17 0.0545502 -0.989967 -1.26058e-16 -0.141298 -0.998511 1.08503e-17 0.0545502 -0.989967 8.40386e-17 -0.141298 -0.943379 1.96753e-16 -0.331716 -0.943379 -8.79643e-16 -0.331716 -0.860538 -8.84397e-16 -0.509386 -0.860538 -1.08637e-15 -0.509386 -0.744627 -9.92481e-17 -0.667481 -0.6001 -1.18941e-16 -0.799925 -0.744627 -1.11879e-15 -0.667481 -0.432511 -1.10268e-15 -0.901628 -0.6001 -1.14989e-15 -0.799925 -0.248302 -3.84091e-16 -0.968683 -0.432511 -3.57503e-16 -0.901628 -0.248302 -4.32102e-16 -0.968683 -0.0545502 -6.37136e-16 -0.998511 -0.0545502 -4.45346e-16 -0.998511 0.141298 -3.29545e-16 -0.989967 0.141298 -4.7645e-16 -0.989967 0.331716 -1.57759e-16 -0.943379 0.331716 -1.58174e-16 -0.943379 0 0.999999 0 0 0.999999 0 -0 0.999999 0 0 0.999999 0 0 0.999999 -0 0 0.999999 -0 0 0.999999 -0 -0 0.999999 0 0 0.999999 -0 0 0.999999 0 0 0.999999 0 0 0.999999 0 0 0.999999 -0 0 0.999999 -0 0 0.999999 0 0 0.999999 -0 0 0.999999 0 0 0.999999 0 0 0.999999 -0 0 0.999999 -0 -0 0.999999 0 0 0.999999 0 0 0.999999 -0 0 0.999999 -0 -0 0.999999 0 0 0.999999 0 0 0.999999 -0 -0 0.999999 0 0 0.999999 0 -0 0.999999 0 -0 0.999999 0 0 0.999999 0 0 0.999999 -0 0 0.999999 -0 0 0.999999 0 -0 0.999999 0 0 0.999999 0 0 0.999999 -0 0 0.999999 0 0 0.999999 0 -0 0.999999 0 0 0.999999 -0 0 0.999999 0 0 0.999999 0 0 0.999999 -0 0 0.999999 -0 0 0.999999 0 0 0.999999 0 0 0.999999 -0 0 0.999999 0 0 0.999999 -0 0 0.999999 0 0 0.999999 -0 0 0.999999 -0 0 0.999999 0 0 0.999999 -0 0 0.999999 0 -0 0.999999 0 0 0.999999 0 0 0.999999 -0 0 0.999999 0 0 0.999999 0 -0 0.999999 0 0 0.999999 -0 0.509386 -1.08021e-16 -0.860538 0.509386 -1.93167e-16 -0.860538 0.667481 -4.42876e-16 -0.744627 0.667481 1.15737e-17 -0.744627 0.799925 2.77437e-16 -0.6001 0.799925 -3.56855e-16 -0.6001 0.901628 4.57765e-16 -0.432511 0.901628 4.5716e-16 -0.432511 0.968683 2.46134e-17 -0.248302 0.968683 6.20156e-16 -0.248302 0.998511 -3.78518e-17 -0.0545502 0.998511 5.54572e-18 -0.0545502 0.989967 9.10418e-17 0.141298 0.989967 9.7894e-17 0.141298 0.943379 -8.79643e-16 0.331716 0.860538 -8.84397e-16 0.509386 0.943379 2.13149e-16 0.331716 0.860538 8.84397e-16 0.509386 0.744627 8.54523e-16 0.667481 0.744627 8.55163e-16 0.667481 0.6001 7.93066e-16 0.799925 0.6001 9.91301e-16 0.799925 0.432511 9.23966e-16 0.901628 0.432511 7.4518e-16 0.901628 0.248302 6.29009e-16 0.968683 0.248302 9.60227e-17 0.968683 0.0545502 9.89795e-17 0.998511 0.0545502 9.89795e-17 0.998511 -0.141298 9.81325e-17 0.989967 -0.141298 9.81325e-17 0.989967 -0.331716 9.35539e-17 0.943379 -0.331716 9.35144e-17 0.943379 -0.509386 8.53026e-17 0.860538 -0.509386 8.53026e-17 0.860538 -0.667481 7.52289e-17 0.744627 -0.667481 -8.64475e-17 0.744627 -0.799925 -2.77768e-16 0.6001 -0.799925 5.74868e-16 0.6001 -0.901628 6.73202e-16 0.432511 -0.901628 -4.36328e-16 0.432511 -0.968683 -6.08194e-16 0.248302 -0.968683 2.46134e-17 0.248302 -0.998511 5.4074e-18 0.0545502 -0.989967 -1.40064e-17 -0.141298 -0.998511 5.3046e-18 0.0545502 -0.989967 -8.83105e-16 -0.141298 -0.943379 -9.77976e-16 -0.331716 -0.943379 -2.30174e-16 -0.331716 -0.860538 -3.53458e-16 -0.509386 -0.860538 -3.28211e-16 -0.509386 -0.744627 -1.65414e-16 -0.667481 -0.6001 -1.98236e-16 -0.799925 -0.744627 -4.30155e-16 -0.667481 -0.432511 -4.46879e-16 -0.901628 -0.6001 -3.96471e-16 -0.799925 -0.248302 3.84091e-16 -0.968683 -0.432511 3.57503e-16 -0.901628 -0.248302 -8.69066e-16 -0.968683 -0.0545502 -6.92856e-16 -0.998511 -0.0545502 -7.36134e-16 -0.998511 0.141298 -2.80479e-16 -0.989967 0.141298 -6.86705e-16 -0.989967 0.331716 -2.9803e-16 -0.943379 0.331716 -1.10914e-16 -0.943379 0 0.999999 0 0 0.999999 0 -0 0.999999 0 0 0.999999 -0 0 0.999999 -0 -0 0.999999 0 0 0.999999 0 0 0.999999 0 0 0.999999 -0 0 0.999999 -0 0 0.999999 0 0 0.999999 0 0 0.999999 0 0 0.999999 -0 0 0.999999 -0 0 0.999999 0 0 0.999999 -0 0 0.999999 0 0 0.999999 -0 0 0.999999 -0 -0 0.999999 0 0 0.999999 0 0 0.999999 -0 0 0.999999 -0 -0 0.999999 0 0 0.999999 0 0 0.999999 -0 -0 0.999999 0 0 0.999999 -0 0 0.999999 -0 -0 0.999999 0 -0 0.999999 0 0 0.999999 -0 -0 0.999999 0 0 0.999999 -0 -0 0.999999 0 0 0.999999 -0 0 0.999999 0 0 0.999999 0 -0 0.999999 0 0 0.999999 0 0 0.999999 0 0 0.999999 -0 0 0.999999 0 0 0.999999 -0 0 0.999999 -0 0 0.999999 0 0 0.999999 -0 0 0.999999 0 0 0.999999 -0 0 0.999999 0 0 0.999999 -0 0 0.999999 0 0 0.999999 -0 0 0.999999 0 0 0.999999 -0 0 0.999999 0 -0 0.999999 0 0 0.999999 0 0 0.999999 0 0 0.999999 -0 -0 0.999999 0 0 0.999999 0 0 0.999999 -0 0.509386 6.36552e-17 -0.860538 0.509386 -1.71841e-16 -0.860538 0.667481 7.50761e-16 -0.744627 0.667481 3.08631e-17 -0.744627 0.799925 2.97431e-17 -0.6001 0.799925 8.12087e-16 -0.6001 0.901628 5.00638e-16 -0.432511 0.901628 2.12184e-17 -0.432511 0.968683 -1.59987e-16 -0.248302 0.968683 6.45233e-16 -0.248302 0.998511 2.7037e-18 -0.0545502 0.998511 -3.49622e-17 -0.0545502 0.989967 9.10418e-17 0.141298 0.989967 -7.23355e-18 0.141298 0.943379 9.45407e-16 0.331716 0.860538 9.85384e-16 0.509386 0.943379 2.14113e-16 0.331716 0.860538 9.09644e-16 0.509386 0.744627 8.87316e-16 0.667481 0.744627 -6.61654e-17 0.667481 0.6001 -7.92942e-17 0.799925 0.6001 8.7236e-16 0.799925 0.432511 7.88939e-16 0.901628 0.432511 8.93758e-17 0.901628 0.248302 9.60227e-17 0.968683 0.248302 2.88068e-16 0.968683 0.0545502 2.96938e-16 0.998511 0.0545502 4.39177e-16 0.998511 -0.141298 2.80479e-16 0.989967 -0.141298 4.76744e-16 0.989967 -0.331716 2.98022e-16 0.943379 -0.331716 -3.44788e-16 0.943379 -0.509386 -1.50515e-16 0.860538 -0.509386 1.50515e-16 0.860538 -0.667481 -5.01526e-17 0.744627 -0.667481 -3.69063e-17 0.744627 -0.799925 -3.08631e-17 0.6001 -0.799925 -1.18972e-16 0.6001 -0.901628 -8.48737e-17 0.432511 -0.901628 -5.00638e-16 0.432511 -0.968683 -6.45114e-16 0.248302 -0.968683 -6.57421e-16 0.248302 -0.998511 -7.67502e-16 0.0545502 -0.989967 -8.48089e-16 -0.141298 -0.998511 -7.6748e-16 0.0545502 -0.989967 -8.76102e-16 -0.141298 -0.943379 -9.6158e-16 -0.331716 -0.943379 -9.8646e-17 -0.331716 -0.860538 -1.51482e-16 -0.509386 -0.860538 -1.03588e-15 -0.509386 -0.744627 -1.03712e-15 -0.667481 -0.6001 -1.01113e-15 -0.799925 -0.744627 -1.05513e-15 -0.667481 -0.432511 -1.19549e-16 -0.901628 -0.6001 -2.77654e-16 -0.799925 -0.248302 -6.77021e-16 -0.968683 -0.432511 -7.89868e-16 -0.901628 -0.248302 7.2017e-17 -0.968683 -0.0545502 4.94897e-17 -0.998511 -0.0545502 7.42645e-17 -0.998511 0.141298 2.20798e-16 -0.989967 0.141298 4.91881e-17 -0.989967 0.331716 7.01358e-17 -0.943379 0.331716 2.10255e-16 -0.943379 0 0.999999 0 0 0.999999 0 -0 0.999999 0 0 0.999999 0 0 0.999999 -0 0 0.999999 -0 -0 0.999999 0 0 0.999999 0 0 0.999999 -0 0 0.999999 -0 0 0.999999 0 0 0.999999 0 0 0.999999 -0 0 0.999999 -0 0 0.999999 0 0 0.999999 0 0 0.999999 -0 0 0.999999 0 0 0.999999 -0 0 0.999999 -0 -0 0.999999 0 0 0.999999 0 0 0.999999 -0 0 0.999999 -0 -0 0.999999 0 0 0.999999 0 0 0.999999 -0 -0 0.999999 0 0 0.999999 -0 0 0.999999 -0 -0 0.999999 0 -0 0.999999 0 0 0.999999 -0 0 0.999999 -0 0 0.999999 0 -0 0.999999 0 0 0.999999 -0 0 0.999999 0 0 0.999999 0 -0 0.999999 0 0 0.999999 0 0 0.999999 0 0 0.999999 -0 0 0.999999 0 0 0.999999 -0 0 0.999999 0 0 0.999999 -0 0 0.999999 0 0 0.999999 -0 0 0.999999 0 0 0.999999 -0 0 0.999999 -0 0 0.999999 -0 0 0.999999 0 0 0.999999 0 0 0.999999 0 0 0.999999 -0 0 0.999999 0 -0 0.999999 0 0 0.999999 -0 0 0.999999 0 0 0.999999 -0 0 0.999999 0 -0 0.999999 0 0.509386 1.71676e-16 -0.860538 0.509386 -1.27954e-16 -0.860538 0.667481 -2.42715e-17 -0.744627 0.667481 -1.0995e-16 -0.744627 0.799925 -2.97431e-16 -0.6001 0.799925 1.89037e-16 -0.6001 0.901628 -4.28736e-17 -0.432511 0.901628 -2.14113e-16 -0.432511 0.968683 -7.92795e-16 -0.248302 0.968683 -2.50763e-17 -0.248302 0.998511 -8.16169e-16 -0.0545502 0.998511 -7.97378e-16 -0.0545502 0.989967 6.30289e-17 0.141298 0.989967 -7.21908e-16 0.141298 0.943379 8.96084e-16 0.331716 0.860538 9.09644e-16 0.509386 0.943379 1.47564e-16 0.331716 0.860538 5.04939e-17 0.509386 0.744627 6.55842e-17 0.667481 0.744627 8.55163e-16 0.667481 0.6001 7.93066e-16 0.799925 0.6001 -9.51654e-16 0.799925 0.432511 -8.796e-16 0.901628 0.432511 3.57503e-16 0.901628 0.248302 3.84091e-16 0.968683 0.248302 -1.00885e-16 0.968683 0.0545502 5.57202e-17 0.998511 0.0545502 5.38157e-16 0.998511 -0.141298 3.78611e-16 0.989967 -0.141298 2.80479e-16 0.989967 -0.331716 1.11879e-16 0.943379 -0.331716 1.11002e-16 0.943379 -0.509386 -6.27412e-17 0.860538 -0.509386 8.53026e-17 0.860538 -0.667481 7.52289e-17 0.744627 -0.667481 9.80841e-17 0.744627 -0.799925 -1.29239e-16 0.6001 -0.799925 2.67688e-16 0.6001 -0.901628 1.92895e-16 0.432511 -0.901628 4.28736e-17 0.432511 -0.968683 2.46134e-17 0.248302 -0.968683 -6.45114e-16 0.248302 -0.998511 -7.45873e-16 0.0545502 -0.989967 -9.04115e-16 -0.141298 -0.998511 -7.64827e-16 0.0545502 -0.989967 -2.10096e-17 -0.141298 -0.943379 -5.01526e-17 -0.331716 -0.943379 -9.12525e-16 -0.331716 -0.860538 -9.34891e-16 -0.509386 -0.860538 -4.29199e-16 -0.509386 -0.744627 -9.21328e-16 -0.667481 -0.6001 -8.7236e-16 -0.799925 -0.744627 -5.61324e-16 -0.667481 -0.432511 -8.04382e-16 -0.901628 -0.6001 -7.13648e-16 -0.799925 -0.248302 -1.44034e-16 -0.968683 -0.432511 -1.34064e-16 -0.901628 -0.248302 -9.65089e-16 -0.968683 -0.0545502 -4.45408e-16 -0.998511 -0.0545502 -8.34993e-16 -0.998511 0.141298 -4.41596e-16 -0.989967 0.141298 -4.41729e-16 -0.989967 0.331716 1.87029e-16 -0.943379 0.331716 -4.2051e-16 -0.943379 0 0.999999 0 0 0.999999 0 -0 0.999999 0 0 0.999999 -0 0 0.999999 -0 -0 0.999999 0 0 0.999999 0 0 0.999999 0 0 0.999999 -0 0 0.999999 -0 0 0.999999 0 0 0.999999 0 0 0.999999 0 0 0.999999 -0 0 0.999999 -0 0 0.999999 0 0 0.999999 -0 0 0.999999 0 0 0.999999 -0 0 0.999999 -0 -0 0.999999 0 0 0.999999 0 0 0.999999 -0 0 0.999999 -0 -0 0.999999 0 0 0.999999 0 0 0.999999 -0 -0 0.999999 0 0 0.999999 -0 0 0.999999 -0 -0 0.999999 0 -0 0.999999 0 0 0.999999 -0 -0 0.999999 0 0 0.999999 -0 -0 0.999999 0 0 0.999999 -0 0 0.999999 0 0 0.999999 0 -0 0.999999 0 0 0.999999 0 0 0.999999 0 0 0.999999 -0 0 0.999999 0 0 0.999999 -0 0 0.999999 -0 0 0.999999 0 0 0.999999 -0 0 0.999999 0 0 0.999999 -0 0 0.999999 0 0 0.999999 -0 0 0.999999 0 0 0.999999 -0 0 0.999999 0 0 0.999999 -0 0 0.999999 0 -0 0.999999 0 0 0.999999 0 0 0.999999 0 0 0.999999 -0 -0 0.999999 0 0 0.999999 0 0 0.999999 -0 0.509386 -8.68026e-17 -0.860538 0.509386 -1.50515e-16 -0.860538 0.667481 1.84532e-16 -0.744627 0.667481 5.01526e-17 -0.744627 0.799925 4.46146e-17 -0.6001 0.799925 1.48529e-16 -0.6001 0.901628 4.36328e-16 -0.432511 0.901628 3.27921e-17 -0.432511 0.968683 -7.99937e-17 -0.248302 0.968683 6.08583e-16 -0.248302 0.998511 -6.75926e-18 -0.0545502 0.998511 -1.73605e-17 -0.0545502 0.989967 8.79604e-16 0.141298 0.989967 1.73605e-17 0.141298 0.943379 9.04305e-16 0.331716 0.860538 9.22267e-16 0.509386 0.943379 9.7026e-16 0.331716 0.860538 1.01063e-15 0.509386 0.744627 1.02041e-15 0.667481 0.744627 1.02885e-15 0.667481 0.6001 1.00121e-15 0.799925 0.6001 3.76648e-16 0.799925 0.432511 4.24368e-16 0.901628 0.432511 -2.34611e-16 0.901628 0.248302 -2.52059e-16 0.968683 0.248302 8.21055e-16 0.968683 0.0545502 6.86626e-16 0.998511 0.0545502 4.88667e-16 0.998511 -0.141298 3.29545e-16 0.989967 -0.141298 6.37861e-16 0.989967 -0.331716 6.07618e-16 0.943379 -0.331716 1.57759e-16 0.943379 -0.509386 -2.00899e-17 0.860538 -0.509386 1.71841e-16 0.860538 -0.667481 -3.08631e-17 0.744627 -0.667481 9.22658e-17 0.744627 -0.799925 7.33e-17 0.6001 -0.799925 -2.97431e-17 0.6001 -0.901628 -2.12184e-17 0.432511 -0.901628 2.0365e-16 0.432511 -0.968683 1.16914e-16 0.248302 -0.968683 1.16914e-16 0.248302 -0.998511 -7.64799e-16 0.0545502 -0.989967 -8.55092e-16 -0.141298 -0.998511 2.55585e-17 0.0545502 -0.989967 -9.10418e-17 -0.141298 -0.943379 -2.13149e-16 -0.331716 -0.943379 8.87864e-16 -0.331716 -0.860538 8.9702e-16 -0.509386 -0.860538 -7.57409e-17 -0.509386 -0.744627 -2.97744e-16 -0.667481 -0.6001 -3.56824e-16 -0.799925 -0.744627 -1.00305e-16 -0.667481 -0.432511 4.46879e-17 -0.901628 -0.6001 3.96471e-17 -0.799925 -0.248302 -7.73043e-16 -0.968683 -0.432511 -8.79243e-16 -0.901628 -0.248302 -6.72159e-16 -0.968683 -0.0545502 -9.89795e-17 -0.998511 -0.0545502 -6.92974e-16 -0.998511 0.141298 -9.81325e-17 -0.989967 0.141298 -9.83763e-17 -0.989967 0.331716 -9.35144e-17 -0.943379 0.331716 -9.35539e-17 -0.943379 0 0.999999 0 0 0.999999 0 -0 0.999999 0 0 0.999999 0 0 0.999999 -0 0 0.999999 -0 -0 0.999999 0 0 0.999999 0 0 0.999999 -0 0 0.999999 -0 0 0.999999 0 0 0.999999 0 0 0.999999 -0 0 0.999999 -0 0 0.999999 0 0 0.999999 0 0 0.999999 -0 0 0.999999 0 0 0.999999 -0 -0 0.999999 0 0 0.999999 -0 0 0.999999 0 0 0.999999 -0 0 0.999999 -0 -0 0.999999 0 0 0.999999 0 0 0.999999 -0 -0 0.999999 0 0 0.999999 -0 0 0.999999 -0 -0 0.999999 0 -0 0.999999 0 0 0.999999 -0 0 0.999999 -0 0 0.999999 0 -0 0.999999 0 0 0.999999 0 0 0.999999 -0 0 0.999999 0 0 0.999999 0 -0 0.999999 0 0 0.999999 0 0 0.999999 -0 0 0.999999 0 0 0.999999 -0 0 0.999999 0 0 0.999999 -0 0 0.999999 -0 0 0.999999 0 0 0.999999 -0 0 0.999999 0 0 0.999999 0 0 0.999999 -0 0 0.999999 0 0 0.999999 -0 0 0.999999 -0 0 0.999999 0 -0 0.999999 0 0 0.999999 0 0 0.999999 0 0 0.999999 -0 0 0.999999 0 0 0.999999 -0 -0 0.999999 0 0.509386 -1.11397e-16 -0.860538 0.509386 1.4928e-16 -0.860538 0.667481 1.61465e-16 -0.744627 0.667481 1.294e-16 -0.744627 0.799925 1.04101e-16 -0.6001 0.799925 1.294e-16 -0.6001 0.901628 7.50288e-17 -0.432511 0.901628 7.42644e-17 -0.432511 0.998511 -9.46296e-18 -0.0545502 0.968683 -4.30735e-17 -0.248302 0.968683 4.27583e-17 -0.248302 0.989967 -3.06391e-17 0.141298 0.998511 1.18287e-17 -0.0545502 0.943379 -5.75435e-17 0.331716 0.989967 -2.45113e-17 0.141298 0.860538 -1.10455e-16 0.509386 0.943379 -7.19294e-17 0.331716 0.860538 -8.83644e-17 0.509386 0.744627 -1.15789e-16 0.667481 0.744627 -1.75706e-15 0.667481 0.6001 -1.70009e-15 0.799925 0.6001 -1.21419e-15 0.799925 0.432511 -1.36857e-15 0.901628 0.432511 -1.95509e-16 0.901628 0.248302 -2.1005e-16 0.968683 0.248302 -2.1005e-16 0.968683 0.0545502 -2.16518e-16 0.998511 0.0545502 -2.16518e-16 0.998511 -0.141298 -2.14665e-16 0.989967 -0.141298 -2.14665e-16 0.989967 -0.331716 -2.04563e-16 0.943379 -0.331716 -2.04563e-16 0.943379 -0.509386 -1.86599e-16 0.860538 -0.509386 -1.86599e-16 0.860538 -0.667481 -1.61465e-16 0.744627 -0.667481 9.68791e-17 0.744627 -0.799925 7.80755e-17 0.6001 -0.799925 7.76401e-17 0.6001 -0.968683 3.23051e-17 0.248302 -0.901628 5.62716e-17 0.432511 -0.901628 5.62609e-17 0.432511 -0.968683 -5.38419e-17 0.248302 -0.989967 2.45113e-17 -0.141298 -0.998511 -9.46296e-18 0.0545502 -0.998511 -1.18148e-17 0.0545502 -0.989967 -1.83834e-17 -0.141298 -0.860538 -6.62733e-17 -0.509386 -0.943379 -4.31576e-17 -0.331716 -0.943379 -4.27583e-17 -0.331716 -0.860538 8.83644e-17 -0.509386 -0.6001 1.1795e-15 -0.799925 -0.744627 9.84211e-16 -0.667481 -0.744627 1.15898e-16 -0.667481 -0.432511 4.69223e-16 -0.901628 -0.6001 4.16295e-16 -0.799925 -0.432511 1.56408e-16 -0.901628 -0.0545502 4.76339e-16 -0.998511 -0.248302 4.62109e-16 -0.968683 -0.248302 1.6822e-16 -0.968683 -0.0545502 2.16518e-16 -0.998511 0.331716 1.6365e-16 -0.943379 0.141298 1.71732e-16 -0.989967 0.141298 2.14635e-16 -0.989967 0.331716 -1.22738e-16 -0.943379 0.509386 9.70317e-16 -0.860538 0.667481 -6.03386e-16 -0.744627 0.509386 -3.33716e-16 -0.860538 0.799925 -4.85515e-16 -0.6001 0.667481 -1.51283e-16 -0.744627 0.901628 -3.00115e-16 -0.432511 0.799925 -4.16403e-16 -0.6001 0.968683 -1.2151e-15 -0.248302 0.901628 -1.02617e-15 -0.432511 0.998511 -9.46296e-18 -0.0545502 0.968683 -4.30735e-17 -0.248302 0.989967 -1.43513e-15 0.141298 0.998511 -1.36205e-15 -0.0545502 0.943379 -4.02805e-16 0.331716 0.989967 -1.71579e-16 0.141298 0.860538 4.41822e-17 0.509386 0.943379 2.87718e-17 0.331716 0.860538 -1.85697e-15 0.509386 0.744627 -1.9018e-15 0.667481 0.744627 -1.38075e-15 0.667481 0.6001 -1.2491e-15 0.799925 0.6001 6.93824e-17 0.799925 0.432511 7.82038e-17 0.901628 0.432511 7.82038e-17 0.901628 0.248302 8.40198e-17 0.968683 0.248302 -1.43685e-15 0.968683 0.0545502 -1.20159e-15 0.998511 0.0545502 8.6607e-17 0.998511 -0.141298 8.58659e-17 0.989967 -0.141298 8.58659e-17 0.989967 -0.331716 8.18251e-17 0.943379 -0.331716 1.11495e-15 0.943379 -0.509386 1.30403e-15 0.860538 -0.509386 -2.63402e-16 0.860538 -0.667481 8.66971e-17 0.744627 -0.667481 1.91722e-15 0.744627 -0.799925 2.27229e-15 0.6001 -0.901628 1.02617e-15 0.432511 -0.799925 7.97817e-16 0.6001 -0.901628 7.50288e-17 0.432511 -0.968683 4.30735e-17 0.248302 -0.968683 1.19356e-15 0.248302 -0.998511 1.35259e-15 0.0545502 -0.989967 1.43513e-15 -0.141298 -0.998511 1.36205e-15 0.0545502 -0.989967 2.82124e-15 -0.141298 -0.860538 1.41515e-15 -0.509386 -0.943379 1.45306e-15 -0.331716 -0.943379 2.79111e-15 -0.331716 -0.744627 -5.78947e-17 -0.667481 -0.860538 -4.41822e-17 -0.509386 -0.6001 -1.38765e-16 -0.799925 -0.744627 -1.15789e-16 -0.667481 -0.6001 -6.93824e-17 -0.799925 -0.432511 9.91249e-16 -0.901628 -0.432511 -7.76401e-17 -0.901628 -0.0545502 -7.79463e-16 -0.998511 -0.248302 -7.56178e-16 -0.968683 -0.248302 7.64586e-16 -0.968683 -0.0545502 5.08739e-16 -0.998511 0.331716 -6.54601e-16 -0.943379 0.141298 -6.86928e-16 -0.989967 0.141298 2.33202e-16 -0.989967 0.331716 1.06373e-15 -0.943379 0.509386 2.23919e-16 -0.860538 0.509386 -1.88762e-16 -0.860538 0.667481 -9.90902e-16 -0.744627 0.667481 1.51905e-16 -0.744627 0.799925 1.56151e-16 -0.6001 0.799925 -1.16235e-15 -0.6001 0.901628 1.12543e-16 -0.432511 0.901628 1.12522e-16 -0.432511 0.968683 6.46103e-17 -0.248302 0.968683 6.47001e-17 -0.248302 0.998511 1.33367e-15 -0.0545502 0.998511 1.40652e-17 -0.0545502 0.989967 -3.06391e-17 0.141298 0.989967 1.50864e-15 0.141298 0.943379 -7.2014e-17 0.331716 0.943379 -4.31576e-17 0.331716 0.860538 -6.63879e-17 0.509386 0.860538 -2.43002e-16 0.509386 0.744627 -3.18437e-16 0.667481 0.744627 -5.5e-16 0.667481 0.6001 -6.59378e-16 0.799925 0.6001 -1.73456e-16 0.799925 0.432511 -1.95788e-16 0.901628 0.432511 -2.34611e-16 0.901628 0.248302 -2.52049e-16 0.968683 0.248302 -5.04119e-16 0.968683 0.0545502 -5.1971e-16 0.998511 0.0545502 1.62311e-16 0.998511 -0.141298 -1.10271e-16 0.989967 -0.141298 8.34301e-16 0.989967 -0.331716 5.21539e-16 0.943379 -0.331716 -2.04563e-16 0.943379 -0.509386 -1.86786e-16 0.860538 -0.509386 -3.71036e-16 0.860538 -0.667481 -6.35749e-16 0.744627 -0.667481 7.4274e-16 0.744627 -0.799925 -5.20504e-17 0.6001 -0.799925 5.98616e-16 0.6001 -0.901628 -5.62716e-17 0.432511 -0.901628 -3.71322e-17 0.432511 -0.968683 -3.26313e-17 0.248302 -0.968683 -5.38419e-17 0.248302 -0.998511 -1.36442e-15 0.0545502 -0.998511 -1.18148e-17 0.0545502 -0.989967 -1.42903e-15 -0.141298 -0.989967 -1.53318e-15 -0.141298 -0.943379 -4.31576e-17 -0.331716 -0.943379 -1.68333e-15 -0.331716 -0.860538 1.32547e-16 -0.509386 -0.860538 -6.52627e-17 -0.509386 -0.744627 1.73684e-16 -0.667481 -0.744627 1.73284e-16 -0.667481 -0.6001 2.7753e-16 -0.799925 -0.6001 2.08165e-16 -0.799925 -0.432511 1.56408e-16 -0.901628 -0.432511 3.12811e-16 -0.901628 -0.0545502 2.59821e-16 -0.998511 -0.248302 2.52059e-16 -0.968683 -0.248302 1.6822e-16 -0.968683 -0.0545502 -4.22132e-16 -0.998511 0.141298 3.43464e-16 -0.989967 0.141298 -1.47404e-16 -0.989967 0.331716 2.45475e-16 -0.943379 0.331716 3.27439e-16 -0.943379 0.509386 2.23919e-16 -0.860538 0.509386 -1.4928e-16 -0.860538 0.667481 -6.45861e-17 -0.744627 0.667481 -1.294e-16 -0.744627 0.799925 -5.20504e-17 -0.6001 0.799925 -5.17601e-17 -0.6001 0.901628 -7.50288e-17 -0.432511 0.901628 -3.71322e-17 -0.432511 0.998511 9.46296e-18 -0.0545502 0.968683 4.30735e-17 -0.248302 0.968683 -4.33209e-17 -0.248302 0.989967 -3.67669e-17 0.141298 0.998511 1.41944e-17 -0.0545502 0.943379 -5.75435e-17 0.331716 0.989967 -2.45113e-17 0.141298 0.860538 4.41822e-17 0.509386 0.943379 2.87718e-17 0.331716 0.860538 -8.83644e-17 0.509386 0.744627 -1.15789e-16 0.667481 0.744627 -1.32285e-15 0.667481 0.6001 -1.17972e-15 0.799925 0.6001 -1.2491e-15 0.799925 0.432511 -1.06945e-15 0.901628 0.432511 -1.56408e-16 0.901628 0.248302 -1.6804e-16 0.968683 0.248302 -1.6804e-16 0.968683 0.0545502 -1.73214e-16 0.998511 0.0545502 -2.59821e-16 0.998511 -0.141298 -2.57598e-16 0.989967 -0.141298 -1.71732e-16 0.989967 -0.331716 -1.6365e-16 0.943379 -0.331716 -1.6365e-16 0.943379 -0.509386 -1.4928e-16 0.860538 -0.509386 7.81555e-16 0.860538 -0.667481 9.90902e-16 0.744627 -0.667481 6.45861e-17 0.744627 -0.799925 1.04101e-16 0.6001 -0.799925 5.17601e-17 0.6001 -0.968683 2.15368e-17 0.248302 -0.901628 3.75144e-17 0.432511 -0.901628 7.42644e-17 0.432511 -0.968683 2.15368e-17 0.248302 -0.989967 -2.45113e-17 -0.141298 -0.998511 9.46296e-18 0.0545502 -0.998511 4.64153e-18 0.0545502 -0.989967 -1.22556e-17 -0.141298 -0.860538 -4.41822e-17 -0.509386 -0.943379 -2.87718e-17 -0.331716 -0.943379 -2.86931e-17 -0.331716 -0.860538 9.73325e-16 -0.509386 -0.6001 1.38765e-16 -0.799925 -0.744627 1.15789e-16 -0.667481 -0.744627 7.4377e-16 -0.667481 -0.432511 2.16431e-15 -0.901628 -0.6001 2.22045e-15 -0.799925 -0.432511 -7.82038e-17 -0.901628 -0.0545502 -1.73214e-16 -0.998511 -0.248302 -1.6804e-16 -0.968683 -0.248302 -8.38288e-17 -0.968683 -0.0545502 1.73214e-16 -0.998511 0.331716 1.6365e-16 -0.943379 0.141298 1.71732e-16 -0.989967 0.141298 1.71596e-16 -0.989967 0.331716 2.45475e-16 -0.943379 0.509386 -1.09797e-16 -0.860538 0.667481 -1.443e-15 -0.744627 0.509386 -1.30403e-15 -0.860538 0.799925 -4.85515e-16 -0.6001 0.667481 -1.51283e-16 -0.744627 0.901628 0 -0.432511 0.799925 0 -0.6001 0.968683 -1.72294e-16 -0.248302 0.901628 -3.00115e-16 -0.432511 0.998511 -9.46296e-18 -0.0545502 0.968683 -4.30735e-17 -0.248302 0.989967 -1.44739e-15 0.141298 0.998511 -1.35732e-15 -0.0545502 0.943379 -1.19411e-15 0.331716 0.989967 -1.32483e-15 0.141298 0.860538 8.83644e-17 0.509386 0.943379 5.75435e-17 0.331716 0.860538 -2.38847e-15 0.509386 0.744627 -2.06675e-15 0.667481 0.744627 -1.72811e-15 0.667481 0.6001 -1.66539e-15 0.799925 0.6001 -0 0.799925 0.432511 -0 0.901628 0.432511 -0 0.901628 0.248302 -0 0.968683 0.248302 -1.35283e-15 0.968683 0.0545502 -1.11499e-15 0.998511 0.0545502 -0 0.998511 -0.141298 0 0.989967 -0.141298 6.86928e-16 0.989967 -0.331716 6.54601e-16 0.943379 -0.331716 1.6365e-16 0.943379 -0.509386 1.4928e-16 0.860538 -0.509386 7.06915e-16 0.860538 -0.667481 9.26316e-16 0.744627 -0.667481 0 0.744627 -0.799925 0 0.6001 -0.901628 -2.25086e-16 0.432511 -0.799925 -3.12302e-16 0.6001 -0.901628 3.00115e-16 0.432511 -0.968683 1.72294e-16 0.248302 -0.968683 1.25817e-15 0.248302 -0.998511 1.36679e-15 0.0545502 -0.989967 2.96831e-15 -0.141298 -0.998511 2.68626e-15 0.0545502 -0.989967 1.4719e-15 -0.141298 -0.860538 1.37097e-15 -0.509386 -0.943379 1.42429e-15 -0.331716 -0.943379 1.5393e-15 -0.331716 -0.744627 0 -0.667481 -0.860538 0 -0.509386 -0.6001 2.16568e-19 -0.799925 -0.744627 3.3864e-16 -0.667481 -0.6001 -6.93824e-16 -0.799925 -0.432511 9.13045e-16 -0.901628 -0.432511 -7.82027e-16 -0.901628 -0.0545502 -1.73214e-16 -0.998511 -0.248302 -1.6804e-16 -0.968683 -0.248302 6.80757e-16 -0.968683 -0.0545502 -2.18067e-17 -0.998511 0.331716 -1.6365e-16 -0.943379 0.141298 -1.71732e-16 -0.989967 0.141298 -5.64016e-16 -0.989967 0.331716 1.94253e-16 -0.943379 0.509386 2.98183e-16 -0.860538 0.509386 -1.14122e-16 -0.860538 0.667481 4.74213e-16 -0.744627 0.667481 2.16042e-16 -0.744627 0.799925 1.04101e-16 -0.6001 0.799925 7.4602e-16 -0.6001 0.901628 1.12543e-16 -0.432511 0.901628 7.42644e-17 -0.432511 0.968683 8.6147e-17 -0.248302 0.968683 6.41375e-17 -0.248302 0.998511 1.89259e-17 -0.0545502 0.998511 1.89881e-17 -0.0545502 0.989967 1.43513e-15 0.141298 0.989967 -4.8947e-17 0.141298 0.943379 1.45266e-15 0.331716 0.943379 -1.72631e-16 0.331716 0.860538 -2.64426e-16 0.509386 0.860538 1.41515e-15 0.509386 0.744627 1.32213e-15 0.667481 0.744627 -3.47368e-16 0.667481 0.6001 -4.16331e-16 0.799925 0.6001 -2.08147e-16 0.799925 0.432511 -2.35171e-16 0.901628 0.432511 -2.34611e-16 0.901628 0.248302 -2.52049e-16 0.968683 0.248302 -5.04119e-16 0.968683 0.0545502 -5.1957e-16 0.998511 0.0545502 -5.19642e-16 0.998511 -0.141298 -5.15069e-16 0.989967 -0.141298 3.19106e-16 0.989967 -0.331716 3.03809e-17 0.943379 -0.331716 -4.90951e-16 0.943379 -0.509386 -4.47837e-16 0.860538 -0.509386 5.97118e-16 0.860538 -0.667481 5.17601e-16 0.744627 -0.667481 -2.15869e-16 0.744627 -0.799925 -1.04101e-16 0.6001 -0.799925 -5.37855e-16 0.6001 -0.901628 -1.50058e-16 0.432511 -0.901628 -7.53897e-17 0.432511 -0.968683 -8.60792e-17 0.248302 -0.968683 -6.46103e-17 0.248302 -0.998511 -1.34786e-15 0.0545502 -0.998511 -1.42059e-17 0.0545502 -0.989967 -1.47207e-15 -0.141298 -0.989967 1.49641e-15 -0.141298 -0.943379 5.75435e-17 -0.331716 -0.943379 1.59669e-15 -0.331716 -0.860538 -4.41822e-17 -0.509386 -0.860538 8.88923e-17 -0.509386 -0.744627 1.73684e-16 -0.667481 -0.744627 -5.85114e-17 -0.667481 -0.6001 -6.24658e-16 -0.799925 -0.6001 2.08165e-16 -0.799925 -0.432511 2.34611e-16 -0.901628 -0.432511 -3.65696e-16 -0.901628 -0.0545502 1.73214e-16 -0.998511 -0.248302 1.6804e-16 -0.968683 -0.248302 2.52049e-16 -0.968683 -0.0545502 -6.92856e-16 -0.998511 0.141298 2.57598e-16 -0.989967 0.141298 -6.86946e-16 -0.989967 0.331716 3.273e-16 -0.943379 0.331716 2.45298e-16 -0.943379 0.504408 -7.34408e-16 -0.863465 0.504408 -1.99716e-16 -0.863465 0.654481 -1.74878e-16 -0.756079 0.782266 -1.44085e-16 -0.622944 0.654481 -1.74859e-16 -0.756079 0.782266 -1.44085e-16 -0.622944 0.883412 2.98058e-16 -0.468596 0.883412 -1.04915e-16 -0.468596 0.954475 6.89937e-17 -0.298291 0.993034 2.72532e-17 -0.117828 0.954475 1.83602e-16 -0.298291 0.993034 -9.05114e-16 -0.117828 0.997777 -9.31125e-16 0.0666479 0.997777 -3.08309e-17 0.0666479 0.968541 -1.15118e-16 0.248854 0.968541 5.75591e-17 0.248854 0.906323 8.74295e-17 0.422586 0.906323 -1.13174e-15 0.422586 0.813241 -1.15407e-15 0.581927 0.813241 3.36494e-16 0.581927 0.692465 4.19662e-16 0.721451 0.692465 1.66869e-16 0.721451 0.548108 1.92345e-16 0.836407 0.548108 -3.13644e-16 0.836407 0.385086 -1.4863e-16 0.92288 0.385086 -1.42357e-15 0.92288 0.208951 -1.32019e-15 0.977926 0.208951 -6.457e-16 0.977926 0.0256996 -4.86327e-16 0.99967 0.0256996 -0 0.99967 -0.158427 0 0.987371 -0.158427 -7.66927e-16 0.987371 -0.337158 -5.59549e-16 0.941448 -0.337158 -1.23573e-16 0.941448 -0.504408 6.99436e-17 0.863465 -0.504408 1.99716e-16 0.863465 -0.654481 1.74878e-16 0.756079 -0.654481 7.80395e-16 0.756079 -0.782266 8.74295e-16 0.622944 -0.782266 0 0.622944 -0.883412 5.41923e-17 0.468596 -0.883412 0 0.468596 -0.954475 3.44968e-17 0.298291 -0.954475 3.49718e-17 0.298291 -0.993034 1.36266e-17 0.117828 -0.997777 -7.70772e-18 -0.0666479 -0.993034 1.74859e-17 0.117828 -0.997777 5.20271e-17 -0.0666479 -0.968541 1.29508e-16 -0.248854 -0.968541 1.92345e-16 -0.248854 -0.906323 1.53042e-15 -0.422586 -0.813241 1.3029e-15 -0.581927 -0.906323 2.27317e-16 -0.422586 -0.813241 4.83204e-16 -0.581927 -0.692465 0 -0.721451 -0.692465 3.14746e-16 -0.721451 -0.548108 -1.93458e-16 -0.836407 -0.385086 -2.13459e-16 -0.92288 -0.548108 0 -0.836407 -0.385086 9.96654e-16 -0.92288 -0.208951 -4.52382e-16 -0.977926 -0.0256996 -4.6244e-16 -0.99967 -0.208951 8.74295e-16 -0.977926 0.158427 -4.56751e-16 -0.987371 -0.0256996 -4.6244e-16 -0.99967 0.158427 0 -0.987371 0.337158 0 -0.941448 0.337158 -4.06114e-16 -0.941448 0 1 0 0 1 -0 -0 1 0 0 1 0 0 1 -0 0 1 -0 -0 1 0 0 1 0 0 1 -0 0 1 -0 0 1 -0 0 1 0 0 1 -0 0 1 0 0 1 -0 0 1 -0 -4.03395e-15 1 2.00304e-15 0 1 -0 -0 1 0 -6.50461e-16 1 -1.35597e-15 -1.21032e-15 1 -8.66059e-16 -8.67538e-16 1 -1.15642e-15 0 1 0 -0 1 -0 -1.1266e-15 1 -1.00988e-15 0 1 0 0 1 -0 -1.37082e-15 1 -6.39164e-16 -1.28559e-15 1 -7.60988e-16 0 1 0 0 1 -0 -1.40935e-15 1 -4.95561e-16 0 1 -0 0 1 0 -1.44144e-15 1 -3.7036e-16 -1.4978e-15 1 -2.13781e-16 0 1 -0 0 1 0 -1.4435e-15 1 7.88609e-17 0 1 -0 0 1 0 -1.41761e-15 1 -9.46913e-17 -1.45682e-15 1 3.73425e-16 0 1 0 0 1 -0 -1.2497e-15 1 5.99482e-16 0 1 0 0 1 -0 0 1 0 0 1 -0 0 1 0 0 1 -0 0 1 0 -0 1 0 0 1 0 0 1 -0 0 1 0 -0 1 0 0 1 -0 0 1 0 0 1 0 0 1 0 0 1 -0 0 1 0 0 1 -0 0 1 0 0 1 -0 0 1 0 0 1 -0 0 1 0 0 1 0 0 1 0 0 1 -0 0 1 -0 0 1 0 0 1 0 0 1 -0 0 1 0 0 1 -0 0 1 0 0 1 -0 0 1 0 0 1 0 0 1 0 0 1 -0 0 1 0 -0 1 0 0 1 0 0 1 0 0 1 -0 -0 1 0 0 1 -0 0 1 -0 0 1 0 0 1 0 0 1 -0 0 1 -0 -0 1 0 0 1 0 0 1 -0 0 1 0 0 1 -0 0 1 0 -1.34359e-15 1 1.36755e-16 0 1 -0 0 1 0 0 1 0 -2.33951e-16 1 -4.29972e-15 -1.22086e-15 1 -4.29283e-16 0 1 0 0 1 0 0 1 0 -0 1 -0 0 1 0 0 1 0 -0 1 0 0 1 0 -0 1 0 0 1 0 -0 1 0 0 1 -0 0 1 -0 0 1 0 0 1 -0 -0 1 0 0 1 -0 0 1 0 -0 1 0 0 1 -0 0 1 0 0 1 -0 0 1 -0 0 1 0 0 1 -0 0 1 0 0 1 0 0 1 0 0 1 0 0 1 0 0 1 0 0 1 0 0 1 0 0 1 0 0 1 0 0 1 0 0 1 -0 0 1 0 0 1 -0 0 1 0 0 1 0 -0 1 0 0 1 0 0 1 -0 0 1 -0 0 1 0 0 1 0 -0 1 -0 0 1 0 0 1 0 0 1 -0 0 1 0 0 1 -0 0 1 -0 0 1 -0 0 1 0 0 1 -0 0 1 0 0 1 -0 0 1 0 0 1 -0 0 1 0 0 1 0 0 1 -0 0 1 0 0 1 0 -0 1 0 0 1 0 0 1 0 0 1 0 0 1 0 0 1 -0 0 1 0 0 1 0 0 1 -0 0 1 0 0 1 0 0 1 0 0 1 0 0 1 -0 0 1 0 0 1 0 0 1 -0 0 1 0 0 1 0 0 1 0 0 1 -0 0 1 0 0 1 0 0 1 0 0 1 0 0 1 0 0 1 0 0 1 -0 0 1 0 0 1 -0 0 1 0 0 1 0 0 1 -0 0 1 0 0 1 -0 0 1 0 0 1 0 0 1 -0 0 1 0 0 1 0 0 1 -0 0 1 0 0 1 0 0 1 0 0 1 -0 0 1 -0 0 1 0 0 1 0 0 1 -0 0 1 0 0 1 0 0 1 0 -0 1 0 0 1 0 0 1 0 0 1 -0 0 1 0 -0 1 0 0 1 -0 0 1 0 0 1 0 -0.823173 -9.8496e-17 -0.567791 -0.915546 -0 -0.402212 -0.823173 -0 -0.567791 -0.975007 3.19003e-16 -0.222174 -0.915546 2.82758e-16 -0.402212 -0.999417 -0 -0.034149 -0.975007 -0 -0.222174 -0.987898 -2.69062e-17 0.155104 -0.999417 5.92392e-18 -0.034149 -0.940865 1.17538e-16 0.33878 -0.987898 5.38124e-17 0.155104 -0.860009 5.96751e-16 0.510278 -0.940865 6.52857e-16 0.33878 -0.748236 0 0.663432 -0.860009 0 0.510278 -0.748236 1.15087e-16 0.663432 -0.44898 1.15487e-16 0.893542 -0.609565 2.91708e-17 0.792736 -0.609565 1.37512e-16 0.792736 -0.272255 0 0.962225 -0.44898 0 0.893542 -0.272255 0 0.962225 -0.0857422 1.72834e-16 0.996317 -0.0857422 0 0.996317 0.289714 1.07026e-16 0.957113 0.103853 1.79637e-16 0.994593 0.103853 1.72588e-16 0.994593 0.465161 0 0.885226 0.289714 0 0.957113 0.465161 7.67811e-17 0.885226 0.623885 4.87597e-16 0.781516 0.623885 6.77091e-17 0.781516 -0.809519 5.09222e-17 0.587093 -0.809519 1.00869e-16 0.587093 -0.787989 2.03256e-17 0.61569 -0.787989 5.34911e-17 0.61569 -0.765449 -4.23105e-17 0.643497 -0.765449 4.12646e-17 0.643497 -0.607427 -1.3821e-16 -0.794376 -0.607427 -1.37802e-16 -0.794376 -0.746446 -1.44296e-16 -0.665446 -0.746446 -1.15175e-16 -0.665446 -0.858631 -8.89209e-17 -0.512594 -0.858631 -1.10987e-16 -0.512594 -0.939949 -8.88129e-17 -0.341314 -0.939949 -5.93327e-17 -0.341314 -0.999505 6.82092e-18 0.031456 -0.987477 -3.42098e-17 -0.157765 -0.987477 -4.11839e-17 -0.157765 -0.999505 5.45674e-18 0.031456 -0.975602 0 0.219546 -0.975602 3.80427e-17 0.219546 -0.8247 1.88014e-16 0.565571 -0.916627 2.48674e-16 0.399744 -0.916627 0 0.399744 -0.8247 4.90555e-17 0.565571 -0.703125 9.25127e-17 0.711066 -0.703125 6.21249e-17 0.711066 -0.556274 -1.92996e-16 0.830999 -0.556274 1.08195e-16 0.830999 -0.208576 8.48285e-17 0.978006 -0.389425 7.98891e-17 0.921058 -0.389425 -1.3472e-16 0.921058 -0.208576 1.27243e-16 0.978006 -0.0202294 1.30078e-16 0.999795 -0.0202294 1.30052e-16 0.999795 0.351849 3.2476e-16 0.936057 0.168845 3.41963e-16 0.985643 0.168845 1.28089e-16 0.985643 0.351849 -4.0882e-17 0.936057 -0.95132 -2.67324e-17 0.308204 -0.95132 1.98681e-16 0.308204 -0.93968 -1.48342e-17 0.342054 -0.93968 -2.9038e-17 0.342054 -0.926836 3.54127e-16 0.375465 -0.926836 -1.68115e-17 0.375465 -0.332222 -4.46741e-17 -0.943201 -0.332222 2.37977e-16 -0.943201 -0.504278 -1.87251e-17 -0.863541 -0.504278 2.87589e-16 -0.863541 -0.658207 -1.63246e-17 -0.752837 -0.658207 -1.67528e-17 -0.752837 -0.890394 -9.87037e-18 -0.455191 -0.788473 -1.33372e-17 -0.61507 -0.788473 -1.32626e-17 -0.61507 -0.890394 -2.96111e-17 -0.455191 -0.960306 -4.23904e-16 -0.278948 -0.960306 -1.81488e-17 -0.278948 -0.995292 8.40695e-18 0.0969256 -0.995696 -8.03844e-18 -0.0926769 -0.995696 -3.75541e-16 -0.0926769 -0.995292 4.20348e-18 0.0969256 -0.888443 -1.44021e-16 0.458986 -0.959107 -2.31488e-16 0.283044 -0.959107 1.25646e-17 0.283044 -0.888443 -2.48817e-17 0.458986 -0.785841 -6.70502e-18 0.618429 -0.785841 -3.35055e-17 0.618429 -0.654988 1.96624e-16 0.75564 -0.654988 -8.37638e-18 0.75564 -0.500588 1.41181e-17 0.865686 -0.500588 2.25464e-16 0.865686 -0.144 1.18019e-16 0.989578 -0.328193 1.12656e-16 0.944611 -0.328193 -6.00308e-17 0.944611 -0.144 2.07537e-16 0.989578 0.0453705 -2.16617e-17 0.99897 0.0453705 2.75635e-16 0.99897 -1 -2.78038e-20 -0.000854816 -1 3.47101e-16 -0.000854816 -0.99939 1.77533e-16 0.0349353 -0.99939 1.14624e-18 0.0349353 -0.997499 -1.53264e-18 0.0706806 -0.997499 1.81488e-16 0.0706806 -0.0244962 1.92758e-16 -0.9997 -0.212748 -2.80564e-16 -0.977107 -0.0244962 -2.53541e-16 -0.9997 -0.393352 4.98401e-17 -0.919388 -0.212748 5.29691e-17 -0.977107 -0.559815 1.45472e-17 -0.828617 -0.393352 -6.2889e-17 -0.919388 -0.706153 -4.13886e-16 -0.708059 -0.559815 -3.9187e-16 -0.828617 -0.827106 3.65623e-17 -0.562046 -0.706153 4.60607e-17 -0.708059 -0.918325 2.41359e-16 -0.395828 -0.827106 1.77273e-16 -0.562046 -0.97653 -4.67032e-18 -0.21538 -0.918325 -8.58315e-18 -0.395828 -0.97653 -3.71494e-16 -0.21538 -0.986794 2.1074e-17 0.161978 -0.99963 -3.53752e-18 -0.0271899 -0.99963 -3.50936e-16 -0.0271899 -0.986794 1.0537e-17 0.161978 -0.856436 -1.62802e-16 0.516254 -0.938484 -2.35746e-16 0.345323 -0.938484 2.2337e-17 0.345323 -0.743599 -1.85495e-16 0.668626 -0.856436 -2.41163e-16 0.516254 -0.743599 3.01483e-16 0.668626 -0.604031 3.45627e-17 0.796961 -0.604031 2.61064e-16 0.796961 -0.265549 -1.25433e-16 0.964097 -0.442748 -1.16657e-16 0.896646 -0.442748 3.90898e-17 0.896646 -0.265549 4.18111e-17 0.964097 -0.950792 -0 -0.30983 -0.950792 3.56862e-16 -0.30983 -0.961272 3.69365e-16 -0.275603 -0.970519 3.68075e-16 -0.241023 -0.961272 0 -0.275603 -0.970519 -1.04527e-17 -0.241023 0.285627 -1.60547e-17 -0.958341 0.285627 -4.15614e-17 -0.958341 -0.0899936 -3.02345e-16 -0.995942 0.0996071 -3.02067e-16 -0.995027 0.0996071 -4.31035e-17 -0.995027 -0.0899936 4.31921e-17 -0.995942 -0.45279 -7.73355e-17 -0.891617 -0.276359 -8.33582e-17 -0.961054 -0.276359 4.18819e-17 -0.961054 -0.45279 3.11764e-16 -0.891617 -0.612943 -0 -0.790127 -0.612943 3.49714e-16 -0.790127 -0.862179 -0 -0.506603 -0.751061 -0 -0.660233 -0.751061 0 -0.660233 -0.862179 -4.74892e-16 -0.506603 -0.988551 -3.42973e-16 -0.150886 -0.942303 -3.26927e-16 -0.334762 -0.942303 -4.4325e-16 -0.334762 -0.988551 -1.30873e-17 -0.150886 -0.999262 -3.43357e-16 0.0384141 -0.999262 3.31565e-18 0.0384141 -0.913822 3.52249e-17 0.406116 -0.97405 1.96313e-17 0.226333 -0.97405 -3.18303e-16 0.226333 -0.913822 2.81821e-16 0.406116 -0.820742 9.91046e-17 0.571299 -0.820742 2.35237e-16 0.571299 -0.698157 0 0.715944 -0.698157 1.2425e-16 0.715944 -0.550474 -4.61605e-17 0.834852 -0.550474 0 0.834852 -0.808514 -0 -0.588477 -0.808514 -4.34042e-16 -0.588477 -0.829058 1.90638e-16 -0.559163 -0.848539 2.02606e-16 -0.529133 -0.829058 0 -0.559163 -0.848539 -3.86186e-16 -0.529133 0.567791 -1.74508e-17 -0.823173 0.567791 -8.86033e-17 -0.823173 0.402212 -1.78099e-16 -0.915546 0.402212 -1.77998e-16 -0.915546 0.222174 -2.53705e-16 -0.975007 0.222174 -2.61413e-16 -0.975007 0.034149 -4.33428e-16 -0.999417 0.034149 -2.60104e-16 -0.999417 -0.155104 -4.82245e-16 -0.987898 -0.155104 -4.28243e-16 -0.987898 -0.33878 -1.27283e-16 -0.940865 -0.33878 -5.25618e-16 -0.940865 -0.663432 -2.94224e-17 -0.748236 -0.510278 -1.21337e-16 -0.860009 -0.510278 -4.67681e-17 -0.860009 -0.792736 -3.17228e-16 -0.609565 -0.663432 -3.89395e-16 -0.748236 -0.893542 1.54238e-16 -0.44898 -0.792736 6.35502e-17 -0.609565 -0.962225 2.62996e-16 -0.272255 -0.893542 1.93181e-16 -0.44898 -0.996317 -3.90289e-16 -0.0857422 -0.962225 -4.75525e-16 -0.272255 -0.994593 -2.91022e-16 0.103853 -0.996317 -3.90289e-16 -0.0857422 -0.957113 1.50772e-16 0.289714 -0.994593 5.40468e-17 0.103853 -0.885226 2.01731e-16 0.465161 -0.957113 1.25644e-16 0.289714 -0.781516 2.70567e-16 0.623885 -0.885226 2.01731e-16 0.465161 -0.781516 1.29987e-15 0.623885 -0.587093 -7.71694e-17 -0.809519 -0.587093 1.32964e-16 -0.809519 -0.61569 -5.12093e-17 -0.787989 -0.61569 -5.96044e-17 -0.787989 -0.643497 -4.82973e-16 -0.765449 -0.643497 -1.83398e-17 -0.765449 0.794376 -3.2829e-16 -0.607427 0.665446 -2.95617e-16 -0.746446 0.794376 -3.2829e-16 -0.607427 0.665446 1.01385e-16 -0.746446 0.512594 -3.72372e-16 -0.858631 0.512594 2.86193e-17 -0.858631 0.341314 -8.15276e-17 -0.939949 0.341314 -4.07651e-16 -0.939949 -0.031456 -8.66933e-17 -0.999505 0.157765 -8.56499e-17 -0.987477 0.157765 -8.58579e-17 -0.987477 -0.031456 -1.843e-16 -0.999505 -0.219546 -8.462e-17 -0.975602 -0.219546 -2.45358e-16 -0.975602 -0.399744 7.95047e-17 -0.916627 -0.399744 -7.95757e-17 -0.916627 -0.565571 -7.15313e-17 -0.8247 -0.565571 7.11993e-17 -0.8247 -0.830999 -4.82491e-17 -0.556274 -0.711066 -6.09864e-17 -0.703125 -0.711066 -6.14268e-17 -0.703125 -0.830999 -1.44747e-16 -0.556274 -0.921058 -4.54665e-16 -0.389425 -0.921058 -1.01215e-16 -0.389425 -0.978006 -1.80911e-17 -0.208576 -0.978006 -4.11839e-16 -0.208576 -0.985643 -1.46449e-17 0.168845 -0.999795 1.75462e-18 -0.0202294 -0.999795 -1.74508e-18 -0.0202294 -0.985643 -2.68739e-16 0.168845 -0.936057 3.85796e-16 0.351849 -0.936057 -1.72414e-16 0.351849 -0.308204 3.54471e-16 -0.95132 -0.342054 3.63187e-16 -0.93968 -0.308204 2.44531e-17 -0.95132 -0.342054 3.71695e-17 -0.93968 -0.375465 -3.05148e-17 -0.926836 -0.375465 5.04345e-17 -0.926836 0.943201 -3.55996e-16 -0.332222 0.943201 -4.13686e-16 -0.332222 0.863541 2.12123e-16 -0.504278 0.863541 -4.31384e-16 -0.504278 0.752837 -5.70903e-17 -0.658207 0.752837 1.47285e-16 -0.658207 0.61507 -6.83891e-17 -0.788473 0.61507 -6.84071e-17 -0.788473 0.455191 -4.70311e-16 -0.890394 0.455191 -7.74816e-17 -0.890394 0.278948 -8.32933e-17 -0.960306 0.278948 -3.60185e-16 -0.960306 0.0926769 -8.63629e-17 -0.995696 0.0926769 -8.63815e-17 -0.995696 -0.0969256 -3.45311e-16 -0.995292 -0.0969256 -8.63815e-17 -0.995292 -0.283044 -4.15946e-16 -0.959107 -0.283044 -3.32961e-16 -0.959107 -0.458986 5.49666e-16 -0.888443 -0.458986 -3.85314e-16 -0.888443 -0.618429 -6.81608e-17 -0.785841 -0.618429 6.33813e-16 -0.785841 -0.865686 -4.34191e-17 -0.500588 -0.75564 -5.68111e-17 -0.654988 -0.75564 -5.65406e-17 -0.654988 -0.865686 -1.30257e-16 -0.500588 -0.944611 -2.84662e-17 -0.328193 -0.944611 -8.51599e-17 -0.328193 -0.989578 3.30839e-16 -0.144 -0.989578 -1.25646e-17 -0.144 -0.99897 3.50523e-16 0.0453705 -0.99897 3.50499e-16 0.0453705 0.000854816 -8.67361e-17 -1 0.000854816 -8.6735e-17 -1 -0.0349353 -3.46733e-16 -0.99939 -0.0706806 -3.46077e-16 -0.997499 -0.0349353 -8.66365e-17 -0.99939 -0.0706806 -6.1997e-17 -0.997499 0.9997 -2.0941e-18 -0.0244962 0.9997 3.42591e-16 -0.0244962 0.977107 -1.8453e-17 -0.212748 0.977107 3.02248e-16 -0.212748 0.828617 4.85562e-17 -0.559815 0.919388 3.41179e-17 -0.393352 0.919388 -3.42036e-17 -0.393352 0.708059 -3.06906e-16 -0.706153 0.828617 -3.36041e-16 -0.559815 0.562046 7.174e-17 -0.827106 0.708059 6.1249e-17 -0.706153 0.562046 7.174e-17 -0.827106 0.395828 7.9652e-17 -0.918325 0.395828 7.95757e-17 -0.918325 0.21538 -8.47005e-17 -0.97653 0.21538 8.48109e-17 -0.97653 0.0271899 1.63975e-16 -0.99963 0.0271899 -8.67305e-17 -0.99963 -0.161978 8.55908e-17 -0.986794 -0.161978 2.27558e-16 -0.986794 -0.516254 7.4284e-17 -0.856436 -0.345323 8.14005e-17 -0.938484 -0.345323 8.09717e-17 -0.938484 -0.516254 1.04828e-16 -0.856436 -0.668626 -0 -0.743599 -0.668626 1.67528e-16 -0.743599 -0.896646 3.11087e-16 -0.442748 -0.796961 2.76501e-16 -0.604031 -0.796961 0 -0.604031 -0.896646 -1.92011e-16 -0.442748 -0.964097 -2.30327e-17 -0.265549 -0.964097 -1.15175e-16 -0.265549 0.30983 8.24681e-17 -0.950792 0.275603 -2.37889e-16 -0.961272 0.30983 -2.22378e-16 -0.950792 0.275603 -1.78996e-16 -0.961272 0.241023 -8.41791e-17 -0.970519 0.241023 -1.67351e-16 -0.970519 0.958341 -2.44311e-17 0.285627 0.958341 -2.58169e-16 0.285627 0.995027 0 0.0996071 0.995027 -3.19175e-16 0.0996071 0.995942 -3.53343e-16 -0.0899936 0.995942 0 -0.0899936 0.891617 3.92732e-17 -0.45279 0.961054 2.39703e-17 -0.276359 0.961054 -3.57392e-16 -0.276359 0.891617 0 -0.45279 0.790127 -3.27295e-16 -0.612943 0.790127 0 -0.612943 0.506603 -2.76745e-16 -0.862179 0.660233 -3.92984e-16 -0.751061 0.660233 -2.9457e-16 -0.751061 0.506603 7.47821e-17 -0.862179 0.150886 -1.38092e-16 -0.988551 0.334762 -1.97876e-16 -0.942303 0.334762 8.16698e-17 -0.942303 0.150886 -3.33941e-17 -0.988551 -0.0384141 -8.66722e-17 -0.999262 -0.0384141 -9.99931e-17 -0.999262 -0.406116 -9.68844e-17 -0.913822 -0.226333 -1.74931e-16 -0.97405 -0.226333 -8.44619e-17 -0.97405 -0.406116 7.92614e-17 -0.913822 -0.571299 -7.1188e-17 -0.820742 -0.571299 7.11993e-17 -0.820742 -0.715944 -6.05555e-17 -0.698157 -0.715944 -6.07288e-17 -0.698157 -0.834852 4.7746e-17 -0.550474 -0.834852 -4.74662e-17 -0.550474 0.588477 7.01274e-17 -0.808514 0.588477 -2.81211e-16 -0.808514 0.559163 7.19093e-17 -0.829058 0.559163 7.1831e-17 -0.829058 0.529133 7.3599e-17 -0.848539 0.529133 7.33593e-17 -0.848539 0.823173 1.97543e-16 0.567791 0.823173 -3.34843e-16 0.567791 0.915546 1.39545e-16 0.402212 0.915546 -3.52506e-16 0.402212 0.975007 -3.38274e-16 0.222174 0.975007 7.71325e-17 0.222174 0.999417 -3.4378e-16 0.034149 0.999417 -3.46747e-16 0.034149 0.987898 -3.56199e-16 -0.155104 0.987898 -3.55996e-16 -0.155104 0.940865 -2.97044e-16 -0.33878 0.940865 -3.55996e-16 -0.33878 0.748236 8.69659e-17 -0.663432 0.860009 1.65597e-16 -0.510278 0.860009 -2.54084e-16 -0.510278 0.748236 -1.15087e-16 -0.663432 0.44898 -2.31741e-16 -0.893542 0.609565 -1.32309e-16 -0.792736 0.609565 -1.37512e-16 -0.792736 0.44898 -1.55005e-16 -0.893542 0.272255 -2.50379e-16 -0.962225 0.272255 -1.6683e-16 -0.962225 0.0857422 -2.97478e-17 -0.996317 0.0857422 -2.59319e-16 -0.996317 -0.103853 -1.72534e-16 -0.994593 -0.103853 3.61232e-17 -0.994593 -0.289714 1.74986e-17 -0.957113 -0.289714 -1.66132e-16 -0.957113 -0.465161 -0 -0.885226 -0.465161 8.44619e-17 -0.885226 -0.623885 -3.38928e-16 -0.781516 -0.623885 0 -0.781516 0.809519 1.28092e-16 -0.587093 0.809519 -1.02397e-16 -0.587093 0.787989 -5.34026e-17 -0.61569 0.787989 1.13096e-16 -0.61569 0.765449 -2.79072e-16 -0.643497 0.765449 -5.65478e-17 -0.643497 0.607427 1.37802e-16 0.794376 0.607427 1.37802e-16 0.794376 0.746446 3.46309e-16 0.665446 0.746446 1.15873e-16 0.665446 0.858631 -2.08977e-16 0.512594 0.858631 2.66648e-16 0.512594 0.987477 -6.852e-16 0.157765 0.939949 -6.52221e-16 0.341314 0.939949 -2.66648e-16 0.341314 0.987477 3.83652e-16 0.157765 0.975602 -7.61704e-17 -0.219546 0.999505 -1.09135e-17 -0.031456 0.999505 3.38589e-16 -0.031456 0.916627 -1.56025e-16 -0.399744 0.975602 -8.56916e-17 -0.219546 0.916627 3.46722e-17 -0.399744 0.703125 6.16752e-17 -0.711066 0.8247 4.90555e-17 -0.565571 0.8247 4.88622e-17 -0.565571 0.556274 -1.44155e-16 -0.830999 0.703125 -1.2335e-16 -0.711066 0.556274 -1.44155e-16 -0.830999 0.389425 -1.59778e-16 -0.921058 0.389425 -1.59849e-16 -0.921058 0.0202294 -3.90233e-16 -0.999795 0.208576 -3.81728e-16 -0.978006 0.208576 -1.69622e-16 -0.978006 0.0202294 -8.67184e-17 -0.999795 -0.168845 -3.15052e-16 -0.985643 -0.168845 -8.55089e-17 -0.985643 -0.351849 -1.6238e-16 -0.936057 -0.351849 -3.65769e-16 -0.936057 0.95132 -3.70154e-16 -0.308204 0.95132 2.67456e-17 -0.308204 0.93968 -3.85354e-16 -0.342054 0.93968 -3.69853e-16 -0.342054 0.926836 -6.51329e-17 -0.375465 0.926836 -3.86665e-16 -0.375465 0.332222 -8.18097e-17 0.943201 0.332222 -4.09048e-17 0.943201 0.504278 7.49003e-17 0.863541 0.504278 -3.69957e-17 0.863541 0.658207 4.24256e-16 0.752837 0.658207 6.4917e-17 0.752837 0.788473 5.33488e-17 0.61507 0.788473 4.33478e-16 0.61507 0.960306 -2.41949e-17 0.278948 0.890394 -3.94815e-17 0.455191 0.890394 3.97878e-17 0.455191 0.960306 -2.96881e-16 0.278948 0.995696 1.0048e-17 0.0926769 0.995696 -3.3331e-16 0.0926769 0.995292 -1.05087e-17 -0.0969256 0.995292 -1.0645e-17 -0.0969256 0.959107 1.84126e-17 -0.283044 0.959107 -3.07134e-17 -0.283044 0.785841 -2.45823e-16 -0.618429 0.888443 -2.88335e-16 -0.458986 0.888443 3.00154e-17 -0.458986 0.785841 -8.04603e-17 -0.618429 0.500588 -9.38578e-17 -0.865686 0.654988 -8.19266e-17 -0.75564 0.654988 -9.77245e-17 -0.75564 0.500588 5.63147e-17 -0.865686 0.328193 -1.22898e-16 -0.944611 0.328193 6.14268e-17 -0.944611 0.144 -1.0729e-16 -0.989578 0.144 -1.28787e-16 -0.989578 -0.0453705 -2.97343e-16 -0.99897 -0.0453705 -1.08282e-16 -0.99897 1 3.70717e-19 0.000854816 1 1.8507e-19 0.000854816 0.99939 -1.36357e-17 -0.0349353 0.997499 -2.75875e-17 -0.0706806 0.99939 -1.51877e-17 -0.0349353 0.997499 3.26153e-16 -0.0706806 0.0244962 2.16739e-16 0.9997 0.0244962 3.11984e-16 0.9997 0.212748 4.27201e-17 0.977107 0.212748 3.70306e-16 0.977107 0.393352 3.98721e-16 0.919388 0.393352 -2.65252e-17 0.919388 0.559815 5.35613e-16 0.828617 0.559815 3.59487e-16 0.828617 0.706153 -4.53997e-17 0.708059 0.706153 5.36787e-16 0.708059 0.827106 5.30709e-16 0.562046 0.827106 -1.28438e-16 0.562046 0.97653 2.56867e-17 0.21538 0.918325 4.72073e-17 0.395828 0.918325 4.90717e-16 0.395828 0.97653 -3.13115e-16 0.21538 0.986794 -1.93179e-17 -0.161978 0.99963 3.24273e-18 0.0271899 0.99963 -3.43606e-16 0.0271899 0.986794 1.0537e-17 -0.161978 0.938484 -3.744e-17 -0.345323 0.938484 2.2337e-17 -0.345323 0.856436 -5.59723e-17 -0.516254 0.856436 -5.58426e-17 -0.516254 0.604031 -5.03348e-16 -0.796961 0.743599 -5.04462e-16 -0.668626 0.743599 -7.25953e-17 -0.668626 0.604031 -2.44128e-16 -0.796961 0.265549 3.33024e-17 -0.964097 0.442748 -3.69516e-17 -0.896646 0.442748 -1.92657e-16 -0.896646 0.265549 -4.18111e-16 -0.964097 0.950792 1.07494e-16 0.30983 0.950792 -1.37549e-17 0.30983 0.961272 1.13548e-16 0.275603 0.961272 9.55199e-17 0.275603 0.970519 1.04527e-16 0.241023 0.970519 9.93407e-17 0.241023 -0.285627 -4.15614e-17 0.958341 -0.285627 1.71052e-16 0.958341 0.0899936 -4.31921e-17 0.995942 -0.0996071 -4.31524e-17 0.995027 -0.0996071 2.46056e-16 0.995027 0.0899936 2.15961e-17 0.995942 0.276359 -4.16791e-17 0.961054 0.276359 2.0941e-17 0.961054 0.45279 3.86677e-17 0.891617 0.45279 -3.90898e-17 0.891617 0.612943 -3.15456e-16 0.790127 0.612943 3.42036e-17 0.790127 0.862179 4.39408e-17 0.506603 0.751061 5.72661e-17 0.660233 0.751061 -3.46922e-16 0.660233 0.862179 -4.39408e-17 0.506603 0.942303 2.9036e-17 0.334762 0.942303 -2.86193e-17 0.334762 0.988551 0 0.150886 0.988551 1.32626e-17 0.150886 0.999262 -9.99569e-18 -0.0384141 0.999262 0 -0.0384141 0.913822 -3.52249e-17 -0.406116 0.97405 -1.96313e-17 -0.226333 0.97405 -5.89837e-17 -0.226333 0.913822 -3.52249e-17 -0.406116 0.698157 -1.86295e-16 -0.715944 0.820742 -1.48657e-16 -0.571299 0.820742 -4.95603e-17 -0.571299 0.698157 0 -0.715944 0.550474 -2.17236e-16 -0.834852 0.550474 0 -0.834852 0.808514 5.10422e-17 0.588477 0.808514 0 0.588477 0.829058 4.81636e-16 0.559163 0.829058 4.89062e-17 0.559163 0.848539 1.37685e-16 0.529133 0.848539 4.76835e-16 0.529133 -0.567791 0 0.823173 -0.567791 1.96992e-16 0.823173 -0.402212 1.78099e-16 0.915546 -0.402212 1.39606e-16 0.915546 -0.222174 8.45684e-17 0.975007 -0.222174 2.61064e-16 0.975007 -0.034149 0 0.999417 -0.034149 8.67305e-17 0.999417 0.33878 3.62359e-16 0.940865 0.155104 3.10872e-16 0.987898 0.155104 0 0.987898 0.33878 -1.17538e-16 0.940865 0.663432 0 0.748236 0.510278 0 0.860009 0.510278 -1.76602e-16 0.860009 0.792736 -6.55814e-16 0.609565 0.663432 -5.90147e-16 0.748236 0.792736 -2.22164e-16 0.609565 0.893542 -3.1001e-16 0.44898 0.893542 -2.70836e-16 0.44898 0.996317 -7.43695e-18 0.0857422 0.962225 -2.36143e-17 0.272255 0.962225 -3.34008e-16 0.272255 0.996317 -3.45667e-16 0.0857422 0.994593 1.80156e-17 -0.103853 0.994593 -3.45002e-16 -0.103853 0.957113 2.81808e-16 -0.289714 0.957113 5.02583e-17 -0.289714 0.885226 8.06926e-17 -0.465161 0.885226 2.26162e-16 -0.465161 0.781516 0 -0.623885 0.781516 1.08195e-16 -0.623885 0.587093 2.10644e-16 0.809519 0.587093 7.03026e-17 0.809519 0.61569 0 0.787989 0.643497 0 0.765449 0.61569 2.04795e-16 0.787989 0.643497 0 0.765449 -0.794376 5.30504e-17 0.607427 -0.794376 0 0.607427 -0.665446 1.01385e-16 0.746446 -0.665446 0 0.746446 -0.512594 -7.44744e-17 0.858631 -0.512594 2.93173e-17 0.858631 -0.157765 -3.09142e-17 0.987477 -0.341314 3.68896e-17 0.939949 -0.341314 -8.09717e-17 0.939949 -0.157765 2.5695e-16 0.987477 0.219546 0 0.975602 0.031456 0 0.999505 0.031456 2.60061e-16 0.999505 0.219546 0 0.975602 0.399744 0 0.916627 0.399744 0 0.916627 0.711066 -1.85714e-16 0.703125 0.565571 -1.24691e-16 0.8247 0.565571 0 0.8247 0.711066 6.09864e-17 0.703125 0.830999 1.92996e-16 0.556274 0.830999 4.81642e-17 0.556274 0.978006 7.23644e-17 0.208576 0.921058 1.35109e-16 0.389425 0.921058 1.3472e-16 0.389425 0.978006 7.23644e-17 0.208576 0.999795 1.75462e-18 0.0202294 0.999795 7.02395e-18 0.0202294 0.985643 -3.27319e-16 -0.168845 0.985643 -1.46587e-17 -0.168845 0.936057 0 -0.351849 0.936057 -2.9457e-16 -0.351849 0.308204 8.25139e-17 0.95132 0.308204 0 0.95132 0.342054 8.15043e-17 0.93968 0.342054 8.10009e-17 0.93968 0.375465 0 0.926836 0.375465 7.94726e-17 0.926836 -0.943201 0 0.332222 -0.943201 5.76313e-17 0.332222 -0.863541 4.37392e-17 0.504278 -0.863541 8.7254e-17 0.504278 -0.61507 1.2855e-16 0.788473 -0.752837 2.42587e-17 0.658207 -0.752837 5.72386e-17 0.658207 -0.61507 5.63568e-16 0.788473 -0.455191 7.72294e-17 0.890394 -0.455191 4.69776e-16 0.890394 -0.278948 8.32933e-17 0.960306 -0.278948 8.30658e-17 0.960306 -0.0926769 2.0488e-16 0.995696 -0.0926769 8.63815e-17 0.995696 0.0969256 -1.19956e-16 0.995292 0.0969256 1.39083e-16 0.995292 0.283044 8.31893e-17 0.959107 0.283044 -1.81488e-16 0.959107 0.458986 7.70602e-17 0.888443 0.458986 7.67835e-17 0.888443 0.618429 2.14561e-16 0.785841 0.618429 6.84071e-17 0.785841 0.75564 -5.2433e-16 0.654988 0.75564 2.6246e-16 0.654988 0.944611 2.84662e-17 0.328193 0.865686 4.34191e-17 0.500588 0.865686 -6.01006e-16 0.500588 0.944611 4.41592e-16 0.328193 0.989578 3.74699e-17 0.144 0.989578 3.93341e-16 0.144 0.99897 3.34782e-16 -0.0453705 0.99897 -1.18665e-17 -0.0453705 -0.000854816 8.70327e-17 1 -0.000854816 0 1 0.0349353 8.66832e-17 0.99939 0.0349353 7.45055e-17 0.99939 0.0706806 2.8408e-16 0.997499 0.0706806 8.635e-17 0.997499 -0.9997 0 0.0244962 -0.9997 8.49884e-18 0.0244962 -0.977107 6.22645e-16 0.212748 -0.977107 7.39914e-17 0.212748 -0.919388 3.41179e-17 0.393352 -0.919388 5.35391e-16 0.393352 -0.708059 2.45657e-16 0.706153 -0.828617 2.87484e-16 0.559815 -0.828617 4.88622e-17 0.559815 -0.708059 6.19101e-17 0.706153 -0.562046 7.174e-17 0.827106 -0.562046 -2.02429e-17 0.827106 -0.395828 7.9652e-17 0.918325 -0.395828 7.95757e-17 0.918325 -0.0271899 0 0.99963 -0.21538 0 0.97653 -0.21538 8.44619e-17 0.97653 -0.0271899 9.61375e-17 0.99963 0.161978 0 0.986794 0.161978 2.93173e-17 0.986794 0.345323 0 0.938484 0.345323 0 0.938484 0.516254 -4.01963e-16 0.856436 0.516254 0 0.856436 0.668626 6.44969e-17 0.743599 0.668626 -4.258e-16 0.743599 0.796961 -2.76501e-16 0.604031 0.796961 5.23524e-17 0.604031 0.896646 3.84023e-17 0.442748 0.896646 -3.11322e-16 0.442748 0.964097 -3.57521e-16 0.265549 0.964097 2.30351e-17 0.265549 -0.30983 1.89962e-16 0.950792 -0.30983 1.06982e-16 0.950792 -0.275603 1.78996e-16 0.961272 -0.275603 1.79577e-16 0.961272 -0.241023 -5.5752e-19 0.970519 -0.241023 1.68115e-16 0.970519 -0.958341 3.32491e-16 -0.285627 -0.958341 -0 -0.285627 -0.995027 -8.63954e-18 -0.0996071 -0.995027 0 -0.0996071 -0.995942 0 0.0899936 -0.995942 7.67835e-18 0.0899936 -0.891617 0 0.45279 -0.961054 0 0.276359 -0.961054 0 0.276359 -0.891617 -3.92732e-17 0.45279 -0.660233 -9.87759e-17 0.751061 -0.790127 -1.67802e-16 0.612943 -0.790127 -5.37485e-17 0.612943 -0.660233 3.15124e-17 0.751061 -0.506603 4.26309e-16 0.862179 -0.506603 1.22854e-16 0.862179 -0.334762 8.17317e-17 0.942303 -0.334762 3.14114e-16 0.942303 -0.150886 1.38092e-16 0.988551 -0.150886 8.58579e-17 0.988551 0.0384141 -8.66722e-17 0.999262 0.0384141 7.32934e-17 0.999262 0.406116 0 0.913822 0.226333 0 0.97405 0.226333 -8.44619e-17 0.97405 0.406116 0 0.913822 0.571299 0 0.820742 0.571299 0 0.820742 0.715944 -1.87838e-16 0.698157 0.715944 0 0.698157 0.834852 1.43238e-16 0.550474 0.834852 -2.41519e-16 0.550474 -0.588477 2.04169e-16 0.808514 -0.588477 1.40605e-16 0.808514 -0.559163 -7.19093e-17 0.829058 -0.559163 1.94096e-16 0.829058 -0.529133 2.20797e-16 0.848539 -0.529133 -7.33593e-17 0.848539 0 0.999999 0 0 0.999999 -0 0 0.999999 0 0 1 0 0 1 0 0 0.999999 -0 -0 0.999999 0 0 0.999999 -0 0 1 0 0 1 0 0 0.999999 0 -0 1 0 0 0.999999 0 0 1 0 -0 1 0 0 1 0 0 0.999999 -0 0 0.999999 0 -0 1 0 0 1 0 0 1 0 0 0.999999 -0 -0 1 0 0 0.999999 0 0 1 -0 0 1 0 -0 1 0 0 1 0 0 1 -0 0 1 0 -0 1 0 0 1 0 0 1 0 0 1 0 0 1 0 -0 1 0 0 0.999999 0 -0 0.999999 0 0 0.999999 0 -0 0.999999 0 0 0.999999 -0 0 0.999999 -0 0 1 0 0 1 0 0 0.999999 -0 0 1 0 0 0.999999 0 0 1 -0 0 1 0 0 1 0 0 1 -0 0 1 0 0 1 0 0 1 0 0 1 -0 0 1 0 0 1 0 0 1 0 0 1 0 0 1 0 0 1 0 0 1 -0 0 1 0 0 1 0 0 1 -0 0 1 0 0 1 0 -0 1 0 0 1 0 0 1 -0 0 1 0 0 1 0 0 1 0 0 1 0 0 1 0 0 1 -0 0 1 0 0 1 0 0 1 0 0 1 -0 0 1 0 0 1 0 0 1 0 0 1 0 -0 1 -0 0 1 -0 0 1 0 0 1 0 0 1 0 0 1 0 0 0.999999 0 0 0.999999 0 0 0.999999 0 -0 0.999999 0 0 1 0 0 1 -0 0 1 0 0 1 0 0 1 0 0 1 0 0 1 0 0 1 0 0 1 0 0 1 0 0 1 -0 0 0.999999 -0 0 0.999999 0 0 1 0 0 1 -0 0 0.999999 0 0 1 0 0 1 0 0 0.999999 -0 0 1 0 0 1 0 0 1 0 0 1 0 0 1 -0 0 1 0 0 1 0 0 1 -0 0 1 -0 0 1 -0 0 1 0 0 1 -0 0 1 0 0 1 -0 0 1 0 0 1 0 0 1 0 0 1 0 0 1 0 0 1 -0 -0 1 0 0 1 -0 0 1 0 0 1 0 0 1 0 0 1 0 0 1 0 0 1 0 -0 1 0 0 1 0 0 1 -0 0 0.999999 0 0 0.999999 0 0 0.999999 0 0 0.999999 0 0 1 0 0 1 0 0 1 0 0 1 0 0 1 -0 0 0.999999 -0 -0 0.999999 0 0 1 0 0 0.999999 0 0 1 -0 0 1 0 0 1 -0 0 1 0 0 1 0 0 0.999999 0 0 1 -0 0 1 0 0 1 0 0 1 0 0 1 -0 0 1 -0 0 1 0 0 1 -0 0 1 0 0 1 0 0 1 0 0 1 -0 0 1 0 0 1 -0 0 1 -0 0 1 -0 0 1 0 0 1 0 -0 1 0 -0 1 0 -0 1 0 0 1 0 0 1 0 0 1 0 0 1 0 0 1 0 0 1 0 0 1 0 0 1 -0 0 0.999999 0 0 0.999999 0 0 0.999999 0 0 0.999999 -0 0 1 0 0 1 0 0 0.999999 -0 -0 0.999999 0 0 1 -0 0 0.999999 0 0 1 0 0 1 0 -0 0.999999 0 0 1 0 0 1 -0 0 1 0 0 1 0 0 1 0 0 1 0 0 1 -0 0 1 0 0 1 0 0 1 -0 0 1 0 0 1 0 0 1 0 0 1 0 0 1 -0 0 1 -0 -0 1 0 0 1 -0 -0 1 -0 0 1 -0 -0 1 0 0 1 -0 -0 1 0 0 1 0 -0 1 0 0 1 0 0 1 -0 0 1 -0 0 1 0 0 1 -0 0 0.999999 -0 0 0.999999 0 0 0.999999 0 0 0.999999 0 0 1 0 0 1 0 0 1 -0 0 1 0 0 1 -0 0 1 0 -0 1 0 0 1 0 -0 0.999999 -0 0 0.999999 -0 0 1 0 0 1 -0 -0 1 0 0 1 0 -0 0.999999 -0 0 0.999999 -0 0 1 0 0 1 -0 0 1 0 0 1 0 0 1 0 0 1 -0 0 1 0 0 1 -0 0 1 -0 0 1 -0 0 1 -0 -0 1 0 -0 1 -0 0 1 -0 0 1 -0 0 1 0 0 1 -0 0 1 0 0 1 -0 0 1 -0 0 1 0 -0 1 0 0 0.999999 -0 0 0.999999 0 0 0.999999 0 0 0.999999 0 0 1 0 -0 1 -0 0 1 -0 0 1 0 0 1 0 0 1 -0 0 1 0 0 1 -0 -0 1 0 0 1 0 0 1 0 0 1 0 -0 1 -0 0 1 0 0 1 -0 0 1 0 -0 1 0 0 1 0 -0 1 0 0 1 -0 0 1 -0 0 0.999999 -0 0 0.999999 -0 0 1 -0 0 1 -0 0 0.999999 -0 0 0.999999 -0 0 1 -0 0 1 0 0 1 -0 0 1 -0 0 1 -0 0 1 -0 0 1 -0 0 1 0 0 1 0 0 1 -0 0 1 -0 -0 1 0 0 1 0 0 1 0 0 1 0 0 1 -0 0 1 -0 -0 1 0 0 1 -0 -0 1 -0 0 1 0 0 1 -0 0 0.999999 0 0 0.999999 -0 0 0.999999 0 0 0.999999 0 0 1 -0 0 1 -0 0 1 -0 0 1 0 0 1 0 0 1 0 0 1 -0 0 1 -0 0 1 -0 0 1 0 0 1 -0 0 1 0 0 1 0 0 1 -0 -0 1 -0 0 1 0 0 1 -0 0 1 -0 0 1 -0 0 0.999999 -0 -0 0.999999 -0 0 1 -0 0 1 0 0 1 -0 0 0.999999 -0 0 0.999999 -0 0 1 -0 -0 1 0 0 1 -0 -0 1 0 0 1 0 0 1 -0 0 1 -0 -0 1 -0 0 1 -0 -0 1 0 0 1 0 -0 1 0 0 1 -0 0 1 -0 0 1 0 0 1 -0 -0 1 -0 0 1 0 0 1 -0 0 1 -0 0 1 0 0 1 -0 -0 1 0 0 1 0 0 1 -0 0 1 0 0 1 -0 -0 1 -0 0 1 -0 -0 1 -0 0 1 0 0 1 -0 0 1 -0 -0 1 -0 0 0.999999 0 0 0.999999 0 0 0.999999 0 0 0.999999 0 -0 1 -0 -0 1 0 0 0.999999 0 0 1 -0 0 1 -0 -0 0.999999 0 0 1 0 -0 1 -0 0 0.999999 -0 -0 0.999999 0 0 0.999999 0 -0 0.999999 0 0 1 -0 -0 1 0 0 0.999999 0 0 0.999999 0</float_array>
   <technique_common><accessor source="#na" count="4236" stride="3">
    <param name="X" type="float"/><param name="Y" type="float"/><param name="Z" type="float"/>
   </accessor></technique_common></source>
  <vertices id="v"><input semantic="POSITION" source="#p"/></vertices>
  <triangles material="m" count="4236">
   <input semantic="VERTEX" source="#v" offset="0"/><input semantic="NORMAL" source="#n" offset="1"/>
   <p>823 0 840 0 841 0 823 1 822 1 840 1 808 2 807 2 822 2 808 3 822 3 823 3 793 4 792 4 807 4 793 5 764 5 792 5 793 6 807 6 808 6 765 7 764 7 793 7 757 8 756 8 764 8 757 9 764 9 765 9 743 10 742 10 756 10 743 11 724 11 742 11 743 12 756 12 757 12 725 13 724 13 743 13 716 14 724 14 725 14 716 15 715 15 724 15 709 16 715 16 716 16 709 17 708 17 715 17 703 18 708 18 709 18 703 19 702 19 708 19 705 20 702 20 703 20 705 21 704 21 702 21 713 22 704 22 705 22 713 23 712 23 704 23 713 24 720 24 712 24 721 25 720 25 713 25 732 26 720 26 721 26 732 27 731 27 720 27 749 28 731 28 732 28 749 29 748 29 731 29 749 30 760 30 748 30 761 31 760 31 749 31 761 32 778 32 760 32 779 33 778 33 761 33 801 34 778 34 779 34 801 35 800 35 778 35 819 36 800 36 801 36 819 37 818 37 800 37 831 38 818 38 819 38 831 39 830 39 818 39 847 40 846 40 830 40 847 41 830 41 831 41 859 42 858 42 846 42 859 43 879 43 858 43 859 44 846 44 847 44 880 45 879 45 859 45 894 46 879 46 880 46 894 47 893 47 879 47 894 48 902 48 893 48 903 49 902 49 894 49 909 50 908 50 902 50 909 51 902 51 903 51 907 52 906 52 908 52 907 53 898 53 906 53 907 54 908 54 909 54 899 55 898 55 907 55 886 56 885 56 898 56 886 57 898 57 899 57 871 58 870 58 885 58 871 59 854 59 870 59 871 60 885 60 886 60 855 61 854 61 871 61 841 62 840 62 854 62 841 63 854 63 855 63 903 64 907 64 909 64 841 65 855 65 871 65 859 66 894 66 880 66 808 67 823 67 841 67 847 68 894 68 859 68 831 69 894 69 847 69 819 70 894 70 831 70 801 71 894 71 819 71 716 72 725 72 743 72 749 73 779 73 761 73 749 74 801 74 779 74 709 75 765 75 793 75 709 76 757 76 765 76 709 77 743 77 757 77 709 78 716 78 743 78 732 79 903 79 894 79 732 80 899 80 907 80 732 81 886 81 899 81 732 82 907 82 903 82 732 83 894 83 801 83 732 84 801 84 749 84 721 85 886 85 732 85 705 86 703 86 709 86 705 87 709 87 793 87 713 88 793 88 808 88 713 89 871 89 886 89 713 90 841 90 871 90 713 91 808 91 841 91 713 92 886 92 721 92 713 93 705 93 793 93 1507 94 1530 94 1531 94 1507 95 1506 95 1530 95 1481 96 1480 96 1506 96 1481 97 1506 97 1507 97 1446 98 1445 98 1480 98 1446 99 1423 99 1445 99 1446 100 1480 100 1481 100 1424 101 1423 101 1446 101 1406 102 1405 102 1423 102 1406 103 1423 103 1424 103 1382 104 1381 104 1405 104 1382 105 1364 105 1381 105 1382 106 1405 106 1406 106 1365 107 1364 107 1382 107 1357 108 1364 108 1365 108 1357 109 1356 109 1364 109 1351 110 1356 110 1357 110 1351 111 1350 111 1356 111 1345 112 1350 112 1351 112 1345 113 1344 113 1350 113 1347 114 1344 114 1345 114 1347 115 1346 115 1344 115 1355 116 1346 116 1347 116 1355 117 1354 117 1346 117 1355 118 1360 118 1354 118 1361 119 1360 119 1355 119 1372 120 1360 120 1361 120 1372 121 1371 121 1360 121 1397 122 1371 122 1372 122 1397 123 1396 123 1371 123 1397 124 1416 124 1396 124 1417 125 1416 125 1397 125 1417 126 1436 126 1416 126 1437 127 1436 127 1417 127 1468 128 1436 128 1437 128 1468 129 1467 129 1436 129 1498 130 1467 130 1468 130 1498 131 1497 131 1467 131 1524 132 1497 132 1498 132 1524 133 1523 133 1497 133 1547 134 1546 134 1523 134 1547 135 1523 135 1524 135 1569 136 1568 136 1546 136 1569 137 1589 137 1568 137 1569 138 1546 138 1547 138 1590 139 1589 139 1569 139 1603 140 1589 140 1590 140 1603 141 1602 141 1589 141 1603 142 1611 142 1602 142 1612 143 1611 143 1603 143 1619 144 1618 144 1611 144 1619 145 1611 145 1612 145 1617 146 1616 146 1618 146 1617 147 1606 147 1616 147 1617 148 1618 148 1619 148 1607 149 1606 149 1617 149 1598 150 1597 150 1606 150 1598 151 1606 151 1607 151 1581 152 1580 152 1597 152 1581 153 1557 153 1580 153 1581 154 1597 154 1598 154 1558 155 1557 155 1581 155 1531 156 1530 156 1557 156 1531 157 1557 157 1558 157 1531 158 1558 158 1581 158 1569 159 1603 159 1590 159 1569 160 1612 160 1603 160 1498 161 1547 161 1524 161 1406 162 1446 162 1481 162 1406 163 1424 163 1446 163 1468 164 1569 164 1547 164 1468 165 1619 165 1612 165 1468 166 1612 166 1569 166 1468 167 1547 167 1498 167 1437 168 1617 168 1619 168 1437 169 1607 169 1617 169 1437 170 1598 170 1607 170 1437 171 1619 171 1468 171 1365 172 1382 172 1406 172 1417 173 1507 173 1531 173 1417 174 1481 174 1507 174 1417 175 1581 175 1598 175 1417 176 1531 176 1581 176 1417 177 1598 177 1437 177 1357 178 1365 178 1406 178 1347 179 1351 179 1357 179 1347 180 1345 180 1351 180 1347 181 1397 181 1372 181 1347 182 1417 182 1397 182 1347 183 1406 183 1481 183 1347 184 1481 184 1417 184 1347 185 1357 185 1406 185 1355 186 1372 186 1361 186 1355 187 1347 187 1372 187 901 188 916 188 917 188 901 189 900 189 916 189 877 190 876 190 900 190 877 191 900 191 901 191 853 192 852 192 876 192 853 193 836 193 852 193 853 194 876 194 877 194 837 195 836 195 853 195 821 196 820 196 836 196 821 197 836 197 837 197 811 198 810 198 820 198 811 199 797 199 810 199 811 200 820 200 821 200 798 201 797 201 811 201 790 202 797 202 798 202 790 203 789 203 797 203 777 204 789 204 790 204 777 205 776 205 789 205 771 206 776 206 777 206 771 207 770 207 776 207 773 208 770 208 771 208 773 209 772 209 770 209 784 210 772 210 773 210 784 211 783 211 772 211 784 212 794 212 783 212 795 213 794 213 784 213 803 214 794 214 795 214 803 215 802 215 794 215 817 216 802 216 803 216 817 217 816 217 802 217 817 218 826 218 816 218 827 219 826 219 817 219 827 220 844 220 826 220 845 221 844 221 827 221 861 222 844 222 845 222 861 223 860 223 844 223 891 224 860 224 861 224 891 225 890 225 860 225 911 226 890 226 891 226 911 227 910 227 890 227 919 228 918 228 910 228 919 229 910 229 911 229 927 230 926 230 918 230 927 231 944 231 926 231 927 232 918 232 919 232 945 233 944 233 927 233 971 234 944 234 945 234 971 235 970 235 944 235 971 236 982 236 970 236 983 237 982 237 971 237 987 238 986 238 982 238 987 239 982 239 983 239 985 240 984 240 986 240 985 241 974 241 984 241 985 242 986 242 987 242 975 243 974 243 985 243 961 244 960 244 974 244 961 245 974 245 975 245 936 246 935 246 960 246 936 247 922 247 935 247 936 248 960 248 961 248 923 249 922 249 936 249 917 250 916 250 922 250 917 251 922 251 923 251 917 252 923 252 936 252 927 253 971 253 945 253 911 254 927 254 919 254 821 255 837 255 853 255 861 256 911 256 891 256 861 257 983 257 971 257 861 258 987 258 983 258 861 259 985 259 987 259 861 260 975 260 985 260 861 261 961 261 975 261 861 262 971 262 927 262 861 263 927 263 911 263 827 264 861 264 845 264 827 265 961 265 861 265 817 266 936 266 961 266 817 267 961 267 827 267 777 268 811 268 821 268 777 269 798 269 811 269 777 270 790 270 798 270 803 271 901 271 917 271 803 272 877 272 901 272 803 273 853 273 877 273 803 274 917 274 936 274 803 275 936 275 817 275 773 276 771 276 777 276 784 277 803 277 795 277 784 278 821 278 853 278 784 279 853 279 803 279 784 280 777 280 821 280 784 281 773 281 777 281 869 282 714 282 719 282 869 283 862 283 714 283 878 284 719 284 728 284 878 285 869 285 719 285 881 286 728 286 737 286 881 287 878 287 728 287 884 288 737 288 744 288 884 289 881 289 737 289 889 290 744 290 747 290 889 291 884 291 744 291 892 292 747 292 750 292 892 293 889 293 747 293 895 294 753 294 755 294 895 295 750 295 753 295 895 296 892 296 750 296 895 297 755 297 897 297 1041 298 1040 298 862 298 1041 299 862 299 869 299 1042 300 1041 300 869 300 1042 301 869 301 878 301 1043 302 878 302 881 302 1043 303 1042 303 878 303 1044 304 1043 304 881 304 1044 305 881 305 884 305 1045 306 1044 306 884 306 1045 307 884 307 889 307 1048 308 1045 308 889 308 1048 309 889 309 892 309 1049 310 1048 310 892 310 1049 311 897 311 1051 311 1049 312 892 312 895 312 1049 313 895 313 897 313 1220 314 1040 314 1041 314 1220 315 1225 315 1040 315 1217 316 1041 316 1042 316 1217 317 1220 317 1041 317 1214 318 1217 318 1042 318 1214 319 1042 319 1043 319 1213 320 1214 320 1043 320 1213 321 1043 321 1044 321 1208 322 1044 322 1045 322 1208 323 1213 323 1044 323 1201 324 1208 324 1045 324 1201 325 1045 325 1048 325 1200 326 1201 326 1048 326 1200 327 1048 327 1049 327 1200 328 1049 328 1051 328 1200 329 1051 329 1199 329 1290 330 1225 330 1220 330 1290 331 1297 331 1225 331 1289 332 1290 332 1220 332 1289 333 1220 333 1217 333 1289 334 1217 334 1214 334 1288 335 1289 335 1214 335 1287 336 1214 336 1213 336 1287 337 1288 337 1214 337 1284 338 1287 338 1213 338 1284 339 1213 339 1208 339 1283 340 1284 340 1208 340 1283 341 1201 341 1200 341 1283 342 1208 342 1201 342 1282 343 1200 343 1199 343 1282 344 1283 344 1200 344 1282 345 1199 345 1281 345 1422 346 1297 346 1290 346 1422 347 1429 347 1297 347 1409 348 1290 348 1289 348 1409 349 1422 349 1290 349 1402 350 1289 350 1288 350 1402 351 1409 351 1289 351 1389 352 1288 352 1287 352 1389 353 1402 353 1288 353 1378 354 1287 354 1284 354 1378 355 1389 355 1287 355 1375 356 1284 356 1283 356 1375 357 1378 357 1284 357 1370 358 1282 358 1281 358 1370 359 1283 359 1282 359 1370 360 1375 360 1283 360 1370 361 1281 361 1369 361 1615 362 1429 362 1422 362 1615 363 1630 363 1429 363 1601 364 1422 364 1409 364 1601 365 1409 365 1402 365 1601 366 1615 366 1422 366 1586 367 1601 367 1402 367 1565 368 1402 368 1389 368 1565 369 1389 369 1378 369 1565 370 1586 370 1402 370 1554 371 1565 371 1378 371 1545 372 1378 372 1375 372 1545 373 1554 373 1378 373 1542 374 1375 374 1370 374 1542 375 1370 375 1369 375 1542 376 1369 376 1539 376 1542 377 1545 377 1375 377 1709 378 1615 378 1601 378 1709 379 1630 379 1615 379 1709 380 1716 380 1630 380 1705 381 1601 381 1586 381 1705 382 1709 382 1601 382 1686 383 1705 383 1586 383 1681 384 1586 384 1565 384 1681 385 1565 385 1554 385 1681 386 1686 386 1586 386 1673 387 1681 387 1554 387 1670 388 1554 388 1545 388 1670 389 1673 389 1554 389 1666 390 1670 390 1545 390 1666 391 1539 391 1665 391 1666 392 1542 392 1539 392 1666 393 1545 393 1542 393 1769 394 1716 394 1709 394 1769 395 1798 395 1778 395 1769 396 1778 396 1716 396 1758 397 1709 397 1705 397 1758 398 1769 398 1709 398 1747 399 1758 399 1705 399 1747 400 1705 400 1686 400 1736 401 1686 401 1681 401 1736 402 1747 402 1686 402 1728 403 1736 403 1681 403 1728 404 1681 404 1673 404 1724 405 1728 405 1673 405 1724 406 1673 406 1670 406 1721 407 1724 407 1670 407 1721 408 1665 408 1718 408 1721 409 1670 409 1666 409 1721 410 1666 410 1665 410 1795 411 1798 411 1769 411 1787 412 1795 412 1769 412 1787 413 1769 413 1758 413 1783 414 1758 414 1747 414 1783 415 1747 415 1736 415 1783 416 1787 416 1758 416 1774 417 1783 417 1736 417 1766 418 1736 418 1728 418 1766 419 1774 419 1736 419 1759 420 1724 420 1721 420 1759 421 1728 421 1724 421 1759 422 1766 422 1728 422 1757 423 1759 423 1721 423 1757 424 1721 424 1718 424 1757 425 1718 425 1755 425 1799 426 1805 426 1798 426 1799 427 1798 427 1795 427 1796 428 1795 428 1787 428 1796 429 1799 429 1795 429 1790 430 1787 430 1783 430 1790 431 1796 431 1787 431 1785 432 1783 432 1774 432 1785 433 1790 433 1783 433 1781 434 1774 434 1766 434 1781 435 1785 435 1774 435 1775 436 1766 436 1759 436 1775 437 1781 437 1766 437 1773 438 1759 438 1757 438 1773 439 1775 439 1759 439 1773 440 1757 440 1755 440 1773 441 1755 441 1772 441 1797 442 1805 442 1799 442 1797 443 1800 443 1805 443 1794 444 1799 444 1796 444 1794 445 1797 445 1799 445 1786 446 1796 446 1790 446 1786 447 1794 447 1796 447 1782 448 1790 448 1785 448 1782 449 1785 449 1781 449 1782 450 1786 450 1790 450 1776 451 1782 451 1781 451 1770 452 1781 452 1775 452 1770 453 1776 453 1781 453 1765 454 1775 454 1773 454 1765 455 1773 455 1772 455 1765 456 1772 456 1763 456 1765 457 1770 457 1775 457 1784 458 1752 458 1791 458 1784 459 1791 459 1800 459 1784 460 1800 460 1797 460 1784 461 1797 461 1794 461 1777 462 1784 462 1794 462 1764 463 1794 463 1786 463 1764 464 1786 464 1782 464 1764 465 1777 465 1794 465 1756 466 1764 466 1782 466 1753 467 1782 467 1776 467 1753 468 1756 468 1782 468 1744 469 1776 469 1770 469 1744 470 1753 470 1776 470 1741 471 1763 471 1738 471 1741 472 1765 472 1763 472 1741 473 1770 473 1765 473 1741 474 1744 474 1770 474 1735 475 1752 475 1784 475 1725 476 1735 476 1784 476 1725 477 1784 477 1777 477 1725 478 1777 478 1764 478 1715 479 1725 479 1764 479 1715 480 1764 480 1756 480 1710 481 1715 481 1756 481 1706 482 1710 482 1756 482 1706 483 1756 483 1753 483 1702 484 1753 484 1744 484 1702 485 1706 485 1753 485 1695 486 1741 486 1738 486 1695 487 1744 487 1741 487 1695 488 1702 488 1744 488 1695 489 1738 489 1692 489 1667 490 1674 490 1752 490 1667 491 1752 491 1735 491 1659 492 1667 492 1735 492 1659 493 1735 493 1725 493 1652 494 1725 494 1715 494 1652 495 1659 495 1725 495 1635 496 1715 496 1710 496 1635 497 1652 497 1715 497 1627 498 1710 498 1706 498 1627 499 1635 499 1710 499 1620 500 1706 500 1702 500 1620 501 1627 501 1706 501 1610 502 1702 502 1695 502 1610 503 1695 503 1692 503 1610 504 1620 504 1702 504 1610 505 1692 505 1609 505 1510 506 1525 506 1674 506 1510 507 1667 507 1659 507 1510 508 1674 508 1667 508 1499 509 1510 509 1659 509 1482 510 1659 510 1652 510 1482 511 1499 511 1659 511 1482 512 1652 512 1635 512 1469 513 1482 513 1635 513 1456 514 1635 514 1627 514 1456 515 1627 515 1620 515 1456 516 1469 516 1635 516 1447 517 1456 517 1620 517 1447 518 1620 518 1610 518 1442 519 1610 519 1609 519 1442 520 1447 520 1610 520 1442 521 1609 521 1441 521 1442 522 1441 522 1309 522 1334 523 1337 523 1525 523 1334 524 1525 524 1510 524 1329 525 1510 525 1499 525 1329 526 1334 526 1510 526 1322 527 1499 527 1482 527 1322 528 1329 528 1499 528 1317 529 1482 529 1469 529 1317 530 1322 530 1482 530 1314 531 1469 531 1456 531 1314 532 1317 532 1469 532 1313 533 1456 533 1447 533 1313 534 1314 534 1456 534 1310 535 1447 535 1442 535 1310 536 1442 536 1309 536 1310 537 1313 537 1447 537 1254 538 1261 538 1337 538 1254 539 1337 539 1334 539 1254 540 1334 540 1329 540 1249 541 1254 541 1329 541 1248 542 1329 542 1322 542 1248 543 1249 543 1329 543 1245 544 1248 544 1322 544 1245 545 1322 545 1317 545 1242 546 1317 546 1314 546 1242 547 1245 547 1317 547 1241 548 1242 548 1314 548 1241 549 1314 549 1313 549 1241 550 1313 550 1310 550 1240 551 1241 551 1310 551 1240 552 1309 552 1239 552 1240 553 1310 553 1309 553 1130 554 930 554 1131 554 1130 555 1131 555 1261 555 1130 556 1261 556 1254 556 1129 557 1130 557 1254 557 1129 558 1254 558 1249 558 1128 559 1129 559 1249 559 1128 560 1249 560 1248 560 1127 561 1128 561 1248 561 1127 562 1248 562 1245 562 1126 563 1245 563 1242 563 1126 564 1127 564 1245 564 1123 565 1242 565 1241 565 1123 566 1126 566 1242 566 1122 567 1240 567 1239 567 1122 568 1123 568 1241 568 1122 569 1239 569 1121 569 1122 570 1241 570 1240 570 937 571 780 571 930 571 937 572 930 572 1130 572 937 573 1130 573 1129 573 940 574 937 574 1129 574 943 575 1129 575 1128 575 943 576 940 576 1129 576 946 577 1128 577 1127 577 946 578 943 578 1128 578 951 579 1127 579 1126 579 951 580 1126 580 1123 580 951 581 946 581 1127 581 958 582 951 582 1123 582 959 583 958 583 1123 583 959 584 1123 584 1122 584 959 585 1122 585 1121 585 959 586 1121 586 963 586 791 587 780 587 937 587 796 588 937 588 940 588 796 589 791 589 937 589 799 590 940 590 943 590 799 591 796 591 940 591 804 592 943 592 946 592 804 593 799 593 943 593 809 594 946 594 951 594 809 595 804 595 946 595 812 596 958 596 959 596 812 597 951 597 958 597 812 598 809 598 951 598 813 599 959 599 963 599 813 600 963 600 815 600 813 601 815 601 689 601 813 602 812 602 959 602 645 603 640 603 780 603 645 604 780 604 791 604 656 605 645 605 791 605 656 606 796 606 799 606 656 607 791 607 796 607 661 608 656 608 799 608 672 609 799 609 804 609 672 610 804 610 809 610 672 611 661 611 799 611 681 612 672 612 809 612 684 613 681 613 809 613 684 614 809 614 812 614 687 615 813 615 689 615 687 616 812 616 813 616 687 617 684 617 812 617 488 618 391 618 477 618 488 619 477 619 640 619 488 620 640 620 645 620 496 621 645 621 656 621 496 622 656 622 661 622 496 623 488 623 645 623 507 624 496 624 661 624 524 625 661 625 672 625 524 626 507 626 661 626 533 627 524 627 672 627 533 628 672 628 681 628 533 629 681 629 684 629 540 630 533 630 684 630 543 631 540 631 684 631 543 632 689 632 547 632 543 633 687 633 689 633 543 634 684 634 687 634 398 635 391 635 488 635 402 636 398 636 488 636 402 637 488 637 496 637 421 638 402 638 496 638 421 639 496 639 507 639 426 640 421 640 507 640 426 641 507 641 524 641 434 642 426 642 524 642 434 643 524 643 533 643 437 644 533 644 540 644 437 645 434 645 533 645 441 646 540 646 543 646 441 647 543 647 547 647 441 648 437 648 540 648 441 649 547 649 443 649 338 650 391 650 398 650 338 651 309 651 329 651 338 652 329 652 391 652 349 653 338 653 398 653 349 654 402 654 421 654 349 655 398 655 402 655 360 656 349 656 421 656 371 657 421 657 426 657 371 658 360 658 421 658 379 659 426 659 434 659 379 660 371 660 426 660 383 661 434 661 437 661 383 662 437 662 441 662 383 663 379 663 434 663 386 664 383 664 441 664 386 665 441 665 443 665 386 666 443 666 388 666 312 667 302 667 309 667 312 668 309 668 338 668 320 669 312 669 338 669 320 670 349 670 360 670 320 671 338 671 349 671 324 672 320 672 360 672 333 673 360 673 371 673 333 674 324 674 360 674 341 675 371 675 379 675 341 676 333 676 371 676 348 677 341 677 379 677 348 678 379 678 383 678 350 679 383 679 386 679 350 680 386 680 388 680 350 681 388 681 353 681 350 682 348 682 383 682 308 683 302 683 312 683 311 684 312 684 320 684 311 685 308 685 312 685 311 686 320 686 324 686 317 687 311 687 324 687 322 688 324 688 333 688 322 689 333 689 341 689 322 690 317 690 324 690 326 691 322 691 341 691 332 692 341 692 348 692 332 693 348 693 350 693 332 694 326 694 341 694 334 695 353 695 336 695 334 696 350 696 353 696 334 697 332 697 350 697 310 698 307 698 302 698 310 699 302 699 308 699 313 700 310 700 308 700 313 701 308 701 311 701 313 702 311 702 317 702 321 703 313 703 317 703 325 704 321 704 317 704 325 705 317 705 322 705 325 706 322 706 326 706 331 707 325 707 326 707 337 708 331 708 326 708 337 709 326 709 332 709 342 710 337 710 332 710 342 711 336 711 345 711 342 712 345 712 370 712 342 713 334 713 336 713 342 714 332 714 334 714 323 715 355 715 316 715 323 716 316 716 307 716 323 717 307 717 310 717 330 718 323 718 310 718 330 719 310 719 313 719 343 720 313 720 321 720 343 721 330 721 313 721 351 722 321 722 325 722 351 723 343 723 321 723 354 724 325 724 331 724 354 725 351 725 325 725 363 726 331 726 337 726 363 727 354 727 331 727 366 728 363 728 337 728 366 729 342 729 370 729 366 730 337 730 342 730 372 731 355 731 323 731 382 732 330 732 343 732 382 733 323 733 330 733 382 734 372 734 323 734 392 735 382 735 343 735 397 736 343 736 351 736 397 737 392 737 343 737 401 738 351 738 354 738 401 739 397 739 351 739 401 740 354 740 363 740 405 741 363 741 366 741 405 742 401 742 363 742 412 743 366 743 370 743 412 744 405 744 366 744 412 745 370 745 416 745 412 746 416 746 493 746 440 747 433 747 355 747 440 748 355 748 372 748 448 749 372 749 382 749 448 750 440 750 372 750 455 751 382 751 392 751 455 752 448 752 382 752 472 753 392 753 397 753 472 754 455 754 392 754 480 755 397 755 401 755 480 756 401 756 405 756 480 757 472 757 397 757 487 758 480 758 405 758 491 759 487 759 405 759 491 760 405 760 412 760 491 761 412 761 493 761 571 762 714 762 558 762 571 763 558 763 433 763 571 764 433 764 440 764 571 765 719 765 714 765 580 766 440 766 448 766 580 767 571 767 440 767 580 768 728 768 719 768 580 769 448 769 455 769 580 770 719 770 571 770 595 771 737 771 728 771 595 772 728 772 580 772 595 773 580 773 455 773 606 774 737 774 595 774 606 775 744 775 737 775 606 776 455 776 472 776 606 777 595 777 455 777 617 778 744 778 606 778 617 779 606 779 472 779 617 780 747 780 744 780 617 781 472 781 480 781 617 782 480 782 487 782 626 783 750 783 747 783 626 784 487 784 491 784 626 785 747 785 617 785 626 786 617 786 487 786 629 787 755 787 753 787 629 788 753 788 750 788 629 789 493 789 631 789 629 790 631 790 755 790 629 791 750 791 626 791 629 792 491 792 493 792 629 793 626 793 491 793 1308 794 1309 794 1441 794 1440 795 1441 795 1609 795 1440 796 1308 796 1441 796 1608 797 1609 797 1692 797 1608 798 1440 798 1609 798 1691 799 1692 799 1738 799 1691 800 1608 800 1692 800 1737 801 1738 801 1763 801 1737 802 1691 802 1738 802 1762 803 1763 803 1772 803 1762 804 1737 804 1763 804 1771 805 1772 805 1755 805 1771 806 1762 806 1772 806 1754 807 1755 807 1718 807 1754 808 1771 808 1755 808 1717 809 1754 809 1718 809 1717 810 1718 810 1665 810 1664 811 1717 811 1665 811 1664 812 1665 812 1539 812 1538 813 1664 813 1539 813 1538 814 1539 814 1369 814 1368 815 1538 815 1369 815 1368 816 1369 816 1281 816 1280 817 1368 817 1281 817 1280 818 1281 818 1199 818 1198 819 1280 819 1199 819 1050 820 1198 820 1199 820 1050 821 1199 821 1051 821 896 822 1050 822 1051 822 896 823 897 823 755 823 896 824 1051 824 897 824 754 825 896 825 755 825 754 826 755 826 631 826 630 827 754 827 631 827 492 828 630 828 631 828 492 829 493 829 416 829 492 830 631 830 493 830 415 831 492 831 416 831 369 832 415 832 416 832 369 833 370 833 345 833 369 834 416 834 370 834 344 835 369 835 345 835 335 836 344 836 345 836 335 837 336 837 353 837 335 838 345 838 336 838 352 839 335 839 353 839 387 840 388 840 443 840 387 841 353 841 388 841 387 842 352 842 353 842 442 843 443 843 547 843 442 844 387 844 443 844 546 845 547 845 689 845 546 846 442 846 547 846 688 847 546 847 689 847 814 848 689 848 815 848 814 849 688 849 689 849 962 850 815 850 963 850 962 851 814 851 815 851 1120 852 963 852 1121 852 1120 853 962 853 963 853 1238 854 1121 854 1239 854 1238 855 1120 855 1121 855 1308 856 1239 856 1309 856 1308 857 1238 857 1239 857 1679 858 1745 858 1689 858 1808 859 1812 859 1788 859 1662 860 1745 860 1679 860 1803 861 1745 861 1662 861 1803 862 1808 862 1788 862 1803 863 1788 863 1745 863 1860 864 1880 864 1862 864 1250 865 1252 865 1206 865 1806 866 1803 866 1662 866 1806 867 1662 867 1640 867 1856 868 1880 868 1860 868 1856 869 1894 869 1880 869 1259 870 1250 870 1206 870 1591 871 1806 871 1640 871 1810 872 1806 872 1591 872 1908 873 1912 873 1894 873 1030 874 1132 874 1034 874 1814 875 1810 875 1591 875 1814 876 1591 876 1532 876 1474 877 1814 877 1532 877 1818 878 1814 878 1474 878 1902 879 1894 879 1856 879 1902 880 1908 880 1894 880 1902 881 1856 881 1852 881 1024 882 1206 882 1132 882 1024 883 1259 883 1206 883 1024 884 1132 884 1030 884 1410 885 1818 885 1474 885 1822 886 1818 886 1410 886 1898 887 1902 887 1852 887 1012 888 1264 888 1259 888 1012 889 1259 889 1024 889 1892 890 1898 890 1852 890 1892 891 1852 891 1846 891 996 892 1276 892 1264 892 996 893 1264 893 1012 893 1896 894 1892 894 1846 894 1896 895 1846 895 1842 895 938 896 1276 896 996 896 938 897 1285 897 1276 897 1900 898 1896 898 1842 898 1900 899 1836 899 1832 899 1900 900 1842 900 1836 900 912 901 1285 901 938 901 912 902 1302 902 1285 902 1988 903 1968 903 1960 903 475 904 576 904 563 904 1946 905 1988 905 1960 905 602 906 576 906 475 906 1904 907 1900 907 1832 907 865 908 1302 908 912 908 865 909 1323 909 1302 909 2002 910 2008 910 2000 910 364 911 410 911 356 911 1996 912 1988 912 1946 912 1996 913 2002 913 2000 913 1996 914 2000 914 1988 914 373 915 475 915 410 915 373 916 602 916 475 916 373 917 410 917 364 917 367 918 641 918 602 918 367 919 602 919 373 919 1986 920 1996 920 1946 920 1986 921 1942 921 1938 921 1986 922 1946 922 1942 922 358 923 641 923 367 923 358 924 670 924 641 924 1980 925 1986 925 1938 925 1980 926 1938 926 1928 926 1974 927 1980 927 1928 927 346 928 700 928 670 928 346 929 745 929 700 929 346 930 670 930 358 930 327 931 745 931 346 931 1972 932 1924 932 1918 932 1972 933 1928 933 1924 933 1972 934 1974 934 1928 934 1978 935 1972 935 1918 935 314 936 787 936 745 936 314 937 745 937 327 937 2084 938 2064 938 2048 938 2084 939 2078 939 2064 939 252 940 262 940 258 940 252 941 266 941 262 941 2082 942 2094 942 2092 942 230 943 242 943 224 943 2072 944 2092 944 2084 944 2072 945 2082 945 2092 945 2072 946 2084 946 2048 946 234 947 268 947 266 947 234 948 266 948 252 948 234 949 242 949 230 949 234 950 252 950 242 950 2062 951 2026 951 2012 951 2062 952 2048 952 2026 952 2062 953 2072 953 2048 953 238 954 268 954 234 954 2052 955 2062 955 2012 955 240 956 272 956 268 956 240 957 268 957 238 957 2040 958 2012 958 2006 958 2040 959 2052 959 2012 959 236 960 278 960 272 960 236 961 272 961 240 961 2032 962 2006 962 1998 962 2032 963 2040 963 2006 963 232 964 286 964 278 964 232 965 278 965 236 965 2028 966 1998 966 1992 966 2028 967 2032 967 1998 967 228 968 290 968 286 968 228 969 286 969 232 969 1297 970 1822 970 1410 970 1429 971 1822 971 1297 971 1429 972 1826 972 1822 972 1429 973 1832 973 1826 973 1225 974 1358 974 1323 974 1225 975 1410 975 1358 975 1225 976 1297 976 1410 976 1630 977 1904 977 1832 977 1630 978 1832 978 1429 978 1630 979 1910 979 1904 979 1040 980 865 980 824 980 1040 981 1323 981 865 981 1040 982 1225 982 1323 982 2106 983 2098 983 2090 983 2106 984 2104 984 2098 984 150 985 166 985 162 985 150 986 172 986 166 986 1716 987 1910 987 1630 987 1716 988 1918 988 1910 988 1716 989 1978 989 1918 989 862 990 824 990 787 990 862 991 787 991 314 991 862 992 1040 992 824 992 1778 993 1984 993 1978 993 1778 994 1992 994 1984 994 1778 995 1978 995 1716 995 714 996 305 996 290 996 714 997 314 997 305 997 714 998 862 998 314 998 130 999 136 999 116 999 2096 1000 2100 1000 2102 1000 142 1001 136 1001 130 1001 142 1002 172 1002 150 1002 142 1003 150 1003 136 1003 2088 1004 2106 1004 2090 1004 2088 1005 2096 1005 2102 1005 2088 1006 2090 1006 2076 1006 2088 1007 2102 1007 2106 1007 148 1008 172 1008 142 1008 148 1009 180 1009 172 1009 2074 1010 2088 1010 2076 1010 154 1011 184 1011 180 1011 154 1012 180 1012 148 1012 2060 1013 2076 1013 2066 1013 2060 1014 2074 1014 2076 1014 1798 1015 2030 1015 2028 1015 1798 1016 1992 1016 1778 1016 1798 1017 2028 1017 1992 1017 558 1018 290 1018 228 1018 558 1019 228 1019 220 1019 558 1020 714 1020 290 1020 158 1021 184 1021 154 1021 158 1022 192 1022 184 1022 158 1023 200 1023 192 1023 2050 1024 2060 1024 2066 1024 2050 1025 2054 1025 2044 1025 2050 1026 2066 1026 2054 1026 156 1027 200 1027 158 1027 2038 1028 2050 1028 2044 1028 152 1029 216 1029 200 1029 152 1030 200 1030 156 1030 2024 1031 2044 1031 2034 1031 2024 1032 2038 1032 2044 1032 1805 1033 2034 1033 2030 1033 1805 1034 2030 1034 1798 1034 1805 1035 2024 1035 2034 1035 433 1036 558 1036 220 1036 433 1037 220 1037 216 1037 433 1038 216 1038 152 1038 1800 1039 2018 1039 2024 1039 1800 1040 2014 1040 2018 1040 1800 1041 2024 1041 1805 1041 355 1042 433 1042 152 1042 355 1043 144 1043 140 1043 355 1044 152 1044 144 1044 2080 1045 2070 1045 2058 1045 2080 1046 2086 1046 2070 1046 38 1047 64 1047 50 1047 38 1048 86 1048 64 1048 1791 1049 2014 1049 1800 1049 316 1050 355 1050 140 1050 26 1051 86 1051 38 1051 2056 1052 2068 1052 2042 1052 20 1053 36 1053 26 1053 2020 1054 2080 1054 2058 1054 2020 1055 2042 1055 2068 1055 2020 1056 2068 1056 2080 1056 48 1057 86 1057 26 1057 48 1058 26 1058 36 1058 2010 1059 2058 1059 2046 1059 2010 1060 2020 1060 2058 1060 60 1061 96 1061 86 1061 60 1062 86 1062 48 1062 70 1063 96 1063 60 1063 70 1064 102 1064 96 1064 70 1065 112 1065 102 1065 2004 1066 2010 1066 2046 1066 2004 1067 2046 1067 2036 1067 84 1068 112 1068 70 1068 1994 1069 2004 1069 2036 1069 1994 1070 2036 1070 2022 1070 90 1071 112 1071 84 1071 90 1072 124 1072 112 1072 1982 1073 2022 1073 2016 1073 1982 1074 1994 1074 2022 1074 92 1075 316 1075 140 1075 92 1076 140 1076 124 1076 92 1077 124 1077 90 1077 92 1078 307 1078 316 1078 1966 1079 2016 1079 2014 1079 1966 1080 1982 1080 2016 1080 1966 1081 2014 1081 1791 1081 1966 1082 1791 1082 1752 1082 88 1083 307 1083 92 1083 1962 1084 1966 1084 1752 1084 82 1085 302 1085 307 1085 82 1086 307 1086 88 1086 1954 1087 1962 1087 1752 1087 1954 1088 1752 1088 1674 1088 1970 1089 1976 1089 1964 1089 1970 1090 1990 1090 1976 1090 4 1091 10 1091 6 1091 4 1092 18 1092 10 1092 16 1093 18 1093 4 1093 16 1094 4 1094 0 1094 1934 1095 1956 1095 1970 1095 1934 1096 1970 1096 1964 1096 1926 1097 1964 1097 1958 1097 1926 1098 1934 1098 1964 1098 30 1099 18 1099 16 1099 30 1100 32 1100 18 1100 30 1101 46 1101 32 1101 8 1102 16 1102 0 1102 1940 1103 1956 1103 1934 1103 40 1104 46 1104 30 1104 1922 1105 1958 1105 1952 1105 1922 1106 1926 1106 1958 1106 2 1107 8 1107 0 1107 1944 1108 1956 1108 1940 1108 1914 1109 1922 1109 1952 1109 1914 1110 1948 1110 1950 1110 1914 1111 1952 1111 1948 1111 52 1112 56 1112 46 1112 52 1113 46 1113 40 1113 1906 1114 1914 1114 1950 1114 1906 1115 1950 1115 1954 1115 62 1116 68 1116 56 1116 62 1117 82 1117 68 1117 62 1118 56 1118 52 1118 1890 1119 1906 1119 1954 1119 1890 1120 1954 1120 1674 1120 72 1121 82 1121 62 1121 72 1122 302 1122 82 1122 1886 1123 1890 1123 1674 1123 1886 1124 1674 1124 1525 1124 76 1125 309 1125 302 1125 76 1126 302 1126 72 1126 1878 1127 1886 1127 1525 1127 78 1128 309 1128 76 1128 1864 1129 1876 1129 1872 1129 1864 1130 1882 1130 1876 1130 14 1131 24 1131 12 1131 14 1132 34 1132 24 1132 1834 1133 1866 1133 1870 1133 1838 1134 1866 1134 1834 1134 1838 1135 1868 1135 1866 1135 1838 1136 1872 1136 1868 1136 80 1137 54 1137 44 1137 80 1138 94 1138 54 1138 100 1139 66 1139 54 1139 100 1140 74 1140 66 1140 100 1141 54 1141 94 1141 1828 1142 1834 1142 1870 1142 58 1143 14 1143 22 1143 58 1144 44 1144 34 1144 58 1145 34 1145 14 1145 58 1146 80 1146 44 1146 1840 1147 1872 1147 1838 1147 1840 1148 1854 1148 1864 1148 1840 1149 1864 1149 1872 1149 108 1150 74 1150 100 1150 1820 1151 1828 1151 1870 1151 1820 1152 1870 1152 1874 1152 1844 1153 1854 1153 1840 1153 42 1154 58 1154 22 1154 114 1155 78 1155 74 1155 114 1156 309 1156 78 1156 114 1157 74 1157 108 1157 114 1158 329 1158 309 1158 1816 1159 1820 1159 1874 1159 1816 1160 1878 1160 1525 1160 1816 1161 1874 1161 1878 1161 1816 1162 1525 1162 1337 1162 1848 1163 1854 1163 1844 1163 28 1164 42 1164 22 1164 122 1165 329 1165 114 1165 1801 1166 1816 1166 1337 1166 128 1167 329 1167 122 1167 128 1168 391 1168 329 1168 1792 1169 1801 1169 1337 1169 1792 1170 1337 1170 1261 1170 1315 1171 1760 1171 1779 1171 1342 1172 1748 1172 1760 1172 1342 1173 1760 1173 1315 1173 178 1174 182 1174 134 1174 178 1175 132 1175 126 1175 178 1176 134 1176 132 1176 188 1177 391 1177 128 1177 188 1178 134 1178 182 1178 188 1179 128 1179 134 1179 1291 1180 1792 1180 1261 1180 1291 1181 1315 1181 1779 1181 1291 1182 1779 1182 1792 1182 168 1183 178 1183 126 1183 168 1184 126 1184 120 1184 1390 1185 1748 1185 1342 1185 1696 1186 1742 1186 1733 1186 1696 1187 1750 1187 1742 1187 106 1188 104 1188 98 1188 106 1189 110 1189 104 1189 196 1190 391 1190 188 1190 196 1191 477 1191 391 1191 1278 1192 1291 1192 1261 1192 1278 1193 1261 1193 1131 1193 164 1194 168 1194 120 1194 1427 1195 1739 1195 1748 1195 1427 1196 1748 1196 1390 1196 202 1197 477 1197 196 1197 1257 1198 1278 1198 1131 1198 160 1199 164 1199 120 1199 160 1200 120 1200 110 1200 1472 1201 1733 1201 1739 1201 1472 1202 1739 1202 1427 1202 118 1203 160 1203 110 1203 118 1204 110 1204 106 1204 1631 1205 1733 1205 1472 1205 1631 1206 1696 1206 1733 1206 146 1207 160 1207 118 1207 1502 1208 1631 1208 1472 1208 1517 1209 1631 1209 1502 1209 138 1210 146 1210 118 1210 274 1211 477 1211 202 1211 274 1212 640 1212 477 1212 735 1213 1257 1213 1131 1213 735 1214 1131 1214 930 1214 280 1215 640 1215 274 1215 694 1216 735 1216 930 1216 766 1217 1234 1217 1257 1217 766 1218 1257 1218 735 1218 270 1219 274 1219 202 1219 270 1220 202 1220 206 1220 654 1221 694 1221 930 1221 654 1222 930 1222 780 1222 284 1223 640 1223 280 1223 284 1224 654 1224 780 1224 284 1225 780 1225 640 1225 805 1226 1218 1226 1234 1226 805 1227 1234 1227 766 1227 264 1228 270 1228 206 1228 264 1229 206 1229 210 1229 288 1230 600 1230 654 1230 288 1231 654 1231 284 1231 828 1232 1174 1232 1218 1232 828 1233 1218 1233 805 1233 260 1234 264 1234 210 1234 260 1235 210 1235 214 1235 552 1236 600 1236 288 1236 552 1237 288 1237 292 1237 850 1238 1158 1238 1174 1238 850 1239 1174 1239 828 1239 254 1240 214 1240 208 1240 254 1241 260 1241 214 1241 503 1242 292 1242 296 1242 503 1243 552 1243 292 1243 863 1244 1146 1244 1158 1244 863 1245 1158 1245 850 1245 250 1246 208 1246 204 1246 250 1247 254 1247 208 1247 466 1248 503 1248 296 1248 300 1249 466 1249 296 1249 1038 1250 1140 1250 1146 1250 1038 1251 1136 1251 1140 1251 1038 1252 1146 1252 863 1252 212 1253 198 1253 194 1253 212 1254 204 1254 198 1254 226 1255 204 1255 212 1255 226 1256 246 1256 250 1256 226 1257 250 1257 204 1257 952 1258 1038 1258 863 1258 952 1259 863 1259 874 1259 444 1260 466 1260 300 1260 303 1261 444 1261 300 1261 244 1262 246 1262 226 1262 872 1263 952 1263 874 1263 361 1264 427 1264 444 1264 361 1265 417 1265 427 1265 318 1266 361 1266 444 1266 318 1267 444 1267 303 1267 318 1268 298 1268 294 1268 318 1269 303 1269 298 1269 1582 1270 1574 1270 1691 1270 1563 1271 1691 1271 1574 1271 1552 1272 1608 1272 1691 1272 1552 1273 1691 1273 1563 1273 1584 1274 1582 1274 1691 1274 1536 1275 1608 1275 1552 1275 1578 1276 1691 1276 1737 1276 1578 1277 1584 1277 1691 1277 1570 1278 1578 1278 1737 1278 1521 1279 1608 1279 1536 1279 1504 1280 1608 1280 1521 1280 1559 1281 1570 1281 1737 1281 1548 1282 1559 1282 1737 1282 1483 1283 1608 1283 1504 1283 1461 1284 1440 1284 1608 1284 1461 1285 1608 1285 1483 1285 1438 1286 1440 1286 1461 1286 1616 1287 1606 1287 1762 1287 1597 1288 1737 1288 1762 1288 1597 1289 1762 1289 1606 1289 1618 1290 1762 1290 1771 1290 1618 1291 1616 1291 1762 1291 1580 1292 1737 1292 1597 1292 1425 1293 1440 1293 1438 1293 1611 1294 1618 1294 1771 1294 1557 1295 1528 1295 1548 1295 1557 1296 1548 1296 1737 1296 1557 1297 1737 1297 1580 1297 1412 1298 1308 1298 1440 1298 1412 1299 1440 1299 1425 1299 1602 1300 1611 1300 1771 1300 1530 1301 1513 1301 1528 1301 1530 1302 1528 1302 1557 1302 1403 1303 1308 1303 1412 1303 1589 1304 1771 1304 1754 1304 1589 1305 1602 1305 1771 1305 1506 1306 1495 1306 1513 1306 1506 1307 1513 1307 1530 1307 1480 1308 1476 1308 1495 1308 1480 1309 1495 1309 1506 1309 1650 1310 1646 1310 1754 1310 1638 1311 1754 1311 1646 1311 1445 1312 1476 1312 1480 1312 1445 1313 1452 1313 1476 1313 1653 1314 1754 1314 1717 1314 1653 1315 1650 1315 1754 1315 1628 1316 1754 1316 1638 1316 1613 1317 1589 1317 1754 1317 1613 1318 1754 1318 1628 1318 1613 1319 1568 1319 1589 1319 1648 1320 1653 1320 1717 1320 1642 1321 1648 1321 1717 1321 1599 1322 1568 1322 1613 1322 1599 1323 1546 1323 1568 1323 1423 1324 1452 1324 1445 1324 1423 1325 1430 1325 1452 1325 1423 1326 1420 1326 1430 1326 1633 1327 1642 1327 1717 1327 1576 1328 1546 1328 1599 1328 1405 1329 1407 1329 1420 1329 1405 1330 1420 1330 1423 1330 1625 1331 1633 1331 1717 1331 1555 1332 1546 1332 1576 1332 1555 1333 1523 1333 1546 1333 1664 1334 1625 1334 1717 1334 1604 1335 1625 1335 1664 1335 1534 1336 1523 1336 1555 1336 1534 1337 1497 1337 1523 1337 1381 1338 1398 1338 1407 1338 1381 1339 1407 1339 1405 1339 1515 1340 1497 1340 1534 1340 1515 1341 1467 1341 1497 1341 1587 1342 1604 1342 1664 1342 1364 1343 1398 1343 1381 1343 1364 1344 1387 1344 1398 1344 1566 1345 1587 1345 1664 1345 1500 1346 1467 1346 1515 1346 1500 1347 1436 1347 1467 1347 1356 1348 1387 1348 1364 1348 1550 1349 1566 1349 1664 1349 1485 1350 1416 1350 1436 1350 1485 1351 1436 1351 1500 1351 1526 1352 1550 1352 1664 1352 1470 1353 1416 1353 1485 1353 1459 1354 1416 1354 1470 1354 1459 1355 1396 1355 1416 1355 1450 1356 1396 1356 1459 1356 1450 1357 1371 1357 1396 1357 1443 1358 1371 1358 1450 1358 1538 1359 1526 1359 1664 1359 1538 1360 1508 1360 1526 1360 1538 1361 1493 1361 1508 1361 1108 1362 1104 1362 1238 1362 1094 1363 1120 1363 1238 1363 1094 1364 1238 1364 1104 1364 1086 1365 1120 1365 1094 1365 1110 1366 1108 1366 1238 1366 1110 1367 1238 1367 1308 1367 1074 1368 1120 1368 1086 1368 1106 1369 1308 1369 1403 1369 1106 1370 1110 1370 1308 1370 1106 1371 1403 1371 1394 1371 1098 1372 1106 1372 1394 1372 1058 1373 1120 1373 1074 1373 1090 1374 1098 1374 1394 1374 1090 1375 1394 1375 1385 1375 1046 1376 1120 1376 1058 1376 1082 1377 1385 1377 1379 1377 1082 1378 1090 1378 1385 1378 1026 1379 1120 1379 1046 1379 1068 1380 1082 1380 1379 1380 1068 1381 1379 1381 1383 1381 1054 1382 1383 1382 1387 1382 1054 1383 1068 1383 1383 1383 962 1384 1120 1384 1026 1384 962 1385 1026 1385 1016 1385 962 1386 1016 1386 1010 1386 1368 1387 1493 1387 1538 1387 1368 1388 1478 1388 1493 1388 1000 1389 962 1389 1010 1389 992 1390 962 1390 1000 1390 980 1391 962 1391 992 1391 814 1392 962 1392 980 1392 814 1393 980 1393 968 1393 814 1394 968 1394 954 1394 814 1395 954 1395 947 1395 898 1396 1004 1396 1014 1396 898 1397 998 1397 1004 1397 906 1398 1014 1398 1022 1398 906 1399 898 1399 1014 1399 885 1400 998 1400 898 1400 885 1401 988 1401 998 1401 908 1402 1022 1402 1036 1402 908 1403 906 1403 1022 1403 870 1404 988 1404 885 1404 870 1405 972 1405 988 1405 902 1406 908 1406 1036 1406 902 1407 1036 1407 1054 1407 854 1408 972 1408 870 1408 854 1409 964 1409 972 1409 893 1410 902 1410 1054 1410 893 1411 1054 1411 1387 1411 893 1412 1387 1412 1356 1412 840 1413 964 1413 854 1413 840 1414 949 1414 964 1414 879 1415 893 1415 1356 1415 879 1416 1356 1416 1350 1416 822 1417 949 1417 840 1417 822 1418 947 1418 949 1418 822 1419 814 1419 947 1419 1209 1420 1196 1420 1368 1420 1190 1421 1368 1421 1196 1421 1190 1422 1463 1422 1478 1422 1190 1423 1478 1423 1368 1423 858 1424 879 1424 1350 1424 858 1425 1350 1425 1344 1425 858 1426 1344 1426 1346 1426 807 1427 814 1427 822 1427 1211 1428 1368 1428 1280 1428 1211 1429 1209 1429 1368 1429 1182 1430 1463 1430 1190 1430 1182 1431 1454 1431 1463 1431 1172 1432 1454 1432 1182 1432 1172 1433 1448 1433 1454 1433 1204 1434 1211 1434 1280 1434 1192 1435 1204 1435 1280 1435 1166 1436 1448 1436 1172 1436 1166 1437 1443 1437 1448 1437 846 1438 858 1438 1346 1438 792 1439 814 1439 807 1439 1184 1440 1192 1440 1280 1440 1156 1441 1443 1441 1166 1441 688 1442 792 1442 764 1442 688 1443 764 1443 756 1443 688 1444 814 1444 792 1444 1198 1445 1184 1445 1280 1445 1198 1446 1170 1446 1178 1446 1198 1447 1178 1447 1184 1447 1160 1448 1170 1448 1198 1448 742 1449 688 1449 756 1449 1154 1450 1160 1450 1198 1450 1144 1451 1154 1451 1198 1451 974 1452 1148 1452 1134 1452 984 1453 1134 1453 1116 1453 984 1454 974 1454 1134 1454 960 1455 1156 1455 1148 1455 960 1456 1148 1456 974 1456 960 1457 1443 1457 1156 1457 960 1458 1360 1458 1371 1458 960 1459 1371 1459 1443 1459 986 1460 1116 1460 1102 1460 986 1461 984 1461 1116 1461 935 1462 1360 1462 960 1462 935 1463 1354 1463 1360 1463 922 1464 1354 1464 935 1464 922 1465 1346 1465 1354 1465 982 1466 1102 1466 1088 1466 982 1467 986 1467 1102 1467 970 1468 1088 1468 1080 1468 970 1469 982 1469 1088 1469 916 1470 1346 1470 922 1470 916 1471 846 1471 1346 1471 944 1472 1080 1472 1072 1472 944 1473 1072 1473 1064 1473 944 1474 970 1474 1080 1474 900 1475 830 1475 846 1475 900 1476 846 1476 916 1476 546 1477 742 1477 724 1477 546 1478 724 1478 715 1478 546 1479 715 1479 708 1479 546 1480 688 1480 742 1480 1050 1481 1076 1481 1084 1481 1050 1482 1084 1482 1096 1482 1050 1483 1096 1483 1112 1483 1050 1484 1144 1484 1198 1484 1050 1485 1112 1485 1124 1485 1050 1486 1124 1486 1144 1486 926 1487 1064 1487 1060 1487 926 1488 944 1488 1064 1488 876 1489 818 1489 830 1489 876 1490 830 1490 900 1490 918 1491 926 1491 1060 1491 918 1492 1060 1492 1062 1492 852 1493 818 1493 876 1493 852 1494 800 1494 818 1494 910 1495 1062 1495 1066 1495 910 1496 918 1496 1062 1496 618 1497 720 1497 731 1497 624 1498 731 1498 748 1498 624 1499 618 1499 731 1499 609 1500 712 1500 720 1500 609 1501 720 1501 618 1501 627 1502 748 1502 760 1502 627 1503 624 1503 748 1503 596 1504 704 1504 712 1504 596 1505 712 1505 609 1505 622 1506 627 1506 760 1506 583 1507 704 1507 596 1507 613 1508 760 1508 778 1508 613 1509 622 1509 760 1509 572 1510 702 1510 704 1510 572 1511 704 1511 583 1511 604 1512 778 1512 800 1512 604 1513 613 1513 778 1513 556 1514 708 1514 702 1514 556 1515 702 1515 572 1515 591 1516 604 1516 800 1516 591 1517 800 1517 852 1517 442 1518 546 1518 708 1518 442 1519 556 1519 536 1519 442 1520 536 1520 522 1520 442 1521 522 1521 505 1521 442 1522 505 1522 494 1522 442 1523 708 1523 556 1523 896 1524 860 1524 890 1524 896 1525 890 1525 910 1525 896 1526 1066 1526 1076 1526 896 1527 1076 1527 1050 1527 896 1528 910 1528 1066 1528 481 1529 442 1529 494 1529 673 1530 820 1530 810 1530 677 1531 810 1531 797 1531 677 1532 673 1532 810 1532 664 1533 836 1533 820 1533 664 1534 820 1534 673 1534 679 1535 797 1535 789 1535 679 1536 677 1536 797 1536 657 1537 836 1537 664 1537 657 1538 852 1538 836 1538 675 1539 789 1539 776 1539 675 1540 679 1540 789 1540 646 1541 591 1541 852 1541 646 1542 852 1542 657 1542 666 1543 675 1543 776 1543 638 1544 591 1544 646 1544 638 1545 578 1545 591 1545 659 1546 776 1546 770 1546 659 1547 666 1547 776 1547 620 1548 578 1548 638 1548 620 1549 565 1549 578 1549 652 1550 659 1550 770 1550 652 1551 770 1551 772 1551 598 1552 550 1552 565 1552 598 1553 565 1553 620 1553 387 1554 442 1554 481 1554 387 1555 481 1555 473 1555 387 1556 473 1556 464 1556 387 1557 464 1557 458 1557 387 1558 458 1558 453 1558 754 1559 802 1559 816 1559 754 1560 816 1560 826 1560 754 1561 826 1561 844 1561 754 1562 844 1562 860 1562 754 1563 860 1563 896 1563 643 1564 772 1564 783 1564 643 1565 652 1565 772 1565 581 1566 531 1566 550 1566 581 1567 550 1567 598 1567 632 1568 643 1568 783 1568 352 1569 387 1569 453 1569 352 1570 453 1570 456 1570 352 1571 456 1571 460 1571 352 1572 460 1572 468 1572 352 1573 468 1573 478 1573 352 1574 478 1574 489 1574 630 1575 783 1575 794 1575 630 1576 794 1576 802 1576 630 1577 632 1577 783 1577 630 1578 611 1578 632 1578 630 1579 802 1579 754 1579 335 1580 352 1580 489 1580 335 1581 497 1581 514 1581 335 1582 489 1582 497 1582 492 1583 534 1583 548 1583 492 1584 548 1584 559 1584 492 1585 611 1585 630 1585 492 1586 559 1586 574 1586 492 1587 574 1587 593 1587 492 1588 593 1588 611 1588 344 1589 581 1589 567 1589 344 1590 567 1590 554 1590 344 1591 554 1591 538 1591 344 1592 335 1592 514 1592 344 1593 514 1593 531 1593 344 1594 531 1594 581 1594 415 1595 534 1595 492 1595 415 1596 512 1596 508 1596 415 1597 508 1597 510 1597 415 1598 510 1598 516 1598 415 1599 516 1599 525 1599 415 1600 525 1600 534 1600 369 1601 538 1601 529 1601 369 1602 529 1602 520 1602 369 1603 520 1603 512 1603 369 1604 512 1604 415 1604 369 1605 344 1605 538 1605 470 1606 502 1606 501 1606 470 1607 471 1607 502 1607 446 1608 447 1608 471 1608 446 1609 471 1609 470 1609 431 1610 432 1610 447 1610 431 1611 447 1611 446 1611 422 1612 423 1612 432 1612 422 1613 432 1613 431 1613 408 1614 409 1614 423 1614 408 1615 423 1615 422 1615 406 1616 407 1616 409 1616 406 1617 409 1617 408 1617 413 1618 414 1618 407 1618 413 1619 407 1619 406 1619 424 1620 425 1620 414 1620 424 1621 436 1621 425 1621 424 1622 414 1622 413 1622 435 1623 436 1623 424 1623 451 1624 436 1624 435 1624 451 1625 452 1625 436 1625 451 1626 484 1626 452 1626 483 1627 484 1627 451 1627 518 1628 484 1628 483 1628 518 1629 519 1629 484 1629 518 1630 562 1630 519 1630 561 1631 562 1631 518 1631 561 1632 608 1632 562 1632 607 1633 608 1633 561 1633 607 1634 649 1634 608 1634 648 1635 649 1635 607 1635 690 1636 649 1636 648 1636 690 1637 691 1637 649 1637 690 1638 711 1638 691 1638 710 1639 711 1639 690 1639 740 1640 711 1640 710 1640 740 1641 741 1641 711 1641 758 1642 741 1642 740 1642 758 1643 759 1643 741 1643 768 1644 759 1644 758 1644 768 1645 769 1645 759 1645 768 1646 782 1646 769 1646 781 1647 782 1647 768 1647 785 1648 786 1648 782 1648 785 1649 775 1649 786 1649 785 1650 782 1650 781 1650 774 1651 775 1651 785 1651 762 1652 775 1652 774 1652 762 1653 763 1653 775 1653 762 1654 752 1654 763 1654 751 1655 752 1655 762 1655 726 1656 727 1656 752 1656 726 1657 697 1657 727 1657 726 1658 752 1658 751 1658 696 1659 669 1659 697 1659 696 1660 697 1660 726 1660 668 1661 637 1661 669 1661 668 1662 669 1662 696 1662 636 1663 637 1663 668 1663 587 1664 588 1664 637 1664 587 1665 637 1665 636 1665 541 1666 542 1666 588 1666 541 1667 588 1667 587 1667 501 1668 502 1668 542 1668 501 1669 542 1669 541 1669 633 1670 668 1670 696 1670 612 1671 636 1671 668 1671 612 1672 668 1672 633 1672 644 1673 696 1673 726 1673 644 1674 633 1674 696 1674 594 1675 587 1675 636 1675 594 1676 636 1676 612 1676 653 1677 726 1677 751 1677 653 1678 644 1678 726 1678 575 1679 541 1679 587 1679 575 1680 587 1680 594 1680 660 1681 751 1681 762 1681 660 1682 653 1682 751 1682 560 1683 501 1683 541 1683 560 1684 541 1684 575 1684 667 1685 660 1685 762 1685 667 1686 762 1686 774 1686 549 1687 501 1687 560 1687 549 1688 470 1688 501 1688 676 1689 774 1689 785 1689 676 1690 667 1690 774 1690 535 1691 446 1691 470 1691 535 1692 470 1692 549 1692 680 1693 676 1693 785 1693 526 1694 431 1694 446 1694 526 1695 446 1695 535 1695 678 1696 680 1696 785 1696 678 1697 785 1697 781 1697 768 1698 678 1698 781 1698 517 1699 431 1699 526 1699 422 1700 431 1700 517 1700 674 1701 678 1701 768 1701 511 1702 422 1702 517 1702 758 1703 674 1703 768 1703 758 1704 665 1704 674 1704 408 1705 422 1705 511 1705 740 1706 665 1706 758 1706 740 1707 658 1707 665 1707 406 1708 408 1708 511 1708 406 1709 509 1709 513 1709 406 1710 511 1710 509 1710 710 1711 647 1711 658 1711 710 1712 658 1712 740 1712 413 1713 513 1713 521 1713 413 1714 406 1714 513 1714 690 1715 639 1715 647 1715 690 1716 647 1716 710 1716 424 1717 413 1717 521 1717 648 1718 621 1718 639 1718 648 1719 639 1719 690 1719 435 1720 521 1720 530 1720 435 1721 424 1721 521 1721 607 1722 599 1722 621 1722 607 1723 621 1723 648 1723 451 1724 435 1724 530 1724 451 1725 530 1725 539 1725 561 1726 582 1726 599 1726 561 1727 599 1727 607 1727 483 1728 555 1728 568 1728 483 1729 539 1729 555 1729 483 1730 451 1730 539 1730 518 1731 483 1731 568 1731 518 1732 582 1732 561 1732 518 1733 568 1733 582 1733 914 1734 934 1734 933 1734 914 1735 915 1735 934 1735 887 1736 888 1736 915 1736 887 1737 915 1737 914 1737 856 1738 857 1738 888 1738 856 1739 888 1739 887 1739 842 1740 843 1740 857 1740 842 1741 857 1741 856 1741 834 1742 835 1742 843 1742 834 1743 843 1743 842 1743 832 1744 833 1744 835 1744 832 1745 835 1745 834 1745 838 1746 839 1746 833 1746 838 1747 833 1747 832 1747 848 1748 849 1748 839 1748 848 1749 868 1749 849 1749 848 1750 839 1750 838 1750 867 1751 868 1751 848 1751 904 1752 868 1752 867 1752 904 1753 905 1753 868 1753 904 1754 921 1754 905 1754 920 1755 921 1755 904 1755 966 1756 921 1756 920 1756 966 1757 967 1757 921 1757 966 1758 1007 1758 967 1758 1006 1759 1007 1759 966 1759 1006 1760 1033 1760 1007 1760 1032 1761 1033 1761 1006 1761 1032 1762 1079 1762 1033 1762 1078 1763 1079 1763 1032 1763 1118 1764 1079 1764 1078 1764 1118 1765 1119 1765 1079 1765 1118 1766 1153 1766 1119 1766 1152 1767 1153 1767 1118 1767 1168 1768 1153 1768 1152 1768 1168 1769 1169 1769 1153 1769 1186 1770 1169 1770 1168 1770 1186 1771 1187 1771 1169 1771 1215 1772 1187 1772 1186 1772 1215 1773 1216 1773 1187 1773 1215 1774 1227 1774 1216 1774 1226 1775 1227 1775 1215 1775 1228 1776 1229 1776 1227 1776 1228 1777 1224 1777 1229 1777 1228 1778 1227 1778 1226 1778 1223 1779 1224 1779 1228 1779 1202 1780 1224 1780 1223 1780 1202 1781 1203 1781 1224 1781 1202 1782 1181 1782 1203 1782 1180 1783 1181 1783 1202 1783 1162 1784 1163 1784 1181 1784 1162 1785 1143 1785 1163 1785 1162 1786 1181 1786 1180 1786 1142 1787 1101 1787 1143 1787 1142 1788 1143 1788 1162 1788 1100 1789 1057 1789 1101 1789 1100 1790 1101 1790 1142 1790 1056 1791 1057 1791 1100 1791 1020 1792 1021 1792 1057 1792 1020 1793 1057 1793 1056 1793 994 1794 995 1794 1021 1794 994 1795 1021 1795 1020 1795 933 1796 934 1796 995 1796 933 1797 995 1797 994 1797 1055 1798 1100 1798 1142 1798 1037 1799 1056 1799 1100 1799 1037 1800 1100 1800 1055 1800 1069 1801 1142 1801 1162 1801 1069 1802 1055 1802 1142 1802 1083 1803 1069 1803 1162 1803 1023 1804 1020 1804 1056 1804 1023 1805 1056 1805 1037 1805 1015 1806 994 1806 1020 1806 1015 1807 1020 1807 1023 1807 1091 1808 1180 1808 1202 1808 1091 1809 1162 1809 1180 1809 1091 1810 1083 1810 1162 1810 1005 1811 994 1811 1015 1811 1005 1812 933 1812 994 1812 1099 1813 1091 1813 1202 1813 1099 1814 1202 1814 1223 1814 999 1815 914 1815 933 1815 999 1816 933 1816 1005 1816 1107 1817 1099 1817 1223 1817 1107 1818 1223 1818 1228 1818 989 1819 887 1819 914 1819 989 1820 914 1820 999 1820 1111 1821 1107 1821 1228 1821 1111 1822 1228 1822 1226 1822 973 1823 856 1823 887 1823 973 1824 887 1824 989 1824 1109 1825 1111 1825 1226 1825 1105 1826 1226 1826 1215 1826 1105 1827 1109 1827 1226 1827 842 1828 856 1828 973 1828 842 1829 973 1829 965 1829 950 1830 842 1830 965 1830 1186 1831 1105 1831 1215 1831 1186 1832 1095 1832 1105 1832 834 1833 842 1833 950 1833 834 1834 950 1834 948 1834 1168 1835 1095 1835 1186 1835 1168 1836 1087 1836 1095 1836 832 1837 834 1837 948 1837 832 1838 948 1838 955 1838 1152 1839 1087 1839 1168 1839 1152 1840 1075 1840 1087 1840 838 1841 955 1841 969 1841 838 1842 832 1842 955 1842 1118 1843 1075 1843 1152 1843 1118 1844 1059 1844 1075 1844 848 1845 969 1845 981 1845 848 1846 838 1846 969 1846 1078 1847 1047 1847 1059 1847 1078 1848 1059 1848 1118 1848 867 1849 981 1849 993 1849 867 1850 848 1850 981 1850 1032 1851 1027 1851 1047 1851 1032 1852 1047 1852 1078 1852 904 1853 867 1853 993 1853 904 1854 993 1854 1001 1854 1006 1855 1027 1855 1032 1855 1006 1856 1017 1856 1027 1856 920 1857 904 1857 1001 1857 966 1858 1011 1858 1017 1858 966 1859 1001 1859 1011 1859 966 1860 1017 1860 1006 1860 966 1861 920 1861 1001 1861 1018 1862 1053 1862 1052 1862 1018 1863 1019 1863 1053 1863 1002 1864 1003 1864 1019 1864 1002 1865 1019 1865 1018 1865 978 1866 979 1866 1003 1866 978 1867 1003 1867 1002 1867 941 1868 942 1868 979 1868 941 1869 979 1869 978 1869 928 1870 929 1870 942 1870 928 1871 942 1871 941 1871 924 1872 925 1872 929 1872 924 1873 929 1873 928 1873 931 1874 932 1874 925 1874 931 1875 925 1875 924 1875 956 1876 957 1876 932 1876 956 1877 991 1877 957 1877 956 1878 932 1878 931 1878 990 1879 991 1879 956 1879 1008 1880 991 1880 990 1880 1008 1881 1009 1881 991 1881 1008 1882 1029 1882 1009 1882 1028 1883 1029 1883 1008 1883 1070 1884 1029 1884 1028 1884 1070 1885 1071 1885 1029 1885 1070 1886 1115 1886 1071 1886 1114 1887 1115 1887 1070 1887 1114 1888 1151 1888 1115 1888 1150 1889 1151 1889 1114 1889 1150 1890 1177 1890 1151 1890 1176 1891 1177 1891 1150 1891 1221 1892 1177 1892 1176 1892 1221 1893 1222 1893 1177 1893 1221 1894 1233 1894 1222 1894 1232 1895 1233 1895 1221 1895 1243 1896 1233 1896 1232 1896 1243 1897 1244 1897 1233 1897 1262 1898 1244 1898 1243 1898 1262 1899 1263 1899 1244 1899 1268 1900 1263 1900 1262 1900 1268 1901 1269 1901 1263 1901 1268 1902 1273 1902 1269 1902 1272 1903 1273 1903 1268 1903 1274 1904 1275 1904 1273 1904 1274 1905 1271 1905 1275 1905 1274 1906 1273 1906 1272 1906 1270 1907 1271 1907 1274 1907 1266 1908 1271 1908 1270 1908 1266 1909 1267 1909 1271 1909 1266 1910 1256 1910 1267 1910 1255 1911 1256 1911 1266 1911 1236 1912 1237 1912 1256 1912 1236 1913 1231 1913 1237 1913 1236 1914 1256 1914 1255 1914 1230 1915 1195 1915 1231 1915 1230 1916 1231 1916 1236 1916 1194 1917 1165 1917 1195 1917 1194 1918 1195 1918 1230 1918 1164 1919 1165 1919 1194 1919 1138 1920 1139 1920 1165 1920 1138 1921 1165 1921 1164 1921 1092 1922 1093 1922 1139 1922 1092 1923 1139 1923 1138 1923 1052 1924 1053 1924 1093 1924 1052 1925 1093 1925 1092 1925 1161 1926 1194 1926 1230 1926 1155 1927 1164 1927 1194 1927 1155 1928 1194 1928 1161 1928 1171 1929 1161 1929 1230 1929 1145 1930 1138 1930 1164 1930 1145 1931 1164 1931 1155 1931 1179 1932 1236 1932 1255 1932 1179 1933 1230 1933 1236 1933 1179 1934 1171 1934 1230 1934 1125 1935 1092 1935 1138 1935 1125 1936 1052 1936 1092 1936 1125 1937 1138 1937 1145 1937 1185 1938 1255 1938 1266 1938 1185 1939 1179 1939 1255 1939 1113 1940 1052 1940 1125 1940 1193 1941 1266 1941 1270 1941 1193 1942 1185 1942 1266 1942 1097 1943 1018 1943 1052 1943 1097 1944 1052 1944 1113 1944 1205 1945 1193 1945 1270 1945 1205 1946 1270 1946 1274 1946 1085 1947 1002 1947 1018 1947 1085 1948 1018 1948 1097 1948 1212 1949 1205 1949 1274 1949 1212 1950 1274 1950 1272 1950 1077 1951 978 1951 1002 1951 1077 1952 1002 1952 1085 1952 1210 1953 1212 1953 1272 1953 1268 1954 1210 1954 1272 1954 1067 1955 978 1955 1077 1955 1197 1956 1210 1956 1268 1956 941 1957 978 1957 1067 1957 1063 1958 941 1958 1067 1958 1191 1959 1197 1959 1268 1959 1262 1960 1191 1960 1268 1960 928 1961 941 1961 1063 1961 1243 1962 1191 1962 1262 1962 1243 1963 1183 1963 1191 1963 924 1964 928 1964 1063 1964 924 1965 1061 1965 1065 1965 924 1966 1063 1966 1061 1966 1232 1967 1173 1967 1183 1967 1232 1968 1183 1968 1243 1968 931 1969 1065 1969 1073 1969 931 1970 924 1970 1065 1970 1221 1971 1173 1971 1232 1971 1221 1972 1167 1972 1173 1972 956 1973 931 1973 1073 1973 1176 1974 1157 1974 1167 1974 1176 1975 1167 1975 1221 1975 990 1976 1073 1976 1081 1976 990 1977 956 1977 1073 1977 1150 1978 1157 1978 1176 1978 1150 1979 1149 1979 1157 1979 1008 1980 1081 1980 1089 1980 1008 1981 990 1981 1081 1981 1114 1982 1135 1982 1149 1982 1114 1983 1149 1983 1150 1983 1028 1984 1103 1984 1117 1984 1028 1985 1089 1985 1103 1985 1028 1986 1008 1986 1089 1986 1070 1987 1135 1987 1114 1987 1070 1988 1117 1988 1135 1988 1070 1989 1028 1989 1117 1989 429 1990 450 1990 449 1990 429 1991 430 1991 450 1991 403 1992 404 1992 430 1992 403 1993 430 1993 429 1993 395 1994 396 1994 404 1994 395 1995 404 1995 403 1995 384 1996 385 1996 396 1996 384 1997 396 1997 395 1997 377 1998 378 1998 385 1998 377 1999 385 1999 384 1999 375 2000 376 2000 378 2000 375 2001 378 2001 377 2001 380 2002 381 2002 376 2002 380 2003 376 2003 375 2003 389 2004 390 2004 381 2004 389 2005 400 2005 390 2005 389 2006 381 2006 380 2006 399 2007 400 2007 389 2007 419 2008 400 2008 399 2008 419 2009 420 2009 400 2009 419 2010 439 2010 420 2010 438 2011 439 2011 419 2011 462 2012 439 2012 438 2012 462 2013 463 2013 439 2013 462 2014 500 2014 463 2014 499 2015 500 2015 462 2015 499 2016 545 2016 500 2016 544 2017 545 2017 499 2017 544 2018 590 2018 545 2018 589 2019 590 2019 544 2019 634 2020 590 2020 589 2020 634 2021 635 2021 590 2021 634 2022 663 2022 635 2022 662 2023 663 2023 634 2023 692 2024 663 2024 662 2024 692 2025 693 2025 663 2025 706 2026 693 2026 692 2026 706 2027 707 2027 693 2027 722 2028 707 2028 706 2028 722 2029 723 2029 707 2029 722 2030 734 2030 723 2030 733 2031 734 2031 722 2031 738 2032 739 2032 734 2032 738 2033 730 2033 739 2033 738 2034 734 2034 733 2034 729 2035 730 2035 738 2035 717 2036 730 2036 729 2036 717 2037 718 2037 730 2037 717 2038 699 2038 718 2038 698 2039 699 2039 717 2039 685 2040 686 2040 699 2040 685 2041 651 2041 686 2041 685 2042 699 2042 698 2042 650 2043 616 2043 651 2043 650 2044 651 2044 685 2044 615 2045 570 2045 616 2045 615 2046 616 2046 650 2046 569 2047 570 2047 615 2047 527 2048 528 2048 570 2048 527 2049 570 2049 569 2049 485 2050 486 2050 528 2050 485 2051 528 2051 527 2051 449 2052 450 2052 486 2052 449 2053 486 2053 485 2053 566 2054 615 2054 650 2054 551 2055 569 2055 615 2055 551 2056 615 2056 566 2056 579 2057 650 2057 685 2057 579 2058 566 2058 650 2058 532 2059 527 2059 569 2059 532 2060 569 2060 551 2060 592 2061 685 2061 698 2061 592 2062 579 2062 685 2062 515 2063 485 2063 527 2063 515 2064 527 2064 532 2064 605 2065 698 2065 717 2065 605 2066 592 2066 698 2066 498 2067 485 2067 515 2067 498 2068 449 2068 485 2068 614 2069 717 2069 729 2069 614 2070 605 2070 717 2070 490 2071 429 2071 449 2071 490 2072 449 2072 498 2072 623 2073 614 2073 729 2073 623 2074 729 2074 738 2074 479 2075 403 2075 429 2075 479 2076 429 2076 490 2076 628 2077 623 2077 738 2077 628 2078 738 2078 733 2078 469 2079 395 2079 403 2079 469 2080 403 2080 479 2080 625 2081 628 2081 733 2081 722 2082 625 2082 733 2082 461 2083 395 2083 469 2083 384 2084 395 2084 461 2084 619 2085 625 2085 722 2085 457 2086 384 2086 461 2086 706 2087 619 2087 722 2087 706 2088 610 2088 619 2088 377 2089 384 2089 457 2089 692 2090 610 2090 706 2090 692 2091 597 2091 610 2091 375 2092 377 2092 457 2092 375 2093 454 2093 459 2093 375 2094 457 2094 454 2094 662 2095 584 2095 597 2095 662 2096 597 2096 692 2096 380 2097 459 2097 465 2097 380 2098 375 2098 459 2098 634 2099 573 2099 584 2099 634 2100 584 2100 662 2100 389 2101 465 2101 474 2101 389 2102 380 2102 465 2102 589 2103 557 2103 573 2103 589 2104 573 2104 634 2104 399 2105 389 2105 474 2105 544 2106 537 2106 557 2106 544 2107 557 2107 589 2107 419 2108 482 2108 495 2108 419 2109 474 2109 482 2109 419 2110 399 2110 474 2110 499 2111 523 2111 537 2111 499 2112 537 2112 544 2112 438 2113 419 2113 495 2113 438 2114 495 2114 506 2114 462 2115 438 2115 506 2115 462 2116 506 2116 523 2116 462 2117 523 2117 499 2117 1338 2118 1367 2118 1366 2118 1338 2119 1339 2119 1367 2119 1318 2120 1319 2120 1339 2120 1318 2121 1339 2121 1338 2121 1306 2122 1307 2122 1319 2122 1306 2123 1319 2123 1318 2123 1300 2124 1301 2124 1307 2124 1300 2125 1307 2125 1306 2125 1295 2126 1296 2126 1301 2126 1295 2127 1301 2127 1300 2127 1293 2128 1294 2128 1296 2128 1293 2129 1296 2129 1295 2129 1298 2130 1299 2130 1294 2130 1298 2131 1294 2131 1293 2131 1304 2132 1305 2132 1299 2132 1304 2133 1312 2133 1305 2133 1304 2134 1299 2134 1298 2134 1311 2135 1312 2135 1304 2135 1330 2136 1312 2136 1311 2136 1330 2137 1331 2137 1312 2137 1330 2138 1353 2138 1331 2138 1352 2139 1353 2139 1330 2139 1392 2140 1353 2140 1352 2140 1392 2141 1393 2141 1353 2141 1392 2142 1433 2142 1393 2142 1432 2143 1433 2143 1392 2143 1432 2144 1490 2144 1433 2144 1489 2145 1490 2145 1432 2145 1489 2146 1544 2146 1490 2146 1543 2147 1544 2147 1489 2147 1593 2148 1544 2148 1543 2148 1593 2149 1594 2149 1544 2149 1593 2150 1637 2150 1594 2150 1636 2151 1637 2151 1593 2151 1660 2152 1637 2152 1636 2152 1660 2153 1661 2153 1637 2153 1675 2154 1661 2154 1660 2154 1675 2155 1676 2155 1661 2155 1684 2156 1676 2156 1675 2156 1684 2157 1685 2157 1676 2157 1684 2158 1699 2158 1685 2158 1698 2159 1699 2159 1684 2159 1700 2160 1701 2160 1699 2160 1700 2161 1694 2161 1701 2161 1700 2162 1699 2162 1698 2162 1693 2163 1694 2163 1700 2163 1682 2164 1694 2164 1693 2164 1682 2165 1683 2165 1694 2165 1682 2166 1672 2166 1683 2166 1671 2167 1672 2167 1682 2167 1655 2168 1656 2168 1672 2168 1655 2169 1624 2169 1656 2169 1655 2170 1672 2170 1671 2170 1623 2171 1573 2171 1624 2171 1623 2172 1624 2172 1655 2172 1572 2173 1520 2173 1573 2173 1572 2174 1573 2174 1623 2174 1519 2175 1520 2175 1572 2175 1465 2176 1466 2176 1520 2176 1465 2177 1520 2177 1519 2177 1418 2178 1419 2178 1466 2178 1418 2179 1466 2179 1465 2179 1366 2180 1367 2180 1419 2180 1366 2181 1419 2181 1418 2181 1514 2182 1572 2182 1623 2182 1496 2183 1519 2183 1572 2183 1496 2184 1572 2184 1514 2184 1529 2185 1514 2185 1623 2185 1477 2186 1465 2186 1519 2186 1477 2187 1519 2187 1496 2187 1549 2188 1655 2188 1671 2188 1549 2189 1623 2189 1655 2189 1549 2190 1529 2190 1623 2190 1453 2191 1418 2191 1465 2191 1453 2192 1366 2192 1418 2192 1453 2193 1465 2193 1477 2193 1560 2194 1671 2194 1682 2194 1560 2195 1549 2195 1671 2195 1431 2196 1366 2196 1453 2196 1571 2197 1682 2197 1693 2197 1571 2198 1560 2198 1682 2198 1421 2199 1338 2199 1366 2199 1421 2200 1366 2200 1431 2200 1579 2201 1571 2201 1693 2201 1579 2202 1693 2202 1700 2202 1408 2203 1318 2203 1338 2203 1408 2204 1338 2204 1421 2204 1585 2205 1579 2205 1700 2205 1585 2206 1700 2206 1698 2206 1399 2207 1306 2207 1318 2207 1399 2208 1318 2208 1408 2208 1583 2209 1585 2209 1698 2209 1684 2210 1583 2210 1698 2210 1388 2211 1306 2211 1399 2211 1575 2212 1583 2212 1684 2212 1300 2213 1306 2213 1388 2213 1384 2214 1300 2214 1388 2214 1564 2215 1575 2215 1684 2215 1675 2216 1564 2216 1684 2216 1295 2217 1300 2217 1384 2217 1660 2218 1564 2218 1675 2218 1660 2219 1553 2219 1564 2219 1293 2220 1295 2220 1384 2220 1293 2221 1380 2221 1386 2221 1293 2222 1384 2222 1380 2222 1636 2223 1537 2223 1553 2223 1636 2224 1553 2224 1660 2224 1298 2225 1386 2225 1395 2225 1298 2226 1293 2226 1386 2226 1593 2227 1537 2227 1636 2227 1593 2228 1522 2228 1537 2228 1304 2229 1298 2229 1395 2229 1543 2230 1505 2230 1522 2230 1543 2231 1522 2231 1593 2231 1311 2232 1395 2232 1404 2232 1311 2233 1304 2233 1395 2233 1489 2234 1505 2234 1543 2234 1489 2235 1484 2235 1505 2235 1330 2236 1404 2236 1413 2236 1330 2237 1311 2237 1404 2237 1432 2238 1462 2238 1484 2238 1432 2239 1484 2239 1489 2239 1352 2240 1426 2240 1439 2240 1352 2241 1413 2241 1426 2241 1352 2242 1330 2242 1413 2242 1392 2243 1462 2243 1432 2243 1392 2244 1439 2244 1462 2244 1392 2245 1352 2245 1439 2245 1400 2246 1435 2246 1434 2246 1400 2247 1401 2247 1435 2247 1362 2248 1363 2248 1401 2248 1362 2249 1401 2249 1400 2249 1340 2250 1341 2250 1363 2250 1340 2251 1363 2251 1362 2251 1332 2252 1333 2252 1341 2252 1332 2253 1341 2253 1340 2253 1325 2254 1326 2254 1333 2254 1325 2255 1333 2255 1332 2255 1320 2256 1321 2256 1326 2256 1320 2257 1326 2257 1325 2257 1327 2258 1328 2258 1321 2258 1327 2259 1321 2259 1320 2259 1335 2260 1336 2260 1328 2260 1335 2261 1349 2261 1336 2261 1335 2262 1328 2262 1327 2262 1348 2263 1349 2263 1335 2263 1373 2264 1349 2264 1348 2264 1373 2265 1374 2265 1349 2265 1373 2266 1415 2266 1374 2266 1414 2267 1415 2267 1373 2267 1457 2268 1415 2268 1414 2268 1457 2269 1458 2269 1415 2269 1457 2270 1512 2270 1458 2270 1511 2271 1512 2271 1457 2271 1511 2272 1562 2272 1512 2272 1561 2273 1562 2273 1511 2273 1561 2274 1622 2274 1562 2274 1621 2275 1622 2275 1561 2275 1657 2276 1622 2276 1621 2276 1657 2277 1658 2277 1622 2277 1657 2278 1678 2278 1658 2278 1677 2279 1678 2279 1657 2279 1703 2280 1678 2280 1677 2280 1703 2281 1704 2281 1678 2281 1711 2282 1704 2282 1703 2282 1711 2283 1712 2283 1704 2283 1722 2284 1712 2284 1711 2284 1722 2285 1723 2285 1712 2285 1722 2286 1730 2286 1723 2286 1729 2287 1730 2287 1722 2287 1731 2288 1732 2288 1730 2288 1731 2289 1727 2289 1732 2289 1731 2290 1730 2290 1729 2290 1726 2291 1727 2291 1731 2291 1719 2292 1727 2292 1726 2292 1719 2293 1720 2293 1727 2293 1719 2294 1708 2294 1720 2294 1707 2295 1708 2295 1719 2295 1687 2296 1688 2296 1708 2296 1687 2297 1669 2297 1688 2297 1687 2298 1708 2298 1707 2298 1668 2299 1645 2299 1669 2299 1668 2300 1669 2300 1687 2300 1644 2301 1596 2301 1645 2301 1644 2302 1645 2302 1668 2302 1595 2303 1596 2303 1644 2303 1540 2304 1541 2304 1596 2304 1540 2305 1596 2305 1595 2305 1487 2306 1488 2306 1541 2306 1487 2307 1541 2307 1540 2307 1434 2308 1435 2308 1488 2308 1434 2309 1488 2309 1487 2309 1588 2310 1644 2310 1668 2310 1567 2311 1595 2311 1644 2311 1567 2312 1644 2312 1588 2312 1605 2313 1668 2313 1687 2313 1605 2314 1588 2314 1668 2314 1551 2315 1540 2315 1595 2315 1551 2316 1595 2316 1567 2316 1626 2317 1687 2317 1707 2317 1626 2318 1605 2318 1687 2318 1527 2319 1487 2319 1540 2319 1527 2320 1540 2320 1551 2320 1634 2321 1707 2321 1719 2321 1634 2322 1626 2322 1707 2322 1509 2323 1487 2323 1527 2323 1509 2324 1434 2324 1487 2324 1643 2325 1719 2325 1726 2325 1643 2326 1634 2326 1719 2326 1494 2327 1400 2327 1434 2327 1494 2328 1434 2328 1509 2328 1649 2329 1726 2329 1731 2329 1649 2330 1643 2330 1726 2330 1479 2331 1362 2331 1400 2331 1479 2332 1400 2332 1494 2332 1654 2333 1649 2333 1731 2333 1654 2334 1731 2334 1729 2334 1464 2335 1340 2335 1362 2335 1464 2336 1362 2336 1479 2336 1651 2337 1654 2337 1729 2337 1722 2338 1651 2338 1729 2338 1455 2339 1340 2339 1464 2339 1332 2340 1340 2340 1455 2340 1647 2341 1651 2341 1722 2341 1449 2342 1332 2342 1455 2342 1711 2343 1647 2343 1722 2343 1711 2344 1639 2344 1647 2344 1325 2345 1332 2345 1449 2345 1325 2346 1449 2346 1444 2346 1703 2347 1639 2347 1711 2347 1703 2348 1629 2348 1639 2348 1320 2349 1325 2349 1444 2349 1320 2350 1444 2350 1451 2350 1677 2351 1614 2351 1629 2351 1677 2352 1629 2352 1703 2352 1327 2353 1451 2353 1460 2353 1327 2354 1320 2354 1451 2354 1657 2355 1600 2355 1614 2355 1657 2356 1614 2356 1677 2356 1335 2357 1327 2357 1460 2357 1621 2358 1577 2358 1600 2358 1621 2359 1600 2359 1657 2359 1348 2360 1471 2360 1486 2360 1348 2361 1460 2361 1471 2361 1348 2362 1335 2362 1460 2362 1561 2363 1577 2363 1621 2363 1561 2364 1556 2364 1577 2364 1373 2365 1348 2365 1486 2365 1511 2366 1535 2366 1556 2366 1511 2367 1556 2367 1561 2367 1414 2368 1501 2368 1516 2368 1414 2369 1486 2369 1501 2369 1414 2370 1373 2370 1486 2370 1457 2371 1516 2371 1535 2371 1457 2372 1414 2372 1516 2372 1457 2373 1535 2373 1511 2373 1493 2374 1509 2374 1508 2374 1493 2375 1494 2375 1509 2375 1478 2376 1479 2376 1494 2376 1478 2377 1494 2377 1493 2377 1463 2378 1464 2378 1479 2378 1463 2379 1479 2379 1478 2379 1454 2380 1455 2380 1464 2380 1454 2381 1464 2381 1463 2381 1448 2382 1444 2382 1449 2382 1448 2383 1449 2383 1455 2383 1448 2384 1455 2384 1454 2384 1443 2385 1451 2385 1444 2385 1443 2386 1444 2386 1448 2386 1450 2387 1460 2387 1451 2387 1450 2388 1451 2388 1443 2388 1459 2389 1471 2389 1460 2389 1459 2390 1460 2390 1450 2390 1470 2391 1471 2391 1459 2391 1470 2392 1486 2392 1471 2392 1485 2393 1486 2393 1470 2393 1485 2394 1501 2394 1486 2394 1500 2395 1501 2395 1485 2395 1500 2396 1516 2396 1501 2396 1515 2397 1516 2397 1500 2397 1515 2398 1535 2398 1516 2398 1534 2399 1535 2399 1515 2399 1534 2400 1556 2400 1535 2400 1555 2401 1556 2401 1534 2401 1555 2402 1577 2402 1556 2402 1576 2403 1577 2403 1555 2403 1576 2404 1600 2404 1577 2404 1599 2405 1600 2405 1576 2405 1599 2406 1614 2406 1600 2406 1613 2407 1614 2407 1599 2407 1613 2408 1629 2408 1614 2408 1628 2409 1629 2409 1613 2409 1638 2410 1639 2410 1629 2410 1638 2411 1629 2411 1628 2411 1646 2412 1651 2412 1647 2412 1646 2413 1647 2413 1639 2413 1646 2414 1639 2414 1638 2414 1650 2415 1651 2415 1646 2415 1653 2416 1649 2416 1654 2416 1653 2417 1654 2417 1651 2417 1653 2418 1651 2418 1650 2418 1648 2419 1649 2419 1653 2419 1642 2420 1634 2420 1643 2420 1642 2421 1643 2421 1649 2421 1642 2422 1649 2422 1648 2422 1633 2423 1634 2423 1642 2423 1625 2424 1605 2424 1626 2424 1625 2425 1626 2425 1634 2425 1625 2426 1634 2426 1633 2426 1604 2427 1588 2427 1605 2427 1604 2428 1605 2428 1625 2428 1587 2429 1588 2429 1604 2429 1566 2430 1551 2430 1567 2430 1566 2431 1567 2431 1588 2431 1566 2432 1588 2432 1587 2432 1550 2433 1551 2433 1566 2433 1526 2434 1509 2434 1527 2434 1526 2435 1527 2435 1551 2435 1526 2436 1551 2436 1550 2436 1508 2437 1509 2437 1526 2437 1430 2438 1421 2438 1431 2438 1420 2439 1408 2439 1421 2439 1420 2440 1421 2440 1430 2440 1407 2441 1399 2441 1408 2441 1407 2442 1408 2442 1420 2442 1398 2443 1388 2443 1399 2443 1398 2444 1399 2444 1407 2444 1387 2445 1384 2445 1388 2445 1387 2446 1388 2446 1398 2446 1383 2447 1380 2447 1384 2447 1383 2448 1384 2448 1387 2448 1379 2449 1386 2449 1380 2449 1379 2450 1380 2450 1383 2450 1385 2451 1395 2451 1386 2451 1385 2452 1386 2452 1379 2452 1394 2453 1404 2453 1395 2453 1394 2454 1395 2454 1385 2454 1403 2455 1404 2455 1394 2455 1403 2456 1413 2456 1404 2456 1412 2457 1413 2457 1403 2457 1412 2458 1426 2458 1413 2458 1425 2459 1426 2459 1412 2459 1425 2460 1439 2460 1426 2460 1438 2461 1439 2461 1425 2461 1438 2462 1462 2462 1439 2462 1461 2463 1462 2463 1438 2463 1461 2464 1484 2464 1462 2464 1483 2465 1484 2465 1461 2465 1483 2466 1505 2466 1484 2466 1504 2467 1505 2467 1483 2467 1504 2468 1522 2468 1505 2468 1521 2469 1522 2469 1504 2469 1521 2470 1537 2470 1522 2470 1536 2471 1537 2471 1521 2471 1536 2472 1553 2472 1537 2472 1552 2473 1553 2473 1536 2473 1552 2474 1564 2474 1553 2474 1563 2475 1575 2475 1564 2475 1563 2476 1564 2476 1552 2476 1574 2477 1575 2477 1563 2477 1574 2478 1583 2478 1575 2478 1582 2479 1583 2479 1574 2479 1582 2480 1585 2480 1583 2480 1584 2481 1579 2481 1585 2481 1584 2482 1585 2482 1582 2482 1578 2483 1579 2483 1584 2483 1570 2484 1560 2484 1571 2484 1570 2485 1571 2485 1579 2485 1570 2486 1579 2486 1578 2486 1559 2487 1549 2487 1560 2487 1559 2488 1560 2488 1570 2488 1548 2489 1529 2489 1549 2489 1548 2490 1549 2490 1559 2490 1528 2491 1529 2491 1548 2491 1513 2492 1514 2492 1529 2492 1513 2493 1529 2493 1528 2493 1495 2494 1477 2494 1496 2494 1495 2495 1496 2495 1514 2495 1495 2496 1514 2496 1513 2496 1476 2497 1477 2497 1495 2497 1452 2498 1431 2498 1453 2498 1452 2499 1453 2499 1477 2499 1452 2500 1477 2500 1476 2500 1430 2501 1431 2501 1452 2501 548 2502 560 2502 559 2502 548 2503 549 2503 560 2503 534 2504 535 2504 549 2504 534 2505 549 2505 548 2505 525 2506 526 2506 535 2506 525 2507 535 2507 534 2507 516 2508 517 2508 526 2508 516 2509 526 2509 525 2509 510 2510 511 2510 517 2510 510 2511 517 2511 516 2511 508 2512 509 2512 511 2512 508 2513 511 2513 510 2513 512 2514 513 2514 509 2514 512 2515 509 2515 508 2515 520 2516 513 2516 512 2516 520 2517 521 2517 513 2517 529 2518 521 2518 520 2518 529 2519 530 2519 521 2519 538 2520 530 2520 529 2520 538 2521 539 2521 530 2521 554 2522 539 2522 538 2522 554 2523 555 2523 539 2523 567 2524 555 2524 554 2524 567 2525 568 2525 555 2525 581 2526 568 2526 567 2526 581 2527 582 2527 568 2527 598 2528 582 2528 581 2528 598 2529 599 2529 582 2529 620 2530 599 2530 598 2530 620 2531 621 2531 599 2531 638 2532 621 2532 620 2532 638 2533 639 2533 621 2533 646 2534 639 2534 638 2534 646 2535 647 2535 639 2535 657 2536 647 2536 646 2536 657 2537 658 2537 647 2537 664 2538 665 2538 658 2538 664 2539 658 2539 657 2539 673 2540 674 2540 665 2540 673 2541 665 2541 664 2541 677 2542 674 2542 673 2542 677 2543 678 2543 674 2543 679 2544 680 2544 678 2544 679 2545 678 2545 677 2545 675 2546 680 2546 679 2546 675 2547 676 2547 680 2547 666 2548 667 2548 676 2548 666 2549 676 2549 675 2549 659 2550 660 2550 667 2550 659 2551 667 2551 666 2551 652 2552 653 2552 660 2552 652 2553 660 2553 659 2553 643 2554 644 2554 653 2554 643 2555 653 2555 652 2555 632 2556 633 2556 644 2556 632 2557 644 2557 643 2557 611 2558 594 2558 612 2558 611 2559 612 2559 633 2559 611 2560 633 2560 632 2560 593 2561 594 2561 611 2561 574 2562 575 2562 594 2562 574 2563 594 2563 593 2563 559 2564 560 2564 575 2564 559 2565 575 2565 574 2565 489 2566 498 2566 497 2566 489 2567 490 2567 498 2567 478 2568 479 2568 490 2568 478 2569 490 2569 489 2569 468 2570 469 2570 479 2570 468 2571 479 2571 478 2571 460 2572 461 2572 469 2572 460 2573 469 2573 468 2573 456 2574 454 2574 457 2574 456 2575 457 2575 461 2575 456 2576 461 2576 460 2576 453 2577 459 2577 454 2577 453 2578 454 2578 456 2578 458 2579 465 2579 459 2579 458 2580 459 2580 453 2580 464 2581 474 2581 465 2581 464 2582 465 2582 458 2582 473 2583 474 2583 464 2583 473 2584 482 2584 474 2584 481 2585 482 2585 473 2585 481 2586 495 2586 482 2586 494 2587 495 2587 481 2587 494 2588 506 2588 495 2588 505 2589 506 2589 494 2589 505 2590 523 2590 506 2590 522 2591 523 2591 505 2591 522 2592 537 2592 523 2592 536 2593 537 2593 522 2593 536 2594 557 2594 537 2594 556 2595 557 2595 536 2595 556 2596 573 2596 557 2596 572 2597 573 2597 556 2597 572 2598 584 2598 573 2598 583 2599 584 2599 572 2599 583 2600 597 2600 584 2600 596 2601 597 2601 583 2601 609 2602 610 2602 597 2602 609 2603 597 2603 596 2603 618 2604 625 2604 619 2604 618 2605 619 2605 610 2605 618 2606 610 2606 609 2606 624 2607 625 2607 618 2607 627 2608 623 2608 628 2608 627 2609 628 2609 625 2609 627 2610 625 2610 624 2610 622 2611 623 2611 627 2611 613 2612 605 2612 614 2612 613 2613 614 2613 623 2613 613 2614 623 2614 622 2614 604 2615 605 2615 613 2615 591 2616 579 2616 592 2616 591 2617 592 2617 605 2617 591 2618 605 2618 604 2618 578 2619 566 2619 579 2619 578 2620 579 2620 591 2620 565 2621 566 2621 578 2621 550 2622 532 2622 551 2622 550 2623 551 2623 566 2623 550 2624 566 2624 565 2624 531 2625 532 2625 550 2625 514 2626 498 2626 515 2626 514 2627 515 2627 532 2627 514 2628 532 2628 531 2628 497 2629 498 2629 514 2629 1004 2630 999 2630 1005 2630 998 2631 989 2631 999 2631 998 2632 999 2632 1004 2632 988 2633 973 2633 989 2633 988 2634 989 2634 998 2634 972 2635 965 2635 973 2635 972 2636 973 2636 988 2636 964 2637 950 2637 965 2637 964 2638 965 2638 972 2638 949 2639 948 2639 950 2639 949 2640 950 2640 964 2640 947 2641 955 2641 948 2641 947 2642 948 2642 949 2642 954 2643 969 2643 955 2643 954 2644 955 2644 947 2644 968 2645 981 2645 969 2645 968 2646 969 2646 954 2646 980 2647 981 2647 968 2647 980 2648 993 2648 981 2648 992 2649 993 2649 980 2649 992 2650 1001 2650 993 2650 1000 2651 1001 2651 992 2651 1000 2652 1011 2652 1001 2652 1010 2653 1011 2653 1000 2653 1010 2654 1017 2654 1011 2654 1016 2655 1017 2655 1010 2655 1016 2656 1027 2656 1017 2656 1026 2657 1027 2657 1016 2657 1026 2658 1047 2658 1027 2658 1046 2659 1047 2659 1026 2659 1046 2660 1059 2660 1047 2660 1058 2661 1059 2661 1046 2661 1058 2662 1075 2662 1059 2662 1074 2663 1075 2663 1058 2663 1074 2664 1087 2664 1075 2664 1086 2665 1087 2665 1074 2665 1086 2666 1095 2666 1087 2666 1094 2667 1105 2667 1095 2667 1094 2668 1095 2668 1086 2668 1104 2669 1105 2669 1094 2669 1104 2670 1109 2670 1105 2670 1108 2671 1109 2671 1104 2671 1108 2672 1111 2672 1109 2672 1110 2673 1107 2673 1111 2673 1110 2674 1111 2674 1108 2674 1106 2675 1107 2675 1110 2675 1098 2676 1091 2676 1099 2676 1098 2677 1099 2677 1107 2677 1098 2678 1107 2678 1106 2678 1090 2679 1083 2679 1091 2679 1090 2680 1091 2680 1098 2680 1082 2681 1069 2681 1083 2681 1082 2682 1083 2682 1090 2682 1068 2683 1069 2683 1082 2683 1054 2684 1055 2684 1069 2684 1054 2685 1069 2685 1068 2685 1036 2686 1023 2686 1037 2686 1036 2687 1037 2687 1055 2687 1036 2688 1055 2688 1054 2688 1022 2689 1023 2689 1036 2689 1014 2690 1005 2690 1015 2690 1014 2691 1015 2691 1023 2691 1014 2692 1023 2692 1022 2692 1004 2693 1005 2693 1014 2693 1096 2694 1113 2694 1112 2694 1096 2695 1097 2695 1113 2695 1084 2696 1085 2696 1097 2696 1084 2697 1097 2697 1096 2697 1076 2698 1077 2698 1085 2698 1076 2699 1085 2699 1084 2699 1066 2700 1067 2700 1077 2700 1066 2701 1077 2701 1076 2701 1062 2702 1063 2702 1067 2702 1062 2703 1067 2703 1066 2703 1060 2704 1061 2704 1063 2704 1060 2705 1063 2705 1062 2705 1064 2706 1065 2706 1061 2706 1064 2707 1061 2707 1060 2707 1072 2708 1065 2708 1064 2708 1072 2709 1073 2709 1065 2709 1080 2710 1073 2710 1072 2710 1080 2711 1081 2711 1073 2711 1088 2712 1081 2712 1080 2712 1088 2713 1089 2713 1081 2713 1102 2714 1089 2714 1088 2714 1102 2715 1103 2715 1089 2715 1116 2716 1103 2716 1102 2716 1116 2717 1117 2717 1103 2717 1134 2718 1117 2718 1116 2718 1134 2719 1135 2719 1117 2719 1148 2720 1135 2720 1134 2720 1148 2721 1149 2721 1135 2721 1156 2722 1149 2722 1148 2722 1156 2723 1157 2723 1149 2723 1166 2724 1157 2724 1156 2724 1166 2725 1167 2725 1157 2725 1172 2726 1167 2726 1166 2726 1172 2727 1173 2727 1167 2727 1182 2728 1173 2728 1172 2728 1182 2729 1183 2729 1173 2729 1190 2730 1191 2730 1183 2730 1190 2731 1183 2731 1182 2731 1196 2732 1197 2732 1191 2732 1196 2733 1191 2733 1190 2733 1209 2734 1197 2734 1196 2734 1209 2735 1210 2735 1197 2735 1211 2736 1212 2736 1210 2736 1211 2737 1210 2737 1209 2737 1204 2738 1212 2738 1211 2738 1204 2739 1205 2739 1212 2739 1192 2740 1193 2740 1205 2740 1192 2741 1205 2741 1204 2741 1184 2742 1185 2742 1193 2742 1184 2743 1193 2743 1192 2743 1178 2744 1179 2744 1185 2744 1178 2745 1185 2745 1184 2745 1170 2746 1171 2746 1179 2746 1170 2747 1179 2747 1178 2747 1160 2748 1161 2748 1171 2748 1160 2749 1171 2749 1170 2749 1154 2750 1145 2750 1155 2750 1154 2751 1155 2751 1161 2751 1154 2752 1161 2752 1160 2752 1144 2753 1145 2753 1154 2753 1124 2754 1125 2754 1145 2754 1124 2755 1145 2755 1144 2755 1112 2756 1113 2756 1125 2756 1112 2757 1125 2757 1124 2757 282 2758 394 2758 393 2758 282 2759 283 2759 394 2759 256 2760 257 2760 283 2760 256 2761 223 2761 257 2761 256 2762 283 2762 282 2762 222 2763 223 2763 256 2763 190 2764 191 2764 223 2764 190 2765 223 2765 222 2765 176 2766 177 2766 191 2766 176 2767 171 2767 177 2767 176 2768 191 2768 190 2768 170 2769 171 2769 176 2769 174 2770 171 2770 170 2770 174 2771 175 2771 171 2771 174 2772 187 2772 175 2772 186 2773 187 2773 174 2773 218 2774 187 2774 186 2774 218 2775 219 2775 187 2775 248 2776 219 2776 218 2776 248 2777 249 2777 219 2777 276 2778 249 2778 248 2778 276 2779 277 2779 249 2779 339 2780 277 2780 276 2780 339 2781 340 2781 277 2781 585 2782 340 2782 339 2782 585 2783 586 2783 340 2783 882 2784 586 2784 585 2784 882 2785 883 2785 586 2785 1188 2786 883 2786 882 2786 1188 2787 1189 2787 883 2787 1376 2788 1189 2788 1188 2788 1376 2789 1377 2789 1189 2789 1713 2790 1377 2790 1376 2790 1713 2791 1714 2791 1377 2791 1824 2792 1714 2792 1713 2792 1824 2793 1825 2793 1714 2793 1824 2794 1851 2794 1825 2794 1850 2795 1851 2795 1824 2795 1884 2796 1851 2796 1850 2796 1884 2797 1885 2797 1851 2797 1916 2798 1917 2798 1885 2798 1916 2799 1885 2799 1884 2799 1930 2800 1931 2800 1917 2800 1930 2801 1917 2801 1916 2801 1936 2802 1937 2802 1931 2802 1936 2803 1933 2803 1937 2803 1936 2804 1931 2804 1930 2804 1932 2805 1933 2805 1936 2805 1920 2806 1921 2806 1933 2806 1920 2807 1933 2807 1932 2807 1888 2808 1889 2808 1921 2808 1888 2809 1859 2809 1889 2809 1888 2810 1921 2810 1920 2810 1858 2811 1859 2811 1888 2811 1830 2812 1831 2812 1859 2812 1830 2813 1859 2813 1858 2813 1767 2814 1768 2814 1831 2814 1767 2815 1492 2815 1768 2815 1767 2816 1831 2816 1830 2816 1491 2817 1492 2817 1767 2817 1246 2818 1247 2818 1492 2818 1246 2819 977 2819 1247 2819 1246 2820 1492 2820 1491 2820 976 2821 683 2821 977 2821 976 2822 977 2822 1246 2822 682 2823 683 2823 976 2823 682 2824 394 2824 683 2824 393 2825 394 2825 682 2825 1195 2826 1246 2826 1491 2826 1231 2827 1195 2827 1491 2827 1165 2828 1246 2828 1195 2828 1237 2829 1491 2829 1767 2829 1237 2830 1231 2830 1491 2830 1139 2831 976 2831 1246 2831 1139 2832 1246 2832 1165 2832 1256 2833 1767 2833 1830 2833 1256 2834 1237 2834 1767 2834 1093 2835 976 2835 1139 2835 1267 2836 1256 2836 1830 2836 1053 2837 682 2837 976 2837 1053 2838 976 2838 1093 2838 1019 2839 393 2839 682 2839 1019 2840 682 2840 1053 2840 1003 2841 393 2841 1019 2841 1645 2842 1830 2842 1858 2842 1596 2843 1267 2843 1830 2843 1596 2844 1830 2844 1645 2844 1669 2845 1645 2845 1858 2845 1688 2846 1858 2846 1888 2846 1688 2847 1669 2847 1858 2847 1541 2848 1271 2848 1267 2848 1541 2849 1267 2849 1596 2849 1708 2850 1688 2850 1888 2850 1488 2851 1275 2851 1271 2851 1488 2852 1271 2852 1541 2852 1720 2853 1888 2853 1920 2853 1720 2854 1708 2854 1888 2854 1435 2855 1273 2855 1275 2855 1435 2856 1275 2856 1488 2856 1727 2857 1720 2857 1920 2857 1401 2858 1273 2858 1435 2858 1401 2859 1269 2859 1273 2859 1732 2860 1920 2860 1932 2860 1732 2861 1727 2861 1920 2861 1363 2862 1269 2862 1401 2862 1363 2863 1263 2863 1269 2863 1730 2864 1732 2864 1932 2864 1341 2865 1263 2865 1363 2865 1341 2866 1244 2866 1263 2866 1723 2867 1932 2867 1936 2867 1723 2868 1730 2868 1932 2868 1333 2869 1233 2869 1244 2869 1333 2870 1244 2870 1341 2870 1712 2871 1723 2871 1936 2871 1326 2872 1222 2872 1233 2872 1326 2873 1233 2873 1333 2873 1321 2874 1177 2874 1222 2874 1321 2875 1222 2875 1326 2875 697 2876 942 2876 929 2876 697 2877 669 2877 942 2877 637 2878 979 2878 942 2878 637 2879 942 2879 669 2879 727 2880 929 2880 925 2880 727 2881 697 2881 929 2881 588 2882 1003 2882 979 2882 588 2883 979 2883 637 2883 588 2884 393 2884 1003 2884 1328 2885 1151 2885 1177 2885 1328 2886 1177 2886 1321 2886 752 2887 925 2887 932 2887 752 2888 727 2888 925 2888 542 2889 282 2889 393 2889 542 2890 393 2890 588 2890 763 2891 932 2891 957 2891 763 2892 752 2892 932 2892 502 2893 256 2893 282 2893 502 2894 282 2894 542 2894 1336 2895 1115 2895 1151 2895 1336 2896 1151 2896 1328 2896 775 2897 957 2897 991 2897 775 2898 763 2898 957 2898 471 2899 256 2899 502 2899 786 2900 991 2900 1009 2900 786 2901 1009 2901 1029 2901 786 2902 775 2902 991 2902 447 2903 222 2903 256 2903 447 2904 256 2904 471 2904 782 2905 786 2905 1029 2905 432 2906 222 2906 447 2906 769 2907 1029 2907 1071 2907 769 2908 1071 2908 1115 2908 769 2909 782 2909 1029 2909 423 2910 222 2910 432 2910 759 2911 769 2911 1115 2911 190 2912 222 2912 423 2912 190 2913 423 2913 409 2913 190 2914 409 2914 407 2914 1573 2915 1562 2915 1622 2915 1520 2916 1562 2916 1573 2916 1520 2917 1512 2917 1562 2917 1624 2918 1622 2918 1658 2918 1624 2919 1573 2919 1622 2919 1656 2920 1658 2920 1678 2920 1656 2921 1624 2921 1658 2921 1466 2922 1458 2922 1512 2922 1466 2923 1512 2923 1520 2923 1672 2924 1678 2924 1704 2924 1672 2925 1656 2925 1678 2925 1419 2926 1458 2926 1466 2926 1419 2927 1415 2927 1458 2927 1683 2928 1704 2928 1712 2928 1683 2929 1712 2929 1936 2929 1683 2930 1672 2930 1704 2930 1367 2931 1415 2931 1419 2931 1367 2932 1374 2932 1415 2932 1694 2933 1936 2933 1930 2933 1694 2934 1683 2934 1936 2934 1339 2935 1349 2935 1374 2935 1339 2936 1374 2936 1367 2936 1701 2937 1930 2937 1916 2937 1701 2938 1694 2938 1930 2938 1319 2939 1336 2939 1349 2939 1319 2940 1349 2940 1339 2940 1699 2941 1701 2941 1916 2941 1307 2942 1336 2942 1319 2942 1685 2943 1699 2943 1916 2943 176 2944 407 2944 414 2944 176 2945 190 2945 407 2945 616 2946 608 2946 649 2946 651 2947 649 2947 691 2947 651 2948 616 2948 649 2948 570 2949 562 2949 608 2949 570 2950 608 2950 616 2950 686 2951 651 2951 691 2951 686 2952 691 2952 711 2952 528 2953 562 2953 570 2953 528 2954 519 2954 562 2954 699 2955 711 2955 741 2955 699 2956 686 2956 711 2956 486 2957 484 2957 519 2957 486 2958 519 2958 528 2958 718 2959 699 2959 741 2959 718 2960 759 2960 1115 2960 718 2961 741 2961 759 2961 718 2962 1115 2962 1336 2962 450 2963 484 2963 486 2963 450 2964 452 2964 484 2964 430 2965 452 2965 450 2965 430 2966 436 2966 452 2966 404 2967 436 2967 430 2967 404 2968 425 2968 436 2968 1884 2969 1661 2969 1676 2969 1884 2970 1676 2970 1685 2970 1884 2971 1685 2971 1916 2971 396 2972 425 2972 404 2972 1143 2973 1101 2973 1301 2973 1143 2974 1301 2974 1296 2974 1057 2975 1336 2975 1307 2975 1057 2976 1301 2976 1101 2976 1057 2977 1307 2977 1301 2977 1057 2978 718 2978 1336 2978 1163 2979 1143 2979 1296 2979 1163 2980 1296 2980 1294 2980 1021 2981 730 2981 718 2981 1021 2982 718 2982 1057 2982 1181 2983 1294 2983 1299 2983 1181 2984 1299 2984 1305 2984 1181 2985 1163 2985 1294 2985 995 2986 739 2986 730 2986 995 2987 730 2987 1021 2987 1203 2988 1181 2988 1305 2988 934 2989 739 2989 995 2989 934 2990 734 2990 739 2990 1224 2991 1203 2991 1305 2991 1224 2992 1305 2992 1312 2992 915 2993 734 2993 934 2993 915 2994 723 2994 734 2994 1229 2995 1224 2995 1312 2995 1229 2996 1312 2996 1331 2996 888 2997 707 2997 723 2997 888 2998 723 2998 915 2998 170 2999 396 2999 385 2999 170 3000 414 3000 425 3000 170 3001 425 3001 396 3001 170 3002 176 3002 414 3002 1227 3003 1229 3003 1331 3003 1227 3004 1331 3004 1353 3004 857 3005 693 3005 707 3005 857 3006 707 3006 888 3006 1216 3007 1353 3007 1393 3007 1216 3008 1227 3008 1353 3008 843 3009 693 3009 857 3009 843 3010 663 3010 693 3010 1187 3011 1216 3011 1393 3011 1187 3012 1393 3012 1433 3012 835 3013 635 3013 663 3013 835 3014 663 3014 843 3014 1169 3015 1187 3015 1433 3015 1169 3016 1433 3016 1490 3016 833 3017 635 3017 835 3017 833 3018 590 3018 635 3018 1850 3019 1594 3019 1637 3019 1850 3020 1637 3020 1661 3020 1850 3021 1661 3021 1884 3021 839 3022 590 3022 833 3022 839 3023 545 3023 590 3023 849 3024 545 3024 839 3024 849 3025 500 3025 545 3025 174 3026 385 3026 378 3026 174 3027 378 3027 376 3027 174 3028 170 3028 385 3028 1824 3029 1544 3029 1594 3029 1824 3030 1594 3030 1850 3030 186 3031 376 3031 381 3031 186 3032 381 3032 390 3032 186 3033 174 3033 376 3033 1713 3034 1169 3034 1490 3034 1713 3035 1544 3035 1824 3035 1713 3036 1490 3036 1544 3036 1713 3037 1153 3037 1169 3037 218 3038 186 3038 390 3038 218 3039 390 3039 400 3039 218 3040 400 3040 420 3040 1376 3041 1153 3041 1713 3041 1376 3042 1119 3042 1153 3042 248 3043 420 3043 439 3043 248 3044 439 3044 463 3044 248 3045 218 3045 420 3045 1188 3046 1119 3046 1376 3046 1188 3047 1033 3047 1079 3047 1188 3048 1079 3048 1119 3048 276 3049 248 3049 463 3049 276 3050 500 3050 849 3050 276 3051 463 3051 500 3051 276 3052 849 3052 868 3052 882 3053 1033 3053 1188 3053 882 3054 967 3054 1007 3054 882 3055 1007 3055 1033 3055 339 3056 276 3056 868 3056 339 3057 868 3057 905 3057 585 3058 967 3058 882 3058 585 3059 339 3059 905 3059 585 3060 905 3060 921 3060 585 3061 921 3061 967 3061 225 3062 230 3062 224 3062 231 3063 234 3063 230 3063 231 3064 230 3064 225 3064 235 3065 238 3065 234 3065 235 3066 234 3066 231 3066 239 3067 240 3067 238 3067 239 3068 238 3068 235 3068 241 3069 236 3069 240 3069 241 3070 240 3070 239 3070 237 3071 232 3071 236 3071 237 3072 236 3072 241 3072 233 3073 228 3073 232 3073 233 3074 232 3074 237 3074 229 3075 220 3075 228 3075 229 3076 228 3076 233 3076 221 3077 220 3077 229 3077 217 3078 200 3078 216 3078 217 3079 216 3079 220 3079 217 3080 220 3080 221 3080 201 3081 192 3081 200 3081 201 3082 200 3082 217 3082 193 3083 192 3083 201 3083 185 3084 184 3084 192 3084 185 3085 192 3085 193 3085 181 3086 172 3086 180 3086 181 3087 180 3087 184 3087 181 3088 184 3088 185 3088 173 3089 166 3089 172 3089 173 3090 172 3090 181 3090 167 3091 166 3091 173 3091 163 3092 162 3092 166 3092 163 3093 166 3093 167 3093 137 3094 116 3094 136 3094 137 3095 117 3095 116 3095 151 3096 136 3096 150 3096 151 3097 137 3097 136 3097 163 3098 150 3098 162 3098 163 3099 151 3099 150 3099 131 3100 116 3100 117 3100 131 3101 130 3101 116 3101 143 3102 142 3102 130 3102 143 3103 130 3103 131 3103 149 3104 148 3104 142 3104 149 3105 142 3105 143 3105 155 3106 154 3106 148 3106 155 3107 148 3107 149 3107 159 3108 156 3108 158 3108 159 3109 158 3109 154 3109 159 3110 154 3110 155 3110 157 3111 156 3111 159 3111 153 3112 152 3112 156 3112 153 3113 156 3113 157 3113 145 3114 140 3114 144 3114 145 3115 144 3115 152 3115 145 3116 152 3116 153 3116 141 3117 140 3117 145 3117 125 3118 124 3118 140 3118 125 3119 140 3119 141 3119 113 3120 112 3120 124 3120 113 3121 124 3121 125 3121 103 3122 96 3122 102 3122 103 3123 102 3123 112 3123 103 3124 112 3124 113 3124 97 3125 96 3125 103 3125 87 3126 86 3126 96 3126 87 3127 96 3127 97 3127 65 3128 50 3128 64 3128 65 3129 64 3129 86 3129 65 3130 86 3130 87 3130 51 3131 50 3131 65 3131 27 3132 20 3132 26 3132 27 3133 21 3133 20 3133 39 3134 26 3134 38 3134 39 3135 27 3135 26 3135 51 3136 38 3136 50 3136 51 3137 39 3137 38 3137 37 3138 20 3138 21 3138 37 3139 36 3139 20 3139 49 3140 48 3140 36 3140 49 3141 36 3141 37 3141 61 3142 60 3142 48 3142 61 3143 48 3143 49 3143 71 3144 84 3144 70 3144 71 3145 70 3145 60 3145 71 3146 60 3146 61 3146 85 3147 84 3147 71 3147 91 3148 90 3148 84 3148 91 3149 84 3149 85 3149 93 3150 88 3150 92 3150 93 3151 92 3151 90 3151 93 3152 90 3152 91 3152 89 3153 88 3153 93 3153 83 3154 68 3154 82 3154 83 3155 82 3155 88 3155 83 3156 88 3156 89 3156 69 3157 68 3157 83 3157 57 3158 56 3158 68 3158 57 3159 68 3159 69 3159 47 3160 46 3160 56 3160 47 3161 56 3161 57 3161 33 3162 32 3162 46 3162 33 3163 46 3163 47 3163 19 3164 10 3164 18 3164 19 3165 18 3165 32 3165 19 3166 32 3166 33 3166 11 3167 10 3167 19 3167 7 3168 6 3168 10 3168 7 3169 10 3169 11 3169 1 3170 2 3170 0 3170 1 3171 3 3171 2 3171 5 3172 0 3172 4 3172 5 3173 1 3173 0 3173 7 3174 4 3174 6 3174 7 3175 5 3175 4 3175 3 3176 8 3176 2 3176 9 3177 16 3177 8 3177 9 3178 8 3178 3 3178 17 3179 30 3179 16 3179 17 3180 16 3180 9 3180 31 3181 40 3181 30 3181 31 3182 30 3182 17 3182 41 3183 52 3183 40 3183 41 3184 40 3184 31 3184 53 3185 62 3185 52 3185 53 3186 52 3186 41 3186 63 3187 72 3187 62 3187 63 3188 62 3188 53 3188 73 3189 76 3189 72 3189 73 3190 72 3190 63 3190 77 3191 76 3191 73 3191 79 3192 74 3192 78 3192 79 3193 78 3193 76 3193 79 3194 76 3194 77 3194 75 3195 74 3195 79 3195 67 3196 54 3196 66 3196 67 3197 66 3197 74 3197 67 3198 74 3198 75 3198 55 3199 44 3199 54 3199 55 3200 54 3200 67 3200 45 3201 44 3201 55 3201 35 3202 34 3202 44 3202 35 3203 44 3203 45 3203 25 3204 12 3204 24 3204 25 3205 24 3205 34 3205 25 3206 34 3206 35 3206 13 3207 12 3207 25 3207 23 3208 28 3208 22 3208 23 3209 29 3209 28 3209 15 3210 22 3210 14 3210 15 3211 14 3211 12 3211 15 3212 23 3212 22 3212 13 3213 15 3213 12 3213 43 3214 28 3214 29 3214 43 3215 42 3215 28 3215 59 3216 80 3216 58 3216 59 3217 58 3217 42 3217 59 3218 42 3218 43 3218 81 3219 80 3219 59 3219 95 3220 100 3220 94 3220 95 3221 94 3221 80 3221 95 3222 80 3222 81 3222 101 3223 100 3223 95 3223 109 3224 108 3224 100 3224 109 3225 100 3225 101 3225 115 3226 122 3226 114 3226 115 3227 114 3227 108 3227 115 3228 108 3228 109 3228 123 3229 122 3229 115 3229 129 3230 134 3230 128 3230 129 3231 128 3231 122 3231 129 3232 122 3232 123 3232 135 3233 134 3233 129 3233 133 3234 132 3234 134 3234 133 3235 134 3235 135 3235 127 3236 120 3236 126 3236 127 3237 126 3237 132 3237 127 3238 132 3238 133 3238 121 3239 120 3239 127 3239 111 3240 110 3240 120 3240 111 3241 120 3241 121 3241 105 3242 104 3242 110 3242 105 3243 110 3243 111 3243 99 3244 98 3244 104 3244 99 3245 104 3245 105 3245 119 3246 138 3246 118 3246 119 3247 139 3247 138 3247 107 3248 118 3248 106 3248 107 3249 106 3249 98 3249 107 3250 119 3250 118 3250 99 3251 107 3251 98 3251 147 3252 138 3252 139 3252 147 3253 146 3253 138 3253 161 3254 160 3254 146 3254 161 3255 146 3255 147 3255 165 3256 164 3256 160 3256 165 3257 160 3257 161 3257 169 3258 168 3258 164 3258 169 3259 164 3259 165 3259 179 3260 178 3260 168 3260 179 3261 168 3261 169 3261 183 3262 182 3262 178 3262 183 3263 178 3263 179 3263 189 3264 196 3264 188 3264 189 3265 188 3265 182 3265 189 3266 182 3266 183 3266 197 3267 202 3267 196 3267 197 3268 196 3268 189 3268 203 3269 206 3269 202 3269 203 3270 202 3270 197 3270 207 3271 210 3271 206 3271 207 3272 206 3272 203 3272 211 3273 214 3273 210 3273 211 3274 210 3274 207 3274 215 3275 208 3275 214 3275 215 3276 214 3276 211 3276 209 3277 204 3277 208 3277 209 3278 208 3278 215 3278 205 3279 198 3279 204 3279 205 3280 204 3280 209 3280 199 3281 194 3281 198 3281 199 3282 198 3282 205 3282 195 3283 194 3283 199 3283 227 3284 244 3284 226 3284 227 3285 245 3285 244 3285 213 3286 226 3286 212 3286 213 3287 227 3287 226 3287 195 3288 212 3288 194 3288 195 3289 213 3289 212 3289 245 3290 246 3290 244 3290 247 3291 250 3291 246 3291 247 3292 246 3292 245 3292 251 3293 250 3293 247 3293 255 3294 254 3294 250 3294 255 3295 250 3295 251 3295 261 3296 260 3296 254 3296 261 3297 254 3297 255 3297 265 3298 270 3298 264 3298 265 3299 264 3299 260 3299 265 3300 260 3300 261 3300 271 3301 270 3301 265 3301 275 3302 274 3302 270 3302 275 3303 270 3303 271 3303 281 3304 280 3304 274 3304 281 3305 274 3305 275 3305 285 3306 284 3306 280 3306 285 3307 280 3307 281 3307 289 3308 292 3308 288 3308 289 3309 288 3309 284 3309 289 3310 284 3310 285 3310 293 3311 292 3311 289 3311 297 3312 296 3312 292 3312 297 3313 292 3313 293 3313 301 3314 300 3314 296 3314 301 3315 296 3315 297 3315 304 3316 298 3316 303 3316 304 3317 303 3317 300 3317 304 3318 300 3318 301 3318 299 3319 298 3319 304 3319 295 3320 294 3320 298 3320 295 3321 298 3321 299 3321 362 3322 417 3322 361 3322 362 3323 361 3323 318 3323 362 3324 418 3324 417 3324 319 3325 362 3325 318 3325 295 3326 318 3326 294 3326 295 3327 319 3327 318 3327 428 3328 417 3328 418 3328 428 3329 427 3329 417 3329 445 3330 444 3330 427 3330 445 3331 427 3331 428 3331 467 3332 466 3332 444 3332 467 3333 444 3333 445 3333 504 3334 503 3334 466 3334 504 3335 466 3335 467 3335 553 3336 552 3336 503 3336 553 3337 503 3337 504 3337 601 3338 600 3338 552 3338 601 3339 552 3339 553 3339 655 3340 654 3340 600 3340 655 3341 600 3341 601 3341 695 3342 694 3342 654 3342 695 3343 654 3343 655 3343 736 3344 735 3344 694 3344 736 3345 694 3345 695 3345 767 3346 766 3346 735 3346 767 3347 735 3347 736 3347 806 3348 805 3348 766 3348 806 3349 766 3349 767 3349 829 3350 850 3350 828 3350 829 3351 828 3351 805 3351 829 3352 805 3352 806 3352 851 3353 850 3353 829 3353 864 3354 863 3354 850 3354 864 3355 850 3355 851 3355 875 3356 874 3356 863 3356 875 3357 863 3357 864 3357 873 3358 872 3358 874 3358 873 3359 874 3359 875 3359 1039 3360 1136 3360 1038 3360 1039 3361 1137 3361 1136 3361 953 3362 1038 3362 952 3362 953 3363 952 3363 872 3363 953 3364 1039 3364 1038 3364 873 3365 953 3365 872 3365 1141 3366 1136 3366 1137 3366 1141 3367 1140 3367 1136 3367 1147 3368 1146 3368 1140 3368 1147 3369 1140 3369 1141 3369 1159 3370 1174 3370 1158 3370 1159 3371 1158 3371 1146 3371 1159 3372 1146 3372 1147 3372 1175 3373 1218 3373 1174 3373 1175 3374 1174 3374 1159 3374 1219 3375 1234 3375 1218 3375 1219 3376 1218 3376 1175 3376 1235 3377 1234 3377 1219 3377 1258 3378 1257 3378 1234 3378 1258 3379 1234 3379 1235 3379 1279 3380 1278 3380 1257 3380 1279 3381 1257 3381 1258 3381 1292 3382 1291 3382 1278 3382 1292 3383 1278 3383 1279 3383 1316 3384 1315 3384 1291 3384 1316 3385 1291 3385 1292 3385 1343 3386 1390 3386 1342 3386 1343 3387 1342 3387 1315 3387 1343 3388 1315 3388 1316 3388 1391 3389 1390 3389 1343 3389 1428 3390 1427 3390 1390 3390 1428 3391 1390 3391 1391 3391 1473 3392 1502 3392 1472 3392 1473 3393 1472 3393 1427 3393 1473 3394 1427 3394 1428 3394 1503 3395 1502 3395 1473 3395 1518 3396 1517 3396 1502 3396 1518 3397 1502 3397 1503 3397 1751 3398 1750 3398 1696 3398 1697 3399 1696 3399 1631 3399 1697 3400 1751 3400 1696 3400 1632 3401 1697 3401 1631 3401 1518 3402 1631 3402 1517 3402 1518 3403 1632 3403 1631 3403 1743 3404 1750 3404 1751 3404 1743 3405 1742 3405 1750 3405 1734 3406 1733 3406 1742 3406 1734 3407 1742 3407 1743 3407 1740 3408 1739 3408 1733 3408 1740 3409 1733 3409 1734 3409 1749 3410 1760 3410 1748 3410 1749 3411 1748 3411 1739 3411 1749 3412 1739 3412 1740 3412 1761 3413 1760 3413 1749 3413 1780 3414 1779 3414 1760 3414 1780 3415 1760 3415 1761 3415 1793 3416 1801 3416 1792 3416 1793 3417 1792 3417 1779 3417 1793 3418 1779 3418 1780 3418 1802 3419 1801 3419 1793 3419 1817 3420 1820 3420 1816 3420 1817 3421 1816 3421 1801 3421 1817 3422 1801 3422 1802 3422 1821 3423 1820 3423 1817 3423 1829 3424 1828 3424 1820 3424 1829 3425 1820 3425 1821 3425 1835 3426 1838 3426 1834 3426 1835 3427 1834 3427 1828 3427 1835 3428 1828 3428 1829 3428 1839 3429 1838 3429 1835 3429 1841 3430 1840 3430 1838 3430 1841 3431 1838 3431 1839 3431 1845 3432 1844 3432 1840 3432 1845 3433 1840 3433 1841 3433 1849 3434 1848 3434 1844 3434 1849 3435 1844 3435 1845 3435 1865 3436 1882 3436 1864 3436 1865 3437 1883 3437 1882 3437 1855 3438 1864 3438 1854 3438 1855 3439 1865 3439 1864 3439 1849 3440 1854 3440 1848 3440 1849 3441 1855 3441 1854 3441 1877 3442 1882 3442 1883 3442 1877 3443 1876 3443 1882 3443 1873 3444 1872 3444 1876 3444 1873 3445 1876 3445 1877 3445 1869 3446 1868 3446 1872 3446 1869 3447 1872 3447 1873 3447 1867 3448 1866 3448 1868 3448 1867 3449 1868 3449 1869 3449 1871 3450 1870 3450 1866 3450 1871 3451 1866 3451 1867 3451 1875 3452 1874 3452 1870 3452 1875 3453 1870 3453 1871 3453 1879 3454 1886 3454 1878 3454 1879 3455 1878 3455 1874 3455 1879 3456 1874 3456 1875 3456 1887 3457 1886 3457 1879 3457 1891 3458 1906 3458 1890 3458 1891 3459 1890 3459 1886 3459 1891 3460 1886 3460 1887 3460 1907 3461 1906 3461 1891 3461 1915 3462 1914 3462 1906 3462 1915 3463 1906 3463 1907 3463 1923 3464 1922 3464 1914 3464 1923 3465 1914 3465 1915 3465 1927 3466 1926 3466 1922 3466 1927 3467 1922 3467 1923 3467 1935 3468 1934 3468 1926 3468 1935 3469 1926 3469 1927 3469 1941 3470 1940 3470 1934 3470 1941 3471 1934 3471 1935 3471 1945 3472 1944 3472 1940 3472 1945 3473 1940 3473 1941 3473 1971 3474 1990 3474 1970 3474 1971 3475 1991 3475 1990 3475 1957 3476 1970 3476 1956 3476 1957 3477 1971 3477 1970 3477 1945 3478 1956 3478 1944 3478 1945 3479 1957 3479 1956 3479 1991 3480 1976 3480 1990 3480 1977 3481 1976 3481 1991 3481 1965 3482 1964 3482 1976 3482 1965 3483 1976 3483 1977 3483 1959 3484 1958 3484 1964 3484 1959 3485 1964 3485 1965 3485 1953 3486 1948 3486 1952 3486 1953 3487 1952 3487 1958 3487 1953 3488 1958 3488 1959 3488 1949 3489 1948 3489 1953 3489 1951 3490 1954 3490 1950 3490 1951 3491 1950 3491 1948 3491 1951 3492 1948 3492 1949 3492 1955 3493 1962 3493 1954 3493 1955 3494 1954 3494 1951 3494 1963 3495 1962 3495 1955 3495 1967 3496 1982 3496 1966 3496 1967 3497 1966 3497 1962 3497 1967 3498 1962 3498 1963 3498 1983 3499 1994 3499 1982 3499 1983 3500 1982 3500 1967 3500 1995 3501 1994 3501 1983 3501 2005 3502 2004 3502 1994 3502 2005 3503 1994 3503 1995 3503 2011 3504 2020 3504 2010 3504 2011 3505 2010 3505 2004 3505 2011 3506 2004 3506 2005 3506 2021 3507 2020 3507 2011 3507 2043 3508 2042 3508 2020 3508 2043 3509 2020 3509 2021 3509 2057 3510 2056 3510 2042 3510 2057 3511 2042 3511 2043 3511 2081 3512 2086 3512 2080 3512 2081 3513 2087 3513 2086 3513 2069 3514 2080 3514 2068 3514 2069 3515 2081 3515 2080 3515 2057 3516 2068 3516 2056 3516 2057 3517 2069 3517 2068 3517 2087 3518 2070 3518 2086 3518 2071 3519 2070 3519 2087 3519 2059 3520 2058 3520 2070 3520 2059 3521 2070 3521 2071 3521 2047 3522 2046 3522 2058 3522 2047 3523 2058 3523 2059 3523 2037 3524 2036 3524 2046 3524 2037 3525 2046 3525 2047 3525 2023 3526 2016 3526 2022 3526 2023 3527 2022 3527 2036 3527 2023 3528 2036 3528 2037 3528 2017 3529 2016 3529 2023 3529 2015 3530 2014 3530 2016 3530 2015 3531 2016 3531 2017 3531 2019 3532 2018 3532 2014 3532 2019 3533 2014 3533 2015 3533 2025 3534 2024 3534 2018 3534 2025 3535 2018 3535 2019 3535 2039 3536 2050 3536 2038 3536 2039 3537 2038 3537 2024 3537 2039 3538 2024 3538 2025 3538 2051 3539 2050 3539 2039 3539 2061 3540 2074 3540 2060 3540 2061 3541 2060 3541 2050 3541 2061 3542 2050 3542 2051 3542 2075 3543 2074 3543 2061 3543 2089 3544 2088 3544 2074 3544 2089 3545 2074 3545 2075 3545 2097 3546 2096 3546 2088 3546 2097 3547 2088 3547 2089 3547 2101 3548 2100 3548 2096 3548 2101 3549 2096 3549 2097 3549 2107 3550 2104 3550 2106 3550 2107 3551 2105 3551 2104 3551 2103 3552 2106 3552 2102 3552 2103 3553 2102 3553 2100 3553 2103 3554 2107 3554 2106 3554 2101 3555 2103 3555 2100 3555 2099 3556 2104 3556 2105 3556 2099 3557 2098 3557 2104 3557 2091 3558 2090 3558 2098 3558 2091 3559 2098 3559 2099 3559 2077 3560 2076 3560 2090 3560 2077 3561 2090 3561 2091 3561 2067 3562 2066 3562 2076 3562 2067 3563 2076 3563 2077 3563 2055 3564 2054 3564 2066 3564 2055 3565 2066 3565 2067 3565 2045 3566 2044 3566 2054 3566 2045 3567 2054 3567 2055 3567 2035 3568 2030 3568 2034 3568 2035 3569 2034 3569 2044 3569 2035 3570 2044 3570 2045 3570 2031 3571 2030 3571 2035 3571 2029 3572 2032 3572 2028 3572 2029 3573 2028 3573 2030 3573 2029 3574 2030 3574 2031 3574 2033 3575 2032 3575 2029 3575 2041 3576 2040 3576 2032 3576 2041 3577 2032 3577 2033 3577 2053 3578 2052 3578 2040 3578 2053 3579 2040 3579 2041 3579 2063 3580 2072 3580 2062 3580 2063 3581 2062 3581 2052 3581 2063 3582 2052 3582 2053 3582 2073 3583 2072 3583 2063 3583 2083 3584 2094 3584 2082 3584 2083 3585 2082 3585 2072 3585 2083 3586 2072 3586 2073 3586 2095 3587 2094 3587 2083 3587 2085 3588 2078 3588 2084 3588 2085 3589 2079 3589 2078 3589 2093 3590 2084 3590 2092 3590 2093 3591 2085 3591 2084 3591 2095 3592 2092 3592 2094 3592 2095 3593 2093 3593 2092 3593 2079 3594 2064 3594 2078 3594 2065 3595 2064 3595 2079 3595 2049 3596 2026 3596 2048 3596 2049 3597 2048 3597 2064 3597 2049 3598 2064 3598 2065 3598 2027 3599 2026 3599 2049 3599 2013 3600 2012 3600 2026 3600 2013 3601 2026 3601 2027 3601 2007 3602 2006 3602 2012 3602 2007 3603 2012 3603 2013 3603 1999 3604 1998 3604 2006 3604 1999 3605 2006 3605 2007 3605 1993 3606 1984 3606 1992 3606 1993 3607 1992 3607 1998 3607 1993 3608 1998 3608 1999 3608 1985 3609 1984 3609 1993 3609 1979 3610 1978 3610 1984 3610 1979 3611 1984 3611 1985 3611 1973 3612 1972 3612 1978 3612 1973 3613 1978 3613 1979 3613 1975 3614 1974 3614 1972 3614 1975 3615 1972 3615 1973 3615 1981 3616 1986 3616 1980 3616 1981 3617 1980 3617 1974 3617 1981 3618 1974 3618 1975 3618 1987 3619 1986 3619 1981 3619 1997 3620 2002 3620 1996 3620 1997 3621 1996 3621 1986 3621 1997 3622 1986 3622 1987 3622 2003 3623 2002 3623 1997 3623 2009 3624 2008 3624 2002 3624 2009 3625 2002 3625 2003 3625 1989 3626 1968 3626 1988 3626 1989 3627 1969 3627 1968 3627 2001 3628 1988 3628 2000 3628 2001 3629 1989 3629 1988 3629 2009 3630 2000 3630 2008 3630 2009 3631 2001 3631 2000 3631 1961 3632 1968 3632 1969 3632 1961 3633 1960 3633 1968 3633 1947 3634 1946 3634 1960 3634 1947 3635 1960 3635 1961 3635 1943 3636 1942 3636 1946 3636 1943 3637 1946 3637 1947 3637 1939 3638 1938 3638 1942 3638 1939 3639 1942 3639 1943 3639 1929 3640 1924 3640 1928 3640 1929 3641 1928 3641 1938 3641 1929 3642 1938 3642 1939 3642 1925 3643 1924 3643 1929 3643 1919 3644 1910 3644 1918 3644 1919 3645 1918 3645 1924 3645 1919 3646 1924 3646 1925 3646 1911 3647 1904 3647 1910 3647 1911 3648 1910 3648 1919 3648 1905 3649 1904 3649 1911 3649 1901 3650 1900 3650 1904 3650 1901 3651 1904 3651 1905 3651 1897 3652 1892 3652 1896 3652 1897 3653 1896 3653 1900 3653 1897 3654 1900 3654 1901 3654 1893 3655 1892 3655 1897 3655 1899 3656 1898 3656 1892 3656 1899 3657 1892 3657 1893 3657 1903 3658 1902 3658 1898 3658 1903 3659 1898 3659 1899 3659 1909 3660 1908 3660 1902 3660 1909 3661 1902 3661 1903 3661 1913 3662 1912 3662 1908 3662 1913 3663 1908 3663 1909 3663 1881 3664 1862 3664 1880 3664 1881 3665 1863 3665 1862 3665 1895 3666 1880 3666 1894 3666 1895 3667 1894 3667 1912 3667 1895 3668 1881 3668 1880 3668 1913 3669 1895 3669 1912 3669 1861 3670 1862 3670 1863 3670 1861 3671 1860 3671 1862 3671 1857 3672 1856 3672 1860 3672 1857 3673 1860 3673 1861 3673 1853 3674 1852 3674 1856 3674 1853 3675 1856 3675 1857 3675 1847 3676 1842 3676 1846 3676 1847 3677 1846 3677 1852 3677 1847 3678 1852 3678 1853 3678 1843 3679 1842 3679 1847 3679 1837 3680 1832 3680 1836 3680 1837 3681 1836 3681 1842 3681 1837 3682 1842 3682 1843 3682 1833 3683 1832 3683 1837 3683 1827 3684 1826 3684 1832 3684 1827 3685 1832 3685 1833 3685 1823 3686 1818 3686 1822 3686 1823 3687 1822 3687 1826 3687 1823 3688 1826 3688 1827 3688 1819 3689 1818 3689 1823 3689 1815 3690 1814 3690 1818 3690 1815 3691 1818 3691 1819 3691 1811 3692 1806 3692 1810 3692 1811 3693 1810 3693 1814 3693 1811 3694 1814 3694 1815 3694 1807 3695 1806 3695 1811 3695 1804 3696 1803 3696 1806 3696 1804 3697 1806 3697 1807 3697 1809 3698 1808 3698 1803 3698 1809 3699 1803 3699 1804 3699 1813 3700 1812 3700 1808 3700 1813 3701 1808 3701 1809 3701 1746 3702 1689 3702 1745 3702 1746 3703 1690 3703 1689 3703 1789 3704 1745 3704 1788 3704 1789 3705 1746 3705 1745 3705 1813 3706 1788 3706 1812 3706 1813 3707 1789 3707 1788 3707 1680 3708 1689 3708 1690 3708 1680 3709 1679 3709 1689 3709 1663 3710 1662 3710 1679 3710 1663 3711 1679 3711 1680 3711 1641 3712 1591 3712 1640 3712 1641 3713 1640 3713 1662 3713 1641 3714 1662 3714 1663 3714 1592 3715 1591 3715 1641 3715 1533 3716 1532 3716 1591 3716 1533 3717 1591 3717 1592 3717 1475 3718 1474 3718 1532 3718 1475 3719 1532 3719 1533 3719 1411 3720 1410 3720 1474 3720 1411 3721 1474 3721 1475 3721 1359 3722 1358 3722 1410 3722 1359 3723 1410 3723 1411 3723 1324 3724 1323 3724 1358 3724 1324 3725 1358 3725 1359 3725 1303 3726 1302 3726 1323 3726 1303 3727 1323 3727 1324 3727 1286 3728 1285 3728 1302 3728 1286 3729 1302 3729 1303 3729 1277 3730 1276 3730 1285 3730 1277 3731 1285 3731 1286 3731 1265 3732 1259 3732 1264 3732 1265 3733 1264 3733 1276 3733 1265 3734 1276 3734 1277 3734 1260 3735 1259 3735 1265 3735 1251 3736 1250 3736 1259 3736 1251 3737 1259 3737 1260 3737 1253 3738 1252 3738 1250 3738 1253 3739 1250 3739 1251 3739 1133 3740 1034 3740 1132 3740 1133 3741 1035 3741 1034 3741 1207 3742 1132 3742 1206 3742 1207 3743 1133 3743 1132 3743 1253 3744 1206 3744 1252 3744 1253 3745 1207 3745 1206 3745 1031 3746 1034 3746 1035 3746 1031 3747 1030 3747 1034 3747 1025 3748 1024 3748 1030 3748 1025 3749 1030 3749 1031 3749 1013 3750 1012 3750 1024 3750 1013 3751 1024 3751 1025 3751 997 3752 938 3752 996 3752 997 3753 996 3753 1012 3753 997 3754 1012 3754 1013 3754 939 3755 938 3755 997 3755 913 3756 912 3756 938 3756 913 3757 938 3757 939 3757 866 3758 865 3758 912 3758 866 3759 912 3759 913 3759 825 3760 787 3760 824 3760 825 3761 824 3761 865 3761 825 3762 865 3762 866 3762 788 3763 787 3763 825 3763 746 3764 745 3764 787 3764 746 3765 787 3765 788 3765 701 3766 700 3766 745 3766 701 3767 745 3767 746 3767 671 3768 670 3768 700 3768 671 3769 700 3769 701 3769 642 3770 641 3770 670 3770 642 3771 670 3771 671 3771 603 3772 602 3772 641 3772 603 3773 641 3773 642 3773 577 3774 576 3774 602 3774 577 3775 602 3775 603 3775 564 3776 563 3776 576 3776 564 3777 576 3777 577 3777 411 3778 356 3778 410 3778 411 3779 357 3779 356 3779 476 3780 410 3780 475 3780 476 3781 411 3781 410 3781 564 3782 475 3782 563 3782 564 3783 476 3783 475 3783 357 3784 364 3784 356 3784 365 3785 364 3785 357 3785 374 3786 373 3786 364 3786 374 3787 364 3787 365 3787 368 3788 367 3788 373 3788 368 3789 373 3789 374 3789 359 3790 346 3790 358 3790 359 3791 358 3791 367 3791 359 3792 367 3792 368 3792 347 3793 346 3793 359 3793 328 3794 314 3794 327 3794 328 3795 327 3795 346 3795 328 3796 346 3796 347 3796 315 3797 314 3797 328 3797 306 3798 305 3798 314 3798 306 3799 314 3799 315 3799 291 3800 290 3800 305 3800 291 3801 305 3801 306 3801 287 3802 286 3802 290 3802 287 3803 290 3803 291 3803 279 3804 278 3804 286 3804 279 3805 286 3805 287 3805 273 3806 268 3806 272 3806 273 3807 272 3807 278 3807 273 3808 278 3808 279 3808 269 3809 268 3809 273 3809 267 3810 266 3810 268 3810 267 3811 268 3811 269 3811 263 3812 262 3812 266 3812 263 3813 266 3813 267 3813 259 3814 258 3814 262 3814 259 3815 262 3815 263 3815 243 3816 224 3816 242 3816 243 3817 225 3817 224 3817 253 3818 242 3818 252 3818 253 3819 243 3819 242 3819 259 3820 252 3820 258 3820 259 3821 253 3821 252 3821 1680 3822 1690 3822 1746 3822 1809 3823 1789 3823 1813 3823 1663 3824 1680 3824 1746 3824 1663 3825 1746 3825 1789 3825 1804 3826 1663 3826 1789 3826 1804 3827 1789 3827 1809 3827 1861 3828 1863 3828 1881 3828 1251 3829 1207 3829 1253 3829 1807 3830 1663 3830 1804 3830 1807 3831 1641 3831 1663 3831 1857 3832 1861 3832 1881 3832 1857 3833 1881 3833 1895 3833 1260 3834 1207 3834 1251 3834 1260 3835 1133 3835 1207 3835 1592 3836 1641 3836 1807 3836 1811 3837 1592 3837 1807 3837 1909 3838 1895 3838 1913 3838 1031 3839 1035 3839 1133 3839 1533 3840 1592 3840 1811 3840 1815 3841 1533 3841 1811 3841 1903 3842 1857 3842 1895 3842 1903 3843 1895 3843 1909 3843 1025 3844 1133 3844 1260 3844 1025 3845 1031 3845 1133 3845 1899 3846 1857 3846 1903 3846 1899 3847 1853 3847 1857 3847 1013 3848 1260 3848 1265 3848 1013 3849 1025 3849 1260 3849 1893 3850 1853 3850 1899 3850 1893 3851 1847 3851 1853 3851 997 3852 1265 3852 1277 3852 997 3853 1013 3853 1265 3853 1897 3854 1847 3854 1893 3854 1897 3855 1843 3855 1847 3855 939 3856 997 3856 1277 3856 939 3857 1277 3857 1286 3857 1989 3858 1961 3858 1969 3858 476 3859 564 3859 577 3859 603 3860 476 3860 577 3860 1947 3861 1961 3861 1989 3861 365 3862 357 3862 411 3862 2003 3863 2001 3863 2009 3863 374 3864 411 3864 476 3864 374 3865 476 3865 603 3865 374 3866 365 3866 411 3866 1997 3867 1947 3867 1989 3867 1997 3868 2001 3868 2003 3868 1997 3869 1989 3869 2001 3869 368 3870 603 3870 642 3870 368 3871 374 3871 603 3871 1987 3872 1947 3872 1997 3872 1987 3873 1943 3873 1947 3873 1492 3874 1359 3874 1411 3874 1492 3875 1411 3875 1475 3875 1492 3876 1475 3876 1533 3876 1492 3877 1815 3877 1819 3877 1492 3878 1533 3878 1815 3878 1768 3879 1819 3879 1823 3879 1768 3880 1823 3880 1827 3880 1768 3881 1827 3881 1833 3881 1768 3882 1833 3882 1837 3882 1768 3883 1492 3883 1819 3883 359 3884 642 3884 671 3884 359 3885 368 3885 642 3885 1981 3886 1943 3886 1987 3886 1981 3887 1929 3887 1939 3887 1981 3888 1939 3888 1943 3888 1247 3889 1359 3889 1492 3889 1247 3890 1286 3890 1303 3890 1247 3891 939 3891 1286 3891 1247 3892 1303 3892 1324 3892 1247 3893 1324 3893 1359 3893 1831 3894 1843 3894 1897 3894 1831 3895 1837 3895 1843 3895 1831 3896 1897 3896 1901 3896 1831 3897 1768 3897 1837 3897 1831 3898 1901 3898 1905 3898 347 3899 671 3899 701 3899 347 3900 359 3900 671 3900 1975 3901 1929 3901 1981 3901 977 3902 788 3902 825 3902 977 3903 825 3903 866 3903 977 3904 866 3904 913 3904 977 3905 913 3905 939 3905 977 3906 939 3906 1247 3906 1859 3907 1831 3907 1905 3907 1859 3908 1905 3908 1911 3908 1859 3909 1911 3909 1919 3909 1859 3910 1919 3910 1925 3910 1859 3911 1925 3911 1929 3911 2085 3912 2049 3912 2065 3912 2085 3913 2065 3913 2079 3913 253 3914 259 3914 263 3914 253 3915 263 3915 267 3915 683 3916 328 3916 347 3916 683 3917 347 3917 701 3917 683 3918 701 3918 746 3918 683 3919 788 3919 977 3919 683 3920 746 3920 788 3920 243 3921 253 3921 267 3921 1889 3922 1929 3922 1975 3922 1889 3923 1975 3923 1973 3923 1889 3924 1973 3924 1979 3924 1889 3925 1979 3925 1985 3925 1889 3926 1859 3926 1929 3926 231 3927 225 3927 243 3927 2083 3928 2093 3928 2095 3928 2073 3929 2085 3929 2093 3929 2073 3930 2049 3930 2085 3930 2073 3931 2093 3931 2083 3931 235 3932 267 3932 269 3932 235 3933 243 3933 267 3933 235 3934 231 3934 243 3934 394 3935 287 3935 291 3935 394 3936 291 3936 306 3936 394 3937 306 3937 315 3937 394 3938 315 3938 328 3938 394 3939 328 3939 683 3939 2063 3940 2013 3940 2027 3940 2063 3941 2027 3941 2049 3941 2063 3942 2049 3942 2073 3942 239 3943 235 3943 269 3943 2053 3944 2013 3944 2063 3944 241 3945 269 3945 273 3945 241 3946 239 3946 269 3946 2041 3947 2007 3947 2013 3947 2041 3948 2013 3948 2053 3948 237 3949 273 3949 279 3949 237 3950 241 3950 273 3950 1921 3951 1985 3951 1993 3951 1921 3952 1993 3952 1999 3952 1921 3953 1999 3953 2007 3953 1921 3954 1889 3954 1985 3954 1921 3955 2007 3955 2041 3955 283 3956 279 3956 287 3956 283 3957 237 3957 279 3957 283 3958 287 3958 394 3958 283 3959 229 3959 233 3959 283 3960 233 3960 237 3960 1933 3961 2041 3961 2033 3961 1933 3962 2033 3962 2029 3962 1933 3963 2029 3963 2031 3963 1933 3964 2031 3964 2035 3964 1933 3965 1921 3965 2041 3965 2107 3966 2091 3966 2099 3966 2107 3967 2099 3967 2105 3967 151 3968 163 3968 167 3968 151 3969 167 3969 173 3969 257 3970 193 3970 201 3970 257 3971 201 3971 217 3971 257 3972 217 3972 221 3972 257 3973 221 3973 229 3973 257 3974 229 3974 283 3974 131 3975 117 3975 137 3975 2097 3976 2103 3976 2101 3976 143 3977 151 3977 173 3977 143 3978 131 3978 137 3978 143 3979 137 3979 151 3979 143 3980 173 3980 181 3980 2089 3981 2077 3981 2091 3981 2089 3982 2107 3982 2103 3982 2089 3983 2091 3983 2107 3983 2089 3984 2103 3984 2097 3984 149 3985 143 3985 181 3985 2075 3986 2077 3986 2089 3986 1937 3987 2035 3987 2045 3987 1937 3988 2045 3988 2055 3988 1937 3989 1933 3989 2035 3989 155 3990 149 3990 181 3990 155 3991 181 3991 185 3991 2061 3992 2055 3992 2067 3992 2061 3993 2067 3993 2077 3993 2061 3994 2077 3994 2075 3994 159 3995 185 3995 193 3995 159 3996 155 3996 185 3996 2051 3997 2055 3997 2061 3997 2051 3998 1937 3998 2055 3998 2039 3999 1937 3999 2051 3999 223 4000 193 4000 257 4000 223 4001 159 4001 193 4001 223 4002 157 4002 159 4002 153 4003 157 4003 223 4003 145 4004 153 4004 223 4004 1931 4005 2039 4005 2025 4005 1931 4006 2025 4006 2019 4006 1931 4007 2019 4007 2015 4007 1931 4008 2015 4008 2017 4008 1931 4009 1937 4009 2039 4009 191 4010 113 4010 125 4010 191 4011 125 4011 141 4011 191 4012 141 4012 145 4012 191 4013 145 4013 223 4013 39 4014 51 4014 65 4014 39 4015 65 4015 87 4015 2081 4016 2059 4016 2071 4016 2081 4017 2071 4017 2087 4017 1917 4018 2017 4018 2023 4018 1917 4019 1931 4019 2017 4019 2057 4020 2043 4020 2069 4020 21 4021 27 4021 37 4021 49 4022 39 4022 87 4022 49 4023 37 4023 27 4023 49 4024 27 4024 39 4024 2021 4025 2059 4025 2081 4025 2021 4026 2069 4026 2043 4026 2021 4027 2081 4027 2069 4027 61 4028 49 4028 87 4028 61 4029 87 4029 97 4029 61 4030 97 4030 103 4030 2011 4031 2059 4031 2021 4031 2011 4032 2047 4032 2059 4032 71 4033 61 4033 103 4033 2005 4034 2047 4034 2011 4034 2005 4035 2037 4035 2047 4035 85 4036 71 4036 103 4036 85 4037 103 4037 113 4037 85 4038 113 4038 191 4038 1995 4039 2037 4039 2005 4039 1995 4040 2023 4040 2037 4040 1995 4041 1917 4041 2023 4041 91 4042 85 4042 191 4042 91 4043 191 4043 177 4043 1983 4044 1917 4044 1995 4044 93 4045 91 4045 177 4045 1967 4046 1917 4046 1983 4046 89 4047 93 4047 177 4047 1963 4048 1917 4048 1967 4048 83 4049 89 4049 177 4049 1885 4050 1963 4050 1955 4050 1885 4051 1917 4051 1963 4051 69 4052 83 4052 177 4052 1951 4053 1885 4053 1955 4053 1949 4054 1885 4054 1951 4054 171 4055 57 4055 69 4055 171 4056 69 4056 177 4056 1971 4057 1965 4057 1977 4057 1971 4058 1977 4058 1991 4058 5 4059 7 4059 11 4059 5 4060 11 4060 19 4060 1957 4061 1965 4061 1971 4061 17 4062 1 4062 5 4062 17 4063 5 4063 19 4063 1935 4064 1965 4064 1957 4064 31 4065 19 4065 33 4065 31 4066 17 4066 19 4066 1927 4067 1965 4067 1935 4067 1927 4068 1959 4068 1965 4068 9 4069 1 4069 17 4069 1941 4070 1935 4070 1957 4070 41 4071 31 4071 33 4071 41 4072 33 4072 47 4072 1923 4073 1959 4073 1927 4073 1923 4074 1953 4074 1959 4074 3 4075 1 4075 9 4075 1945 4076 1941 4076 1957 4076 1915 4077 1953 4077 1923 4077 1915 4078 1885 4078 1949 4078 1915 4079 1949 4079 1953 4079 1915 4080 1851 4080 1885 4080 53 4081 41 4081 47 4081 53 4082 47 4082 57 4082 53 4083 57 4083 171 4083 1907 4084 1851 4084 1915 4084 63 4085 53 4085 171 4085 1891 4086 1851 4086 1907 4086 73 4087 63 4087 171 4087 73 4088 171 4088 175 4088 77 4089 73 4089 175 4089 1887 4090 1851 4090 1891 4090 1879 4091 1851 4091 1887 4091 1879 4092 1825 4092 1851 4092 79 4093 77 4093 175 4093 75 4094 79 4094 175 4094 1875 4095 1825 4095 1879 4095 1871 4096 1825 4096 1875 4096 67 4097 75 4097 175 4097 67 4098 175 4098 187 4098 15 4099 13 4099 25 4099 15 4100 25 4100 35 4100 1865 4101 1873 4101 1877 4101 1865 4102 1877 4102 1883 4102 81 4103 45 4103 55 4103 81 4104 55 4104 95 4104 1839 4105 1835 4105 1867 4105 1839 4106 1867 4106 1869 4106 101 4107 55 4107 67 4107 101 4108 67 4108 187 4108 101 4109 95 4109 55 4109 1829 4110 1825 4110 1871 4110 1829 4111 1867 4111 1835 4111 1829 4112 1871 4112 1867 4112 59 4113 23 4113 15 4113 59 4114 35 4114 45 4114 59 4115 45 4115 81 4115 59 4116 15 4116 35 4116 1841 4117 1839 4117 1869 4117 1841 4118 1869 4118 1873 4118 1841 4119 1865 4119 1855 4119 1841 4120 1873 4120 1865 4120 1821 4121 1825 4121 1829 4121 1821 4122 1714 4122 1825 4122 109 4123 101 4123 187 4123 1845 4124 1841 4124 1855 4124 43 4125 23 4125 59 4125 115 4126 109 4126 187 4126 1817 4127 1714 4127 1821 4127 29 4128 23 4128 43 4128 1849 4129 1845 4129 1855 4129 123 4130 115 4130 187 4130 123 4131 187 4131 219 4131 1802 4132 1714 4132 1817 4132 129 4133 123 4133 219 4133 1793 4134 1714 4134 1802 4134 135 4135 129 4135 219 4135 1780 4136 1714 4136 1793 4136 1780 4137 1377 4137 1714 4137 133 4138 135 4138 219 4138 1761 4139 1377 4139 1780 4139 179 4140 133 4140 219 4140 179 4141 249 4141 183 4141 179 4142 219 4142 249 4142 179 4143 127 4143 133 4143 1343 4144 1377 4144 1761 4144 1343 4145 1316 4145 1377 4145 189 4146 183 4146 249 4146 1292 4147 1377 4147 1316 4147 1292 4148 1189 4148 1377 4148 169 4149 127 4149 179 4149 1391 4150 1761 4150 1749 4150 1391 4151 1343 4151 1761 4151 107 4152 99 4152 105 4152 107 4153 105 4153 111 4153 1697 4154 1734 4154 1743 4154 1697 4155 1743 4155 1751 4155 197 4156 189 4156 249 4156 1279 4157 1189 4157 1292 4157 165 4158 127 4158 169 4158 165 4159 111 4159 121 4159 165 4160 121 4160 127 4160 1428 4161 1749 4161 1740 4161 1428 4162 1391 4162 1749 4162 1258 4163 1189 4163 1279 4163 203 4164 197 4164 249 4164 203 4165 249 4165 277 4165 161 4166 111 4166 165 4166 161 4167 107 4167 111 4167 1473 4168 1740 4168 1734 4168 1473 4169 1428 4169 1740 4169 119 4170 107 4170 161 4170 1632 4171 1734 4171 1697 4171 1632 4172 1473 4172 1734 4172 207 4173 203 4173 277 4173 1235 4174 1189 4174 1258 4174 147 4175 119 4175 161 4175 1503 4176 1473 4176 1632 4176 211 4177 207 4177 277 4177 1219 4178 883 4178 1189 4178 1219 4179 1189 4179 1235 4179 1518 4180 1503 4180 1632 4180 139 4181 119 4181 147 4181 281 4182 275 4182 340 4182 695 4183 883 4183 736 4183 695 4184 586 4184 883 4184 271 4185 340 4185 275 4185 271 4186 277 4186 340 4186 767 4187 736 4187 883 4187 285 4188 281 4188 340 4188 655 4189 586 4189 695 4189 265 4190 211 4190 277 4190 265 4191 277 4191 271 4191 806 4192 1219 4192 1175 4192 806 4193 883 4193 1219 4193 806 4194 767 4194 883 4194 289 4195 285 4195 340 4195 289 4196 340 4196 586 4196 601 4197 586 4197 655 4197 829 4198 806 4198 1175 4198 261 4199 215 4199 211 4199 261 4200 211 4200 265 4200 293 4201 289 4201 586 4201 553 4202 586 4202 601 4202 553 4203 293 4203 586 4203 851 4204 1175 4204 1159 4204 851 4205 1159 4205 1147 4205 851 4206 829 4206 1175 4206 255 4207 209 4207 215 4207 255 4208 215 4208 261 4208 297 4209 293 4209 553 4209 504 4210 297 4210 553 4210 864 4211 851 4211 1147 4211 251 4212 205 4212 209 4212 251 4213 209 4213 255 4213 467 4214 297 4214 504 4214 301 4215 297 4215 467 4215 1039 4216 1147 4216 1141 4216 1039 4217 1141 4217 1137 4217 213 4218 195 4218 199 4218 213 4219 199 4219 205 4219 213 4220 205 4220 251 4220 953 4221 1147 4221 1039 4221 953 4222 875 4222 864 4222 953 4223 864 4223 1147 4223 227 4224 213 4224 251 4224 227 4225 251 4225 247 4225 304 4226 467 4226 445 4226 304 4227 301 4227 467 4227 245 4228 227 4228 247 4228 873 4229 875 4229 953 4229 362 4230 445 4230 428 4230 362 4231 428 4231 418 4231 319 4232 304 4232 445 4232 319 4233 445 4233 362 4233 319 4234 295 4234 299 4234 319 4235 299 4235 304 4235</p>
  </triangles>
 </mesh></geometry></library_geometries>
 <library_visual_scenes><visual_scene id="s"><node id="nodo">
  <instance_geometry url="#g"><bind_material><technique_common>
   <instance_material symbol="m" target="#mat"/>
  </technique_common></bind_material></instance_geometry>
 </node></visual_scene></library_visual_scenes>
 <scene><instance_visual_scene url="#s"/></scene>
</COLLADA>
