<?xml version="1.0" encoding="utf-8"?>
<COLLADA xmlns="http://www.collada.org/2005/11/COLLADASchema" version="1.4.1">
 <asset><unit name="meter" meter="1"/><up_axis>Z_UP</up_axis></asset>
 <library_effects><effect id="fx"><profile_COMMON><technique sid="c"><phong>
  <diffuse><color>0.150 0.150 0.150 1</color></diffuse>
  <specular><color>0.2 0.2 0.2 1</color></specular><shininess><float>20</float></shininess>
 </phong></technique></profile_COMMON></effect></library_effects>
 <library_materials><material id="mat"><instance_effect url="#fx"/></material></library_materials>
 <library_geometries><geometry id="g"><mesh>
  <source id="p"><float_array id="pa" count="6324">-0.0482694 -0.0375 -0.0033423 -0.0482694 0.0425 -0.0033423 -0.0481189 -0.0375 -0.0050677 -0.0481189 0.0425 -0.0050677 -0.0479274 -0.0375 0.0066385 -0.0479274 0.0425 0.0066385 -0.0479067 -0.0375 -0.0067866 -0.0479067 0.0425 -0.0067866 -0.0476591 -0.0375 0.0083495 -0.0476591 0.0425 0.0083495 -0.0476331 -0.0375 -0.0084968 -0.0476331 0.0425 -0.0084968 -0.0473298 -0.0375 0.0100499 -0.0473298 0.0425 0.0100499 -0.0473274 -0.0375 -0.003236 -0.0473274 0.0425 -0.003236 -0.0469949 -0.0375 0.0064679 -0.0469949 0.0425 0.0064679 -0.0469398 -0.0375 0.0117373 -0.0469398 0.0425 0.0117373 -0.0466935 -0.0375 -0.0083709 -0.0466935 0.0425 -0.0083709 -0.0464224 -0.0375 -0.0029538 -0.0464224 0.0425 -0.0029538 -0.0461113 -0.0375 0.0061244 -0.0461113 0.0425 0.0061244 -0.046011 -0.0375 0.0115474 -0.046011 0.0425 0.0115474 -0.045747 -0.0375 -0.0084245 -0.045747 0.0425 -0.0084245 -0.0455869 -0.0375 -0.0025058 -0.0455869 0.0425 -0.0025058 -0.0453084 -0.0375 0.0056203 -0.0453084 0.0425 0.0056203 -0.0450631 -0.0375 0.0115361 -0.0450631 0.0425 0.0115361 -0.0448741 -0.0375 -0.0180948 -0.0448741 0.0425 -0.0180948 -0.0448509 -0.0375 -0.0019082 -0.0448509 0.0425 -0.0019082 -0.0448276 -0.0375 -0.0086558 -0.0448276 0.0425 -0.0086558 -0.0446151 -0.0375 0.0049737 -0.0446151 0.0425 0.0049737 -0.044241 -0.0375 -0.0011824 -0.044241 0.0425 -0.0011824 -0.0441978 -0.0375 -0.0196892 -0.0441978 0.0425 -0.0196892 -0.04413 -0.0375 0.0117039 -0.04413 0.0425 0.0117039 -0.0440563 -0.0375 0.0042079 -0.0440563 0.0425 0.0042079 -0.044011 -0.0375 -0.0177026 -0.044011 0.0425 -0.0177026 -0.0439685 -0.0375 -0.0090565 -0.0439685 0.0425 -0.0090565 -0.0437791 -0.0375 -0.0003546 -0.0437791 0.0425 -0.0003546 -0.0436521 -0.0375 0.0033504 -0.0436521 0.0425 0.0033504 -0.0435303 -0.0375 0.021124 -0.0435303 0.0425 0.021124 -0.0434817 -0.0375 0.0005456 -0.0434817 0.0425 0.0005456 -0.0434648 -0.0375 -0.0212584 -0.0434648 0.0425 -0.0212584 -0.0434171 -0.0375 0.002432 -0.0434171 0.0425 0.002432 -0.0433596 -0.0375 0.0014857 -0.0433596 0.0425 0.0014857 -0.0432454 -0.0375 0.0120449 -0.0432454 0.0425 0.0120449 -0.0432375 -0.0375 -0.0171545 -0.0432375 0.0425 -0.0171545 -0.0432004 -0.0375 -0.0096122 -0.0432004 0.0425 -0.0096122 -0.0427464 -0.0375 0.0226684 -0.0427464 0.0425 0.0226684 -0.0426961 -0.0375 0.0206736 -0.0426961 0.0425 0.0206736 -0.0426761 -0.0375 -0.0228004 -0.0426761 0.0425 -0.0228004 -0.0425813 -0.0375 -0.0164703 -0.0425813 0.0425 -0.0164703 -0.042551 -0.0375 -0.0103028 -0.042551 0.0425 -0.0103028 -0.0424411 -0.0375 0.0125467 -0.0424411 0.0425 0.0125467 -0.0420661 -0.0375 -0.0156745 -0.0420661 0.0425 -0.0156745 -0.0420436 -0.0375 -0.0111037 -0.0420436 0.0425 -0.0111037 -0.0419619 -0.0375 0.0200738 -0.0419619 0.0425 0.0200738 -0.0419077 -0.0375 0.0241837 -0.0419077 0.0425 0.0241837 -0.0418214 -0.0375 -0.0223902 -0.0418214 0.0425 -0.0223902 -0.0417459 -0.0375 0.0131913 -0.0417459 0.0425 0.0131913 -0.0417103 -0.0375 -0.0147958 -0.0417103 0.0425 -0.0147958 -0.0416965 -0.0375 -0.0119858 -0.0416965 0.0425 -0.0119858 -0.0415268 -0.0375 -0.0138657 -0.0415268 0.0425 -0.0138657 -0.0415221 -0.0375 -0.0129177 -0.0415221 0.0425 -0.0129177 -0.0413541 -0.0375 0.0193463 -0.0413541 0.0425 0.0193463 -0.0411849 -0.0375 0.0139555 -0.0411849 0.0425 0.0139555 -0.0410153 -0.0375 0.0256681 -0.0410153 0.0425 0.0256681 -0.0409047 -0.0375 -0.0221488 -0.0409047 0.0425 -0.0221488 -0.0408945 -0.0375 0.0185171 -0.0408945 0.0425 0.0185171 -0.0407783 -0.0375 0.0148118 -0.0407783 0.0425 0.0148118 -0.0405997 -0.0375 0.0176161 -0.0405997 0.0425 0.0176161 -0.0405406 -0.0375 0.0157296 -0.0405406 0.0425 0.0157296 -0.0404803 -0.0375 0.0166757 -0.0404803 0.0425 0.0166757 -0.0401907 -0.0375 0.0252004 -0.0401907 0.0425 0.0252004 -0.0399588 -0.0375 -0.0220847 -0.0399588 0.0425 -0.0220847 -0.0392927 -0.0375 0.0248967 -0.0392927 0.0425 0.0248967 -0.0390179 -0.0375 -0.0222003 -0.0390179 0.0425 -0.0222003 -0.0383534 -0.0375 0.024768 -0.0383534 0.0425 0.024768 -0.0381157 -0.0375 -0.0224914 -0.0381157 0.0425 -0.0224914 -0.0374068 -0.0375 0.024819 -0.0374068 0.0425 0.024819 -0.0372846 -0.0375 -0.0229476 -0.0372846 0.0425 -0.0229476 -0.0370862 -0.0375 -0.031076 -0.0370862 0.0425 -0.031076 -0.0365546 -0.0375 -0.0235524 -0.0365546 0.0425 -0.0235524 -0.0364868 -0.0375 0.0250476 -0.0364868 0.0425 0.0250476 -0.0363866 -0.0375 -0.0304363 -0.0363866 0.0425 -0.0304363 -0.0359519 -0.0375 -0.0242841 -0.0359519 0.0425 -0.0242841 -0.0359503 -0.0375 -0.0323834 -0.0359503 0.0425 -0.0323834 -0.0358203 -0.0375 -0.029676 -0.0358203 0.0425 -0.029676 -0.0356264 -0.0375 0.0254458 -0.0356264 0.0425 0.0254458 -0.0354981 -0.0375 -0.0251165 -0.0354981 0.0425 -0.0251165 -0.0354077 -0.0375 -0.0288225 -0.0354077 0.0425 -0.0288225 -0.0352096 -0.0375 -0.0260195 -0.0352096 0.0425 -0.0260195 -0.0351636 -0.0375 -0.0279065 -0.0351636 0.0425 -0.0279065 -0.0350967 -0.0375 -0.0269608 -0.0350967 0.0425 -0.0269608 -0.0349795 0.0125 0.0011986 -0.0349795 0.0425 0.0011986 -0.0348721 -0.0375 0.0335417 -0.0348721 0.0425 0.0335417 -0.0348567 -0.0375 0.0259993 -0.0348567 0.0425 0.0259993 -0.0347682 -0.0375 -0.0336493 -0.0347682 0.0425 -0.0336493 -0.0346041 0.0125 -0.0052493 -0.0346041 0.0425 -0.0052493 -0.0342179 -0.0375 0.0328556 -0.0342179 0.0425 0.0328556 -0.0342053 -0.0375 0.0266881 -0.0342053 0.0425 0.0266881 -0.0341636 0.0125 0.0076056 -0.0341636 0.0425 0.0076056 -0.033705 -0.0375 0.0320583 -0.033705 0.0425 0.0320583 -0.0336957 -0.0375 0.0274874 -0.0336957 0.0425 0.0274874 -0.0336493 -0.0375 0.0347682 -0.0336493 0.0425 0.0347682 -0.0335417 -0.0375 -0.0348721 -0.0335417 0.0425 -0.0348721 -0.0333517 -0.0375 0.0311786 -0.0333517 0.0425 0.0311786 -0.033346 -0.0375 0.0283686 -0.033346 0.0425 0.0283686 -0.0331709 -0.0375 0.0302479 -0.0331709 0.0425 0.0302479 -0.033169 -0.0375 0.0292999 -0.033169 0.0425 0.0292999 -0.0330504 0.0125 -0.0115184 -0.0330504 0.0425 -0.0115184 -0.0328556 -0.0375 -0.0342179 -0.0328556 0.0425 -0.0342179 -0.0323834 -0.0375 0.0359503 -0.0323834 0.0425 0.0359503 -0.0321844 0.0125 0.0137537 -0.0321844 0.0425 0.0137537 -0.0320583 -0.0375 -0.033705 -0.0320583 0.0425 -0.033705 -0.0311786 -0.0375 -0.0333517 -0.0311786 0.0425 -0.0333517 -0.031076 -0.0375 0.0370862 -0.031076 0.0425 0.0370862 -0.0304363 -0.0375 0.0363866 -0.0304363 0.0425 0.0363866 -0.0303711 0.0125 -0.0173953 -0.0303711 0.0425 -0.0173953 -0.0302479 -0.0375 -0.0331709 -0.0302479 0.0425 -0.0331709 -0.029676 -0.0375 0.0358203 -0.029676 0.0425 0.0358203 -0.0292999 -0.0375 -0.033169 -0.0292999 0.0425 -0.033169 -0.0291092 0.0125 0.0194334 -0.0291092 0.0425 0.0194334 -0.0288225 -0.0375 0.0354077 -0.0288225 0.0425 0.0354077 -0.0283686 -0.0375 -0.033346 -0.0283686 0.0425 -0.033346 -0.0279065 -0.0375 0.0351636 -0.0279065 0.0425 0.0351636 -0.0274874 -0.0375 -0.0336957 -0.0274874 0.0425 -0.0336957 -0.0269608 -0.0375 0.0350967 -0.0269608 0.0425 0.0350967 -0.0266881 -0.0375 -0.0342053 -0.0266881 0.0425 -0.0342053 -0.0266576 0.0125 -0.0226798 -0.0266576 0.0425 -0.0226798 -0.0260195 -0.0375 0.0352096 -0.0260195 0.0425 0.0352096 -0.0259993 -0.0375 -0.0348567 -0.0259993 0.0425 -0.0348567 -0.0256681 -0.0375 -0.0410153 -0.0256681 0.0425 -0.0410153 -0.0254458 -0.0375 -0.0356264 -0.0254458 0.0425 -0.0356264 -0.0252004 -0.0375 -0.0401907 -0.0252004 0.0425 -0.0401907 -0.0251165 -0.0375 0.0354981 -0.0251165 0.0425 0.0354981 -0.0250476 -0.0375 -0.0364868 -0.0250476 0.0425 -0.0364868 -0.0250427 0.0125 0.0244513 -0.0250427 0.0425 0.0244513 -0.0248967 -0.0375 -0.0392927 -0.0248967 0.0425 -0.0392927 -0.024819 -0.0375 -0.0374068 -0.024819 0.0425 -0.0374068 -0.024768 -0.0375 -0.0383534 -0.024768 0.0425 -0.0383534 -0.0242841 -0.0375 0.0359519 -0.0242841 0.0425 0.0359519 -0.0241837 -0.0375 -0.0419077 -0.0241837 0.0425 -0.0419077 -0.0235524 -0.0375 0.0365546 -0.0235524 0.0425 0.0365546 -0.0229476 -0.0375 0.0372846 -0.0229476 0.0425 0.0372846 -0.0228004 -0.0375 0.0426761 -0.0228004 0.0425 0.0426761 -0.0226684 -0.0375 -0.0427464 -0.0226684 0.0425 -0.0427464 -0.0224914 -0.0375 0.0381157 -0.0224914 0.0425 0.0381157 -0.0223902 -0.0375 0.0418214 -0.0223902 0.0425 0.0418214 -0.0222003 -0.0375 0.0390179 -0.0222003 0.0425 0.0390179 -0.0221488 -0.0375 0.0409047 -0.0221488 0.0425 0.0409047 -0.0220847 -0.0375 0.0399588 -0.0220847 0.0425 0.0399588 -0.0220363 0.0125 -0.0271919 -0.0220363 0.0425 -0.0271919 -0.0212584 -0.0375 0.0434648 -0.0212584 0.0425 0.0434648 -0.021124 -0.0375 -0.0435303 -0.021124 0.0425 -0.0435303 -0.0206736 -0.0375 -0.0426961 -0.0206736 0.0425 -0.0426961 -0.0201234 0.0125 0.0286365 -0.0201234 0.0425 0.0286365 -0.0200738 -0.0375 -0.0419619 -0.0200738 0.0425 -0.0419619 -0.0196892 -0.0375 0.0441978 -0.0196892 0.0425 0.0441978 -0.0193463 -0.0375 -0.0413541 -0.0193463 0.0425 -0.0413541 -0.0185171 -0.0375 -0.0408945 -0.0185171 0.0425 -0.0408945 -0.0184891 -0.0375 0.0006335 -0.0182575 -0.0375 -0.0029857 -0.0180992 -0.0375384 0.0006202 -0.0180948 -0.0375 0.0448741 -0.0180948 0.0425 0.0448741 -0.0180103 -0.0375 0.0042284 -0.0178724 -0.0375384 -0.0029227 -0.0177242 -0.0376522 0.0006073 -0.0177026 -0.0375 0.044011 -0.0177026 0.0425 0.044011 -0.0176304 -0.0375384 0.0041392 -0.0176161 -0.0375 -0.0405997 -0.0176161 0.0425 -0.0405997 -0.0175021 -0.0376522 -0.0028622 -0.0173787 -0.0378371 0.0005955 -0.0173242 -0.0375 -0.0064902 -0.0172652 -0.0376522 0.0040535 -0.0171609 -0.0378371 -0.0028064 -0.0171545 -0.0375 0.0432375 -0.0171545 0.0425 0.0432375 -0.0170758 -0.0380858 0.0005851 -0.0169588 -0.0375384 -0.0063533 -0.0169286 -0.0378371 0.0039744 -0.0168618 -0.0380858 -0.0027575 -0.0168393 -0.0375 0.0076608 -0.0168272 -0.0383889 0.0005766 -0.0166757 -0.0375 -0.0404803 -0.0166757 0.0425 -0.0404803 -0.0166646 0.0125 -0.0307781 -0.0166646 0.0425 -0.0307781 -0.0166425 -0.0387346 0.0005703 -0.0166335 -0.0380858 0.0039052 -0.0166163 -0.0383889 -0.0027173 -0.0166075 -0.0376522 -0.0062217 -0.0165287 -0.0391098 0.0005664 -0.0164903 -0.0425 0.000565 -0.0164903 -0.0395 0.000565 -0.0164842 -0.0375384 0.0074992 -0.0164703 -0.0375 0.0425813 -0.0164703 0.0425 0.0425813 -0.0164339 -0.0387346 -0.0026875 -0.0163914 -0.0383889 0.0038483 -0.0163216 -0.0391098 -0.0026691 -0.0162837 -0.0425 -0.0026629 -0.0162837 -0.0395 -0.0026629 -0.0162837 -0.0378371 -0.0061004 -0.0162114 -0.0387346 0.0038061 -0.0161426 -0.0376522 0.0073439 -0.0161006 -0.0391098 0.0037801 -0.0160632 -0.0425 0.0037713 -0.0160632 -0.0395 0.0037713 -0.0159999 -0.0380858 -0.0059941 -0.0158279 -0.0378371 0.0072007 -0.0157669 -0.0383889 -0.0059068 -0.0157296 -0.0375 -0.0405406 -0.0157296 0.0425 -0.0405406 -0.0157251 -0.0375 -0.0097453 -0.0156745 -0.0375 0.0420661 -0.0156745 0.0425 0.0420661 -0.0155939 -0.0387346 -0.005842 -0.015552 -0.0380858 0.0070752 -0.0154873 -0.0391098 -0.005802 -0.0154513 -0.0425 -0.0057885 -0.0154513 -0.0395 -0.0057885 -0.0153935 -0.0375384 -0.0095397 -0.0153256 -0.0383889 0.0069722 -0.0151574 -0.0387346 0.0068956 -0.0150746 -0.0376522 -0.0093421 -0.0150538 -0.0391098 0.0068485 -0.0150307 -0.0225 -0.0057386 -0.0150307 0.0125 -0.0057386 -0.0150212 -0.0375 0.0107988 -0.0150188 -0.0425 0.0068326 -0.0150188 -0.0395 0.0068326 -0.0149806 -0.0225 -0.0065212 -0.0149806 0.0125 -0.0065212 -0.0149271 -0.0225 -0.0049614 -0.0149271 0.0125 -0.0049614 -0.0148118 -0.0375 -0.0407783 -0.0148118 0.0425 -0.0407783 -0.0147958 -0.0375 0.0417103 -0.0147958 0.0425 0.0417103 -0.0147807 -0.0378371 -0.0091599 -0.0147788 -0.0225 -0.0072789 -0.0147788 0.0125 -0.0072789 -0.0147044 -0.0375384 0.010571 -0.0146739 -0.0225 -0.0042192 -0.0146739 0.0125 -0.0042192 -0.0146026 -0.0225 0.006754 -0.0146026 0.0125 0.006754 -0.0145525 -0.0225 0.0059715 -0.0145525 0.0125 0.0059715 -0.014523 -0.0380858 -0.0090003 -0.0145188 0.0125 0.0318466 -0.0145188 0.0425 0.0318466 -0.0144991 -0.0225 0.0075313 -0.0144991 0.0125 0.0075313 -0.014433 -0.0225 -0.0079827 -0.014433 0.0125 -0.0079827 -0.0143998 -0.0376522 0.010352 -0.0143507 -0.0225 0.0052138 -0.0143507 0.0125 0.0052138 -0.0143116 -0.0383889 -0.0088693 -0.0142808 -0.0225 -0.0035408 -0.0142808 0.0125 -0.0035408 -0.0142459 -0.0225 0.0082734 -0.0142459 0.0125 0.0082734 -0.0141545 -0.0387346 -0.0087719 -0.014119 -0.0378371 0.0101502 -0.0140578 -0.0391098 -0.008712 -0.0140251 -0.0425 -0.0086917 -0.0140251 -0.0395 -0.0086917 -0.014005 -0.0225 0.00451 -0.014005 0.0125 0.00451 -0.0139566 -0.0225 -0.0086055 -0.0139566 0.0125 -0.0086055 -0.0139555 -0.0375 -0.0411849 -0.0139555 0.0425 -0.0411849 -0.0138729 -0.0380858 0.0099733 -0.0138657 -0.0375 0.0415268 -0.0138657 0.0425 0.0415268 -0.0138528 -0.0225 0.0089519 -0.0138528 0.0125 0.0089519 -0.0137629 -0.0225 -0.002952 -0.0137629 0.0125 -0.002952 -0.013671 -0.0383889 0.0098281 -0.0135286 -0.0225 0.0038871 -0.0135286 0.0125 0.0038871 -0.0135218 -0.0375 -0.0126258 -0.0135209 -0.0387346 0.0097202 -0.0134285 -0.0391098 0.0096538 -0.0133973 -0.0425 0.0096313 -0.0133973 -0.0395 0.0096313 -0.0133679 -0.0225 -0.0091235 -0.0133679 0.0125 -0.0091235 -0.0133348 -0.0225 0.0095407 -0.0133348 0.0125 0.0095407 -0.0132366 -0.0375384 -0.0123595 -0.0131913 -0.0375 -0.0417459 -0.0131913 0.0425 -0.0417459 -0.0131401 -0.0225 -0.0024756 -0.0131401 0.0125 -0.0024756 -0.0129624 -0.0376522 -0.0121035 -0.0129398 -0.0225 0.0033692 -0.0129398 0.0125 0.0033692 -0.0129177 -0.0375 0.0415221 -0.0129177 0.0425 0.0415221 -0.012712 -0.0225 0.0100171 -0.012712 0.0125 0.0100171 -0.0127096 -0.0378371 -0.0118675 -0.0126894 -0.0225 -0.0095166 -0.0126894 0.0125 -0.0095166 -0.0126258 -0.0375 0.0135218 -0.0125467 -0.0375 -0.0424411 -0.0125467 0.0425 -0.0424411 -0.0125321 -0.0425 -0.0058243 -0.0125321 -0.0225 -0.0058243 -0.0125133 -0.0425 -0.0061177 -0.0125133 -0.0225 -0.0061177 -0.0124933 -0.0425 -0.0055328 -0.0124933 -0.0225 -0.0055328 -0.0124881 -0.0380858 -0.0116607 -0.0124377 -0.0425 -0.0064019 -0.0124377 -0.0225 -0.0064019 -0.0124363 -0.0225 -0.0021299 -0.0124363 0.0125 -0.0021299 -0.0123983 -0.0425 -0.0052545 -0.0123983 -0.0225 -0.0052545 -0.0123595 -0.0375384 0.0132366 -0.012308 -0.0425 -0.0066658 -0.012308 -0.0225 -0.0066658 -0.0123063 -0.0383889 -0.0114909 -0.0122928 -0.0425 0.0004212 -0.0122928 -0.0275 0.0004212 -0.0122665 -0.0425 1.04e-05 -0.0122665 -0.0275 1.04e-05 -0.0122613 -0.0225 0.0029761 -0.0122613 0.0125 0.0029761 -0.0122509 -0.0425 -0.005 -0.0122509 -0.0225 -0.005 -0.0122384 -0.0425 0.0008293 -0.0122384 -0.0275 0.0008293 -0.0121712 -0.0387346 -0.0113648 -0.0121605 -0.0425 -0.0003874 -0.0121605 -0.0275 -0.0003874 -0.0121294 -0.0425 -0.0068993 -0.0121294 -0.0225 -0.0068993 -0.0121055 -0.0425 0.0012189 -0.0121055 -0.0275 0.0012189 -0.0121041 -0.0425 0.0066684 -0.0121041 -0.0225 0.0066684 -0.0121035 -0.0376522 0.0129624 -0.012088 -0.0391098 -0.0112871 -0.0120853 -0.0425 0.006375 -0.0120853 -0.0225 0.006375 -0.0120652 -0.0425 0.0069599 -0.0120652 -0.0225 0.0069599 -0.01206 -0.0425 -0.0112609 -0.01206 -0.0395 -0.0112609 -0.0120567 -0.0425 -0.0047793 -0.0120567 -0.0225 -0.0047793 -0.0120449 -0.0375 -0.0432454 -0.0120449 0.0425 -0.0432454 -0.0120096 -0.0425 0.0060908 -0.0120096 -0.0225 0.0060908 -0.0120082 -0.0225 0.0103628 -0.0120082 0.0125 0.0103628 -0.0119858 -0.0375 0.0416965 -0.0119858 0.0425 0.0416965 -0.011979 -0.0425 -0.0007569 -0.011979 -0.0275 -0.0007569 -0.0119703 -0.0425 0.0072382 -0.0119703 -0.0225 0.0072382 -0.0119472 -0.0225 -0.0097697 -0.0119472 0.0125 -0.0097697 -0.0119086 -0.0425 -0.0070936 -0.0119086 -0.0225 -0.0070936 -0.0118991 -0.0425 0.0015751 -0.0118991 -0.0275 0.0015751 -0.0118799 -0.0425 0.0058269 -0.0118799 -0.0225 0.0058269 -0.0118675 -0.0378371 0.0127096 -0.0118232 -0.0425 -0.0046006 -0.0118232 -0.0225 -0.0046006 -0.0118229 -0.0425 0.0074926 -0.0118229 -0.0225 0.0074926 -0.0117373 -0.0375 -0.0469398 -0.0117373 0.0425 -0.0469398 -0.0117289 -0.0425 -0.0010839 -0.0117289 -0.0275 -0.0010839 -0.0117039 -0.0375 -0.04413 -0.0117039 0.0425 -0.04413 -0.0117013 -0.0425 0.0055933 -0.0117013 -0.0225 0.0055933 -0.0116786 -0.0225 -0.0019281 -0.0116786 0.0125 -0.0019281 -0.0116607 -0.0380858 0.0124881 -0.0116541 -0.0425 -0.007241 -0.0116541 -0.0225 -0.007241 -0.0116287 -0.0425 0.0077134 -0.0116287 -0.0225 0.0077134 -0.0116272 -0.0425 0.0018842 -0.0116272 -0.0275 0.0018842 -0.0115592 -0.0425 -0.004471 -0.0115592 -0.0225 -0.004471 -0.0115474 -0.0375 -0.046011 -0.0115474 0.0425 -0.046011 -0.0115361 -0.0375 -0.0450631 -0.0115361 0.0425 -0.0450631 -0.0115192 -0.0225 0.0027229 -0.0115192 0.0125 0.0027229 -0.0114909 -0.0383889 0.0123063 -0.0114805 -0.0425 0.0053991 -0.0114805 -0.0225 0.0053991 -0.0114198 -0.0425 -0.0013558 -0.0114198 -0.0275 -0.0013558 -0.0113951 -0.0425 0.0078921 -0.0113951 -0.0225 0.0078921 -0.0113758 -0.0425 -0.0073359 -0.0113758 -0.0225 -0.0073359 -0.0113648 -0.0387346 0.0121712 -0.0113002 -0.0425 0.0021343 -0.0113002 -0.0275 0.0021343 -0.0112871 -0.0391098 0.012088 -0.0112751 -0.0425 -0.0043953 -0.0112751 -0.0225 -0.0043953 -0.0112609 -0.0425 0.01206 -0.0112609 -0.0395 0.01206 -0.0112505 -0.0225 0.0105646 -0.0112505 0.0125 0.0105646 -0.0112261 -0.0425 0.0052517 -0.0112261 -0.0225 0.0052517 -0.01117 -0.0225 -0.0098733 -0.01117 0.0125 -0.0098733 -0.0111312 -0.0425 0.0080217 -0.0111312 -0.0225 0.0080217 -0.0111037 -0.0375 0.0420436 -0.0111037 0.0425 0.0420436 -0.0110844 -0.0425 -0.0073747 -0.0110844 -0.0225 -0.0073747 -0.0110636 -0.0425 -0.0015622 -0.0110636 -0.0275 -0.0015622 -0.0109816 -0.0425 -0.0043765 -0.0109816 -0.0225 -0.0043765 -0.0109478 -0.0425 0.0051568 -0.0109478 -0.0225 0.0051568 -0.0109307 -0.0425 0.0023158 -0.0109307 -0.0275 0.0023158 -0.010896 -0.0225 -0.001878 -0.010896 0.0125 -0.001878 -0.010847 -0.0425 0.0080974 -0.010847 -0.0225 0.0080974 -0.0107988 -0.0375 -0.0150212 -0.0107909 -0.0425 -0.007356 -0.0107909 -0.0225 -0.007356 -0.0107419 -0.0225 0.0026194 -0.0107419 0.0125 0.0026194 -0.0107254 0.0125 -0.0333161 -0.0107254 0.0425 -0.0333161 -0.0106902 -0.0425 -0.0044153 -0.0106902 -0.0225 -0.0044153 -0.010674 -0.0425 -0.0016951 -0.010674 -0.0275 -0.0016951 -0.0106563 -0.0425 0.0051179 -0.0106563 -0.0225 0.0051179 -0.010571 -0.0375384 -0.0147044 -0.0105536 -0.0425 0.0081162 -0.0105536 -0.0225 0.0081162 -0.0105329 -0.0425 0.0024218 -0.0105329 -0.0275 0.0024218 -0.0105068 -0.0425 -0.0072803 -0.0105068 -0.0225 -0.0072803 -0.010468 -0.0225 0.0106147 -0.010468 0.0125 0.0106147 -0.0104119 -0.0425 -0.0045103 -0.0104119 -0.0225 -0.0045103 -0.0103874 -0.0225 -0.0098232 -0.0103874 0.0125 -0.0098232 -0.0103629 -0.0425 0.0051367 -0.0103629 -0.0225 0.0051367 -0.010352 -0.0376522 -0.0143998 -0.0103028 -0.0375 0.042551 -0.0103028 0.0425 0.042551 -0.0102659 -0.0425 -0.0017495 -0.0102659 -0.0275 -0.0017495 -0.0102621 -0.0425 0.0080773 -0.0102621 -0.0225 0.0080773 -0.0102428 -0.0425 -0.0071506 -0.0102428 -0.0225 -0.0071506 -0.0101574 -0.0425 -0.0046577 -0.0101574 -0.0225 -0.0046577 -0.0101502 -0.0378371 -0.014119 -0.0101221 -0.0425 0.0024481 -0.0101221 -0.0275 0.0024481 -0.0101187 -0.0225 -0.0019815 -0.0101187 0.0125 -0.0019815 -0.0100787 -0.0425 0.0052124 -0.0100787 -0.0225 0.0052124 -0.0100499 -0.0375 -0.0473298 -0.0100499 0.0425 -0.0473298 -0.0100093 -0.0425 -0.006972 -0.0100093 -0.0225 -0.006972 -0.0099838 -0.0425 0.0079824 -0.0099838 -0.0225 0.0079824 -0.0099733 -0.0380858 -0.0138729 -0.0099594 -0.0225 0.0026695 -0.0099594 0.0125 0.0026695 -0.0099366 -0.0425 -0.0048519 -0.0099366 -0.0225 -0.0048519 -0.0098551 -0.0425 -0.0017232 -0.0098551 -0.0275 -0.0017232 -0.0098281 -0.0383889 -0.013671 -0.0098151 -0.0425 -0.0067512 -0.0098151 -0.0225 -0.0067512 -0.0098148 -0.0425 0.005342 -0.0098148 -0.0225 0.005342 -0.009758 -0.0425 -0.0050855 -0.009758 -0.0225 -0.0050855 -0.0097453 -0.0375 0.0157251 -0.0097294 -0.0425 0.007835 -0.0097294 -0.0225 0.007835 -0.0097202 -0.0387346 -0.0135209 -0.009714 -0.0425 0.0023937 -0.009714 -0.0275 0.0023937 -0.0096907 -0.0225 0.0105112 -0.0096907 0.0125 0.0105112 -0.0096676 -0.0425 -0.0064968 -0.0096676 -0.0225 -0.0064968 -0.0096538 -0.0391098 -0.0134285 -0.0096313 -0.0425 -0.0133973 -0.0096313 -0.0395 -0.0133973 -0.0096297 -0.0225 -0.0096214 -0.0096297 0.0125 -0.0096214 -0.0096283 -0.0425 -0.0053494 -0.0096283 -0.0225 -0.0053494 -0.0096122 -0.0375 0.0432004 -0.0096122 0.0425 0.0432004 -0.0095812 -0.0425 0.0055207 -0.0095812 -0.0225 0.0055207 -0.0095727 -0.0425 -0.0062185 -0.0095727 -0.0225 -0.0062185 -0.0095527 -0.0425 -0.0056335 -0.0095527 -0.0225 -0.0056335 -0.0095397 -0.0375384 0.0153935 -0.0095339 -0.0425 -0.005927 -0.0095339 -0.0225 -0.005927 -0.0095086 -0.0425 0.0076408 -0.0095086 -0.0225 0.0076408 -0.0094573 -0.0425 -0.0016172 -0.0094573 -0.0275 -0.0016172 -0.009387 -0.0425 0.0057415 -0.009387 -0.0225 0.0057415 -0.0093766 -0.0225 -0.0022347 -0.0093766 0.0125 -0.0022347 -0.0093421 -0.0376522 0.0150746 -0.0093299 -0.0425 0.0074072 -0.0093299 -0.0225 0.0074072 -0.0093244 -0.0425 0.0022608 -0.0093244 -0.0275 0.0022608 -0.0092396 -0.0425 0.0059959 -0.0092396 -0.0225 0.0059959 -0.0092017 -0.0225 0.0028713 -0.0092017 0.0125 0.0028713 -0.0092003 -0.0425 0.0071433 -0.0092003 -0.0225 0.0071433 -0.0091599 -0.0378371 0.0147807 -0.0091446 -0.0425 0.0062742 -0.0091446 -0.0225 0.0062742 -0.0091246 -0.0425 0.0068591 -0.0091246 -0.0225 0.0068591 -0.0091058 -0.0425 0.0065657 -0.0091058 -0.0225 0.0065657 -0.0090878 -0.0425 -0.0014357 -0.0090878 -0.0275 -0.0014357 -0.0090565 -0.0375 0.0439685 -0.0090565 0.0425 0.0439685 -0.0090003 -0.0380858 0.014523 -0.0089682 -0.0425 0.0020544 -0.0089682 -0.0275 0.0020544 -0.0089486 -0.0225 0.010258 -0.0089486 0.0125 0.010258 -0.0089259 -0.0225 -0.0092757 -0.0089259 0.0125 -0.0092757 -0.0088693 -0.0383889 0.0143116 -0.0087719 -0.0387346 0.0141545 -0.0087608 -0.0425 -0.0011856 -0.0087608 -0.0275 -0.0011856 -0.008712 -0.0391098 0.0140578 -0.0086981 -0.0225 -0.0026278 -0.0086981 0.0125 -0.0026278 -0.0086917 -0.0425 0.0140251 -0.0086917 -0.0395 0.0140251 -0.0086591 -0.0425 0.0017825 -0.0086591 -0.0275 0.0017825 -0.0086558 -0.0375 0.0448276 -0.0086558 0.0425 0.0448276 -0.0084979 -0.0225 0.003217 -0.0084979 0.0125 0.003217 -0.0084968 -0.0375 0.0476331 -0.0084968 0.0425 0.0476331 -0.0084889 -0.0425 -0.0008765 -0.0084889 -0.0275 -0.0008765 -0.0084245 -0.0375 0.045747 -0.0084245 0.0425 0.045747 -0.0084198 0.0125 0.0339722 -0.0084198 0.0425 0.0339722 -0.008409 -0.0425 0.0014555 -0.008409 -0.0275 0.0014555 -0.0083709 -0.0375 0.0466935 -0.0083709 0.0425 0.0466935 -0.0083495 -0.0375 -0.0476591 -0.0083495 0.0425 -0.0476591 -0.0083031 -0.0225 -0.0087993 -0.0083031 0.0125 -0.0087993 -0.0082825 -0.0425 -0.0005203 -0.0082825 -0.0275 -0.0005203 -0.0082701 -0.0225 0.0098649 -0.0082701 0.0125 0.0098649 -0.0082275 -0.0425 0.001086 -0.0082275 -0.0275 0.001086 -0.0081496 -0.0425 -0.0001307 -0.0081496 -0.0275 -0.0001307 -0.0081215 -0.0425 0.0006882 -0.0081215 -0.0275 0.0006882 -0.0081094 -0.0225 -0.0031457 -0.0081094 0.0125 -0.0031457 -0.0080952 -0.0425 0.0002774 -0.0080952 -0.0275 0.0002774 -0.007875 -0.0225 0.0036934 -0.007875 0.0125 0.0036934 -0.0077852 -0.0225 -0.0082105 -0.0077852 0.0125 -0.0082105 -0.0076813 -0.0225 0.009347 -0.0076813 0.0125 0.009347 -0.0076608 -0.0375 -0.0168393 -0.007633 -0.0225 -0.0037685 -0.007633 0.0125 -0.0037685 -0.0074992 -0.0375384 -0.0164842 -0.0073921 -0.0225 -0.007532 -0.0073921 0.0125 -0.007532 -0.0073571 -0.0225 0.0042822 -0.0073571 0.0125 0.0042822 -0.0073439 -0.0376522 -0.0161426 -0.0072872 -0.0225 -0.0044723 -0.0072872 0.0125 -0.0044723 -0.0072049 -0.0225 0.0087241 -0.0072049 0.0125 0.0087241 -0.0072007 -0.0378371 -0.0158279 -0.0071389 -0.0225 -0.0067899 -0.0071389 0.0125 -0.0067899 -0.0070854 -0.0225 -0.0052301 -0.0070854 0.0125 -0.0052301 -0.0070752 -0.0380858 -0.015552 -0.0070353 -0.0225 -0.0060126 -0.0070353 0.0125 -0.0060126 -0.0069722 -0.0383889 -0.0153256 -0.006964 -0.0225 0.0049607 -0.006964 0.0125 0.0049607 -0.0068956 -0.0387346 -0.0151574 -0.0068592 -0.0225 0.0080203 -0.0068592 0.0125 0.0080203 -0.0068485 -0.0391098 -0.0150538 -0.0068326 -0.0425 -0.0150188 -0.0068326 -0.0395 -0.0150188 -0.0067866 -0.0375 0.0479067 -0.0067866 0.0425 0.0479067 -0.0067108 -0.0225 0.0057028 -0.0067108 0.0125 0.0057028 -0.0066574 -0.0225 0.0072626 -0.0066574 0.0125 0.0072626 -0.0066385 -0.0375 -0.0479274 -0.0066385 0.0425 -0.0479274 -0.0066073 -0.0225 0.0064801 -0.0066073 0.0125 0.0064801 -0.0064902 -0.0375 0.0173242 -0.0064679 -0.0375 -0.0469949 -0.0064679 0.0425 -0.0469949 -0.0063533 -0.0375384 0.0169588 -0.0062217 -0.0376522 0.0166075 -0.0061244 -0.0375 -0.0461113 -0.0061244 0.0425 -0.0461113 -0.0061004 -0.0378371 0.0162837 -0.0059941 -0.0380858 0.0159999 -0.0059068 -0.0383889 0.0157669 -0.005842 -0.0387346 0.0155939 -0.005802 -0.0391098 0.0154873 -0.0057885 -0.0425 0.0154513 -0.0057885 -0.0395 0.0154513 -0.0056203 -0.0375 -0.0453084 -0.0056203 0.0425 -0.0453084 -0.0050677 -0.0375 0.0481189 -0.0050677 0.0425 0.0481189 -0.0049737 -0.0375 -0.0446151 -0.0049737 0.0425 -0.0446151 -0.0044257 -0.0225 -0.0123557 -0.0044257 0.0125 -0.0123557 -0.004421 0.0125 -0.0347197 -0.004421 0.0425 -0.0347197 -0.0043756 -0.0225 -0.0131382 -0.0043756 0.0125 -0.0131382 -0.0043222 -0.0225 -0.0115784 -0.0043222 0.0125 -0.0115784 -0.0042284 -0.0375 -0.0180103 -0.0042079 -0.0375 -0.0440563 -0.0042079 0.0425 -0.0440563 -0.0041738 -0.0225 -0.013896 -0.0041738 0.0125 -0.013896 -0.0041392 -0.0375384 -0.0176304 -0.004069 -0.0225 -0.0108363 -0.004069 0.0125 -0.0108363 -0.0040535 -0.0376522 -0.0172652 -0.0039744 -0.0378371 -0.0169286 -0.0039052 -0.0380858 -0.0166335 -0.0038483 -0.0383889 -0.0163914 -0.0038281 -0.0225 -0.0145998 -0.0038281 0.0125 -0.0145998 -0.0038061 -0.0387346 -0.0162114 -0.0037801 -0.0391098 -0.0161006 -0.0037713 -0.0425 -0.0160632 -0.0037713 -0.0395 -0.0160632 -0.0036759 -0.0225 -0.0101578 -0.0036759 0.0125 -0.0101578 -0.0035696 -0.0225 0.0126296 -0.0035696 0.0125 0.0126296 -0.0035195 -0.0225 0.0118471 -0.0035195 0.0125 0.0118471 -0.0034661 -0.0225 0.0134069 -0.0034661 0.0125 0.0134069 -0.0033517 -0.0225 -0.0152226 -0.0033517 0.0125 -0.0152226 -0.0033504 -0.0375 -0.0436521 -0.0033504 0.0425 -0.0436521 -0.0033423 -0.0375 0.0482694 -0.0033423 0.0425 0.0482694 -0.0033177 -0.0225 0.0110894 -0.0033177 0.0125 0.0110894 -0.003236 -0.0375 0.0473274 -0.003236 0.0425 0.0473274 -0.0032129 -0.0225 0.0141491 -0.0032129 0.0125 0.0141491 -0.003158 -0.0225 -0.009569 -0.003158 0.0125 -0.009569 -0.0029857 -0.0375 0.0182575 -0.002972 -0.0225 0.0103856 -0.002972 0.0125 0.0103856 -0.0029538 -0.0375 0.0464224 -0.0029538 0.0425 0.0464224 -0.0029227 -0.0375384 0.0178724 -0.0028622 -0.0376522 0.0175021 -0.0028198 -0.0225 0.0148275 -0.0028198 0.0125 0.0148275 -0.0028064 -0.0378371 0.0171609 -0.0027629 -0.0225 -0.0157405 -0.0027629 0.0125 -0.0157405 -0.0027575 -0.0380858 0.0168618 -0.0027173 -0.0383889 0.0166163 -0.0026875 -0.0387346 0.0164339 -0.0026691 -0.0391098 0.0163216 -0.0026629 -0.0425 0.0162837 -0.0026629 -0.0395 0.0162837 -0.0025351 -0.0225 -0.0090926 -0.0025351 0.0125 -0.0090926 -0.0025058 -0.0375 0.0455869 -0.0025058 0.0425 0.0455869 -0.0024956 -0.0225 0.0097628 -0.0024956 0.0125 0.0097628 -0.002432 -0.0375 -0.0434171 -0.002432 0.0425 -0.0434171 -0.0023019 -0.0225 0.0154163 -0.0023019 0.0125 0.0154163 -0.0020844 -0.0225 -0.0161336 -0.0020844 0.0125 -0.0161336 -0.002034 0.0125 0.0349408 -0.002034 0.0425 0.0349408 -0.0019272 -0.0425 -0.0124413 -0.0019272 -0.0225 -0.0124413 -0.0019084 -0.0425 -0.0127348 -0.0019084 -0.0225 -0.0127348 -0.0019082 -0.0375 0.0448509 -0.0019082 0.0425 0.0448509 -0.0019068 -0.0225 0.0092448 -0.0019068 0.0125 0.0092448 -0.0018884 -0.0425 -0.0121498 -0.0018884 -0.0225 -0.0121498 -0.0018327 -0.0425 -0.0130189 -0.0018327 -0.0225 -0.0130189 -0.0018313 -0.0225 -0.0087469 -0.0018313 0.0125 -0.0087469 -0.0017934 -0.0425 -0.0118715 -0.0017934 -0.0225 -0.0118715 -0.0017031 -0.0425 -0.0132828 -0.0017031 -0.0225 -0.0132828 -0.001679 -0.0225 0.0158927 -0.001679 0.0125 0.0158927 -0.001646 -0.0425 -0.0116171 -0.001646 -0.0225 -0.0116171 -0.0015244 -0.0425 -0.0135164 -0.0015244 -0.0225 -0.0135164 -0.0014857 -0.0375 -0.0433596 -0.0014857 0.0425 -0.0433596 -0.0014518 -0.0425 -0.0113963 -0.0014518 -0.0225 -0.0113963 -0.0013423 -0.0225 -0.0163868 -0.0013423 0.0125 -0.0163868 -0.0013036 -0.0425 -0.0137106 -0.0013036 -0.0225 -0.0137106 -0.0012283 -0.0225 0.0088517 -0.0012283 0.0125 0.0088517 -0.0012182 -0.0425 -0.0112177 -0.0012182 -0.0225 -0.0112177 -0.0011824 -0.0375 0.044241 -0.0011824 0.0425 0.044241 -0.0010736 -0.0225 -0.0085451 -0.0010736 0.0125 -0.0085451 -0.0010711 -0.0425 0.012544 -0.0010711 -0.0225 0.012544 -0.0010523 -0.0425 0.0122506 -0.0010523 -0.0225 0.0122506 -0.0010492 -0.0425 -0.013858 -0.0010492 -0.0225 -0.013858 -0.0010322 -0.0425 0.0128355 -0.0010322 -0.0225 0.0128355 -0.0009766 -0.0425 0.0119664 -0.0009766 -0.0225 0.0119664 -0.0009752 -0.0225 0.0162384 -0.0009752 0.0125 0.0162384 -0.0009543 -0.0425 -0.011088 -0.0009543 -0.0225 -0.011088 -0.0009373 -0.0425 0.0131138 -0.0009373 -0.0225 0.0131138 -0.000847 -0.0425 0.0117025 -0.000847 -0.0225 0.0117025 -0.0007899 -0.0425 0.0133682 -0.0007899 -0.0225 0.0133682 -0.0007709 -0.0425 -0.013953 -0.0007709 -0.0225 -0.013953 -0.0006701 -0.0425 -0.0110123 -0.0006701 -0.0225 -0.0110123 -0.0006683 -0.0425 0.011469 -0.0006683 -0.0225 0.011469 -0.0006335 -0.0375 -0.0184891 -0.0006202 -0.0375384 -0.0180992 -0.0006073 -0.0376522 -0.0177242 -0.0005957 -0.0425 0.013589 -0.0005957 -0.0225 0.013589 -0.0005955 -0.0378371 -0.0173787 -0.0005851 -0.0380858 -0.0170758 -0.0005766 -0.0383889 -0.0168272 -0.0005703 -0.0387346 -0.0166425 -0.0005664 -0.0391098 -0.0165287 -0.000565 -0.0425 -0.0164903 -0.000565 -0.0395 -0.0164903 -0.000565 -0.0225 -0.0164903 -0.000565 0.0125 -0.0164903 -0.0005456 -0.0375 -0.0434817 -0.0005456 0.0425 -0.0434817 -0.0004862 -0.0225 0.0085986 -0.0004862 0.0125 0.0085986 -0.0004794 -0.0425 -0.0139918 -0.0004794 -0.0225 -0.0139918 -0.0004475 -0.0425 0.0112747 -0.0004475 -0.0225 0.0112747 -0.0003767 -0.0425 -0.0109935 -0.0003767 -0.0225 -0.0109935 -0.0003621 -0.0425 0.0137677 -0.0003621 -0.0225 0.0137677 -0.0003546 -0.0375 0.0437791 -0.0003546 0.0425 0.0437791 -0.0002911 -0.0225 -0.008495 -0.0002911 0.0125 -0.008495 -0.0002175 -0.0225 0.0164402 -0.0002175 0.0125 0.0164402 -0.0001931 -0.0425 0.0111273 -0.0001931 -0.0225 0.0111273 -0.000186 -0.0425 -0.013973 -0.000186 -0.0225 -0.013973 -9.82e-05 -0.0425 0.0138973 -9.82e-05 -0.0225 0.0138973 -8.52e-05 -0.0425 -0.0110324 -8.52e-05 -0.0225 -0.0110324 8.52e-05 -0.0425 0.0110324 8.52e-05 -0.0225 0.0110324 9.82e-05 -0.0425 -0.0138973 9.82e-05 -0.0225 -0.0138973 0.000186 -0.0425 0.013973 0.000186 -0.0225 0.013973 0.0001931 -0.0425 -0.0111273 0.0001931 -0.0225 -0.0111273 0.0002175 -0.0225 -0.0164402 0.0002175 0.0125 -0.0164402 0.0002911 -0.0225 0.008495 0.0002911 0.0125 0.008495 0.0003546 -0.0375 -0.0437791 0.0003546 0.0425 -0.0437791 0.0003621 -0.0425 -0.0137677 0.0003621 -0.0225 -0.0137677 0.0003767 -0.0425 0.0109935 0.0003767 -0.0225 0.0109935 0.0004475 -0.0425 -0.0112747 0.0004475 -0.0225 -0.0112747 0.0004794 -0.0425 0.0139918 0.0004794 -0.0225 0.0139918 0.0004862 -0.0225 -0.0085986 0.0004862 0.0125 -0.0085986 0.0005456 -0.0375 0.0434817 0.0005456 0.0425 0.0434817 0.000565 -0.0425 0.0164903 0.000565 -0.0395 0.0164903 0.000565 -0.0225 0.0164903 0.000565 0.0125 0.0164903 0.0005664 -0.0391098 0.0165287 0.0005703 -0.0387346 0.0166425 0.0005766 -0.0383889 0.0168272 0.0005851 -0.0380858 0.0170758 0.0005955 -0.0378371 0.0173787 0.0005957 -0.0425 -0.013589 0.0005957 -0.0225 -0.013589 0.0006073 -0.0376522 0.0177242 0.0006202 -0.0375384 0.0180992 0.0006335 -0.0375 0.0184891 0.0006683 -0.0425 -0.011469 0.0006683 -0.0225 -0.011469 0.0006701 -0.0425 0.0110123 0.0006701 -0.0225 0.0110123 0.0007709 -0.0425 0.013953 0.0007709 -0.0225 0.013953 0.0007899 -0.0425 -0.0133682 0.0007899 -0.0225 -0.0133682 0.000847 -0.0425 -0.0117025 0.000847 -0.0225 -0.0117025 0.0009373 -0.0425 -0.0131138 0.0009373 -0.0225 -0.0131138 0.0009543 -0.0425 0.011088 0.0009543 -0.0225 0.011088 0.0009752 -0.0225 -0.0162384 0.0009752 0.0125 -0.0162384 0.0009766 -0.0425 -0.0119664 0.0009766 -0.0225 -0.0119664 0.0010322 -0.0425 -0.0128355 0.0010322 -0.0225 -0.0128355 0.0010492 -0.0425 0.013858 0.0010492 -0.0225 0.013858 0.0010523 -0.0425 -0.0122506 0.0010523 -0.0225 -0.0122506 0.0010711 -0.0425 -0.012544 0.0010711 -0.0225 -0.012544 0.0010736 -0.0225 0.0085451 0.0010736 0.0125 0.0085451 0.0011824 -0.0375 -0.044241 0.0011824 0.0425 -0.044241 0.0012182 -0.0425 0.0112177 0.0012182 -0.0225 0.0112177 0.0012283 -0.0225 -0.0088517 0.0012283 0.0125 -0.0088517 0.0013036 -0.0425 0.0137106 0.0013036 -0.0225 0.0137106 0.0013423 -0.0225 0.0163868 0.0013423 0.0125 0.0163868 0.0014518 -0.0425 0.0113963 0.0014518 -0.0225 0.0113963 0.0014857 -0.0375 0.0433596 0.0014857 0.0425 0.0433596 0.0015244 -0.0425 0.0135164 0.0015244 -0.0225 0.0135164 0.001646 -0.0425 0.0116171 0.001646 -0.0225 0.0116171 0.001679 -0.0225 -0.0158927 0.001679 0.0125 -0.0158927 0.0017031 -0.0425 0.0132828 0.0017031 -0.0225 0.0132828 0.0017934 -0.0425 0.0118715 0.0017934 -0.0225 0.0118715 0.0018313 -0.0225 0.0087469 0.0018313 0.0125 0.0087469 0.0018327 -0.0425 0.0130189 0.0018327 -0.0225 0.0130189 0.0018884 -0.0425 0.0121498 0.0018884 -0.0225 0.0121498 0.0019068 -0.0225 -0.0092448 0.0019068 0.0125 -0.0092448 0.0019082 -0.0375 -0.0448509 0.0019082 0.0425 -0.0448509 0.0019084 -0.0425 0.0127348 0.0019084 -0.0225 0.0127348 0.0019272 -0.0425 0.0124413 0.0019272 -0.0225 0.0124413 0.002034 0.0125 -0.0349408 0.002034 0.0425 -0.0349408 0.0020844 -0.0225 0.0161336 0.0020844 0.0125 0.0161336 0.0023019 -0.0225 -0.0154163 0.0023019 0.0125 -0.0154163 0.002432 -0.0375 0.0434171 0.002432 0.0425 0.0434171 0.0024956 -0.0225 -0.0097628 0.0024956 0.0125 -0.0097628 0.0025058 -0.0375 -0.0455869 0.0025058 0.0425 -0.0455869 0.0025351 -0.0225 0.0090926 0.0025351 0.0125 0.0090926 0.0026629 -0.0425 -0.0162837 0.0026629 -0.0395 -0.0162837 0.0026691 -0.0391098 -0.0163216 0.0026875 -0.0387346 -0.0164339 0.0026957 -0.0425 -0.008931 0.0026957 -0.0275 -0.008931 0.0027173 -0.0383889 -0.0166163 0.002722 -0.0425 -0.0093418 0.002722 -0.0275 -0.0093418 0.0027501 -0.0425 -0.0085229 0.0027501 -0.0275 -0.0085229 0.0027575 -0.0380858 -0.0168618 0.0027629 -0.0225 0.0157405 0.0027629 0.0125 0.0157405 0.0028064 -0.0378371 -0.0171609 0.0028198 -0.0225 -0.0148275 0.0028198 0.0125 -0.0148275 0.002828 -0.0425 -0.0097397 0.002828 -0.0275 -0.0097397 0.0028622 -0.0376522 -0.0175021 0.002883 -0.0425 -0.0081333 0.002883 -0.0275 -0.0081333 0.0029227 -0.0375384 -0.0178724 0.0029538 -0.0375 -0.0464224 0.0029538 0.0425 -0.0464224 0.002972 -0.0225 -0.0103856 0.002972 0.0125 -0.0103856 0.0029857 -0.0375 -0.0182575 0.0030095 -0.0425 -0.0101091 0.0030095 -0.0275 -0.0101091 0.0030894 -0.0425 -0.0077771 0.0030894 -0.0275 -0.0077771 0.003158 -0.0225 0.009569 0.003158 0.0125 0.009569 0.0032129 -0.0225 -0.0141491 0.0032129 0.0125 -0.0141491 0.003236 -0.0375 -0.0473274 0.003236 0.0425 -0.0473274 0.0032596 -0.0425 -0.0104361 0.0032596 -0.0275 -0.0104361 0.0033007 -0.0425 0.0087255 0.0033007 -0.0275 0.0087255 0.0033177 -0.0225 -0.0110894 0.0033177 0.0125 -0.0110894 0.003327 -0.0425 0.0083147 0.003327 -0.0275 0.0083147 0.0033423 -0.0375 -0.0482694 0.0033423 0.0425 -0.0482694 0.0033504 -0.0375 0.0436521 0.0033504 0.0425 0.0436521 0.0033517 -0.0225 0.0152226 0.0033517 0.0125 0.0152226 0.0033551 -0.0425 0.0091336 0.0033551 -0.0275 0.0091336 0.0033613 -0.0425 -0.007468 0.0033613 -0.0275 -0.007468 0.003433 -0.0425 0.0079169 0.003433 -0.0275 0.0079169 0.0034661 -0.0225 -0.0134069 0.0034661 0.0125 -0.0134069 0.003488 -0.0425 0.0095232 0.003488 -0.0275 0.0095232 0.0035195 -0.0225 -0.0118471 0.0035195 0.0125 -0.0118471 0.0035687 -0.0425 -0.010708 0.0035687 -0.0275 -0.010708 0.0035696 -0.0225 -0.0126296 0.0035696 0.0125 -0.0126296 0.0036145 -0.0425 0.0075474 0.0036145 -0.0275 0.0075474 0.0036759 -0.0225 0.0101578 0.0036759 0.0125 0.0101578 0.0036883 -0.0425 -0.0072179 0.0036883 -0.0275 -0.0072179 0.0036944 -0.0425 0.0098794 0.0036944 -0.0275 0.0098794 0.0037713 -0.0425 0.0160632 0.0037713 -0.0395 0.0160632 0.0037801 -0.0391098 0.0161006 0.0038061 -0.0387346 0.0162114 0.0038281 -0.0225 0.0145998 0.0038281 0.0125 0.0145998 0.0038483 -0.0383889 0.0163914 0.0038646 -0.0425 0.0072204 0.0038646 -0.0275 0.0072204 0.0039052 -0.0380858 0.0166335 0.0039249 -0.0425 -0.0109144 0.0039249 -0.0275 -0.0109144 0.0039663 -0.0425 0.0101885 0.0039663 -0.0275 0.0101885 0.0039744 -0.0378371 0.0169286 0.0040535 -0.0376522 0.0172652 0.0040578 -0.0425 -0.0070364 0.0040578 -0.0275 -0.0070364 0.004069 -0.0225 0.0108363 0.004069 0.0125 0.0108363 0.0041392 -0.0375384 0.0176304 0.0041737 -0.0425 0.0069485 0.0041737 -0.0275 0.0069485 0.0041738 -0.0225 0.013896 0.0041738 0.0125 0.013896 0.0042079 -0.0375 0.0440563 0.0042079 0.0425 0.0440563 0.0042284 -0.0375 0.0180103 0.0042933 -0.0425 0.0104386 0.0042933 -0.0275 0.0104386 0.0043145 -0.0425 -0.0110473 0.0043145 -0.0275 -0.0110473 0.0043222 -0.0225 0.0115784 0.0043222 0.0125 0.0115784 0.0043756 -0.0225 0.0131382 0.0043756 0.0125 0.0131382 0.004421 0.0125 0.0347197 0.004421 0.0425 0.0347197 0.0044257 -0.0225 0.0123557 0.0044257 0.0125 0.0123557 0.0044556 -0.0425 -0.0069305 0.0044556 -0.0275 -0.0069305 0.0045299 -0.0425 0.0067421 0.0045299 -0.0275 0.0067421 0.0046628 -0.0425 0.0106202 0.0046628 -0.0275 0.0106202 0.0047226 -0.0425 -0.0111017 0.0047226 -0.0275 -0.0111017 0.0048664 -0.0425 -0.0069042 0.0048664 -0.0275 -0.0069042 0.0049195 -0.0425 0.0066092 0.0049195 -0.0275 0.0066092 0.0049737 -0.0375 0.0446151 0.0049737 0.0425 0.0446151 0.0050606 -0.0425 0.0107261 0.0050606 -0.0275 0.0107261 0.0050677 -0.0375 -0.0481189 0.0050677 0.0425 -0.0481189 0.0051334 -0.0425 -0.0110754 0.0051334 -0.0275 -0.0110754 0.0052745 -0.0425 -0.0069585 0.0052745 -0.0275 -0.0069585 0.0053276 -0.0425 0.0065549 0.0053276 -0.0275 0.0065549 0.0054714 -0.0425 0.0107524 0.0054714 -0.0275 0.0107524 0.0055312 -0.0425 -0.0109695 0.0055312 -0.0275 -0.0109695 0.0056203 -0.0375 0.0453084 0.0056203 0.0425 0.0453084 0.0056641 -0.0425 -0.0070914 0.0056641 -0.0275 -0.0070914 0.0057384 -0.0425 0.0065812 0.0057384 -0.0275 0.0065812 0.0057885 -0.0425 -0.0154513 0.0057885 -0.0395 -0.0154513 0.005802 -0.0391098 -0.0154873 0.005842 -0.0387346 -0.0155939 0.0058795 -0.0425 0.010698 0.0058795 -0.0275 0.010698 0.0059007 -0.0425 -0.0107879 0.0059007 -0.0275 -0.0107879 0.0059068 -0.0383889 -0.0157669 0.0059941 -0.0380858 -0.0159999 0.0060203 -0.0425 -0.0072978 0.0060203 -0.0275 -0.0072978 0.0061004 -0.0378371 -0.0162837 0.0061244 -0.0375 0.0461113 0.0061244 0.0425 0.0461113 0.0061362 -0.0425 0.0066871 0.0061362 -0.0275 0.0066871 0.0062217 -0.0376522 -0.0166075 0.0062277 -0.0425 -0.0105378 0.0062277 -0.0275 -0.0105378 0.0062691 -0.0425 0.0105651 0.0062691 -0.0275 0.0105651 0.0063294 -0.0425 -0.0075697 0.0063294 -0.0275 -0.0075697 0.0063533 -0.0375384 -0.0169588 0.0064679 -0.0375 0.0469949 0.0064679 0.0425 0.0469949 0.0064902 -0.0375 -0.0173242 0.0064996 -0.0425 -0.0102287 0.0064996 -0.0275 -0.0102287 0.0065057 -0.0425 0.0068686 0.0065057 -0.0275 0.0068686 0.0065795 -0.0425 -0.0078967 0.0065795 -0.0275 -0.0078967 0.0066073 -0.0225 -0.0064801 0.0066073 0.0125 -0.0064801 0.0066253 -0.0425 0.0103587 0.0066253 -0.0275 0.0103587 0.0066385 -0.0375 0.0479274 0.0066385 0.0425 0.0479274 0.0066574 -0.0225 -0.0072626 0.0066574 0.0125 -0.0072626 0.006706 -0.0425 -0.0098725 0.006706 -0.0275 -0.0098725 0.0067108 -0.0225 -0.0057028 0.0067108 0.0125 -0.0057028 0.006761 -0.0425 -0.0082662 0.006761 -0.0275 -0.0082662 0.0067866 -0.0375 -0.0479067 0.0067866 0.0425 -0.0479067 0.0068326 -0.0425 0.0150188 0.0068326 -0.0395 0.0150188 0.0068327 -0.0425 0.0071187 0.0068327 -0.0275 0.0071187 0.0068389 -0.0425 -0.0094829 0.0068389 -0.0275 -0.0094829 0.0068485 -0.0391098 0.0150538 0.0068592 -0.0225 -0.0080203 0.0068592 0.0125 -0.0080203 0.006867 -0.0425 -0.008664 0.006867 -0.0275 -0.008664 0.0068933 -0.0425 -0.0090748 0.0068933 -0.0275 -0.0090748 0.0068956 -0.0387346 0.0151574 0.0069344 -0.0425 0.0100868 0.0069344 -0.0275 0.0100868 0.006964 -0.0225 -0.0049607 0.006964 0.0125 -0.0049607 0.0069722 -0.0383889 0.0153256 0.0070353 -0.0225 0.0060126 0.0070353 0.0125 0.0060126 0.0070752 -0.0380858 0.015552 0.0070854 -0.0225 0.0052301 0.0070854 0.0125 0.0052301 0.0071046 -0.0425 0.0074278 0.0071046 -0.0275 0.0074278 0.0071389 -0.0225 0.0067899 0.0071389 0.0125 0.0067899 0.0071845 -0.0425 0.0097598 0.0071845 -0.0275 0.0097598 0.0072007 -0.0378371 0.0158279 0.0072049 -0.0225 -0.0087241 0.0072049 0.0125 -0.0087241 0.0072872 -0.0225 0.0044723 0.0072872 0.0125 0.0044723 0.007311 -0.0425 0.007784 0.007311 -0.0275 0.007784 0.0073439 -0.0376522 0.0161426 0.0073571 -0.0225 -0.0042822 0.0073571 0.0125 -0.0042822 0.007366 -0.0425 0.0093904 0.007366 -0.0275 0.0093904 0.0073921 -0.0225 0.007532 0.0073921 0.0125 0.007532 0.0074439 -0.0425 0.0081736 0.0074439 -0.0275 0.0081736 0.007472 -0.0425 0.0089925 0.007472 -0.0275 0.0089925 0.0074983 -0.0425 0.0085817 0.0074983 -0.0275 0.0085817 0.0074992 -0.0375384 0.0164842 0.007633 -0.0225 0.0037685 0.007633 0.0125 0.0037685 0.0076608 -0.0375 0.0168393 0.0076813 -0.0225 -0.009347 0.0076813 0.0125 -0.009347 0.0077852 -0.0225 0.0082105 0.0077852 0.0125 0.0082105 0.007875 -0.0225 -0.0036934 0.007875 0.0125 -0.0036934 0.0081094 -0.0225 0.0031457 0.0081094 0.0125 0.0031457 0.0082701 -0.0225 -0.0098649 0.0082701 0.0125 -0.0098649 0.0083031 -0.0225 0.0087993 0.0083031 0.0125 0.0087993 0.0083495 -0.0375 0.0476591 0.0083495 0.0425 0.0476591 0.0083709 -0.0375 -0.0466935 0.0083709 0.0425 -0.0466935 0.0084198 0.0125 -0.0339722 0.0084198 0.0425 -0.0339722 0.0084245 -0.0375 -0.045747 0.0084245 0.0425 -0.045747 0.0084968 -0.0375 -0.0476331 0.0084968 0.0425 -0.0476331 0.0084979 -0.0225 -0.003217 0.0084979 0.0125 -0.003217 0.0086558 -0.0375 -0.0448276 0.0086558 0.0425 -0.0448276 0.0086917 -0.0425 -0.0140251 0.0086917 -0.0395 -0.0140251 0.0086981 -0.0225 0.0026278 0.0086981 0.0125 0.0026278 0.008712 -0.0391098 -0.0140578 0.0087719 -0.0387346 -0.0141545 0.0088693 -0.0383889 -0.0143116 0.0089259 -0.0225 0.0092757 0.0089259 0.0125 0.0092757 0.0089486 -0.0225 -0.010258 0.0089486 0.0125 -0.010258 0.0090003 -0.0380858 -0.014523 0.0090565 -0.0375 -0.0439685 0.0090565 0.0425 -0.0439685 0.0091058 -0.0425 -0.0065657 0.0091058 -0.0225 -0.0065657 0.0091246 -0.0425 -0.0068591 0.0091246 -0.0225 -0.0068591 0.0091446 -0.0425 -0.0062742 0.0091446 -0.0225 -0.0062742 0.0091599 -0.0378371 -0.0147807 0.0092003 -0.0425 -0.0071433 0.0092003 -0.0225 -0.0071433 0.0092017 -0.0225 -0.0028713 0.0092017 0.0125 -0.0028713 0.0092396 -0.0425 -0.0059959 0.0092396 -0.0225 -0.0059959 0.0093299 -0.0425 -0.0074072 0.0093299 -0.0225 -0.0074072 0.0093421 -0.0376522 -0.0150746 0.0093766 -0.0225 0.0022347 0.0093766 0.0125 0.0022347 0.009387 -0.0425 -0.0057415 0.009387 -0.0225 -0.0057415 0.0095086 -0.0425 -0.0076408 0.0095086 -0.0225 -0.0076408 0.0095339 -0.0425 0.005927 0.0095339 -0.0225 0.005927 0.0095397 -0.0375384 -0.0153935 0.0095527 -0.0425 0.0056335 0.0095527 -0.0225 0.0056335 0.0095727 -0.0425 0.0062185 0.0095727 -0.0225 0.0062185 0.0095812 -0.0425 -0.0055207 0.0095812 -0.0225 -0.0055207 0.0096122 -0.0375 -0.0432004 0.0096122 0.0425 -0.0432004 0.0096283 -0.0425 0.0053494 0.0096283 -0.0225 0.0053494 0.0096297 -0.0225 0.0096214 0.0096297 0.0125 0.0096214 0.0096313 -0.0425 0.0133973 0.0096313 -0.0395 0.0133973 0.0096538 -0.0391098 0.0134285 0.0096676 -0.0425 0.0064968 0.0096676 -0.0225 0.0064968 0.0096907 -0.0225 -0.0105112 0.0096907 0.0125 -0.0105112 0.0097202 -0.0387346 0.0135209 0.0097294 -0.0425 -0.007835 0.0097294 -0.0225 -0.007835 0.0097453 -0.0375 -0.0157251 0.009758 -0.0425 0.0050855 0.009758 -0.0225 0.0050855 0.0098148 -0.0425 -0.005342 0.0098148 -0.0225 -0.005342 0.0098151 -0.0425 0.0067512 0.0098151 -0.0225 0.0067512 0.0098281 -0.0383889 0.013671 0.0099366 -0.0425 0.0048519 0.0099366 -0.0225 0.0048519 0.0099594 -0.0225 -0.0026695 0.0099594 0.0125 -0.0026695 0.0099733 -0.0380858 0.0138729 0.0099838 -0.0425 -0.0079824 0.0099838 -0.0225 -0.0079824 0.0100093 -0.0425 0.006972 0.0100093 -0.0225 0.006972 0.0100499 -0.0375 0.0473298 0.0100499 0.0425 0.0473298 0.0100787 -0.0425 -0.0052124 0.0100787 -0.0225 -0.0052124 0.0101187 -0.0225 0.0019815 0.0101187 0.0125 0.0019815 0.0101502 -0.0378371 0.014119 0.0101574 -0.0425 0.0046577 0.0101574 -0.0225 0.0046577 0.0102428 -0.0425 0.0071506 0.0102428 -0.0225 0.0071506 0.0102621 -0.0425 -0.0080773 0.0102621 -0.0225 -0.0080773 0.0103028 -0.0375 -0.042551 0.0103028 0.0425 -0.042551 0.010352 -0.0376522 0.0143998 0.0103629 -0.0425 -0.0051367 0.0103629 -0.0225 -0.0051367 0.0103874 -0.0225 0.0098232 0.0103874 0.0125 0.0098232 0.0104119 -0.0425 0.0045103 0.0104119 -0.0225 0.0045103 0.010468 -0.0225 -0.0106147 0.010468 0.0125 -0.0106147 0.0105068 -0.0425 0.0072803 0.0105068 -0.0225 0.0072803 0.0105536 -0.0425 -0.0081162 0.0105536 -0.0225 -0.0081162 0.010571 -0.0375384 0.0147044 0.0106563 -0.0425 -0.0051179 0.0106563 -0.0225 -0.0051179 0.0106902 -0.0425 0.0044153 0.0106902 -0.0225 0.0044153 0.0107254 0.0125 0.0333161 0.0107254 0.0425 0.0333161 0.0107419 -0.0225 -0.0026194 0.0107419 0.0125 -0.0026194 0.0107909 -0.0425 0.007356 0.0107909 -0.0225 0.007356 0.0107988 -0.0375 0.0150212 0.010847 -0.0425 -0.0080974 0.010847 -0.0225 -0.0080974 0.010896 -0.0225 0.001878 0.010896 0.0125 0.001878 0.0109478 -0.0425 -0.0051568 0.0109478 -0.0225 -0.0051568 0.0109816 -0.0425 0.0043765 0.0109816 -0.0225 0.0043765 0.0110844 -0.0425 0.0073747 0.0110844 -0.0225 0.0073747 0.0111037 -0.0375 -0.0420436 0.0111037 0.0425 -0.0420436 0.0111312 -0.0425 -0.0080217 0.0111312 -0.0225 -0.0080217 0.01117 -0.0225 0.0098733 0.01117 0.0125 0.0098733 0.0112261 -0.0425 -0.0052517 0.0112261 -0.0225 -0.0052517 0.0112505 -0.0225 -0.0105646 0.0112505 0.0125 -0.0105646 0.0112609 -0.0425 -0.01206 0.0112609 -0.0395 -0.01206 0.0112751 -0.0425 0.0043953 0.0112751 -0.0225 0.0043953 0.0112871 -0.0391098 -0.012088 0.0113648 -0.0387346 -0.0121712 0.0113758 -0.0425 0.0073359 0.0113758 -0.0225 0.0073359 0.0113951 -0.0425 -0.0078921 0.0113951 -0.0225 -0.0078921 0.0114805 -0.0425 -0.0053991 0.0114805 -0.0225 -0.0053991 0.0114909 -0.0383889 -0.0123063 0.0115192 -0.0225 -0.0027229 0.0115192 0.0125 -0.0027229 0.0115361 -0.0375 0.0450631 0.0115361 0.0425 0.0450631 0.0115474 -0.0375 0.046011 0.0115474 0.0425 0.046011 0.0115592 -0.0425 0.004471 0.0115592 -0.0225 0.004471 0.0116287 -0.0425 -0.0077134 0.0116287 -0.0225 -0.0077134 0.0116541 -0.0425 0.007241 0.0116541 -0.0225 0.007241 0.0116607 -0.0380858 -0.0124881 0.0116786 -0.0225 0.0019281 0.0116786 0.0125 0.0019281 0.0117013 -0.0425 -0.0055933 0.0117013 -0.0225 -0.0055933 0.0117039 -0.0375 0.04413 0.0117039 0.0425 0.04413 0.0117373 -0.0375 0.0469398 0.0117373 0.0425 0.0469398 0.0118229 -0.0425 -0.0074926 0.0118229 -0.0225 -0.0074926 0.0118232 -0.0425 0.0046006 0.0118232 -0.0225 0.0046006 0.0118675 -0.0378371 -0.0127096 0.0118799 -0.0425 -0.0058269 0.0118799 -0.0225 -0.0058269 0.0119086 -0.0425 0.0070936 0.0119086 -0.0225 0.0070936 0.0119472 -0.0225 0.0097697 0.0119472 0.0125 0.0097697 0.0119703 -0.0425 -0.0072382 0.0119703 -0.0225 -0.0072382 0.0119858 -0.0375 -0.0416965 0.0119858 0.0425 -0.0416965 0.0120082 -0.0225 -0.0103628 0.0120082 0.0125 -0.0103628 0.0120096 -0.0425 -0.0060908 0.0120096 -0.0225 -0.0060908 0.0120449 -0.0375 0.0432454 0.0120449 0.0425 0.0432454 0.0120567 -0.0425 0.0047793 0.0120567 -0.0225 0.0047793 0.01206 -0.0425 0.0112609 0.01206 -0.0395 0.0112609 0.0120652 -0.0425 -0.0069599 0.0120652 -0.0225 -0.0069599 0.0120853 -0.0425 -0.006375 0.0120853 -0.0225 -0.006375 0.012088 -0.0391098 0.0112871 0.0121035 -0.0376522 -0.0129624 0.0121041 -0.0425 -0.0066684 0.0121041 -0.0225 -0.0066684 0.0121294 -0.0425 0.0068993 0.0121294 -0.0225 0.0068993 0.0121712 -0.0387346 0.0113648 0.0122509 -0.0425 0.005 0.0122509 -0.0225 0.005 0.0122613 -0.0225 -0.0029761 0.0122613 0.0125 -0.0029761 0.0123063 -0.0383889 0.0114909 0.012308 -0.0425 0.0066658 0.012308 -0.0225 0.0066658 0.0123595 -0.0375384 -0.0132366 0.0123983 -0.0425 0.0052545 0.0123983 -0.0225 0.0052545 0.0124363 -0.0225 0.0021299 0.0124363 0.0125 0.0021299 0.0124377 -0.0425 0.0064019 0.0124377 -0.0225 0.0064019 0.0124881 -0.0380858 0.0116607 0.0124933 -0.0425 0.0055328 0.0124933 -0.0225 0.0055328 0.0125133 -0.0425 0.0061177 0.0125133 -0.0225 0.0061177 0.0125321 -0.0425 0.0058243 0.0125321 -0.0225 0.0058243 0.0125467 -0.0375 0.0424411 0.0125467 0.0425 0.0424411 0.0126258 -0.0375 -0.0135218 0.0126894 -0.0225 0.0095166 0.0126894 0.0125 0.0095166 0.0127096 -0.0378371 0.0118675 0.012712 -0.0225 -0.0100171 0.012712 0.0125 -0.0100171 0.0129177 -0.0375 -0.0415221 0.0129177 0.0425 -0.0415221 0.0129398 -0.0225 -0.0033692 0.0129398 0.0125 -0.0033692 0.0129624 -0.0376522 0.0121035 0.0131401 -0.0225 0.0024756 0.0131401 0.0125 0.0024756 0.0131913 -0.0375 0.0417459 0.0131913 0.0425 0.0417459 0.0132366 -0.0375384 0.0123595 0.0133348 -0.0225 -0.0095407 0.0133348 0.0125 -0.0095407 0.0133679 -0.0225 0.0091235 0.0133679 0.0125 0.0091235 0.0133973 -0.0425 -0.0096313 0.0133973 -0.0395 -0.0096313 0.0134285 -0.0391098 -0.0096538 0.0135209 -0.0387346 -0.0097202 0.0135218 -0.0375 0.0126258 0.0135286 -0.0225 -0.0038871 0.0135286 0.0125 -0.0038871 0.013671 -0.0383889 -0.0098281 0.0137629 -0.0225 0.002952 0.0137629 0.0125 0.002952 0.0138528 -0.0225 -0.0089519 0.0138528 0.0125 -0.0089519 0.0138657 -0.0375 -0.0415268 0.0138657 0.0425 -0.0415268 0.0138729 -0.0380858 -0.0099733 0.0139555 -0.0375 0.0411849 0.0139555 0.0425 0.0411849 0.0139566 -0.0225 0.0086055 0.0139566 0.0125 0.0086055 0.014005 -0.0225 -0.00451 0.014005 0.0125 -0.00451 0.0140251 -0.0425 0.0086917 0.0140251 -0.0395 0.0086917 0.0140578 -0.0391098 0.008712 0.014119 -0.0378371 -0.0101502 0.0141545 -0.0387346 0.0087719 0.0142459 -0.0225 -0.0082734 0.0142459 0.0125 -0.0082734 0.0142808 -0.0225 0.0035408 0.0142808 0.0125 0.0035408 0.0143116 -0.0383889 0.0088693 0.0143507 -0.0225 -0.0052138 0.0143507 0.0125 -0.0052138 0.0143998 -0.0376522 -0.010352 0.014433 -0.0225 0.0079827 0.014433 0.0125 0.0079827 0.0144991 -0.0225 -0.0075313 0.0144991 0.0125 -0.0075313 0.0145188 0.0125 -0.0318466 0.0145188 0.0425 -0.0318466 0.014523 -0.0380858 0.0090003 0.0145525 -0.0225 -0.0059715 0.0145525 0.0125 -0.0059715 0.0146026 -0.0225 -0.006754 0.0146026 0.0125 -0.006754 0.0146739 -0.0225 0.0042192 0.0146739 0.0125 0.0042192 0.0147044 -0.0375384 -0.010571 0.0147788 -0.0225 0.0072789 0.0147788 0.0125 0.0072789 0.0147807 -0.0378371 0.0091599 0.0147958 -0.0375 -0.0417103 0.0147958 0.0425 -0.0417103 0.0148118 -0.0375 0.0407783 0.0148118 0.0425 0.0407783 0.0149271 -0.0225 0.0049614 0.0149271 0.0125 0.0049614 0.0149806 -0.0225 0.0065212 0.0149806 0.0125 0.0065212 0.0150188 -0.0425 -0.0068326 0.0150188 -0.0395 -0.0068326 0.0150212 -0.0375 -0.0107988 0.0150307 -0.0225 0.0057386 0.0150307 0.0125 0.0057386 0.0150538 -0.0391098 -0.0068485 0.0150746 -0.0376522 0.0093421 0.0151574 -0.0387346 -0.0068956 0.0153256 -0.0383889 -0.0069722 0.0153935 -0.0375384 0.0095397 0.0154513 -0.0425 0.0057885 0.0154513 -0.0395 0.0057885 0.0154873 -0.0391098 0.005802 0.015552 -0.0380858 -0.0070752 0.0155939 -0.0387346 0.005842 0.0156745 -0.0375 -0.0420661 0.0156745 0.0425 -0.0420661 0.0157251 -0.0375 0.0097453 0.0157296 -0.0375 0.0405406 0.0157296 0.0425 0.0405406 0.0157669 -0.0383889 0.0059068 0.0158279 -0.0378371 -0.0072007 0.0159999 -0.0380858 0.0059941 0.0160632 -0.0425 -0.0037713 0.0160632 -0.0395 -0.0037713 0.0161006 -0.0391098 -0.0037801 0.0161426 -0.0376522 -0.0073439 0.0162114 -0.0387346 -0.0038061 0.0162837 -0.0425 0.0026629 0.0162837 -0.0395 0.0026629 0.0162837 -0.0378371 0.0061004 0.0163216 -0.0391098 0.0026691 0.0163914 -0.0383889 -0.0038483 0.0164339 -0.0387346 0.0026875 0.0164703 -0.0375 -0.0425813 0.0164703 0.0425 -0.0425813 0.0164842 -0.0375384 -0.0074992 0.0164903 -0.0425 -0.000565 0.0164903 -0.0395 -0.000565 0.0165287 -0.0391098 -0.0005664 0.0166075 -0.0376522 0.0062217 0.0166163 -0.0383889 0.0027173 0.0166335 -0.0380858 -0.0039052 0.0166425 -0.0387346 -0.0005703 0.0166646 0.0125 0.0307781 0.0166646 0.0425 0.0307781 0.0166757 -0.0375 0.0404803 0.0166757 0.0425 0.0404803 0.0168272 -0.0383889 -0.0005766 0.0168393 -0.0375 -0.0076608 0.0168618 -0.0380858 0.0027575 0.0169286 -0.0378371 -0.0039744 0.0169588 -0.0375384 0.0063533 0.0170758 -0.0380858 -0.0005851 0.0171545 -0.0375 -0.0432375 0.0171545 0.0425 -0.0432375 0.0171609 -0.0378371 0.0028064 0.0172652 -0.0376522 -0.0040535 0.0173242 -0.0375 0.0064902 0.0173787 -0.0378371 -0.0005955 0.0175021 -0.0376522 0.0028622 0.0176161 -0.0375 0.0405997 0.0176161 0.0425 0.0405997 0.0176304 -0.0375384 -0.0041392 0.0177026 -0.0375 -0.044011 0.0177026 0.0425 -0.044011 0.0177242 -0.0376522 -0.0006073 0.0178724 -0.0375384 0.0029227 0.0180103 -0.0375 -0.0042284 0.0180948 -0.0375 -0.0448741 0.0180948 0.0425 -0.0448741 0.0180992 -0.0375384 -0.0006202 0.0182575 -0.0375 0.0029857 0.0184891 -0.0375 -0.0006335 0.0185171 -0.0375 0.0408945 0.0185171 0.0425 0.0408945 0.0193463 -0.0375 0.0413541 0.0193463 0.0425 0.0413541 0.0196892 -0.0375 -0.0441978 0.0196892 0.0425 -0.0441978 0.0200738 -0.0375 0.0419619 0.0200738 0.0425 0.0419619 0.0201234 0.0125 -0.0286365 0.0201234 0.0425 -0.0286365 0.0206736 -0.0375 0.0426961 0.0206736 0.0425 0.0426961 0.021124 -0.0375 0.0435303 0.021124 0.0425 0.0435303 0.0212584 -0.0375 -0.0434648 0.0212584 0.0425 -0.0434648 0.0220363 0.0125 0.0271919 0.0220363 0.0425 0.0271919 0.0220847 -0.0375 -0.0399588 0.0220847 0.0425 -0.0399588 0.0221488 -0.0375 -0.0409047 0.0221488 0.0425 -0.0409047 0.0222003 -0.0375 -0.0390179 0.0222003 0.0425 -0.0390179 0.0223902 -0.0375 -0.0418214 0.0223902 0.0425 -0.0418214 0.0224914 -0.0375 -0.0381157 0.0224914 0.0425 -0.0381157 0.0226684 -0.0375 0.0427464 0.0226684 0.0425 0.0427464 0.0228004 -0.0375 -0.0426761 0.0228004 0.0425 -0.0426761 0.0229476 -0.0375 -0.0372846 0.0229476 0.0425 -0.0372846 0.0235524 -0.0375 -0.0365546 0.0235524 0.0425 -0.0365546 0.0241837 -0.0375 0.0419077 0.0241837 0.0425 0.0419077 0.0242841 -0.0375 -0.0359519 0.0242841 0.0425 -0.0359519 0.024768 -0.0375 0.0383534 0.024768 0.0425 0.0383534 0.024819 -0.0375 0.0374068 0.024819 0.0425 0.0374068 0.0248967 -0.0375 0.0392927 0.0248967 0.0425 0.0392927 0.0250427 0.0125 -0.0244513 0.0250427 0.0425 -0.0244513 0.0250476 -0.0375 0.0364868 0.0250476 0.0425 0.0364868 0.0251165 -0.0375 -0.0354981 0.0251165 0.0425 -0.0354981 0.0252004 -0.0375 0.0401907 0.0252004 0.0425 0.0401907 0.0254458 -0.0375 0.0356264 0.0254458 0.0425 0.0356264 0.0256681 -0.0375 0.0410153 0.0256681 0.0425 0.0410153 0.0259993 -0.0375 0.0348567 0.0259993 0.0425 0.0348567 0.0260195 -0.0375 -0.0352096 0.0260195 0.0425 -0.0352096 0.0266576 0.0125 0.0226798 0.0266576 0.0425 0.0226798 0.0266881 -0.0375 0.0342053 0.0266881 0.0425 0.0342053 0.0269608 -0.0375 -0.0350967 0.0269608 0.0425 -0.0350967 0.0274874 -0.0375 0.0336957 0.0274874 0.0425 0.0336957 0.0279065 -0.0375 -0.0351636 0.0279065 0.0425 -0.0351636 0.0283686 -0.0375 0.033346 0.0283686 0.0425 0.033346 0.0288225 -0.0375 -0.0354077 0.0288225 0.0425 -0.0354077 0.0291092 0.0125 -0.0194334 0.0291092 0.0425 -0.0194334 0.0292999 -0.0375 0.033169 0.0292999 0.0425 0.033169 0.029676 -0.0375 -0.0358203 0.029676 0.0425 -0.0358203 0.0302479 -0.0375 0.0331709 0.0302479 0.0425 0.0331709 0.0303711 0.0125 0.0173953 0.0303711 0.0425 0.0173953 0.0304363 -0.0375 -0.0363866 0.0304363 0.0425 -0.0363866 0.031076 -0.0375 -0.0370862 0.031076 0.0425 -0.0370862 0.0311786 -0.0375 0.0333517 0.0311786 0.0425 0.0333517 0.0320583 -0.0375 0.033705 0.0320583 0.0425 0.033705 0.0321844 0.0125 -0.0137537 0.0321844 0.0425 -0.0137537 0.0323834 -0.0375 -0.0359503 0.0323834 0.0425 -0.0359503 0.0328556 -0.0375 0.0342179 0.0328556 0.0425 0.0342179 0.0330504 0.0125 0.0115184 0.0330504 0.0425 0.0115184 0.033169 -0.0375 -0.0292999 0.033169 0.0425 -0.0292999 0.0331709 -0.0375 -0.0302479 0.0331709 0.0425 -0.0302479 0.033346 -0.0375 -0.0283686 0.033346 0.0425 -0.0283686 0.0333517 -0.0375 -0.0311786 0.0333517 0.0425 -0.0311786 0.0335417 -0.0375 0.0348721 0.0335417 0.0425 0.0348721 0.0336493 -0.0375 -0.0347682 0.0336493 0.0425 -0.0347682 0.0336957 -0.0375 -0.0274874 0.0336957 0.0425 -0.0274874 0.033705 -0.0375 -0.0320583 0.033705 0.0425 -0.0320583 0.0341636 0.0125 -0.0076056 0.0341636 0.0425 -0.0076056 0.0342053 -0.0375 -0.0266881 0.0342053 0.0425 -0.0266881 0.0342179 -0.0375 -0.0328556 0.0342179 0.0425 -0.0328556 0.0346041 0.0125 0.0052493 0.0346041 0.0425 0.0052493 0.0347682 -0.0375 0.0336493 0.0347682 0.0425 0.0336493 0.0348567 -0.0375 -0.0259993 0.0348567 0.0425 -0.0259993 0.0348721 -0.0375 -0.0335417 0.0348721 0.0425 -0.0335417 0.0349795 0.0125 -0.0011986 0.0349795 0.0425 -0.0011986 0.0350967 -0.0375 0.0269608 0.0350967 0.0425 0.0269608 0.0351636 -0.0375 0.0279065 0.0351636 0.0425 0.0279065 0.0352096 -0.0375 0.0260195 0.0352096 0.0425 0.0260195 0.0354077 -0.0375 0.0288225 0.0354077 0.0425 0.0288225 0.0354981 -0.0375 0.0251165 0.0354981 0.0425 0.0251165 0.0356264 -0.0375 -0.0254458 0.0356264 0.0425 -0.0254458 0.0358203 -0.0375 0.029676 0.0358203 0.0425 0.029676 0.0359503 -0.0375 0.0323834 0.0359503 0.0425 0.0323834 0.0359519 -0.0375 0.0242841 0.0359519 0.0425 0.0242841 0.0363866 -0.0375 0.0304363 0.0363866 0.0425 0.0304363 0.0364868 -0.0375 -0.0250476 0.0364868 0.0425 -0.0250476 0.0365546 -0.0375 0.0235524 0.0365546 0.0425 0.0235524 0.0370862 -0.0375 0.031076 0.0370862 0.0425 0.031076 0.0372846 -0.0375 0.0229476 0.0372846 0.0425 0.0229476 0.0374068 -0.0375 -0.024819 0.0374068 0.0425 -0.024819 0.0381157 -0.0375 0.0224914 0.0381157 0.0425 0.0224914 0.0383534 -0.0375 -0.024768 0.0383534 0.0425 -0.024768 0.0390179 -0.0375 0.0222003 0.0390179 0.0425 0.0222003 0.0392927 -0.0375 -0.0248967 0.0392927 0.0425 -0.0248967 0.0399588 -0.0375 0.0220847 0.0399588 0.0425 0.0220847 0.0401907 -0.0375 -0.0252004 0.0401907 0.0425 -0.0252004 0.0404803 -0.0375 -0.0166757 0.0404803 0.0425 -0.0166757 0.0405406 -0.0375 -0.0157296 0.0405406 0.0425 -0.0157296 0.0405997 -0.0375 -0.0176161 0.0405997 0.0425 -0.0176161 0.0407783 -0.0375 -0.0148118 0.0407783 0.0425 -0.0148118 0.0408945 -0.0375 -0.0185171 0.0408945 0.0425 -0.0185171 0.0409047 -0.0375 0.0221488 0.0409047 0.0425 0.0221488 0.0410153 -0.0375 -0.0256681 0.0410153 0.0425 -0.0256681 0.0411849 -0.0375 -0.0139555 0.0411849 0.0425 -0.0139555 0.0413541 -0.0375 -0.0193463 0.0413541 0.0425 -0.0193463 0.0415221 -0.0375 0.0129177 0.0415221 0.0425 0.0129177 0.0415268 -0.0375 0.0138657 0.0415268 0.0425 0.0138657 0.0416965 -0.0375 0.0119858 0.0416965 0.0425 0.0119858 0.0417103 -0.0375 0.0147958 0.0417103 0.0425 0.0147958 0.0417459 -0.0375 -0.0131913 0.0417459 0.0425 -0.0131913 0.0418214 -0.0375 0.0223902 0.0418214 0.0425 0.0223902 0.0419077 -0.0375 -0.0241837 0.0419077 0.0425 -0.0241837 0.0419619 -0.0375 -0.0200738 0.0419619 0.0425 -0.0200738 0.0420436 -0.0375 0.0111037 0.0420436 0.0425 0.0111037 0.0420661 -0.0375 0.0156745 0.0420661 0.0425 0.0156745 0.0424411 -0.0375 -0.0125467 0.0424411 0.0425 -0.0125467 0.042551 -0.0375 0.0103028 0.042551 0.0425 0.0103028 0.0425813 -0.0375 0.0164703 0.0425813 0.0425 0.0164703 0.0426761 -0.0375 0.0228004 0.0426761 0.0425 0.0228004 0.0426961 -0.0375 -0.0206736 0.0426961 0.0425 -0.0206736 0.0427464 -0.0375 -0.0226684 0.0427464 0.0425 -0.0226684 0.0432004 -0.0375 0.0096122 0.0432004 0.0425 0.0096122 0.0432375 -0.0375 0.0171545 0.0432375 0.0425 0.0171545 0.0432454 -0.0375 -0.0120449 0.0432454 0.0425 -0.0120449 0.0433596 -0.0375 -0.0014857 0.0433596 0.0425 -0.0014857 0.0434171 -0.0375 -0.002432 0.0434171 0.0425 -0.002432 0.0434648 -0.0375 0.0212584 0.0434648 0.0425 0.0212584 0.0434817 -0.0375 -0.0005456 0.0434817 0.0425 -0.0005456 0.0435303 -0.0375 -0.021124 0.0435303 0.0425 -0.021124 0.0436521 -0.0375 -0.0033504 0.0436521 0.0425 -0.0033504 0.0437791 -0.0375 0.0003546 0.0437791 0.0425 0.0003546 0.0439685 -0.0375 0.0090565 0.0439685 0.0425 0.0090565 0.044011 -0.0375 0.0177026 0.044011 0.0425 0.0177026 0.0440563 -0.0375 -0.0042079 0.0440563 0.0425 -0.0042079 0.04413 -0.0375 -0.0117039 0.04413 0.0425 -0.0117039 0.0441978 -0.0375 0.0196892 0.0441978 0.0425 0.0196892 0.044241 -0.0375 0.0011824 0.044241 0.0425 0.0011824 0.0446151 -0.0375 -0.0049737 0.0446151 0.0425 -0.0049737 0.0448276 -0.0375 0.0086558 0.0448276 0.0425 0.0086558 0.0448509 -0.0375 0.0019082 0.0448509 0.0425 0.0019082 0.0448741 -0.0375 0.0180948 0.0448741 0.0425 0.0180948 0.0450631 -0.0375 -0.0115361 0.0450631 0.0425 -0.0115361 0.0453084 -0.0375 -0.0056203 0.0453084 0.0425 -0.0056203 0.0455869 -0.0375 0.0025058 0.0455869 0.0425 0.0025058 0.045747 -0.0375 0.0084245 0.045747 0.0425 0.0084245 0.046011 -0.0375 -0.0115474 0.046011 0.0425 -0.0115474 0.0461113 -0.0375 -0.0061244 0.0461113 0.0425 -0.0061244 0.0464224 -0.0375 0.0029538 0.0464224 0.0425 0.0029538 0.0466935 -0.0375 0.0083709 0.0466935 0.0425 0.0083709 0.0469398 -0.0375 -0.0117373 0.0469398 0.0425 -0.0117373 0.0469949 -0.0375 -0.0064679 0.0469949 0.0425 -0.0064679 0.0473274 -0.0375 0.003236 0.0473274 0.0425 0.003236 0.0473298 -0.0375 -0.0100499 0.0473298 0.0425 -0.0100499 0.0476331 -0.0375 0.0084968 0.0476331 0.0425 0.0084968 0.0476591 -0.0375 -0.0083495 0.0476591 0.0425 -0.0083495 0.0479067 -0.0375 0.0067866 0.0479067 0.0425 0.0067866 0.0479274 -0.0375 -0.0066385 0.0479274 0.0425 -0.0066385 0.0481189 -0.0375 0.0050677 0.0481189 0.0425 0.0050677 0.0482694 -0.0375 0.0033423 0.0482694 0.0425 0.0033423</float_array>
   <technique_common><accessor source="#pa" count="2108" stride="3">
    <param name="X" type="float"/><param name="Y" type="float"/><param name="Z" type="float"/>
   </accessor></technique_common></source>
  <source id="n"><float_array id="na" count="12708">-0.991244 1.55387e-17 0.132039 -0.991244 -1.8189e-15 0.132039 -0.946438 3.7341e-17 0.322885 -0.946438 -1.71462e-15 0.322885 -0.865261 -9.27631e-16 0.501321 -0.750832 -1.22216e-15 0.660493 -0.865261 5.78684e-17 0.501321 -0.750832 0 0.660493 -0.60755 -2.59391e-15 0.794282 -0.60755 0 0.794282 -0.440919 0 0.897547 -0.257344 0 0.96632 -0.440919 -2.47548e-15 0.897547 -0.257344 -1.78805e-15 0.96632 -0.0638798 -1.8467e-15 0.997957 -0.0638798 2.30824e-16 0.997957 0.132039 2.2933e-16 0.991244 0.132039 0 0.991244 0.322885 0 0.946438 0.322885 0 0.946438 0.501321 0 0.865261 0.501321 9.27631e-16 0.865261 0.660493 1.22167e-15 0.750832 0.660493 -1.67162e-16 0.750832 0.794282 3.45524e-16 0.60755 0.794282 7.0262e-17 0.60755 0.897547 5.14386e-17 0.440919 0.897547 1.71179e-15 0.440919 0.96632 1.8175e-15 0.257344 0.96632 2.97614e-17 0.257344 0.997957 7.38759e-18 0.0638798 0.997957 1.85398e-15 0.0638798 0.991244 1.8189e-15 -0.132039 0.991244 1.8189e-15 -0.132039 0.946438 1.71355e-15 -0.322885 0.946438 -3.7341e-17 -0.322885 0.865261 -5.78684e-17 -0.501321 0.865261 2.52869e-15 -0.501321 0.750832 2.61051e-15 -0.660493 0.750832 -7.63848e-17 -0.660493 0.60755 0 -0.794282 0.60755 -9.00175e-17 -0.794282 0.440919 -2.07599e-16 -0.897547 0.257344 -2.23506e-16 -0.96632 0.440919 0 -0.897547 0.257344 -2.23506e-16 -0.96632 0.0638798 -2.3067e-16 -0.997957 0.0638798 1.96479e-15 -0.997957 -0.132039 1.58985e-15 -0.991244 -0.132039 -1.14636e-16 -0.991244 -0.322885 -2.18908e-16 -0.946438 -0.322885 -1.09307e-16 -0.946438 -0.501321 -0 -0.865261 -0.660493 -0 -0.750832 -0.501321 -1.99324e-16 -0.865261 -0.660493 1.67162e-16 -0.750832 -0.794282 -7.0262e-17 -0.60755 -0.794282 -3.45067e-16 -0.60755 -0.897547 -5.09915e-17 -0.440919 -0.96632 -2.97614e-17 -0.257344 -0.897547 -5.14386e-17 -0.440919 -0.96632 4.76182e-16 -0.257344 -0.997957 -7.38759e-18 -0.0638798 -0.997957 1.18148e-16 -0.0638798 0 -0.99997 0 0 -0.99997 0 0 -0.99997 0 0 -0.99997 0 0 -0.99999 0 0 -0.999995 0 0 -0.999997 0 0 -0.999998 0 0 -0.99997 0 0 -0.99997 0 0 -0.99999 0 0 -0.999998 0 0 -0.999997 0 0 -0.999995 0 0 -0.99999 0 0 -0.999999 0 0 -0.999999 0 0 -0.999999 0 0 -1 0 0 -1 0 0 -0.999995 0 0 -0.999999 0 0 -0.99997 0 0 -0.999999 0 0 -0.999999 0 0 -0.999999 0 0 -1 0 0 -1 0 0 -0.999999 0 0 -0.999999 0 -0.991244 1.55387e-17 0.132039 -0.991244 -1.8189e-15 0.132039 -0.946438 -1.71392e-15 0.322885 -0.946438 -1.71355e-15 0.322885 -0.865261 5.79769e-17 0.501321 -0.750832 7.63848e-17 0.660493 -0.865261 -1.54316e-15 0.501321 -0.750832 -1.31293e-15 0.660493 -0.60755 -1.03234e-15 0.794282 -0.60755 -1.03306e-15 0.794282 -0.440919 1.038e-16 0.897547 -0.257344 1.11753e-16 0.96632 -0.440919 -7.11567e-16 0.897547 -0.257344 -3.64429e-16 0.96632 -0.0638798 -2.67909e-18 0.997957 -0.0638798 1.15412e-16 0.997957 0.132039 1.14665e-16 0.991244 0.132039 3.0164e-16 0.991244 0.322885 6.52627e-16 0.946438 0.322885 5.4727e-17 0.946438 0.501321 4.92953e-17 0.865261 0.501321 1.00066e-16 0.865261 0.660493 8.5731e-17 0.750832 0.660493 4.34162e-17 0.750832 0.794282 3.5131e-17 0.60755 0.794282 7.0262e-17 0.60755 0.897547 5.14386e-17 0.440919 0.897547 5.09915e-17 0.440919 0.96632 3.00058e-17 0.257344 0.96632 5.95228e-17 0.257344 0.997957 1.47752e-17 0.0638798 0.997957 7.38759e-18 0.0638798 0.991244 -1.52701e-17 -0.132039 0.991244 -1.52701e-17 -0.132039 0.946438 -3.75073e-17 -0.322885 0.946438 -7.4682e-17 -0.322885 0.865261 -1.15737e-16 -0.501321 0.865261 2.47071e-15 -0.501321 0.750832 2.53549e-15 -0.660493 0.750832 0 -0.660493 0.60755 2.50205e-15 -0.794282 0.60755 0 -0.794282 0.440919 0 -0.897547 0.257344 0 -0.96632 0.440919 2.3726e-15 -0.897547 0.257344 1.78805e-15 -0.96632 0.0638798 1.8467e-15 -0.997957 0.0638798 2.78938e-18 -0.997957 -0.132039 -3.58958e-16 -0.991244 -0.132039 -2.29271e-16 -0.991244 -0.322885 1.15381e-15 -0.946438 -0.322885 -2.18614e-16 -0.946438 -0.501321 -1.00066e-16 -0.865261 -0.660493 -8.68324e-17 -0.750832 -0.501321 6.72988e-16 -0.865261 -0.660493 2.77864e-15 -0.750832 -0.794282 -4.15786e-16 -0.60755 -0.794282 2.24829e-15 -0.60755 -0.897547 -0 -0.440919 -0.96632 -0 -0.257344 -0.897547 -8.95889e-16 -0.440919 -0.96632 4.46421e-16 -0.257344 -0.997957 -7.38759e-18 -0.0638798 -0.997957 1.10914e-16 -0.0638798 0 -0.99997 0 0 -0.99997 0 0 -0.99999 0 0 -0.99997 0 0 -0.99999 0 0 -0.99997 0 0 -0.999995 0 0 -0.999999 0 0 -0.999999 0 0 -0.99999 0 0 -0.999999 0 0 -0.999999 0 0 -0.999999 0 0 -0.999999 0 0 -0.99997 0 0 -0.999999 0 0 -0.999999 0 0 -0.999999 0 0 -1 0 0 -0.999999 0 0 -0.99999 0 0 -0.99999 0 0 -0.99997 0 0 -0.999995 0 0 -0.999997 0 0 -1 0 0 -1 0 0 -0.999999 0 0 -0.99997 0 0 -0.99999 0 -0.991244 1.55387e-17 0.132039 -0.991244 -1.8189e-15 0.132039 -0.946438 -1.73259e-15 0.322885 -0.946438 -1.71355e-15 0.322885 -0.865261 2.89885e-17 0.501321 -0.750832 3.81924e-17 0.660493 -0.865261 -1.57102e-15 0.501321 -0.750832 7.63848e-17 0.660493 -0.60755 9.18573e-17 0.794282 -0.60755 9.21608e-17 0.794282 -0.440919 -1.6089e-15 0.897547 -0.257344 -1.73217e-15 0.96632 -0.440919 1.02877e-16 0.897547 -0.257344 1.11753e-16 0.96632 -0.0638798 1.15201e-16 0.997957 -0.0638798 -1.84659e-15 0.997957 0.132039 -1.83411e-15 0.991244 0.132039 1.14636e-16 0.991244 0.322885 1.09307e-16 0.946438 0.322885 1.09454e-16 0.946438 0.501321 9.85906e-17 0.865261 0.501321 1.00066e-16 0.865261 0.660493 8.5731e-17 0.750832 0.660493 4.34162e-17 0.750832 0.794282 3.5131e-17 0.60755 0.794282 1.53998e-15 0.60755 0.897547 1.71248e-15 0.440919 0.897547 1.71179e-15 0.440919 0.96632 1.8175e-15 0.257344 0.96632 1.80293e-15 0.257344 0.997957 1.85029e-15 0.0638798 0.997957 1.85029e-15 0.0638798 0.991244 1.82654e-15 -0.132039 0.991244 -1.52701e-17 -0.132039 0.946438 -3.75073e-17 -0.322885 0.946438 1.73259e-15 -0.322885 0.865261 1.57102e-15 -0.501321 0.865261 1.57207e-15 -0.501321 0.750832 1.35241e-15 -0.660493 0.750832 -5.72886e-17 -0.660493 0.60755 2.54798e-15 -0.794282 0.60755 -6.85848e-17 -0.794282 0.440919 -1.038e-16 -0.897547 0.257344 -1.11753e-16 -0.96632 0.440919 2.42619e-15 -0.897547 0.257344 1.76011e-15 -0.96632 0.0638798 1.81776e-15 -0.997957 0.0638798 -2.60636e-17 -0.997957 -0.132039 -3.87617e-16 -0.991244 -0.132039 -1.14636e-16 -0.991244 -0.322885 -7.0691e-16 -0.946438 -0.322885 -1.09307e-16 -0.946438 -0.501321 -1.00268e-15 -0.865261 -0.660493 -1.28728e-15 -0.750832 -0.501321 -1.02877e-15 -0.865261 -0.660493 1.38932e-15 -0.750832 -0.794282 -3.45524e-16 -0.60755 -0.794282 1.12308e-15 -0.60755 -0.897547 -5.09915e-17 -0.440919 -0.96632 -2.97614e-17 -0.257344 -0.897547 -8.4445e-16 -0.440919 -0.96632 -2.97614e-17 -0.257344 -0.997957 -7.38759e-18 -0.0638798 -0.997957 -7.50146e-18 -0.0638798 0 -0.99997 0 0 -0.99997 0 0 -0.99997 0 0 -0.99997 0 0 -0.99997 0 0 -0.999998 0 0 -0.999999 0 0 -0.999999 0 0 -0.999999 0 0 -0.999999 0 0 -0.999999 0 0 -0.999996 0 0 -0.99997 0 0 -1 0 0 -0.999999 0 0 -0.999999 0 0 -0.999995 0 0 -0.99999 0 0 -0.99997 0 0 -0.999999 0 0 -0.999999 0 0 -0.999999 0 0 -1 0 0 -0.999999 0 0 -0.99997 0 0 -0.99997 0 0 -0.999999 0 0 -1 0 0 -0.999999 0 0 -0.99999 0 -0.0976244 -0.995138 0.0130041 -0.0976244 -0.995138 0.0130041 -0.289017 -0.956549 0.0384987 -0.289017 -0.956549 0.0384987 -0.469025 -0.880972 0.0624768 -0.469025 -0.880972 0.0624768 -0.630651 -0.771505 0.0840064 -0.630651 -0.771505 0.0840064 -0.767727 -0.632562 0.102266 -0.767727 -0.632562 0.102266 -0.875134 -0.469628 0.116573 -0.875134 -0.469628 0.116573 -0.986516 -0.0975496 0.13141 -0.948945 -0.289004 0.126405 -0.948945 -0.289004 0.126405 -0.986516 -0.0975496 0.13141 -0.0932116 -0.995138 0.0317999 -0.0932116 -0.995138 0.0317999 -0.275953 -0.956549 0.0941434 -0.275953 -0.956549 0.0941434 -0.447824 -0.880972 0.152779 -0.447824 -0.880972 0.152779 -0.602145 -0.771505 0.205426 -0.602145 -0.771505 0.205426 -0.733025 -0.632562 0.250077 -0.733025 -0.632562 0.250077 -0.835576 -0.469628 0.285063 -0.835576 -0.469628 0.285063 -0.906051 -0.289004 0.309106 -0.941924 -0.0975496 0.321344 -0.906051 -0.289004 0.309106 -0.941924 -0.0975496 0.321344 -0.0852168 -0.995138 0.0493735 -0.0852168 -0.995138 0.0493735 -0.252284 -0.956549 0.14617 -0.252284 -0.956549 0.14617 -0.409414 -0.880972 0.237209 -0.409414 -0.880972 0.237209 -0.550498 -0.771505 0.318952 -0.550498 -0.771505 0.318952 -0.670152 -0.632562 0.388278 -0.670152 -0.632562 0.388278 -0.763907 -0.469628 0.442598 -0.763907 -0.469628 0.442598 -0.828338 -0.289004 0.479929 -0.828338 -0.289004 0.479929 -0.861134 -0.0975496 0.49893 -0.861134 -0.0975496 0.49893 -0.073947 -0.995138 0.0650498 -0.073947 -0.995138 0.0650498 -0.21892 -0.956549 0.19258 -0.21892 -0.956549 0.19258 -0.35527 -0.880972 0.312524 -0.35527 -0.880972 0.312524 -0.477696 -0.771505 0.42022 -0.477696 -0.771505 0.42022 -0.581526 -0.632562 0.511557 -0.581526 -0.632562 0.511557 -0.662883 -0.469628 0.583125 -0.718792 -0.289004 0.632308 -0.662883 -0.469628 0.583125 -0.747251 -0.0975496 0.657342 -0.718792 -0.289004 0.632308 -0.747251 -0.0975496 0.657342 -0.0598356 -0.995138 0.0782262 -0.0598356 -0.995138 0.0782262 -0.177143 -0.956549 0.231589 -0.177143 -0.956549 0.231589 -0.287473 -0.880972 0.375828 -0.287473 -0.880972 0.375828 -0.386536 -0.771505 0.505339 -0.386536 -0.771505 0.505339 -0.470552 -0.632562 0.615178 -0.470552 -0.632562 0.615178 -0.536383 -0.469628 0.701242 -0.536383 -0.469628 0.701242 -0.604652 -0.0975496 0.790493 -0.581624 -0.289004 0.760387 -0.581624 -0.289004 0.760387 -0.604652 -0.0975496 0.790493 -0.0434247 -0.995138 0.0883965 -0.0434247 -0.995138 0.0883965 -0.128559 -0.956549 0.261698 -0.208629 -0.880972 0.42469 -0.128559 -0.956549 0.261698 -0.208629 -0.880972 0.42469 -0.280522 -0.771505 0.571039 -0.341496 -0.632562 0.695158 -0.280522 -0.771505 0.571039 -0.341496 -0.632562 0.695158 -0.389271 -0.469628 0.792411 -0.389271 -0.469628 0.792411 -0.422104 -0.289004 0.859246 -0.438816 -0.0975496 0.893265 -0.438816 -0.0975496 0.893265 -0.422104 -0.289004 0.859246 -0.0750338 -0.956549 0.28175 -0.025345 -0.995138 0.0951697 -0.025345 -0.995138 0.0951697 -0.121767 -0.880972 0.457231 -0.0750338 -0.956549 0.28175 -0.121767 -0.880972 0.457231 -0.163728 -0.771505 0.614794 -0.199315 -0.632562 0.748423 -0.163728 -0.771505 0.614794 -0.199315 -0.632562 0.748423 -0.2272 -0.469628 0.853128 -0.2272 -0.469628 0.853128 -0.246363 -0.289004 0.925084 -0.256117 -0.0975496 0.96171 -0.256117 -0.0975496 0.96171 -0.246363 -0.289004 0.925084 -0.00629132 -0.995138 0.0982856 0.0130041 -0.995138 0.0976244 -0.00629132 -0.995138 0.0982856 -0.0186254 -0.956549 0.290974 -0.0186254 -0.956549 0.290974 -0.0302259 -0.880972 0.472201 -0.0302259 -0.880972 0.472201 -0.0406417 -0.771505 0.634922 -0.0406417 -0.771505 0.634922 -0.0494755 -0.632562 0.772927 -0.0494755 -0.632562 0.772927 -0.0563972 -0.469628 0.88106 -0.0563972 -0.469628 0.88106 -0.0611539 -0.289004 0.955372 -0.0635751 -0.0975496 0.993197 -0.0611539 -0.289004 0.955372 -0.0635751 -0.0975496 0.993197 0.0130041 -0.995138 0.0976244 0.0384987 -0.956549 0.289017 0.0384987 -0.956549 0.289017 0.0624768 -0.880972 0.469025 0.0840064 -0.771505 0.630651 0.0624768 -0.880972 0.469025 0.0840064 -0.771505 0.630651 0.102266 -0.632562 0.767727 0.102266 -0.632562 0.767727 0.126405 -0.289004 0.948945 0.116573 -0.469628 0.875134 0.116573 -0.469628 0.875134 0.126405 -0.289004 0.948945 0.13141 -0.0975496 0.986516 0.13141 -0.0975496 0.986516 0.0317999 -0.995138 0.0932116 0.0317999 -0.995138 0.0932116 0.0941434 -0.956549 0.275953 0.0941434 -0.956549 0.275953 0.152779 -0.880972 0.447824 0.152779 -0.880972 0.447824 0.205426 -0.771505 0.602145 0.205426 -0.771505 0.602145 0.250077 -0.632562 0.733025 0.250077 -0.632562 0.733025 0.285063 -0.469628 0.835576 0.285063 -0.469628 0.835576 0.309106 -0.289004 0.906051 0.309106 -0.289004 0.906051 0.321344 -0.0975496 0.941924 0.321344 -0.0975496 0.941924 0.0493735 -0.995138 0.0852168 0.0493735 -0.995138 0.0852168 0.14617 -0.956549 0.252284 0.14617 -0.956549 0.252284 0.237209 -0.880972 0.409414 0.237209 -0.880972 0.409414 0.318952 -0.771505 0.550498 0.388278 -0.632562 0.670152 0.318952 -0.771505 0.550498 0.388278 -0.632562 0.670152 0.442598 -0.469628 0.763907 0.442598 -0.469628 0.763907 0.479929 -0.289004 0.828338 0.49893 -0.0975496 0.861134 0.49893 -0.0975496 0.861134 0.479929 -0.289004 0.828338 0.0782262 -0.995138 0.0598356 0.0650498 -0.995138 0.073947 0.0650498 -0.995138 0.073947 0.19258 -0.956549 0.21892 0.19258 -0.956549 0.21892 0.312524 -0.880972 0.35527 0.42022 -0.771505 0.477696 0.312524 -0.880972 0.35527 0.42022 -0.771505 0.477696 0.511557 -0.632562 0.581526 0.511557 -0.632562 0.581526 0.583125 -0.469628 0.662883 0.583125 -0.469628 0.662883 0.657342 -0.0975496 0.747251 0.657342 -0.0975496 0.747251 0.632308 -0.289004 0.718792 0.632308 -0.289004 0.718792 0.0782262 -0.995138 0.0598356 0.231589 -0.956549 0.177143 0.231589 -0.956549 0.177143 0.375828 -0.880972 0.287473 0.375828 -0.880972 0.287473 0.505339 -0.771505 0.386536 0.505339 -0.771505 0.386536 0.615178 -0.632562 0.470552 0.615178 -0.632562 0.470552 0.701242 -0.469628 0.536383 0.701242 -0.469628 0.536383 0.790493 -0.0975496 0.604652 0.760387 -0.289004 0.581624 0.760387 -0.289004 0.581624 0.790493 -0.0975496 0.604652 0.0883965 -0.995138 0.0434247 0.0883965 -0.995138 0.0434247 0.261698 -0.956549 0.128559 0.261698 -0.956549 0.128559 0.42469 -0.880972 0.208629 0.42469 -0.880972 0.208629 0.571039 -0.771505 0.280522 0.571039 -0.771505 0.280522 0.695158 -0.632562 0.341496 0.695158 -0.632562 0.341496 0.792411 -0.469628 0.389271 0.792411 -0.469628 0.389271 0.859246 -0.289004 0.422104 0.893265 -0.0975496 0.438816 0.859246 -0.289004 0.422104 0.893265 -0.0975496 0.438816 0.0951697 -0.995138 0.025345 0.28175 -0.956549 0.0750338 0.0951697 -0.995138 0.025345 0.28175 -0.956549 0.0750338 0.457231 -0.880972 0.121767 0.457231 -0.880972 0.121767 0.614794 -0.771505 0.163728 0.614794 -0.771505 0.163728 0.748423 -0.632562 0.199315 0.853128 -0.469628 0.2272 0.748423 -0.632562 0.199315 0.853128 -0.469628 0.2272 0.925084 -0.289004 0.246363 0.96171 -0.0975496 0.256117 0.925084 -0.289004 0.246363 0.96171 -0.0975496 0.256117 0.993197 -0.0975496 0.0635751 0.0982856 -0.995138 0.00629132 0.0982856 -0.995138 0.00629132 0.290974 -0.956549 0.0186254 0.290974 -0.956549 0.0186254 0.472201 -0.880972 0.0302259 0.472201 -0.880972 0.0302259 0.634922 -0.771505 0.0406417 0.634922 -0.771505 0.0406417 0.772927 -0.632562 0.0494755 0.772927 -0.632562 0.0494755 0.88106 -0.469628 0.0563972 0.88106 -0.469628 0.0563972 0.955372 -0.289004 0.0611539 0.993197 -0.0975496 0.0635751 0.955372 -0.289004 0.0611539 0.0976244 -0.995138 -0.0130041 0.0976244 -0.995138 -0.0130041 0.289017 -0.956549 -0.0384987 0.289017 -0.956549 -0.0384987 0.469025 -0.880972 -0.0624768 0.469025 -0.880972 -0.0624768 0.630651 -0.771505 -0.0840064 0.630651 -0.771505 -0.0840064 0.767727 -0.632562 -0.102266 0.767727 -0.632562 -0.102266 0.875134 -0.469628 -0.116573 0.875134 -0.469628 -0.116573 0.948945 -0.289004 -0.126405 0.948945 -0.289004 -0.126405 0.986516 -0.0975496 -0.13141 0.986516 -0.0975496 -0.13141 0.0852168 -0.995138 -0.0493735 0.0932116 -0.995138 -0.0317999 0.0932116 -0.995138 -0.0317999 0.275953 -0.956549 -0.0941434 0.275953 -0.956549 -0.0941434 0.447824 -0.880972 -0.152779 0.447824 -0.880972 -0.152779 0.602145 -0.771505 -0.205426 0.602145 -0.771505 -0.205426 0.733025 -0.632562 -0.250077 0.733025 -0.632562 -0.250077 0.835576 -0.469628 -0.285063 0.835576 -0.469628 -0.285063 0.941924 -0.0975496 -0.321344 0.906051 -0.289004 -0.309106 0.941924 -0.0975496 -0.321344 0.906051 -0.289004 -0.309106 0.073947 -0.995138 -0.0650498 0.0852168 -0.995138 -0.0493735 0.252284 -0.956549 -0.14617 0.252284 -0.956549 -0.14617 0.409414 -0.880972 -0.237209 0.409414 -0.880972 -0.237209 0.550498 -0.771505 -0.318952 0.550498 -0.771505 -0.318952 0.670152 -0.632562 -0.388278 0.763907 -0.469628 -0.442598 0.670152 -0.632562 -0.388278 0.763907 -0.469628 -0.442598 0.828338 -0.289004 -0.479929 0.828338 -0.289004 -0.479929 0.861134 -0.0975496 -0.49893 0.861134 -0.0975496 -0.49893 0.073947 -0.995138 -0.0650498 0.21892 -0.956549 -0.19258 0.21892 -0.956549 -0.19258 0.35527 -0.880972 -0.312524 0.35527 -0.880972 -0.312524 0.477696 -0.771505 -0.42022 0.477696 -0.771505 -0.42022 0.581526 -0.632562 -0.511557 0.581526 -0.632562 -0.511557 0.718792 -0.289004 -0.632308 0.662883 -0.469628 -0.583125 0.662883 -0.469628 -0.583125 0.747251 -0.0975496 -0.657342 0.747251 -0.0975496 -0.657342 0.604652 -0.0975496 -0.790493 0.718792 -0.289004 -0.632308 0.0598356 -0.995138 -0.0782262 0.0598356 -0.995138 -0.0782262 0.177143 -0.956549 -0.231589 0.287473 -0.880972 -0.375828 0.177143 -0.956549 -0.231589 0.287473 -0.880972 -0.375828 0.386536 -0.771505 -0.505339 0.470552 -0.632562 -0.615178 0.386536 -0.771505 -0.505339 0.470552 -0.632562 -0.615178 0.536383 -0.469628 -0.701242 0.536383 -0.469628 -0.701242 0.604652 -0.0975496 -0.790493 0.581624 -0.289004 -0.760387 0.581624 -0.289004 -0.760387 0.025345 -0.995138 -0.0951697 0.0434247 -0.995138 -0.0883965 0.0434247 -0.995138 -0.0883965 0.128559 -0.956549 -0.261698 0.208629 -0.880972 -0.42469 0.128559 -0.956549 -0.261698 0.208629 -0.880972 -0.42469 0.280522 -0.771505 -0.571039 0.280522 -0.771505 -0.571039 0.341496 -0.632562 -0.695158 0.341496 -0.632562 -0.695158 0.389271 -0.469628 -0.792411 0.389271 -0.469628 -0.792411 0.422104 -0.289004 -0.859246 0.438816 -0.0975496 -0.893265 0.438816 -0.0975496 -0.893265 0.422104 -0.289004 -0.859246 0.025345 -0.995138 -0.0951697 0.0750338 -0.956549 -0.28175 0.0750338 -0.956549 -0.28175 0.121767 -0.880972 -0.457231 0.121767 -0.880972 -0.457231 0.163728 -0.771505 -0.614794 0.163728 -0.771505 -0.614794 0.199315 -0.632562 -0.748423 0.199315 -0.632562 -0.748423 0.2272 -0.469628 -0.853128 0.2272 -0.469628 -0.853128 0.246363 -0.289004 -0.925084 0.256117 -0.0975496 -0.96171 0.246363 -0.289004 -0.925084 0.256117 -0.0975496 -0.96171 0.00629132 -0.995138 -0.0982856 -0.0130041 -0.995138 -0.0976244 0.00629132 -0.995138 -0.0982856 0.0186254 -0.956549 -0.290974 0.0302259 -0.880972 -0.472201 0.0186254 -0.956549 -0.290974 0.0302259 -0.880972 -0.472201 0.0406417 -0.771505 -0.634922 0.0406417 -0.771505 -0.634922 0.0494755 -0.632562 -0.772927 0.0494755 -0.632562 -0.772927 0.0563972 -0.469628 -0.88106 0.0611539 -0.289004 -0.955372 0.0563972 -0.469628 -0.88106 0.0611539 -0.289004 -0.955372 0.0635751 -0.0975496 -0.993197 0.0635751 -0.0975496 -0.993197 -0.0317999 -0.995138 -0.0932116 -0.0130041 -0.995138 -0.0976244 -0.0384987 -0.956549 -0.289017 -0.0624768 -0.880972 -0.469025 -0.0384987 -0.956549 -0.289017 -0.0624768 -0.880972 -0.469025 -0.0840064 -0.771505 -0.630651 -0.0840064 -0.771505 -0.630651 -0.102266 -0.632562 -0.767727 -0.102266 -0.632562 -0.767727 -0.116573 -0.469628 -0.875134 -0.116573 -0.469628 -0.875134 -0.126405 -0.289004 -0.948945 -0.13141 -0.0975496 -0.986516 -0.13141 -0.0975496 -0.986516 -0.126405 -0.289004 -0.948945 -0.0317999 -0.995138 -0.0932116 -0.0941434 -0.956549 -0.275953 -0.0941434 -0.956549 -0.275953 -0.152779 -0.880972 -0.447824 -0.152779 -0.880972 -0.447824 -0.205426 -0.771505 -0.602145 -0.250077 -0.632562 -0.733025 -0.205426 -0.771505 -0.602145 -0.250077 -0.632562 -0.733025 -0.285063 -0.469628 -0.835576 -0.309106 -0.289004 -0.906051 -0.285063 -0.469628 -0.835576 -0.321344 -0.0975496 -0.941924 -0.321344 -0.0975496 -0.941924 -0.309106 -0.289004 -0.906051 -0.0493735 -0.995138 -0.0852168 -0.0493735 -0.995138 -0.0852168 -0.14617 -0.956549 -0.252284 -0.14617 -0.956549 -0.252284 -0.237209 -0.880972 -0.409414 -0.237209 -0.880972 -0.409414 -0.318952 -0.771505 -0.550498 -0.318952 -0.771505 -0.550498 -0.388278 -0.632562 -0.670152 -0.388278 -0.632562 -0.670152 -0.442598 -0.469628 -0.763907 -0.442598 -0.469628 -0.763907 -0.479929 -0.289004 -0.828338 -0.49893 -0.0975496 -0.861134 -0.657342 -0.0975496 -0.747251 -0.49893 -0.0975496 -0.861134 -0.479929 -0.289004 -0.828338 -0.0782262 -0.995138 -0.0598356 -0.0650498 -0.995138 -0.073947 -0.0650498 -0.995138 -0.073947 -0.19258 -0.956549 -0.21892 -0.19258 -0.956549 -0.21892 -0.312524 -0.880972 -0.35527 -0.312524 -0.880972 -0.35527 -0.42022 -0.771505 -0.477696 -0.42022 -0.771505 -0.477696 -0.511557 -0.632562 -0.581526 -0.511557 -0.632562 -0.581526 -0.583125 -0.469628 -0.662883 -0.583125 -0.469628 -0.662883 -0.632308 -0.289004 -0.718792 -0.657342 -0.0975496 -0.747251 -0.632308 -0.289004 -0.718792 -0.0782262 -0.995138 -0.0598356 -0.375828 -0.880972 -0.287473 -0.231589 -0.956549 -0.177143 -0.231589 -0.956549 -0.177143 -0.375828 -0.880972 -0.287473 -0.505339 -0.771505 -0.386536 -0.505339 -0.771505 -0.386536 -0.615178 -0.632562 -0.470552 -0.615178 -0.632562 -0.470552 -0.701242 -0.469628 -0.536383 -0.760387 -0.289004 -0.581624 -0.701242 -0.469628 -0.536383 -0.790493 -0.0975496 -0.604652 -0.760387 -0.289004 -0.581624 -0.790493 -0.0975496 -0.604652 -0.893265 -0.0975496 -0.438816 -0.0883965 -0.995138 -0.0434247 -0.0883965 -0.995138 -0.0434247 -0.261698 -0.956549 -0.128559 -0.261698 -0.956549 -0.128559 -0.42469 -0.880972 -0.208629 -0.42469 -0.880972 -0.208629 -0.571039 -0.771505 -0.280522 -0.571039 -0.771505 -0.280522 -0.695158 -0.632562 -0.341496 -0.792411 -0.469628 -0.389271 -0.695158 -0.632562 -0.341496 -0.792411 -0.469628 -0.389271 -0.859246 -0.289004 -0.422104 -0.859246 -0.289004 -0.422104 -0.893265 -0.0975496 -0.438816 -0.0982856 -0.995138 -0.00629132 -0.0951697 -0.995138 -0.025345 -0.0951697 -0.995138 -0.025345 -0.0982856 -0.995138 -0.00629132 -0.28175 -0.956549 -0.0750338 -0.28175 -0.956549 -0.0750338 -0.290974 -0.956549 -0.0186254 -0.457231 -0.880972 -0.121767 -0.290974 -0.956549 -0.0186254 -0.472201 -0.880972 -0.0302259 -0.472201 -0.880972 -0.0302259 -0.457231 -0.880972 -0.121767 -0.634922 -0.771505 -0.0406417 -0.634922 -0.771505 -0.0406417 -0.614794 -0.771505 -0.163728 -0.614794 -0.771505 -0.163728 -0.772927 -0.632562 -0.0494755 -0.748423 -0.632562 -0.199315 -0.772927 -0.632562 -0.0494755 -0.748423 -0.632562 -0.199315 -0.853128 -0.469628 -0.2272 -0.88106 -0.469628 -0.0563972 -0.925084 -0.289004 -0.246363 -0.88106 -0.469628 -0.0563972 -0.853128 -0.469628 -0.2272 -0.993197 -0.0975496 -0.0635751 -0.955372 -0.289004 -0.0611539 -0.96171 -0.0975496 -0.256117 -0.993197 -0.0975496 -0.0635751 -0.955372 -0.289004 -0.0611539 -0.96171 -0.0975496 -0.256117 -0.925084 -0.289004 -0.246363 0.997957 -0 0.0638798 0.96632 -3.99242e-15 0.257344 0.997957 -8.00478e-15 0.0638798 0.897547 8.54108e-15 0.440919 0.96632 4.98504e-15 0.257344 0.794282 -6.99727e-15 0.60755 0.897547 -8.04902e-15 0.440919 0.660493 -4.84081e-15 0.750832 0.794282 -8.72489e-15 0.60755 0.501321 7.7349e-15 0.865261 0.660493 2.53994e-15 0.750832 0.322885 6.3163e-15 0.946438 0.501321 3.86745e-15 0.865261 0.132039 -1.03925e-14 0.991244 0.322885 -1.17436e-14 0.946438 0.132039 -1.27604e-14 0.991244 -0.0638798 -9.20507e-15 0.997957 -0.0638798 -8.05095e-15 0.997957 -0.257344 -4.17843e-15 0.96632 -0.257344 2.93968e-15 0.96632 -0.440919 4.59832e-15 0.897547 -0.440919 -3.70566e-15 0.897547 -0.60755 -1.26833e-15 0.794282 -0.60755 -3.91452e-15 0.794282 -0.750832 1.2897e-15 0.660493 -0.750832 1.59966e-15 0.660493 -0.865261 3.92804e-15 0.501321 -0.865261 -1.27104e-15 0.501321 -0.946438 2.79327e-15 0.322885 -0.991244 -3.76027e-15 0.132039 -0.946438 -9.19523e-15 0.322885 -0.991244 -2.4814e-15 0.132039 -0.997957 1.20048e-15 -0.0638798 -0.997957 1.21895e-15 -0.0638798 -0.96632 4.88822e-15 -0.257344 -0.897547 1.09623e-16 -0.440919 -0.96632 -4.02962e-15 -0.257344 -0.897547 1.09623e-16 -0.440919 -0.794282 4.2772e-15 -0.60755 -0.660493 -4.43916e-15 -0.750832 -0.794282 -1.08038e-14 -0.60755 -0.660493 -1.22216e-14 -0.750832 -0.501321 -9.34e-15 -0.865261 -0.322885 3.87629e-15 -0.946438 -0.501321 -2.70376e-16 -0.865261 -0.322885 1.07399e-14 -0.946438 0.0638798 2.92714e-15 -0.997957 -0.132039 -2.51847e-15 -0.991244 -0.132039 1.69778e-14 -0.991244 0.257344 -1.79752e-15 -0.96632 0.0638798 -7.45994e-15 -0.997957 0.440919 8.92663e-16 -0.897547 0.257344 -3.0609e-15 -0.96632 0.440919 -3.18666e-15 -0.897547 0.60755 -9.0762e-15 -0.794282 0.60755 -8.72897e-16 -0.794282 0.750832 6.94659e-15 -0.660493 0.750832 -5.32467e-15 -0.660493 0.865261 0 -0.501321 0.865261 7.94336e-15 -0.501321 0.946438 0 -0.322885 0.946438 0 -0.322885 0.991244 0 -0.132039 0.991244 0 -0.132039 1.16021e-14 -0.999999 1.10624e-14 -0 -0.999999 0 1.5427e-14 -0.999999 9.92533e-15 -2.72671e-15 -1 1.02981e-14 0 -0.999999 0 -0 -1 0 0 -0.999999 0 -0 -0.999999 0 2.35007e-15 -1 4.86107e-15 4.4571e-15 -1 1.7896e-15 0 -0.999999 0 0 -1 0 -0 -0.999999 0 5.18698e-15 -1 1.00792e-15 1.17059e-15 -1 4.39276e-15 0 -0.999999 0 0 -0.999999 0 3.70899e-16 -1 5.2492e-15 4.46233e-15 -1 9.09524e-18 5.43563e-15 -1 -1.03326e-15 -5.58221e-16 -1 4.65506e-15 -0 -1 0 0 -0.999999 0 0 -1 0 0 -1 0 0 -1 0 0 -0.999999 0 6.01812e-15 -1 -2.38794e-15 -1.6827e-15 -1 5.26691e-15 -0 -1 0 0 -1 0 0 -1 0 -0 -1 0 0 -1 0 0 -1 0 0 -1 0 -0 -1 0 0 -1 0 0 -1 0 0 -1 0 -0 -1 0 0 -1 0 0 -1 0 0 -1 0 0 -1 0 0 -0.999999 0 0 -0.999999 0 2.34752e-14 -0.999999 -3.06551e-14 -0 -0.999999 0 -0 -1 0 0 -1 0 0 -1 0 0 -0.999999 0 0 -0.999999 0 -3.84712e-15 -1 -9.93406e-15 0 -0.999999 0 0 -1 0 0 -1 0 0 -1 0 0 -0.999999 0 0 -1 0 0 -1 0 -4.75851e-15 -1 -2.55135e-15 -4.7888e-15 -1 2.2334e-15 -4.65777e-15 -1 1.17199e-15 0 -1 0 0 -1 0 4.2317e-15 -1 -3.42787e-14 0 -1 0 -0 -1 0 0 -1 0 0 -1 0 0 -1 0 0 -1 0 0 -1 0 0 -1 0 -0 -1 0 -0 -1 0 0 -1 0 0 -1 0 0 -0.999999 0 -0 -0.999999 0 0 -0.999999 0 0 -0.999999 0 0 -0.999999 0 2.89193e-14 -0.999999 4.6262e-15 0 -1 0 0 -0.999999 0 0 -1 0 0 -1 0 0 -1 0 -1.03802e-15 -0.999999 -1.83147e-14 2.769e-14 -1 1.95655e-14 -6.56812e-15 -1 -3.39087e-14 0 -1 0 0 -1 0 0 -1 0 -6.56813e-15 -1 -3.39087e-14 0 -1 0 0 -1 0 0 -1 0 0 -1 0 0 -1 0 0 -1 0 0 -1 0 0 -1 0 0 -1 0 0 -1 0 0 -1 0 0 -1 0 0 -1 0 0 -1 0 1.34313e-15 -1 2.02637e-15 -6.73328e-16 -1 8.80277e-16 -5.37472e-16 -1 9.85889e-16 -7.09941e-16 -1 8.61919e-16 0 -1 0 0 -1 0 0 -1 0 -4.76642e-16 -1 1.02042e-15 -4.938e-16 -1 1.00519e-15 -2.0445e-16 -1 1.09272e-15 0 -1 0 0 -1 0 0 -1 0 0 -0.999999 0 8.50519e-16 -0.999999 -3.37312e-14 0 -0.999999 0 3.84417e-14 -0.999999 -3.61304e-15 -2.86102e-16 -1 1.0743e-15 -4.04763e-16 -1 1.02874e-15 -1.38227e-16 -1 1.11971e-15 0 -1 0 -0 -1 0 0 -1 0 1.44348e-16 -1 1.11106e-15 -6.79582e-17 -1 1.11834e-15 -7.10712e-17 -1 1.1103e-15 -0 -1 0 0 -1 0 0 -1 0 -0 -0.999999 0 0 -0.999999 0 2.19004e-14 -0.999999 3.17992e-14 1.29443e-14 -1 6.04635e-15 1.29443e-14 -1 6.04635e-15 0 -1 0 0 -0.999999 0 0 -1 0 0 -1 0 -0 -1 0 0 -1 0 0 -1 0 0 -1 0 0 -1 0 0 -1 0 0 -1 0 4.7423e-16 -1 9.98621e-16 1.46904e-16 -1 1.10284e-15 2.14546e-16 -1 1.10762e-15 -0 -1 0 0 -1 0 0 -1 0 0 -1 0 0 -1 0 0 -1 0 0 -1 0 0 -1 0 0 -1 0 0 -1 0 0 -1 0 0 -1 0 0 -1 0 0 -1 0 0 -1 0 2.78766e-16 -1 1.07616e-15 3.58966e-16 -1 1.0522e-15 5.4537e-16 -1 9.85396e-16 -0 -1 0 0 -1 0 0 -1 0 7.67274e-16 -1 8.11302e-16 6.03694e-16 -1 9.46787e-16 5.61446e-16 -1 9.69034e-16 -0 -1 0 0 -1 0 0 -1 0 0 -0.999999 0 0 -0.999999 0 0 -0.999999 0 0 -0.999999 0 7.32003e-16 -1 8.32123e-16 -0 -1 0 0 -1 0 -0 -0.999999 0 0 -0.999999 0 0 -1 0 0 -0.999999 0 0 -1 0 0 -1 0 -0 -0.999999 0 0 -1 0 0 -1 0 0 -1 0 -0 -1 0 -0 -1 0 0 -1 0 0 -1 0 2.52447e-14 -1 2.3572e-14 -8.67161e-16 -1 4.46258e-15 -0 -1 0 -5.2492e-15 -1 3.70899e-16 -9.09524e-18 -1 4.46233e-15 0 -1 0 0 -1 0 8.75547e-16 -1 4.60593e-15 -5.49361e-15 -1 -6.58776e-16 0 -1 0 0 -1 0 0 -1 0 0 -1 0 2.03926e-15 -1 5.13938e-15 -6.16746e-15 -1 -1.97041e-15 -1.20128e-15 -1 2.11355e-15 0 -1 0 0 -1 0 -0 -1 0 0 -1 0 0 -1 0 -0 -1 0 0 -1 0 2.19004e-14 -0.999999 3.17992e-14 0 -0.999999 0 0 -0.999999 0 0 -0.999999 0 0 -1 0 -0 -1 0 1.29443e-14 -1 6.04635e-15 1.29443e-14 -1 6.04635e-15 0 -1 0 0 -1 0 -0 -1 0 0 -1 0 0 -1 0 -0 -0.999999 0 3.84417e-14 -0.999999 -3.61304e-15 -0 -1 0 0 -1 0 0 -1 0 8.50519e-16 -0.999999 -3.37312e-14 -0 -0.999999 0 0 -1 0 0 -1 0 0 -1 0 0 -1 0 -0 -1 0 0 -1 0 0 -1 0 0 -1 0 0 -1 0 -0 -1 0 0 -1 0 -0 -1 0 0 -1 0 0 -1 0 -0 -1 0 0 -1 0 0 -1 0 0 -1 0 -0 -1 0 0 -1 0 -1.03802e-15 -0.999999 -1.83147e-14 2.89193e-14 -0.999999 4.6262e-15 0 -0.999999 0 0 -0.999999 0 0 -1 0 -0 -1 0 0 -1 0 0 -1 0 -6.56812e-15 -1 -3.39087e-14 -6.56813e-15 -1 -3.39087e-14 0 -1 0 0 -1 0 -0 -1 0 0 -1 0 0 -1 0 0 -1 0 -0 -1 0 0 -1 0 -0 -1 0 -1.74377e-14 -1 1.39945e-14 1.41792e-14 -1 1.75041e-15 -0 -1 0 0 -1 0 0 -1 0 -0 -0.999999 0 -0 -0.999999 0 0 -1 0 0 -1 0 -0 -1 0 0 -1 0 0 -1 0 0 -1 0 0 -1 0 -0 -1 0 -0 -0.999999 0 0 -0.999999 0 -0 -1 0 0 -1 0 0 -1 0 0 -1 0 0 -1 0 -0 -1 0 0 -1 0 0 -1 0 -0 -1 0 -0 -1 0 0 -1 0 0 -1 0 -0 -1 0 0 -1 0 0 -1 0 0 -1 0 0 -1 0 0 -1 0 -0 -1 0 4.2317e-15 -1 -3.42787e-14 -0 -1 0 0 -0.999999 0 0 -0.999999 0 -0 -0.999999 0 0 -0.999999 0 -0 -1 0 0 -1 0 0 -1 0 0 -1 0 -4.7888e-15 -1 2.2334e-15 0 -1 0 -0 -1 0 -0 -1 0 0 -1 0 -4.65777e-15 -1 1.17199e-15 -4.75851e-15 -1 -2.55135e-15 0 -1 0 -0 -1 0 -3.84712e-15 -1 -9.93406e-15 -0 -1 0 -0 -1 0 0 -1 0 2.34752e-14 -0.999999 -3.06551e-14 0 -0.999999 0 0 -0.999999 0 -0 -0.999999 0 -0 -1 0 0 -1 0 0 -1 0 0 -1 0 -0 -1 0 0 -1 0 0 -1 0 -0 -1 0 -0 -1 0 0 -1 0 0 -1 0 0 -1 0 -0 -1 0 0 -1 0 0 -1 0 0 -1 0 -0 -1 0 -0 -1 0 0 -1 0 0 -1 0 -0 -1 0 0 -1 0 -0 -1 0 -0 -1 0 0 -1 0 -0 -1 0 0 -1 0 0 -1 0 -0 -1 0 0 -1 0 -0 -1 0 0 -1 0 -0 -1 0 0 -1 0 0 -1 0 0 -1 0 -0 -1 0 -0 -1 0 0 -1 0 0 -0.999999 0 0 -0.999999 0 -0 -1 0 -0 -0.999999 0 0 -0.999999 0 -0 -1 0 0 -0.999999 0 0 -1 0 -0 -1 0 0 -0.999999 0 -0 -1 0 0 -1 0 -0 -0.999999 0 0 -0.999999 0 0 -0.999999 0 0 -0.999999 0 0 -1 0 0 -1 0 0 -0.999999 0 -0 -0.999999 0 0 -0.999999 0 0 -0.999999 0 0 -1 0 0 -0.999999 0 0 -0.999999 0 0 -0.999999 0 0 -1 0 0 -0.999998 0 0 -0.999999 0 0 -0.999999 0 0 -0.999999 0 0 -0.999999 0 0 -0.999999 0 0 -0.999999 0 0 -1 0 0 -0.999999 0 0 -0.999999 0 0 -0.999999 0 0 -1 0 0 -0.999999 0 0 -1 0 0 -0.999999 0 0 -1 0 0 -0.999999 0 0 -0.999999 0 0 -0.999999 0 0 -1 0 0 -1 0 0 -1 0 0 -0.999999 0 0 -0.999999 0 0 -0.999999 0 0 -0.999999 0 0 -0.999999 0 0 -1 0 0 -0.999999 0 0 -0.999999 0 0 -0.999999 0 0 -0.999999 0 0 -0.999999 0 0 -0.999999 0 0 -0.999999 0 0 -0.999999 0 0 -0.999999 0 0 -1 0 0 -0.999999 0 0 -0.999999 0 0 -1 0 0 -0.999999 0 0 -0.999999 0 0 -0.999999 0 0 -0.999999 0 0 -0.999999 0 0 -0.999999 0 0 -0.999999 0 0 -0.999999 0 0 -0.999999 0 0 -0.999999 0 0 -0.999999 0 0 -0.999999 0 0 -0.999999 0 0 -0.999999 0 0 -0.999999 0 0 -0.999999 0 0 -1 0 0 -0.999999 0 0 -0.999999 0 0 -0.999999 0 0 -0.999999 0 0 -0.999999 0 0 -0.999999 0 0 -0.999999 0 0 -0.999999 0 0 -0.999999 0 0 -0.999999 0 0 -0.999999 0 0 -0.999999 0 0 -0.999999 0 0 -0.999999 0 0 -0.999999 0 0 -0.999999 0 0 -0.999999 0 0 -0.999999 0 0 -0.999999 0 0 -0.999999 0 0 -0.999999 0 0 -0.999998 0 0 -0.999999 0 0 -0.999998 0 0 -1 0 0 -0.999999 0 0 -0.999999 0 0 -0.999999 0 0 -1 0 0 -0.999999 0 0 -0.999999 0 0 -0.999999 0 0 -1 0 0 -0.999999 0 0 -1 0 0 -0.999999 0 0 -1 0 0 -1 0 0 -0.999999 0 0 -1 0 0 -1 0 0 -0.999999 0 0 -1 0 0 -1 0 0 -0.999999 0 0 -1 0 0 -1 0 0 -1 0 0 -1 0 0 -1 0 0 -0.999999 0 0 -0.999999 0 0 -1 0 0 -1 0 0 -0.999999 0 0 -0.999999 0 0 -0.999998 0 0 -1 0 0 -0.999999 0 0 -0.999999 0 0 -0.999999 0 0 -0.999999 0 0 -0.999999 0 0 -0.999999 0 0 -0.999999 0 0 -0.999999 0 0 -0.999999 0 0 -0.999999 0 0 -0.999999 0 0 -0.999999 0 0 -0.999999 0 0 -0.999999 0 0 -0.999999 0 0 -0.999999 0 0 -0.999999 0 0 -0.999999 0 0 -1 0 0 -1 0 0 -0.999999 0 0 -0.999999 0 0 -1 0 0 -1 0 0 -0.999999 0 0 -0.999999 0 0 -1 0 0 -0.999999 0 0 -0.999999 0 0 -1 0 0 -1 0 0 -1 0 0 -1 0 0 -1 0 0 -1 0 0 -1 0 0 -0.999999 0 0 -1 0 0 -1 0 0 -1 0 0 -1 0 0 -0.999999 0 0 -0.999999 0 0 -1 0 0 -1 0 0 -1 0 0 -1 0 0 -0.999999 0 0 -1 0 0 -0.999999 0 0 -0.999999 0 0 -1 0 0 -1 0 0 -0.999999 0 0 -0.999998 0 0 -0.999999 0 0 -0.999999 0 0 -0.999999 0 0 -0.999999 0 0 -0.999999 0 0 -0.999999 0 0 -0.999999 0 0 -0.999998 0 0 -0.999999 0 0 -1 0 0 -1 0 0 -1 0 0 -0.999999 0 0 -0.999999 0 0 -1 0 0 -1 0 0 -1 0 0 -1 0 0 -0.999999 0 0 -0.999999 0 0 -0.999999 0 0 -0.999999 0 0 -1 0 0 -1 0 0 -0.999999 0 0 -0.999999 0 0 -0.999999 0 0 -1 0 0 -1 0 0 -0.999999 0 0 -0.999999 0 0 -0.999999 0 0 -1 0 0 -0.999999 0 0 -0.999999 0 0 -0.999999 0 0 -1 0 0 -0.999999 0 0 -0.999999 0 0 -0.999999 0 0 -0.999999 0 0 -1 0 0 -1 0 0 -0.999999 0 0 -0.999999 0 0 -1 0 0 -1 0 0 -0.999999 0 0 -0.999999 0 0 -0.999999 0 0 -0.999999 0 0 -0.999999 0 0 -0.999999 0 0 -0.999999 0 0 -0.999999 0 0 -0.999999 0 0 -0.999999 0 0 -0.999999 0 0 -0.999999 0 0 -0.999999 0 0 -0.999999 0 0 -0.999999 0 0 -0.999999 0 0 -0.999999 0 0 -0.999999 0 0 -0.999998 0 0 -0.999999 0 0 -0.999999 0 0 -0.999998 0 0 -1 0 0 -1 0 0 -0.999999 0 0 -0.999999 0 0 -0.999999 0 0 -0.999999 0 0 -1 0 0 -0.999999 0 0 -0.999999 0 0 -0.999999 0 0 -1 0 0 -1 0 0 -0.999999 0 0 -0.999999 0 0 -0.999999 0 0 -0.999999 0 0 -0.999999 0 0 -0.999999 0 0 -0.999999 0 0 -0.999999 0 0 -0.999999 0 0 -0.999999 0 0 -0.999999 0 0 -0.999999 0 0 -1 0 0 -0.999998 0 0 -0.999999 0 0 -1 0 0 -1 0 0 -0.999999 0 0 -0.999999 0 0 -1 0 0 -1 0 0 -0.999999 0 0 -0.999999 0 0 -1 0 0 -1 0 0 -1 0 0 -0.999999 0 0 -0.999999 0 0 -0.999999 0 0 -0.999999 0 0 -0.999999 0 0 -0.999999 0 0 -0.999999 0 0 -0.999999 0 0 -1 0 0 -0.999999 0 0 -0.999999 0 0 -1 0 0 -1 0 0 -0.999999 0 0 -1 0 0 -0.999999 0 0 -0.999999 0 0 -0.999999 0 0 -0.999999 0 0 -0.999999 0 0 -0.999999 0 0 -0.999999 0 0 -1 0 0 -0.999999 0 0 -1 0 0 -1 0 0 -0.999999 0 0 -0.999999 0 0 -0.999999 0 0 -0.999999 0 0 -1 0 0 -0.999999 0 0 -0.999999 0 0 -0.999999 0 0 -0.999999 0 0 -0.999999 0 0 -0.999999 0 0 -1 0 0 -1 0 0 -1 0 0 -1 0 0 -0.999998 0 0 -0.999999 0 0 -0.999999 0 0 -0.999999 0 0 -0.999999 0 0 -0.999999 0 0 -0.999999 0 0 -0.999999 0 0 -1 0 0 -1 0 0.997958 5.7145e-17 0.0638798 0.997958 6.33222e-18 0.0638798 0.96632 2.42343e-16 0.257344 0.96632 2.50763e-17 0.257344 0.897547 1.14884e-15 0.440919 0.897547 4.14724e-16 0.440919 0.794282 1.1719e-15 0.60755 0.794282 1.23067e-15 0.60755 0.660493 7.44278e-17 0.750832 0.660493 1.19402e-15 0.750832 0.501321 7.71937e-16 0.865261 0.501321 8.48737e-17 0.865261 0.322885 8.44359e-16 0.946438 0.322885 8.44879e-16 0.946438 0.132039 2.02969e-16 0.991244 -0.0638798 4.82668e-17 0.997958 0.132039 8.8394e-16 0.991244 -0.0638798 9.39784e-16 0.997958 -0.257344 9.09498e-16 0.96632 -0.257344 6.58018e-16 0.96632 -0.440919 4.51084e-16 0.897547 -0.440919 8.00741e-16 0.897547 -0.60755 7.07923e-16 0.794282 -0.60755 7.08613e-16 0.794282 -0.750832 5.89254e-16 0.660493 -0.750832 -5.2995e-16 0.660493 -0.865261 -6.36472e-16 0.501321 -0.865261 -6.11625e-16 0.501321 -0.946438 -7.02531e-16 0.322885 -0.946438 -7.18535e-16 0.322885 -0.991244 -7.73025e-16 0.132039 -0.991244 1.17798e-16 0.132039 -0.997958 -5.699e-17 -0.0638798 -0.997958 -7.97729e-16 -0.0638798 -0.96632 -7.91833e-16 -0.257344 -0.96632 -2.55098e-16 -0.257344 -0.897547 -4.37871e-16 -0.440919 -0.897547 -4.15217e-16 -0.440919 -0.794282 -5.72897e-16 -0.60755 -0.794282 -1.20201e-15 -0.60755 -0.660493 -1.23085e-15 -0.750832 -0.660493 -7.07064e-16 -0.750832 -0.501321 -1.07213e-16 -0.865261 -0.322885 -1.17272e-16 -0.946438 -0.501321 -8.14016e-16 -0.865261 -0.322885 -8.91268e-16 -0.946438 -0.132039 -9.3361e-16 -0.991244 -0.132039 -9.33462e-16 -0.991244 0.0638798 -9.39784e-16 -0.997958 0.0638798 -9.13857e-16 -0.997958 0.257344 -9.0999e-16 -0.96632 0.440919 -8.45226e-16 -0.897547 0.257344 -7.30106e-16 -0.96632 0.60755 -7.47981e-16 -0.794282 0.440919 -8.45226e-16 -0.897547 0.750832 5.2995e-16 -0.660493 0.60755 4.03062e-16 -0.794282 0.750832 -6.21991e-16 -0.660493 0.865261 -4.96945e-16 -0.501321 0.865261 -4.72592e-16 -0.501321 0.946438 4.46478e-16 -0.322885 0.946438 -3.20205e-16 -0.322885 0.991244 -1.17798e-16 -0.132039 0.991244 6.61629e-16 -0.132039 0 0.999999 0 0 0.999999 0 0 0.999999 -0 0 0.999999 0 0 0.999999 0 0 0.999999 0 0 0.999999 -0 0 0.999999 0 0 0.999999 0 0 0.999999 0 0 0.999999 -0 0 0.999999 -0 0 0.999999 0 0 0.999999 0 0 0.999999 -0 0 0.999999 -0 0 0.999999 0 0 0.999999 0 0 0.999999 0 0 0.999999 0 0 0.999999 -0 0 0.999999 0 0 0.999999 0 0 0.999999 -0 0 0.999999 0 0 0.999999 0 0 0.999999 -0 0 0.999999 0 0 0.999999 0 0 0.999999 0 0 0.999999 -0 0 0.999999 -0 0 0.999999 0 0 0.999999 0 0 0.999999 0 0 0.999999 -0 0 0.999999 0 0 0.999999 0 0 0.999999 -0 0 0.999999 0 0 0.999999 0 0 0.999999 0 0 0.999999 0 0 0.999999 0 0 0.999999 -0 0 0.999999 0 0 0.999999 0 0 0.999999 -0 0 0.999999 0 0 0.999999 -0 0 0.999999 0 0 0.999999 0 0 0.999999 0 0 0.999999 -0 0 0.999999 0 0 0.999999 0 0 0.999999 0 0 0.999999 -0 0 0.999999 0 0 0.999999 0 0 0.999999 0 0 0.999999 0 0 0.999999 -0 0 0.999999 0 0.997958 6.02796e-17 0.0638798 0.997958 7.97729e-16 0.0638798 0.96632 2.29588e-16 0.257344 0.96632 7.91833e-16 0.257344 0.897547 3.93363e-16 0.440919 0.897547 3.93505e-16 0.440919 0.794282 6.90103e-16 0.60755 0.794282 5.40105e-16 0.60755 0.660493 7.44278e-17 0.750832 0.660493 5.97974e-16 0.750832 0.501321 7.71937e-16 0.865261 0.501321 8.48737e-17 0.865261 0.322885 8.44359e-16 0.946438 0.322885 8.43914e-16 0.946438 0.132039 2.02969e-16 0.991244 -0.0638798 4.82668e-17 0.997958 0.132039 8.84422e-16 0.991244 -0.0638798 4.82668e-17 0.997958 -0.257344 -1.08021e-16 0.96632 -0.257344 8.62096e-16 0.96632 -0.440919 8.00741e-16 0.897547 -0.440919 -2.60685e-16 0.897547 -0.60755 -4.0315e-16 0.794282 -0.60755 2.66184e-16 0.794282 -0.750832 2.65682e-17 0.660493 -0.750832 6.54727e-17 0.660493 -0.865261 4.96945e-17 0.501321 -0.865261 4.96945e-17 0.501321 -0.946438 3.20066e-17 0.322885 -0.946438 2.88059e-16 0.322885 -0.991244 1.17666e-16 0.132039 -0.991244 1.24343e-16 0.132039 -0.997958 -6.01561e-17 -0.0638798 -0.997958 4.43255e-17 -0.0638798 -0.96632 1.78428e-16 -0.257344 -0.96632 -2.42343e-16 -0.257344 -0.897547 -4.16653e-16 -0.440919 -0.897547 -4.58924e-16 -0.440919 -0.794282 -6.32695e-16 -0.60755 -0.794282 -7.20215e-16 -0.60755 -0.660493 -6.35423e-16 -0.750832 -0.660493 -6.35423e-16 -0.750832 -0.501321 -8.14822e-16 -0.865261 -0.322885 -8.91268e-16 -0.946438 -0.501321 -5.24674e-16 -0.865261 -0.322885 4.00671e-16 -0.946438 -0.132039 5.83024e-16 -0.991244 -0.132039 -9.33462e-16 -0.991244 0.0638798 -9.39784e-16 -0.997958 0.0638798 -9.89246e-16 -0.997958 0.257344 1.0829e-16 -0.96632 0.440919 2.60685e-16 -0.897547 0.257344 -9.57722e-16 -0.96632 0.60755 -1.22978e-15 -0.794282 0.440919 -1.19488e-15 -0.897547 0.750832 -6.21991e-16 -0.660493 0.60755 -7.47981e-16 -0.794282 0.750832 6.16818e-18 -0.660493 0.865261 -4.72098e-16 -0.501321 0.865261 2.39189e-16 -0.501321 0.946438 -3.20066e-16 -0.322885 0.946438 -3.03809e-16 -0.322885 0.991244 -1.24343e-16 -0.132039 0.991244 -1.30686e-16 -0.132039 0 0.999999 0 0 0.999999 0 0 0.999999 -0 0 0.999999 0 0 0.999999 0 0 0.999999 0 0 0.999999 0 0 0.999999 -0 0 0.999999 0 0 0.999999 -0 0 0.999999 -0 0 0.999999 0 0 0.999999 0 0 0.999999 -0 0 0.999999 0 0 0.999999 -0 0 0.999999 0 0 0.999999 0 0 0.999999 0 0 0.999999 -0 0 0.999999 0 0 0.999999 0 0 0.999999 0 0 0.999999 -0 0 0.999999 0 0 0.999999 0 0 0.999999 0 0 0.999999 -0 0 0.999999 0 0 0.999999 -0 0 0.999999 -0 0 0.999999 0 0 0.999999 0 0 0.999999 0 0 0.999999 0 0 0.999999 -0 0 0.999999 0 0 0.999999 0 0 0.999999 0 0 0.999999 -0 0 0.999999 0 0 0.999999 0 0 0.999999 0 0 0.999999 0 0 0.999999 -0 0 0.999999 0 0 0.999999 0 0 0.999999 0 0 0.999999 -0 0 0.999999 0 0 0.999999 -0 0 0.999999 0 0 0.999999 0 0 0.999999 0 0 0.999999 -0 0 0.999999 0 0 0.999999 0 0 0.999999 -0 0 0.999999 0 0 0.999999 0 0 0.999999 0 0 0.999999 0 0 0.999999 -0 0 0.999999 0 0.997958 5.85918e-17 0.0638798 0.997958 6.01561e-17 0.0638798 0.96632 2.42343e-16 0.257344 0.96632 2.42083e-16 0.257344 0.897547 4.0429e-16 0.440919 0.897547 4.14724e-16 0.440919 0.794282 5.72134e-16 0.60755 0.794282 5.57466e-16 0.60755 0.660493 6.07513e-16 0.750832 0.660493 7.07923e-16 0.750832 0.501321 8.04101e-16 0.865261 0.501321 4.9381e-16 0.865261 0.322885 1.14732e-15 0.946438 0.322885 8.796e-16 0.946438 0.132039 -5.70822e-16 0.991244 -0.0638798 -7.30764e-16 0.997958 0.132039 1.03826e-15 0.991244 -0.0638798 9.39784e-16 0.997958 -0.257344 9.09498e-16 0.96632 -0.257344 7.05912e-16 0.96632 -0.440919 4.9557e-16 0.897547 -0.440919 8.45226e-16 0.897547 -0.60755 7.48431e-16 0.794282 -0.60755 2.66184e-16 0.794282 -0.750832 2.65682e-17 0.660493 -0.750832 -5.13582e-16 0.660493 -0.865261 -6.24048e-16 0.501321 -0.865261 -6.24048e-16 0.501321 -0.946438 -7.10533e-16 0.322885 -0.946438 4.00082e-17 0.322885 -0.991244 1.6396e-17 0.132039 -0.991244 1.63609e-17 0.132039 -0.997958 -7.91527e-18 -0.0638798 -0.997958 -8.00895e-16 -0.0638798 -0.96632 -8.04371e-16 -0.257344 -0.96632 -2.55098e-16 -0.257344 -0.897547 -4.37871e-16 -0.440919 -0.897547 -4.3707e-17 -0.440919 -0.794282 -5.97974e-17 -0.60755 -0.794282 -1.1719e-15 -0.60755 -0.660493 -1.19363e-15 -0.750832 -0.660493 -7.44278e-17 -0.750832 -0.501321 -8.57708e-17 -0.865261 -0.322885 -9.38176e-17 -0.946438 -0.501321 -8.48737e-17 -0.865261 -0.322885 -8.91268e-16 -0.946438 -0.132039 -9.3361e-16 -0.991244 -0.132039 -9.33462e-16 -0.991244 0.0638798 -9.39784e-16 -0.997958 0.0638798 -8.39664e-16 -0.997958 0.257344 -9.57884e-17 -0.96632 0.440919 -8.89712e-17 -0.897547 0.257344 -6.57771e-16 -0.96632 0.60755 -7.08613e-16 -0.794282 0.440919 -8.00741e-16 -0.897547 0.750832 5.62686e-16 -0.660493 0.60755 4.42429e-16 -0.794282 0.750832 -6.21991e-16 -0.660493 0.865261 -4.47251e-16 -0.501321 0.865261 -4.72592e-16 -0.501321 0.946438 4.46478e-16 -0.322885 0.946438 -2.88378e-16 -0.322885 0.991244 -1.2107e-16 -0.132039 0.991244 6.61629e-16 -0.132039 0 0.999999 0 0 0.999999 0 0 0.999999 -0 0 0.999999 0 0 0.999999 0 0 0.999999 -0 0 0.999999 0 0 0.999999 0 0 0.999999 0 0 0.999999 0 0 0.999999 0 0 0.999999 -0 0 0.999999 -0 0 0.999999 0 0 0.999999 -0 0 0.999999 0 0 0.999999 -0 0 0.999999 0 0 0.999999 0 0 0.999999 -0 0 0.999999 0 0 0.999999 0 0 0.999999 0 0 0.999999 -0 0 0.999999 0 0 0.999999 0 0 0.999999 0 0 0.999999 -0 0 0.999999 0 0 0.999999 0 0 0.999999 -0 0 0.999999 -0 0 0.999999 0 0 0.999999 -0 0 0.999999 0 0 0.999999 -0 0 0.999999 0 0 0.999999 0 0 0.999999 -0 0 0.999999 0 0 0.999999 0 0 0.999999 0 0 0.999999 0 0 0.999999 0 0 0.999999 -0 0 0.999999 0 0 0.999999 0 0 0.999999 -0 0 0.999999 0 0 0.999999 -0 0 0.999999 0 0 0.999999 0 0 0.999999 -0 0 0.999999 0 0 0.999999 0 0 0.999999 0 0 0.999999 0 0 0.999999 -0 0 0.999999 0 0 0.999999 0 0 0.999999 0 0 0.999999 -0 0 0.999999 0 0 0.999999 0 0.997958 1.25382e-17 0.0638798 0.997958 5.699e-17 0.0638798 0.96632 7.91817e-16 0.257344 0.96632 2.29545e-16 0.257344 0.897547 7.55476e-16 0.440919 0.897547 7.54218e-16 0.440919 0.794282 1.1719e-15 0.60755 0.794282 6.88634e-16 0.60755 0.660493 6.6985e-16 0.750832 0.660493 1.19402e-15 0.750832 0.501321 4.83327e-16 0.865261 0.501321 7.71579e-16 0.865261 0.322885 8.44359e-16 0.946438 0.322885 3.49139e-16 0.946438 0.132039 9.82591e-16 0.991244 -0.0638798 9.89246e-16 0.997958 0.132039 8.84422e-16 0.991244 -0.0638798 8.90321e-16 0.997958 -0.257344 8.62239e-16 0.96632 -0.257344 -1.0829e-16 0.96632 -0.440919 -2.60685e-16 0.897547 -0.440919 4.51084e-16 0.897547 -0.60755 2.25687e-16 0.794282 -0.60755 -4.03062e-16 0.794282 -0.750832 -5.2995e-16 0.660493 -0.750832 6.54727e-17 0.660493 -0.865261 4.96945e-17 0.501321 -0.865261 4.47251e-16 0.501321 -0.946438 2.88059e-16 0.322885 -0.946438 -4.30475e-16 0.322885 -0.991244 -6.5536e-16 0.132039 -0.991244 -8.77694e-16 0.132039 -0.997958 -7.47071e-16 -0.0638798 -0.997958 -8.48387e-16 -0.0638798 -0.96632 -9.96301e-16 -0.257344 -0.96632 -2.55098e-17 -0.257344 -0.897547 -4.24368e-17 -0.440919 -0.897547 -7.55476e-16 -0.440919 -0.794282 -6.90563e-16 -0.60755 -0.794282 -1.1719e-15 -0.60755 -0.660493 -1.19363e-15 -0.750832 -0.660493 -6.6985e-16 -0.750832 -0.501321 -8.14822e-16 -0.865261 -0.322885 -8.91268e-16 -0.946438 -0.501321 -7.71579e-16 -0.865261 -0.322885 -8.91268e-16 -0.946438 -0.132039 -9.3361e-16 -0.991244 -0.132039 -1.47389e-16 -0.991244 0.0638798 -1.48387e-16 -0.997958 0.0638798 -8.90321e-16 -0.997958 0.257344 -8.62096e-16 -0.96632 0.440919 -8.00741e-16 -0.897547 0.257344 -8.62239e-16 -0.96632 0.60755 4.03062e-16 -0.794282 0.440919 2.60685e-16 -0.897547 0.750832 -2.65682e-17 -0.660493 0.60755 -2.66184e-16 -0.794282 0.750832 5.62686e-16 -0.660493 0.865261 6.36472e-16 -0.501321 0.865261 6.61629e-16 -0.501321 0.946438 6.86528e-16 -0.322885 0.946438 7.18533e-16 -0.322885 0.991244 -2.61774e-17 -0.132039 0.991244 7.60005e-16 -0.132039 0 0.999999 0 0 0.999999 0 0 0.999999 -0 0 0.999999 0 0 0.999999 0 0 0.999999 0 0 0.999999 -0 0 0.999999 0 0 0.999999 0 0 0.999999 0 0 0.999999 -0 0 0.999999 -0 0 0.999999 0 0 0.999999 -0 0 0.999999 0 0 0.999999 0 0 0.999999 -0 0 0.999999 0 0 0.999999 0 0 0.999999 -0 0 0.999999 0 0 0.999999 0 0 0.999999 0 0 0.999999 -0 0 0.999999 0 0 0.999999 0 0 0.999999 0 0 0.999999 -0 0 0.999999 0 0 0.999999 0 0 0.999999 -0 0 0.999999 -0 0 0.999999 0 0 0.999999 0 0 0.999999 0 0 0.999999 -0 0 0.999999 0 0 0.999999 0 0 0.999999 -0 0 0.999999 0 0 0.999999 0 0 0.999999 0 0 0.999999 0 0 0.999999 0 0 0.999999 -0 0 0.999999 0 0 0.999999 0 0 0.999999 0 0 0.999999 -0 0 0.999999 0 0 0.999999 -0 0 0.999999 0 0 0.999999 0 0 0.999999 -0 0 0.999999 0 0 0.999999 0 0 0.999999 0 0 0.999999 0 0 0.999999 -0 0 0.999999 0 0 0.999999 0 0 0.999999 0 0 0.999999 0 0 0.999999 -0 0.997958 6.26908e-18 0.0638798 0.997958 7.91527e-18 0.0638798 0.96632 2.42343e-16 0.257344 0.96632 3.18276e-17 0.257344 0.897547 6.55605e-17 0.440919 0.897547 4.14724e-16 0.440919 0.794282 7.12687e-16 0.60755 0.794282 9.06605e-17 0.60755 0.660493 9.30348e-17 0.750832 0.660493 6.24979e-16 0.750832 0.501321 1.17935e-16 0.865261 0.501321 1.08021e-16 0.865261 0.322885 8.91268e-16 0.946438 0.322885 1.29239e-16 0.946438 0.132039 9.33462e-16 0.991244 -0.0638798 9.39784e-16 0.997958 0.132039 9.3361e-16 0.991244 -0.0638798 1.1129e-16 0.997958 -0.257344 1.08021e-16 0.96632 -0.257344 9.0999e-16 0.96632 -0.440919 8.45226e-16 0.897547 -0.440919 -6.22798e-16 0.897547 -0.60755 -5.4975e-16 0.794282 -0.60755 2.66184e-16 0.794282 -0.750832 2.65682e-17 0.660493 -0.750832 8.18409e-17 0.660493 -0.865261 6.21181e-17 0.501321 -0.865261 4.72098e-16 0.501321 -0.946438 3.04063e-16 0.322885 -0.946438 -4.46478e-16 0.322885 -0.991244 -6.62111e-16 0.132039 -0.991244 -6.61731e-16 0.132039 -0.997958 -8.51553e-16 -0.0638798 -0.997958 -9.49833e-18 -0.0638798 -0.96632 -3.85789e-17 -0.257344 -0.96632 -2.55098e-16 -0.257344 -0.897547 -4.37871e-16 -0.440919 -0.897547 -1.12699e-15 -0.440919 -0.794282 -1.20173e-15 -0.60755 -0.794282 -6.90103e-16 -0.60755 -0.660493 -5.98209e-16 -0.750832 -0.660493 -1.23085e-15 -0.750832 -0.501321 -7.71937e-16 -0.865261 -0.322885 -8.44359e-16 -0.946438 -0.501321 -1.21331e-15 -0.865261 -0.322885 -9.38176e-17 -0.946438 -0.132039 -9.83763e-17 -0.991244 -0.132039 -8.84332e-16 -0.991244 0.0638798 -8.90321e-16 -0.997958 0.0638798 -9.39784e-16 -0.997958 0.257344 -6.58018e-16 -0.96632 0.440919 -4.51084e-16 -0.897547 0.257344 -9.09498e-16 -0.96632 0.60755 -7.08613e-16 -0.794282 0.440919 -8.00741e-16 -0.897547 0.750832 -9.8209e-17 -0.660493 0.60755 -1.18102e-16 -0.794282 0.750832 -6.21991e-16 -0.660493 0.865261 2.14068e-16 -0.501321 0.865261 -4.72592e-16 -0.501321 0.946438 -3.04063e-16 -0.322885 0.946438 4.46551e-16 -0.322885 0.991244 -1.30887e-17 -0.132039 0.991244 -1.24417e-16 -0.132039 0 0.999999 0 0 0.999999 0 0 0.999999 -0 0 0.999999 0 0 0.999999 0 0 0.999999 -0 0 0.999999 0 0 0.999999 0 0 0.999999 0 0 0.999999 0 0 0.999999 0 0 0.999999 -0 0 0.999999 -0 0 0.999999 0 0 0.999999 -0 0 0.999999 0 0 0.999999 -0 0 0.999999 0 0 0.999999 0 0 0.999999 -0 0 0.999999 0 0 0.999999 0 0 0.999999 0 0 0.999999 -0 0 0.999999 0 0 0.999999 0 0 0.999999 0 0 0.999999 -0 0 0.999999 0 0 0.999999 0 0 0.999999 -0 0 0.999999 -0 0 0.999999 0 0 0.999999 -0 0 0.999999 0 0 0.999999 -0 0 0.999999 0 0 0.999999 0 0 0.999999 -0 0 0.999999 0 0 0.999999 0 0 0.999999 0 0 0.999999 0 0 0.999999 0 0 0.999999 -0 0 0.999999 0 0 0.999999 0 0 0.999999 -0 0 0.999999 0 0 0.999999 -0 0 0.999999 0 0 0.999999 0 0 0.999999 -0 0 0.999999 0 0 0.999999 0 0 0.999999 0 0 0.999999 0 0 0.999999 -0 0 0.999999 0 0 0.999999 0 0 0.999999 0 0 0.999999 -0 0 0.999999 0 0 0.999999 0 0.997958 6.26908e-18 0.0638798 0.997958 6.01561e-17 0.0638798 0.96632 7.91817e-16 0.257344 0.96632 2.42083e-16 0.257344 0.897547 7.55476e-16 0.440919 0.897547 7.56147e-16 0.440919 0.794282 5.42021e-16 0.60755 0.794282 6.90563e-16 0.60755 0.660493 5.98209e-16 0.750832 0.660493 6.69345e-16 0.750832 0.501321 8.57708e-17 0.865261 0.501321 4.82237e-16 0.865261 0.322885 8.44359e-16 0.946438 0.322885 9.35539e-17 0.946438 0.132039 1.03817e-15 0.991244 -0.0638798 8.89126e-16 0.997958 0.132039 8.84422e-16 0.991244 -0.0638798 9.39784e-16 0.997958 -0.257344 9.09498e-16 0.96632 -0.257344 9.0999e-16 0.96632 -0.440919 8.45226e-16 0.897547 -0.440919 8.45226e-16 0.897547 -0.60755 7.48431e-16 0.794282 -0.60755 -4.03062e-16 0.794282 -0.750832 -5.2995e-16 0.660493 -0.750832 5.89254e-16 0.660493 -0.865261 4.47251e-16 0.501321 -0.865261 4.47251e-16 0.501321 -0.946438 2.88059e-16 0.322885 -0.946438 2.88059e-16 0.322885 -0.991244 1.17666e-16 0.132039 -0.991244 -6.68275e-16 0.132039 -0.997958 -8.48387e-16 -0.0638798 -0.997958 -8.51553e-16 -0.0638798 -0.96632 -1.00787e-15 -0.257344 -0.96632 -2.55098e-17 -0.257344 -0.897547 -4.24368e-17 -0.440919 -0.897547 -7.55476e-16 -0.440919 -0.794282 -6.90563e-16 -0.60755 -0.794282 -5.42021e-16 -0.60755 -0.660493 -6.6985e-16 -0.750832 -0.660493 -6.6985e-16 -0.750832 -0.501321 -1.25526e-15 -0.865261 -0.322885 -1.19423e-15 -0.946438 -0.501321 -7.71579e-16 -0.865261 -0.322885 -8.44359e-16 -0.946438 -0.132039 -8.84422e-16 -0.991244 -0.132039 6.87814e-16 -0.991244 0.0638798 6.92472e-16 -0.997958 0.0638798 5.06577e-17 -0.997958 0.257344 -9.57884e-16 -0.96632 0.440919 -8.89712e-16 -0.897547 0.257344 2.04468e-16 -0.96632 0.60755 -1.5747e-16 -0.794282 0.440919 -1.77942e-16 -0.897547 0.750832 -6.54727e-16 -0.660493 0.60755 -7.87348e-16 -0.794282 0.750832 -6.21991e-16 -0.660493 0.865261 -7.45418e-17 -0.501321 0.865261 -4.72592e-16 -0.501321 0.946438 -3.20066e-17 -0.322885 0.946438 -4.72592e-17 -0.322885 0.991244 -1.30887e-17 -0.132039 0.991244 -1.30204e-17 -0.132039 0 0.999999 0 0 0.999999 0 0 0.999999 -0 0 0.999999 0 0 0.999999 0 0 0.999999 0 0 0.999999 -0 0 0.999999 0 0 0.999999 0 0 0.999999 0 0 0.999999 -0 0 0.999999 -0 0 0.999999 0 0 0.999999 -0 0 0.999999 0 0 0.999999 0 0 0.999999 -0 0 0.999999 0 0 0.999999 0 0 0.999999 0 0 0.999999 -0 0 0.999999 0 0 0.999999 0 0 0.999999 -0 0 0.999999 0 0 0.999999 0 0 0.999999 0 0 0.999999 -0 0 0.999999 0 0 0.999999 0 0 0.999999 -0 0 0.999999 -0 0 0.999999 0 0 0.999999 0 0 0.999999 0 0 0.999999 -0 0 0.999999 0 0 0.999999 0 0 0.999999 0 0 0.999999 -0 0 0.999999 0 0 0.999999 0 0 0.999999 0 0 0.999999 0 0 0.999999 -0 0 0.999999 0 0 0.999999 0 0 0.999999 -0 0 0.999999 0 0 0.999999 -0 0 0.999999 0 0 0.999999 0 0 0.999999 0 0 0.999999 -0 0 0.999999 0 0 0.999999 0 0 0.999999 0 0 0.999999 -0 0 0.999999 0 0 0.999999 0 0 0.999999 0 0 0.999999 0 0 0.999999 0 0 0.999999 -0 0.997957 1.11115e-17 0.0638798 0.997957 1.10814e-17 0.0638798 0.96632 2.68208e-15 0.257344 0.96632 4.44461e-17 0.257344 0.897547 3.82436e-17 0.440919 0.897547 2.49123e-15 0.440919 0.794282 1.10229e-15 0.60755 0.794282 5.28853e-17 0.60755 0.501321 1.50099e-16 0.865261 0.660493 1.30249e-16 0.750832 0.660493 9.17053e-16 0.750832 0.322885 -0 0.946438 0.501321 -0 0.865261 0.132039 1.83242e-16 0.991244 0.322885 4.48092e-16 0.946438 -0.0638798 -2.09204e-18 0.997957 0.132039 2.69218e-16 0.991244 -0.0638798 8.6559e-17 0.997957 -0.257344 8.38149e-17 0.96632 -0.257344 -1.61436e-15 0.96632 -0.440919 -1.77964e-15 0.897547 -0.440919 -1.77964e-15 0.897547 -0.60755 -1.87654e-15 0.794282 -0.60755 0 0.794282 -0.750832 0 0.660493 -0.750832 0 0.660493 -0.865261 0 0.501321 -0.865261 4.34827e-17 0.501321 -0.946438 2.80058e-17 0.322885 -0.946438 -1.31345e-15 0.322885 -0.991244 -1.37563e-15 0.132039 -0.991244 -2.75126e-15 0.132039 -0.997957 -2.76989e-15 -0.0638798 -0.997957 -1.39048e-15 -0.0638798 -0.96632 -1.36336e-15 -0.257344 -0.96632 -2.23211e-17 -0.257344 -0.897547 -1.28384e-15 -0.440919 -0.897547 -3.82574e-17 -0.440919 -0.660493 -6.51243e-17 -0.750832 -0.794282 -5.26965e-17 -0.60755 -0.794282 -1.1556e-15 -0.60755 -0.660493 -9.81742e-16 -0.750832 -0.322885 -5.30183e-16 -0.946438 -0.501321 -7.70773e-16 -0.865261 -0.501321 -7.70775e-16 -0.865261 -0.322885 -8.20904e-17 -0.946438 0.0638798 -8.6559e-17 -0.997957 -0.132039 -8.59767e-17 -0.991244 -0.132039 -8.60792e-17 -0.991244 0.0638798 2.09204e-18 -0.997957 0.440919 1.93534e-15 -0.897547 0.257344 1.78199e-15 -0.96632 0.257344 2.73428e-16 -0.96632 0.60755 -6.88929e-17 -0.794282 0.440919 -7.78498e-17 -0.897547 0.60755 8.43144e-16 -0.794282 0.865261 1.20079e-15 -0.501321 0.750832 1.04199e-15 -0.660493 0.750832 1.04195e-15 -0.660493 0.865261 0 -0.501321 0.991244 -1.14526e-17 -0.132039 0.946438 -2.80058e-17 -0.322885 0.946438 0 -0.322885 0.991244 -2.29052e-17 -0.132039 0.997957 -8.58807e-17 0.0638798 0.96632 -3.34816e-16 0.257344 0.997957 -8.31104e-17 0.0638798 0.897547 6.71942e-16 0.440919 0.96632 1.00622e-15 0.257344 0.794282 -1.02324e-15 0.60755 0.897547 -1.18823e-15 0.440919 0.660493 -9.76865e-16 0.750832 0.794282 -7.90448e-16 0.60755 0.501321 1.12574e-16 0.865261 0.660493 9.76865e-17 0.750832 0.322885 -1.23136e-15 0.946438 0.501321 -1.12574e-15 0.865261 0.132039 -1.1494e-15 0.991244 0.322885 -8.24309e-16 0.946438 -0.0638798 1.29839e-16 0.997957 0.132039 1.28965e-16 0.991244 -0.0638798 -1.34166e-15 0.997957 -0.257344 -1.29913e-15 0.96632 -0.257344 -1.21532e-15 0.96632 -0.440919 -1.12882e-15 0.897547 -0.440919 -4.95123e-16 0.897547 -0.60755 -7.39805e-16 0.794282 -0.60755 -7.39805e-16 0.794282 -0.750832 -9.56056e-16 0.660493 -0.750832 -1.90132e-15 0.660493 -0.865261 -1.85303e-15 0.501321 -0.865261 -1.13557e-15 0.501321 -0.946438 -1.27144e-15 0.322885 -0.946438 4.20087e-17 0.322885 -0.991244 1.71789e-17 0.132039 -0.991244 1.39853e-15 0.132039 -0.997957 1.37386e-15 -0.0638798 -0.997957 -1.29906e-15 -0.0638798 -0.96632 -9.95062e-16 -0.257344 -0.96632 3.23655e-16 -0.257344 -0.897547 5.54533e-16 -0.440919 -0.794282 7.90448e-16 -0.60755 -0.897547 5.73654e-16 -0.440919 -0.794282 -1.05393e-16 -0.60755 -0.660493 -1.30249e-16 -0.750832 -0.660493 9.44303e-16 -0.750832 -0.501321 1.08822e-15 -0.865261 -0.322885 7.42219e-16 -0.946438 -0.501321 3.92494e-16 -0.865261 -0.322885 7.83264e-16 -0.946438 0.0638798 1.25511e-15 -0.997957 -0.132039 1.24666e-15 -0.991244 -0.132039 1.10637e-15 -0.991244 0.257344 -1.25722e-16 -0.96632 0.0638798 -1.29839e-16 -0.997957 0.440919 4.95123e-16 -0.897547 0.257344 2.31415e-16 -0.96632 0.440919 -1.16775e-16 -0.897547 0.60755 1.87654e-15 -0.794282 0.60755 -1.0352e-16 -0.794282 0.865261 -6.5224e-17 -0.501321 0.750832 -8.59329e-17 -0.660493 0.750832 1.90162e-15 -0.660493 0.865261 6.30499e-16 -0.501321 0.991244 -1.39853e-15 -0.132039 0.946438 -1.36946e-15 -0.322885 0.946438 4.06204e-16 -0.322885 0.991244 1.77515e-16 -0.132039 0.997957 5.48544e-18 0.0638798 0.997957 9.41917e-17 0.0638798 0.96632 2.23211e-17 0.257344 0.96632 3.79199e-16 0.257344 0.897547 1.32208e-15 0.440919 0.897547 3.82574e-17 0.440919 0.794282 5.26965e-17 0.60755 0.794282 1.20736e-15 0.60755 0.660493 9.81742e-16 0.750832 0.660493 6.52627e-17 0.750832 0.501321 1.35089e-15 0.865261 0.501321 7.70775e-16 0.865261 0.322885 8.20904e-17 0.946438 0.322885 1.47741e-15 0.946438 0.132039 8.60792e-17 0.991244 0.132039 2.69218e-16 0.991244 -0.0638798 -2.10979e-18 0.997957 -0.0638798 -2.09204e-18 0.997957 -0.257344 -2.73428e-16 0.96632 -0.257344 -3.57137e-16 0.96632 -0.440919 -6.12119e-16 0.897547 -0.440919 -5.34048e-16 0.897547 -0.60755 -7.74151e-16 0.794282 -0.60755 -7.74251e-16 0.794282 -0.750832 -9.84566e-16 0.660493 -0.750832 1.14577e-16 0.660493 -0.865261 8.66418e-17 0.501321 -0.865261 -4.61585e-16 0.501321 -0.946438 -8.37725e-16 0.322885 -0.946438 5.04104e-16 0.322885 -0.991244 2.06196e-16 0.132039 -0.991244 -1.36418e-15 0.132039 -0.997957 -1.39049e-15 -0.0638798 -0.997957 -1.48468e-15 -0.0638798 -0.96632 -1.74296e-15 -0.257344 -0.96632 -3.79458e-16 -0.257344 -0.897547 -1.28384e-15 -0.440919 -0.897547 -6.50376e-16 -0.440919 -0.794282 -1.15498e-15 -0.60755 -0.794282 -1.15447e-15 -0.60755 -0.660493 -9.82316e-16 -0.750832 -0.660493 -9.81742e-16 -0.750832 -0.501321 -1.35089e-15 -0.865261 -0.501321 -7.70775e-16 -0.865261 -0.322885 -1.47741e-15 -0.946438 -0.322885 -1.47763e-15 -0.946438 -0.132039 -2.69218e-16 -0.991244 -0.132039 -1.54746e-15 -0.991244 0.0638798 -2.59677e-16 -0.997957 0.0638798 2.10979e-18 -0.997957 0.257344 -8.38149e-17 -0.96632 0.257344 -2.51486e-16 -0.96632 0.440919 -7.78498e-17 -0.897547 0.440919 -7.76401e-17 -0.897547 0.60755 -6.88929e-17 -0.794282 0.60755 -6.97636e-17 -0.794282 0.865261 1.11383e-15 -0.501321 0.750832 9.27412e-16 -0.660493 0.750832 -5.73862e-17 -0.660493 0.865261 4.18102e-16 -0.501321 0.946438 1.31345e-15 -0.322885 0.946438 8.09595e-16 -0.322885 0.991244 -1.14526e-17 -0.132039 0.991244 1.37558e-15 -0.132039 0.997957 1.38486e-15 0.0638798 0.997957 -0 0.0638798 0.96632 4.46421e-17 0.257344 0.96632 0 0.257344 0.897547 -0 0.440919 0.897547 7.65149e-17 0.440919 0.794282 1.05393e-16 0.60755 0.794282 0 0.60755 0.501321 -0 0.865261 0.660493 -0 0.750832 0.660493 1.30525e-16 0.750832 0.322885 -0 0.946438 0.501321 -0 0.865261 0.132039 1.83242e-16 0.991244 0.322885 4.48092e-16 0.946438 -0.0638798 -1.77302e-16 0.997957 0.132039 3.66483e-16 0.991244 -0.0638798 1.73118e-16 0.997957 -0.257344 1.6763e-16 0.96632 -0.257344 -1.50867e-15 0.96632 -0.440919 -1.4013e-15 0.897547 -0.440919 -1.2456e-15 0.897547 -0.60755 -1.10229e-15 0.794282 -0.60755 0 0.794282 -0.750832 0 0.660493 -0.750832 0 0.660493 -0.865261 0 0.501321 -0.865261 -1.11383e-15 0.501321 -0.946438 -1.25744e-15 0.322885 -0.946438 -1.25744e-15 0.322885 -0.991244 -1.35272e-15 0.132039 -0.991244 -1.37563e-15 0.132039 -0.997957 -1.38494e-15 -0.0638798 -0.997957 -1.10814e-17 -0.0638798 -0.96632 -4.46421e-17 -0.257344 -0.96632 0 -0.257344 -0.897547 0 -0.440919 -0.897547 0 -0.440919 -0.660493 -1.04687e-15 -0.750832 -0.794282 -1.20768e-15 -0.60755 -0.794282 0 -0.60755 -0.660493 -1.04687e-15 -0.750832 -0.322885 0 -0.946438 -0.501321 0 -0.865261 -0.501321 -8.46165e-16 -0.865261 -0.322885 -1.64181e-16 -0.946438 0.0638798 -1.73118e-16 -0.997957 -0.132039 -1.71953e-16 -0.991244 -0.132039 -1.71877e-16 -0.991244 0.0638798 0 -0.997957 0.440919 6.11898e-16 -0.897547 0.257344 3.57137e-16 -0.96632 0.257344 0 -0.96632 0.60755 2.20457e-15 -0.794282 0.440919 2.49119e-15 -0.897547 0.60755 0 -0.794282 0.865261 1.20079e-15 -0.501321 0.750832 1.04199e-15 -0.660493 0.750832 0 -0.660493 0.865261 1.20079e-15 -0.501321 0.991244 1.37563e-15 -0.132039 0.946438 1.31345e-15 -0.322885 0.946438 1.31369e-15 -0.322885 0.991244 1.37563e-15 -0.132039 0.997957 -8.31104e-17 0.0638798 0.96632 -1.2964e-15 0.257344 0.997957 -1.37386e-15 0.0638798 0.897547 6.33698e-16 0.440919 0.96632 9.83901e-16 0.257344 0.794282 5.26965e-17 0.60755 0.897547 3.82436e-17 0.440919 0.660493 1.30249e-16 0.750832 0.794282 1.05393e-16 0.60755 0.501321 7.70773e-16 0.865261 0.660493 9.81742e-16 0.750832 0.322885 -1.23136e-15 0.946438 0.501321 -1.12574e-15 0.865261 0.132039 -1.47289e-15 0.991244 0.322885 -1.67945e-15 0.946438 -0.0638798 8.6559e-17 0.997957 0.132039 8.59767e-17 0.991244 -0.0638798 -1.29839e-15 0.997957 -0.257344 -1.25722e-15 0.96632 -0.257344 -1.61436e-15 0.96632 -0.440919 -1.77964e-15 0.897547 -0.440919 -5.34048e-16 0.897547 -0.60755 -7.74251e-16 0.794282 -0.60755 6.88929e-17 0.794282 -0.750832 5.72886e-17 0.660493 -0.750832 -1.84403e-15 0.660493 -0.865261 -1.80955e-15 0.501321 -0.865261 -1.15731e-15 0.501321 -0.946438 -1.28544e-15 0.322885 -0.946438 1.36946e-15 0.322885 -0.991244 1.39853e-15 0.132039 -0.991244 1.14526e-17 0.132039 -0.997957 -5.54069e-18 -0.0638798 -0.997957 7.75697e-17 -0.0638798 -0.96632 3.12495e-16 -0.257344 -0.96632 -2.23211e-17 -0.257344 -0.897547 -3.82436e-17 -0.440919 -0.794282 -1.15498e-15 -0.60755 -0.897547 -1.28384e-15 -0.440919 -0.794282 -1.05393e-16 -0.60755 -0.660493 -1.30249e-16 -0.750832 -0.660493 1.04199e-15 -0.750832 -0.501321 1.20079e-15 -0.865261 -0.322885 2.5448e-15 -0.946438 -0.501321 2.32653e-15 -0.865261 -0.322885 8.65355e-16 -0.946438 0.0638798 1.29839e-15 -0.997957 -0.132039 1.28965e-15 -0.991244 -0.132039 1.19245e-15 -0.991244 0.257344 -2.51445e-16 -0.96632 0.0638798 -2.59677e-16 -0.997957 0.440919 -1.557e-16 -0.897547 0.257344 -1.6763e-16 -0.96632 0.440919 -7.67598e-16 -0.897547 0.60755 1.87654e-15 -0.794282 0.60755 -9.81191e-16 -0.794282 0.865261 -8.69654e-17 -0.501321 0.750832 -1.14577e-16 -0.660493 0.750832 1.90049e-15 -0.660493 0.865261 -5.92033e-16 -0.501321 0.991244 -1.14526e-17 -0.132039 0.946438 -2.80058e-17 -0.322885 0.946438 -9.21554e-16 -0.322885 0.991244 1.71789e-16 -0.132039 0.997957 5.48544e-18 0.0638798 0.997957 9.97324e-17 0.0638798 0.96632 3.90618e-16 0.257344 0.96632 4.01703e-16 0.257344 0.897547 5.73654e-17 0.440919 0.897547 6.69505e-16 0.440919 0.794282 5.26965e-17 0.60755 0.794282 7.87653e-17 0.60755 0.660493 1.0143e-15 0.750832 0.660493 6.41375e-17 0.750832 0.501321 1.12574e-16 0.865261 0.501321 8.07907e-16 0.865261 0.322885 1.88467e-15 0.946438 0.322885 1.23211e-16 0.946438 0.132039 1.68783e-15 0.991244 0.132039 2.69218e-16 0.991244 -0.0638798 -2.10979e-18 0.997957 -0.0638798 1.55806e-15 0.997957 -0.257344 1.50836e-15 0.96632 -0.257344 8.38149e-17 0.96632 -0.440919 7.76401e-17 0.897547 -0.440919 -4.95123e-16 0.897547 -0.60755 -7.40394e-16 0.794282 -0.60755 1.03339e-16 0.794282 -0.750832 8.66418e-17 0.660493 -0.750832 -9.84701e-16 0.660493 -0.865261 -1.15785e-15 0.501321 -0.865261 -1.15731e-15 0.501321 -0.946438 -1.28556e-15 0.322885 -0.946438 5.04104e-16 0.322885 -0.991244 2.06196e-16 0.132039 -0.991244 -1.35272e-15 0.132039 -0.997957 -1.39597e-15 -0.0638798 -0.997957 -1.48468e-15 -0.0638798 -0.96632 -1.74296e-15 -0.257344 -0.96632 -4.01779e-16 -0.257344 -0.897547 -5.73654e-17 -0.440919 -0.897547 -6.88634e-16 -0.440919 -0.794282 -1.15498e-15 -0.60755 -0.794282 -7.87653e-17 -0.60755 -0.660493 -9.82316e-16 -0.750832 -0.660493 -1.04687e-15 -0.750832 -0.501321 -1.35089e-15 -0.865261 -0.501321 -8.45039e-16 -0.865261 -0.322885 -1.47741e-15 -0.946438 -0.322885 7.83264e-16 -0.946438 -0.132039 -2.69218e-16 -0.991244 -0.132039 1.10637e-15 -0.991244 0.0638798 -8.6559e-17 -0.997957 0.0638798 2.10979e-18 -0.997957 0.257344 0 -0.96632 0.257344 -8.38288e-17 -0.96632 0.440919 -1.557e-16 -0.897547 0.440919 0 -0.897547 0.60755 -6.88929e-17 -0.794282 0.60755 -1.38402e-16 -0.794282 0.865261 1.13557e-15 -0.501321 0.750832 9.56056e-16 -0.660493 0.750832 -5.73862e-17 -0.660493 0.865261 -7.82688e-16 -0.501321 0.946438 1.28544e-15 -0.322885 0.946438 -5.04098e-16 -0.322885 0.991244 -1.14526e-17 -0.132039 0.991244 1.36405e-15 -0.132039 0.99831 -4.59005e-17 0.0581156 0.99831 6.72097e-18 0.0581156 0.970633 5.56418e-17 0.240565 0.909902 9.59469e-17 0.414822 0.970633 2.62289e-17 0.240565 0.909902 8.89802e-16 0.414822 0.818186 -5.31939e-16 0.574953 0.818186 8.21838e-16 0.574953 0.698608 1.49861e-16 0.715505 0.555239 -6.34024e-17 0.831691 0.698608 -6.64465e-16 0.715505 0.555239 -5.77102e-16 0.831691 0.392962 -6.38236e-16 0.919555 0.392962 -4.87196e-16 0.919555 0.217303 -7.02032e-16 0.976104 0.217303 4.51539e-16 0.976104 0.0342447 4.62284e-16 0.999413 0.0342447 -8.61278e-16 0.999413 -0.14998 -1.18904e-15 0.988689 -0.14998 0 0.988689 -0.329098 0 0.944296 -0.329098 -8.60641e-17 0.944296 -0.497008 -2.62289e-16 0.867746 -0.497008 0 0.867746 -0.647993 0 0.761646 -0.647993 -1.30418e-15 0.761646 -0.776912 -1.31144e-15 0.629609 -0.776912 -5.09692e-16 0.629609 -0.879374 -3.8469e-16 0.476132 -0.879374 -7.58521e-16 0.476132 -0.95189 -8.48067e-16 0.30644 -0.95189 -1.12875e-15 0.30644 -0.99199 -1.02293e-15 0.126313 -0.99199 -1.05907e-16 0.126313 -0.99831 4.80862e-17 -0.0581156 -0.99831 -6.72097e-18 -0.0581156 -0.970633 -2.78209e-17 -0.240565 -0.970633 -2.78209e-17 -0.240565 -0.909902 -5.24577e-17 -0.414822 -0.909902 0 -0.414822 -0.818186 -6.64923e-17 -0.574953 -0.818186 0 -0.574953 -0.698608 -8.27469e-17 -0.715505 -0.698608 -6.99436e-17 -0.715505 -0.555239 -9.61836e-17 -0.831691 -0.392962 -1.06345e-16 -0.919555 -0.555239 -1.04915e-16 -0.831691 -0.392962 4.87196e-16 -0.919555 -0.217303 7.02032e-16 -0.976104 -0.217303 6.99436e-16 -0.976104 -0.0342447 0 -0.999413 0.14998 0 -0.988689 -0.0342447 8.93967e-16 -0.999413 0.14998 0 -0.988689 0.329098 -2.18412e-16 -0.944296 0.329098 0 -0.944296 0.497008 3.59471e-16 -0.867746 0.647993 5.11431e-16 -0.761646 0.497008 -1.92345e-16 -0.867746 0.647993 7.04664e-16 -0.761646 0.776912 0 -0.629609 0.879374 0 -0.476132 0.776912 5.77035e-16 -0.629609 0.95189 -3.54392e-17 -0.30644 0.879374 -5.50638e-17 -0.476132 0.95189 -3.54392e-17 -0.30644 0.99199 -1.46079e-17 -0.126313 0.99199 1.02255e-16 -0.126313 0 1 0 0 1 0 0 1 -0 0 1 0 0 1 0 0 1 0 0 1 -0 0 1 0 0 1 0 0 1 -0 0 1 0 0 1 0 0 1 -0 0 1 0 0 1 0 0 1 0 -3.61424e-15 1 -2.68741e-15 0 1 0 0 1 -0 9.13704e-16 1 -1.19453e-15 2.2321e-16 1 -1.47143e-15 6.37418e-16 1 -1.29754e-15 0 1 0 0 1 -0 3.89356e-16 1 -1.46202e-15 0 1 0 0 1 -0 -5.17954e-17 1 -1.51162e-15 9.54321e-17 1 -1.49088e-15 0 1 0 0 1 -0 -1.97258e-16 1 -1.48085e-15 0 1 0 0 1 0 -3.23404e-16 1 -1.4527e-15 -4.88517e-16 1 -1.43194e-15 0 1 0 0 1 0 -7.24739e-16 1 -1.25087e-15 0 1 0 0 1 0 -5.58308e-16 1 -1.30647e-15 -9.93326e-16 1 -1.12919e-15 0 1 0 0 1 0 -1.10091e-15 1 -8.42094e-16 0 1 0 0 1 0 0 1 0 0 1 0 0 1 -0 0 1 0 0 1 0 0 1 0 0 1 -0 0 1 0 0 1 0 0 1 0 0 1 -0 0 1 0 0 1 0 0 1 -0 0 1 0 0 1 0 0 1 -0 0 1 -0 0 1 0 0 1 0 0 1 -0 0 1 0 0 1 0 0 1 -0 0 1 0 0 1 0 0 1 -0 0 1 0 0 1 0 0 1 0 0 1 0 0 1 -0 0 1 0 0 1 -0 0 1 0 0 1 0 0 1 0 0 1 -0 0 1 -0 0 1 0 0 1 0 0 1 0 0 1 -0 0 1 0 0 1 0 0 1 0 0 1 0 0 1 0 0 1 0 0 1 -0 0 1 0 0 1 0 0 1 -0 0 1 0 0 1 0 -7.31041e-16 1 -1.13557e-15 0 1 0 0 1 -0 0 1 0 3.72636e-15 1 -2.15791e-15 -1.70876e-16 1 -1.2828e-15 0 1 0 0 1 0 0 1 0 0 1 -0 0 1 0 0 1 0 0 1 -0 0 1 0 0 1 -0 0 1 0 0 1 -0 0 1 0 0 1 0 0 1 0 0 1 0 0 1 -0 0 1 0 0 1 0 0 1 -0 0 1 0 0 1 0 0 1 0 0 1 0 0 1 -0 0 1 0 0 1 0 0 1 0 0 1 -0 0 1 -0 0 1 0 0 1 0 0 1 0 0 1 0 0 1 0 0 1 0 0 1 0 0 1 0 0 1 0 0 1 0 0 1 -0 0 1 -0 0 1 0 0 1 0 0 1 0 0 1 0 0 1 -0 0 1 0 0 1 -0 0 1 -0 0 1 0 0 1 0 0 1 0 0 1 -0 0 1 -0 0 1 -0 0 1 0 0 1 0 0 1 -0 0 1 0 0 1 0 0 1 0 0 1 -0 0 1 0 0 1 0 0 1 0 0 1 0 0 1 0 0 1 -0 0 1 0 0 1 -0 0 1 0 0 1 0 0 1 -0 0 1 0 0 1 0 0 1 0 0 1 0 0 1 -0 0 1 0 0 1 0 0 1 0 0 1 -0 0 1 0 0 1 0 0 1 0 0 1 0 0 1 0 0 1 0 0 1 0 0 1 0 0 1 0 0 1 0 0 1 0 0 1 -0 0 1 0 0 1 0 0 1 0 0 1 0 0 1 -0 0 1 0 0 1 0 0 1 0 0 1 0 0 1 0 0 1 0 0 1 0 0 1 -0 0 1 0 0 1 0 0 1 0 0 1 0 0 1 -0 0 1 0 0 1 0 0 1 0 0 1 0 0 1 0 0 1 0 0 1 -0 0 1 0 0 1 0 0 1 0 0 1 0 0 1 -0 0 1 0 0 1 0 0 1 0 0.132878 -6.13576e-17 -0.991132 -0.0565859 -1.27879e-16 -0.998398 0.132878 -6.13576e-17 -0.991132 -0.244015 -1.89803e-16 -0.969771 -0.0565859 -1.27879e-16 -0.998398 -0.422673 -2.44903e-16 -0.906282 -0.244015 -1.89803e-16 -0.969771 -0.586135 -5.12125e-16 -0.810213 -0.422673 -4.11199e-16 -0.906282 -0.728526 -3.26787e-16 -0.685018 -0.586135 -3.86511e-16 -0.810213 -0.844728 -1.77022e-16 -0.535196 -0.728526 -1.04219e-16 -0.685018 -0.930562 -4.76357e-17 -0.366135 -0.844728 -6.96313e-17 -0.535196 -0.930562 -3.54611e-16 -0.366135 -0.999988 -3.44805e-16 0.00492421 -0.982943 -4.20785e-16 -0.183911 -0.982943 -3.57043e-16 -0.183911 -0.981084 -3.23591e-16 0.193582 -0.999988 -3.46513e-16 0.00492421 -0.981084 -3.23591e-16 0.193582 -0.926911 -2.72761e-16 0.375281 -0.926911 -2.88985e-16 0.375281 -0.721745 9.00529e-17 0.692159 -0.839416 7.07103e-17 0.543489 -0.839416 -2.20578e-16 0.543489 -0.578127 -9.44201e-17 0.815946 -0.721745 -1.60353e-16 0.692159 -0.578127 -9.44201e-17 0.815946 -0.413727 2.90766e-16 0.910401 -0.413727 -2.51292e-17 0.910401 -0.890304 -3.68131e-16 -0.455367 -0.890304 -6.77045e-16 -0.455367 -0.906031 -5.16235e-16 -0.423212 -0.906031 -3.69853e-16 -0.423212 -0.920597 -5.05691e-16 -0.390514 -0.920597 -5.05873e-16 -0.390514 0.432651 1.82884e-16 -0.901561 0.432651 3.2809e-17 -0.901561 0.254705 -1.25813e-16 -0.967019 0.254705 -3.73447e-17 -0.967019 0.0676035 -1.06352e-16 -0.997712 0.0676035 -1.29834e-16 -0.997712 -0.121929 -5.58837e-16 -0.992539 -0.121929 -1.71541e-16 -0.992539 -0.481188 -1.14052e-16 -0.876618 -0.307078 -1.23818e-16 -0.951684 -0.307078 -6.01704e-16 -0.951684 -0.481188 -2.80997e-16 -0.876618 -0.637999 -3.21536e-16 -0.770037 -0.637999 -3.21095e-16 -0.770037 -0.878003 -2.00826e-16 -0.478656 -0.771875 -1.29936e-16 -0.635774 -0.771875 -3.5111e-16 -0.635774 -0.878003 -3.66894e-16 -0.478656 -0.952567 -7.13769e-16 -0.30433 -0.952567 -3.69957e-16 -0.30433 -0.992887 -3.54804e-16 -0.119064 -0.992887 -7.0955e-16 -0.119064 -0.96628 -3.12911e-16 0.257495 -0.997513 -3.39968e-16 0.0704826 -0.997513 -3.39942e-16 0.0704826 -0.96628 -3.12911e-16 0.257495 -0.900309 3.7752e-17 0.435251 -0.900309 -2.74327e-16 0.435251 -0.674807 6.40108e-17 0.737994 -0.801973 5.18127e-17 0.59736 -0.801973 5.23524e-17 0.59736 -0.674807 1.28022e-16 0.737994 -0.706013 -4.89895e-16 -0.708199 -0.706013 -2.46059e-16 -0.708199 -0.730907 -3.71975e-16 -0.682477 -0.730907 -5.07402e-16 -0.682477 -0.754864 -1.13777e-16 -0.655881 -0.754864 -3.74438e-16 -0.655881 0.690073 2.39425e-16 -0.723739 0.690073 4.90515e-16 -0.723739 0.541064 1.87719e-16 -0.840981 0.541064 4.79548e-16 -0.840981 0.372605 1.29273e-16 -0.92799 0.372605 1.29136e-16 -0.92799 0.00203822 7.0715e-19 -0.999998 0.19075 6.61798e-17 -0.981639 0.19075 6.5964e-17 -0.981639 0.00203822 -1.72765e-16 -0.999998 -0.186747 -3.40841e-16 -0.982408 -0.186747 -2.35237e-16 -0.982408 -0.537632 -1.86528e-16 -0.84318 -0.368819 -1.2796e-16 -0.929501 -0.368819 -3.22491e-16 -0.929501 -0.537632 -1.46268e-16 -0.84318 -0.811902 -4.84229e-16 -0.583794 -0.687117 -4.90463e-16 -0.726546 -0.687117 -1.26344e-16 -0.726546 -0.811902 -5.6337e-16 -0.583794 -0.907499 -3.14852e-16 -0.420055 -0.907499 -6.29625e-16 -0.420055 -0.970472 -4.41311e-16 -0.241216 -0.970472 -3.368e-16 -0.241216 -0.998557 -3.37128e-16 -0.0537043 -0.998557 -3.69782e-16 -0.0537043 -0.947316 5.55632e-17 0.3203 -0.990745 2.35467e-17 0.135738 -0.990745 -3.67165e-16 0.135738 -0.947316 1.11126e-16 0.3203 -0.869832 -5.17985e-16 0.493347 -0.869832 1.71018e-16 0.493347 -0.452613 -1.57032e-16 -0.891707 -0.452613 1.52832e-16 -0.891707 -0.484236 -1.68003e-16 -0.874937 -0.484236 -1.66587e-16 -0.874937 -0.51524 -5.06193e-16 -0.857046 -0.51524 -1.78813e-16 -0.857046 0.879947 4.70117e-16 -0.475073 0.77446 4.92099e-17 -0.632622 0.879947 1.40469e-16 -0.475073 0.641133 8.93098e-17 -0.76743 0.77446 1.58952e-16 -0.632622 0.484757 -1.51727e-16 -0.874649 0.641133 -1.33128e-16 -0.76743 0.310955 -2.21861e-16 -0.950425 0.484757 -1.35271e-16 -0.874649 0.125974 4.3706e-17 -0.992034 0.310955 1.07884e-16 -0.950425 -0.0635358 -1.95165e-16 -0.99798 0.125974 -1.28384e-16 -0.992034 -0.250761 -8.70003e-17 -0.968049 -0.0635358 -2.20434e-17 -0.99798 -0.250761 -4.2286e-16 -0.968049 -0.591762 -2.05309e-16 -0.806113 -0.428972 -1.4883e-16 -0.903318 -0.428972 -4.62097e-16 -0.903318 -0.591762 -3.45147e-16 -0.806113 -0.848434 -1.83638e-16 -0.529302 -0.733278 -2.35898e-16 -0.679929 -0.733278 -3.72749e-16 -0.679929 -0.933088 -4.48508e-16 -0.359647 -0.848434 -4.77998e-16 -0.529302 -0.933088 -2.61341e-16 -0.359647 -0.9842 -3.72178e-16 -0.177063 -0.9842 -3.10624e-16 -0.177063 -0.979712 -3.39906e-16 0.200408 -0.999929 -3.4692e-16 0.0118864 -0.999929 -3.44871e-16 0.0118864 -0.979712 -3.39906e-16 0.200408 -0.154908 -5.37443e-17 -0.987929 -0.154908 2.88852e-16 -0.987929 -0.190166 1.0433e-16 -0.981752 -0.22518 9.08919e-17 -0.974317 -0.190166 -6.57177e-17 -0.981752 -0.22518 -7.81252e-17 -0.974317 0.983684 4.03463e-16 -0.179903 0.983684 3.10076e-16 -0.179903 0.846902 -2.90243e-17 -0.531748 0.932047 1.03374e-16 -0.362338 0.932047 2.60366e-16 -0.362338 0.846902 2.01585e-16 -0.531748 0.589433 6.43667e-17 -0.807817 0.731313 1.3541e-16 -0.682042 0.731313 1.35418e-16 -0.682042 0.589433 4.84769e-16 -0.807817 0.426363 -8.9902e-18 -0.904552 0.426363 4.62097e-16 -0.904552 0.0606553 2.10441e-17 -0.998159 0.247967 8.60307e-17 -0.968769 0.247967 -8.20188e-17 -0.968769 0.0606553 -3.25262e-16 -0.998159 -0.313696 -4.38267e-16 -0.949523 -0.128836 -3.88752e-16 -0.991666 -0.128836 -3.88804e-16 -0.991666 -0.313696 -1.64716e-16 -0.949523 -0.487279 -4.72027e-16 -0.873246 -0.487279 -1.51473e-16 -0.873246 -0.776283 -3.78682e-16 -0.630385 -0.643345 -3.56011e-16 -0.765576 -0.643345 -4.88622e-16 -0.765576 -0.776283 -1.59973e-16 -0.630385 -0.881314 -3.87738e-16 -0.472531 -0.881314 -2.24068e-16 -0.472531 -0.954662 -3.82856e-16 -0.297691 -0.954662 -3.8322e-16 -0.297691 -0.993691 -3.83665e-16 -0.112148 -0.993691 -3.64198e-16 -0.112148 0.157961 -6.1687e-17 -0.987445 0.157961 -4.28311e-16 -0.987445 0.12252 4.25075e-17 -0.992466 0.0869212 3.01568e-17 -0.996215 0.12252 -8.71141e-17 -0.992466 0.0869212 -3.15475e-16 -0.996215 0.991132 5.75876e-17 0.132878 0.991132 4.1302e-16 0.132878 0.998398 3.16941e-16 -0.0565859 0.998398 3.16994e-16 -0.0565859 0.969771 2.09467e-16 -0.244015 0.969771 2.0941e-16 -0.244015 0.906282 1.67786e-16 -0.422673 0.906282 9.42343e-17 -0.422673 0.810213 7.77428e-17 -0.586135 0.810213 7.81796e-17 -0.586135 0.685018 -1.26379e-16 -0.728526 0.685018 -1.53567e-17 -0.728526 0.366135 0 -0.930562 0.535196 0 -0.844728 0.535196 -1.46587e-16 -0.844728 0.183911 -5.1154e-16 -0.982943 0.366135 -4.8428e-16 -0.930562 -0.00492421 -0 -0.999988 0.183911 0 -0.982943 -0.193582 -1.70191e-16 -0.981084 -0.00492421 -1.7347e-16 -0.999988 -0.375281 -3.21587e-16 -0.926911 -0.193582 -3.40382e-16 -0.981084 -0.543489 -2.91231e-16 -0.839416 -0.375281 -3.21587e-16 -0.926911 -0.692159 -3.75608e-16 -0.721745 -0.543489 -4.36846e-16 -0.839416 -0.815946 -3.00867e-16 -0.578127 -0.692159 -3.75608e-16 -0.721745 -0.910401 -1.4354e-16 -0.413727 -0.815946 -2.00578e-16 -0.578127 -0.910401 5.59948e-16 -0.413727 0.455367 -1.54443e-16 -0.890304 0.455367 1.57417e-16 -0.890304 0.423212 1.67511e-16 -0.906031 0.423212 -1.57417e-16 -0.906031 0.390514 -4.30672e-16 -0.920597 0.390514 1.83398e-16 -0.920597 0.901561 3.12792e-16 0.432651 0.967019 3.35502e-16 0.254705 0.901561 3.12792e-16 0.432651 0.967019 1.32553e-16 0.254705 0.997712 3.81333e-16 0.0676035 0.997712 3.52506e-17 0.0676035 0.992539 3.44356e-16 -0.121929 0.992539 2.80958e-16 -0.121929 0.876618 3.04138e-16 -0.481188 0.951684 3.30182e-16 -0.307078 0.951684 3.30169e-16 -0.307078 0.876618 1.37192e-16 -0.481188 0.770037 2.6716e-16 -0.637999 0.770037 4.53721e-17 -0.637999 0.635774 2.20578e-16 -0.771875 0.635774 2.20578e-16 -0.771875 0.478656 1.66067e-16 -0.878003 0.478656 1.65434e-16 -0.878003 0.119064 0 -0.992887 0.30433 0 -0.952567 0.30433 1.06101e-16 -0.952567 0.119064 -1.3093e-16 -0.992887 -0.0704826 -3.46082e-16 -0.997513 -0.0704826 -1.97543e-16 -0.997513 -0.257495 -8.93366e-17 -0.96628 -0.257495 -3.35404e-16 -0.96628 -0.59736 -4.14502e-16 -0.801973 -0.435251 -3.02016e-16 -0.900309 -0.435251 -1.50775e-16 -0.900309 -0.59736 -2.7824e-16 -0.801973 -0.737994 -0 -0.674807 -0.737994 -2.33841e-16 -0.674807 0.708199 6.13885e-16 -0.706013 0.682477 6.00356e-16 -0.730907 0.708199 6.26611e-17 -0.706013 0.682477 2.36782e-16 -0.730907 0.655881 0 -0.754864 0.655881 2.27719e-16 -0.754864 0.723739 4.30686e-16 0.690073 0.723739 0 0.690073 0.840981 1.87719e-16 0.541064 0.840981 0 0.541064 0.92799 3.86598e-16 0.372605 0.92799 1.29136e-16 0.372605 0.981639 3.57119e-16 0.19075 0.981639 3.73447e-16 0.19075 0.999998 -3.53575e-19 0.00203822 0.999998 3.47121e-16 0.00203822 0.982408 -3.23954e-17 -0.186747 0.982408 3.24585e-17 -0.186747 0.929501 2.58506e-16 -0.368819 0.929501 -6.42189e-17 -0.368819 0.84318 -2.33161e-16 -0.537632 0.84318 1.98939e-16 -0.537632 0.726546 -1.05516e-16 -0.687117 0.726546 -2.9806e-16 -0.687117 0.583794 3.78597e-16 -0.811902 0.583794 -2.1988e-16 -0.811902 0.420055 2.76665e-17 -0.907499 0.420055 3.42036e-16 -0.907499 0.0537043 -1.11284e-16 -0.998557 0.241216 -4.2574e-17 -0.970472 0.241216 -4.258e-17 -0.970472 0.0537043 -4.57728e-16 -0.998557 -0.135738 -1.75994e-16 -0.990745 -0.135738 -5.19685e-16 -0.990745 -0.3203 -2.34376e-16 -0.947316 -0.3203 -2.34539e-16 -0.947316 -0.493347 -2.84333e-16 -0.869832 -0.493347 -2.84797e-16 -0.869832 0.891707 2.50486e-16 -0.452613 0.891707 2.50644e-16 -0.452613 0.874937 -2.31005e-16 -0.484236 0.857046 -2.45795e-16 -0.51524 0.874937 2.41474e-16 -0.484236 0.857046 2.30313e-16 -0.51524 0.475073 2.79213e-16 0.879947 0.475073 5.84602e-16 0.879947 0.632622 1.00761e-16 0.77446 0.632622 5.89139e-16 0.77446 0.874649 3.66524e-16 0.484757 0.76743 3.4967e-16 0.641133 0.76743 8.30658e-17 0.641133 0.950425 4.04565e-17 0.310955 0.874649 6.3069e-17 0.484757 0.992034 3.60571e-16 0.125974 0.950425 3.70201e-16 0.310955 0.992034 7.04751e-16 0.125974 0.99798 3.37977e-16 -0.0635358 0.99798 6.84246e-16 -0.0635358 0.968049 5.62968e-16 -0.250761 0.968049 3.03295e-16 -0.250761 0.903318 4.25024e-16 -0.428972 0.903318 4.41156e-16 -0.428972 0.806113 5.08026e-16 -0.591762 0.806113 4.33478e-16 -0.591762 0.529302 1.10049e-16 -0.848434 0.679929 1.72296e-16 -0.733278 0.679929 4.08349e-16 -0.733278 0.529302 1.10049e-16 -0.848434 0.359647 1.28156e-16 -0.933088 0.359647 4.3976e-17 -0.933088 -0.0118864 2.12701e-16 -0.999929 0.177063 2.74845e-16 -0.9842 0.177063 -5.23524e-18 -0.9842 -0.0118864 -4.81139e-16 -0.999929 -0.200408 -1.54507e-16 -0.979712 -0.200408 -5.37136e-16 -0.979712 0.987929 3.22603e-16 -0.154908 0.981752 -8.65948e-17 -0.190166 0.987929 -7.05395e-17 -0.154908 0.981752 4.53592e-17 -0.190166 0.974317 3.18503e-16 -0.22518 0.974317 5.42553e-17 -0.22518 0.179903 1.90214e-16 0.983684 0.179903 1.27982e-16 0.983684 0.362338 2.06553e-16 0.932047 0.362338 1.21458e-16 0.932047 0.531748 9.18214e-17 0.846902 0.531748 2.57574e-16 0.846902 0.807817 3.56956e-16 0.589433 0.682042 3.31778e-16 0.731313 0.682042 7.95757e-17 0.731313 0.807817 3.44174e-16 0.589433 0.904552 3.69301e-16 0.426363 0.904552 3.60185e-16 0.426363 0.998159 3.32496e-16 0.0606553 0.968769 2.79651e-16 0.247967 0.968769 3.68212e-16 0.247967 0.998159 6.99846e-16 0.0606553 0.949523 2.9202e-16 -0.313696 0.991666 3.28688e-16 -0.128836 0.991666 6.72728e-16 -0.128836 0.949523 1.83185e-16 -0.313696 0.873246 2.44854e-16 -0.487279 0.873246 7.60855e-17 -0.487279 0.630385 -9.25812e-17 -0.776283 0.765576 -7.67268e-17 -0.643345 0.765576 1.89167e-16 -0.643345 0.630385 1.26127e-16 -0.776283 0.472531 5.40571e-17 -0.881314 0.472531 5.86347e-17 -0.881314 0.297691 -1.13855e-16 -0.954662 0.297691 -1.60547e-17 -0.954662 0.112148 -6.88271e-17 -0.993691 0.112148 -1.18491e-16 -0.993691 0.987445 3.61428e-16 0.157961 0.987445 7.87084e-17 0.157961 0.992466 3.58943e-16 0.12252 0.992466 3.58773e-16 0.12252 0.996215 3.55056e-16 0.0869212 0.996215 3.56098e-16 0.0869212 -0.132878 4.94207e-16 0.991132 -0.132878 6.13576e-17 0.991132 0.0565859 4.74267e-16 0.998398 0.0565859 1.27914e-16 0.998398 0.244015 2.53434e-16 0.969771 0.244015 5.26316e-16 0.969771 0.422673 9.82593e-17 0.906282 0.422673 3.72051e-16 0.906282 0.586135 1.05412e-16 0.810213 0.586135 8.7952e-17 0.810213 0.728526 3.12174e-16 0.685018 0.728526 8.93481e-17 0.685018 0.930562 4.89578e-16 0.366135 0.844728 5.36783e-16 0.535196 0.844728 3.39942e-16 0.535196 0.930562 3.70489e-16 0.366135 0.999988 -2.34909e-18 -0.00492421 0.982943 8.77345e-17 0.183911 0.982943 3.65071e-16 0.183911 0.999988 3.463e-16 -0.00492421 0.981084 2.52231e-16 -0.193582 0.981084 3.15161e-16 -0.193582 0.926911 4.19238e-16 -0.375281 0.926911 1.50775e-16 -0.375281 0.839416 2.44091e-16 -0.543489 0.839416 4.32082e-16 -0.543489 0.721745 -1.2007e-16 -0.692159 0.721745 1.89865e-16 -0.692159 0.578127 5.90341e-17 -0.815946 0.578127 -1.41701e-16 -0.815946 0.413727 -2.90766e-16 -0.910401 0.413727 -1.46587e-17 -0.910401 0.890304 2.17232e-16 0.455367 0.890304 5.96044e-17 0.455367 0.906031 5.50617e-17 0.423212 0.906031 2.01738e-16 0.423212 0.920597 5.05691e-16 0.390514 0.920597 5.04345e-17 0.390514 -0.432651 1.17297e-16 0.901561 -0.432651 -3.2809e-17 0.901561 -0.254705 3.72947e-16 0.967019 -0.254705 3.76937e-17 0.967019 -0.0676035 1.29807e-16 0.997712 -0.0676035 4.52499e-16 0.997712 0.307078 -9.98246e-17 0.951684 0.121929 -1.7292e-16 0.992539 0.121929 1.29136e-16 0.992539 0.307078 5.60539e-16 0.951684 0.637999 6.22091e-16 0.770037 0.481188 6.23152e-16 0.876618 0.481188 5.84951e-16 0.876618 0.771875 3.30868e-16 0.635774 0.637999 4.0074e-16 0.770037 0.771875 3.78087e-16 0.635774 0.952567 3.83281e-16 0.30433 0.878003 3.87652e-16 0.478656 0.878003 3.88106e-16 0.478656 0.992887 3.59967e-16 0.119064 0.952567 3.70083e-16 0.30433 0.992887 3.65131e-16 0.119064 0.997513 3.36912e-16 -0.0704826 0.997513 3.33834e-16 -0.0704826 0.900309 1.04721e-16 -0.435251 0.96628 2.12408e-16 -0.257495 0.96628 3.01899e-16 -0.257495 0.900309 2.55729e-16 -0.435251 0.801973 -3.2636e-17 -0.59736 0.801973 2.01033e-16 -0.59736 0.674807 1.38104e-16 -0.737994 0.674807 -1.50077e-16 -0.737994 0.706013 6.14265e-17 0.708199 0.706013 3.07192e-16 0.708199 0.730907 0 0.682477 0.730907 5.96044e-17 0.682477 0.754864 3.47229e-16 0.655881 0.754864 0 0.655881 -0.690073 -1.76643e-16 0.723739 -0.690073 -3.53286e-16 0.723739 -0.541064 -4.18325e-17 0.840981 -0.541064 -2.29653e-16 0.840981 -0.372605 2.73178e-16 0.92799 -0.372605 3.21095e-17 0.92799 -0.19075 1.04107e-16 0.981639 -0.19075 3.59487e-16 0.981639 0.186747 1.50001e-16 0.982408 -0.00203822 8.60288e-17 0.999998 -0.00203822 1.72766e-16 0.999998 0.186747 1.70421e-16 0.982408 0.368819 2.08581e-16 0.929501 0.368819 1.61245e-16 0.929501 0.537632 1.86528e-16 0.84318 0.537632 2.59668e-16 0.84318 0.687117 2.38392e-16 0.726546 0.687117 2.38727e-16 0.726546 0.907499 2.41984e-16 0.420055 0.811902 1.80413e-16 0.583794 0.811902 2.81307e-16 0.583794 0.907499 3.51286e-16 0.420055 0.998557 0 0.0537043 0.970472 0 0.241216 0.970472 3.57741e-16 0.241216 0.998557 3.5576e-16 0.0537043 0.990745 3.20187e-16 -0.135738 0.990745 3.20048e-16 -0.135738 0.947316 0 -0.3203 0.947316 2.72931e-16 -0.3203 0.869832 -2.99538e-16 -0.493347 0.869832 0 -0.493347 0.452613 3.09373e-16 0.891707 0.452613 3.11777e-16 0.891707 0.484236 4.71558e-16 0.874937 0.51524 4.76107e-16 0.857046 0.484236 3.04135e-16 0.874937 0.51524 5.20358e-16 0.857046 -0.879947 -2.22672e-16 0.475073 -0.879947 -1.40469e-16 0.475073 -0.77446 -2.68695e-16 0.632622 -0.77446 -4.88622e-17 0.632622 -0.641133 4.65948e-16 0.76743 -0.641133 -2.22672e-16 0.76743 -0.484757 1.35271e-16 0.874649 -0.484757 5.31202e-16 0.874649 -0.310955 0 0.950425 -0.310955 2.21974e-16 0.950425 -0.125974 5.16271e-16 0.992034 -0.125974 0 0.992034 0.250761 0 0.968049 0.0635358 0 0.99798 0.0635358 5.19423e-16 0.99798 0.250761 8.70003e-17 0.968049 0.591762 2.05309e-16 0.806113 0.428972 1.4883e-16 0.903318 0.428972 1.49379e-16 0.903318 0.591762 5.50456e-16 0.806113 0.733278 3.72356e-16 0.679929 0.733278 6.26833e-16 0.679929 0.848434 3.86179e-16 0.529302 0.848434 3.86012e-16 0.529302 0.9842 4.02894e-16 0.177063 0.933088 4.48508e-16 0.359647 0.933088 3.86012e-16 0.359647 0.9842 3.41463e-16 0.177063 0.979712 3.39906e-16 -0.200408 0.999929 3.4692e-16 -0.0118864 0.999929 3.469e-16 -0.0118864 0.979712 -1.04296e-16 -0.200408 0.154908 3.96501e-16 0.987929 0.154908 -1.17681e-16 0.987929 0.190166 5.1092e-16 0.981752 0.190166 4.06533e-16 0.981752 0.22518 5.07051e-16 0.974317 0.22518 5.06638e-16 0.974317 -0.983684 -3.72492e-16 0.179903 -0.983684 -2.4766e-16 0.179903 -0.846902 -2.01585e-16 0.531748 -0.932047 -2.60513e-16 0.362338 -0.932047 -1.3472e-16 0.362338 -0.846902 -2.01585e-16 0.531748 -0.731313 -1.3541e-16 0.682042 -0.731313 -1.35418e-16 0.682042 -0.589433 -2.04501e-16 0.807817 -0.589433 -6.42189e-17 0.807817 -0.426363 -1.47925e-16 0.904552 -0.426363 -1.47983e-16 0.904552 -0.0606553 -2.10441e-17 0.998159 -0.247967 -8.60307e-17 0.968769 -0.247967 -8.6207e-17 0.968769 -0.0606553 -2.10441e-17 0.998159 0.128836 4.46991e-17 0.991666 0.128836 4.46741e-17 0.991666 0.313696 3.82387e-16 0.949523 0.313696 1.08893e-16 0.949523 0.487279 5.47769e-16 0.873246 0.487279 4.90019e-16 0.873246 0.776283 3.78682e-16 0.630385 0.643345 3.56011e-16 0.765576 0.643345 5.55634e-16 0.765576 0.776283 1.09354e-16 0.630385 0.954662 4.86138e-16 0.297691 0.881314 5.5168e-16 0.472531 0.881314 8.23678e-17 0.472531 0.954662 3.31215e-16 0.297691 0.993691 3.83665e-16 0.112148 0.993691 3.44828e-16 0.112148 -0.157961 1.16491e-16 0.987445 -0.157961 -5.46374e-17 0.987445 -0.12252 4.73989e-16 0.992466 -0.12252 1.29525e-16 0.992466 -0.0869212 3.15475e-16 0.996215 -0.0869212 4.88298e-16 0.996215 -0.991132 -3.43955e-16 -0.132878 -0.991132 -3.20818e-16 -0.132878 -0.998398 2.94483e-17 0.0565859 -0.998398 -3.56258e-16 0.0565859 -0.969771 -2.94127e-16 0.244015 -0.969771 1.27042e-16 0.244015 -0.906282 -3.1443e-16 0.422673 -0.906282 -2.40821e-16 0.422673 -0.685018 2.52758e-16 0.728526 -0.810213 2.03356e-16 0.586135 -0.810213 -2.81307e-16 0.586135 -0.685018 -2.37663e-16 0.728526 -0.366135 -1.27028e-16 0.930562 -0.535196 -1.85683e-16 0.844728 -0.535196 -1.85677e-16 0.844728 -0.183911 -4.04834e-16 0.982943 -0.366135 -4.49882e-16 0.930562 -0.183911 -6.38069e-17 0.982943 0.00492421 1.75179e-16 0.999988 0.00492421 1.71236e-18 0.999988 0.375281 1.30202e-16 0.926911 0.193582 6.71624e-17 0.981084 0.193582 2.37331e-16 0.981084 0.375281 2.60404e-16 0.926911 0.543489 1.88561e-16 0.839416 0.543489 3.76937e-16 0.839416 0.692159 6.15749e-16 0.721745 0.692159 2.40123e-16 0.721745 0.815946 2.83088e-16 0.578127 0.815946 5.84253e-16 0.578127 0.910401 3.87629e-16 0.413727 0.910401 3.1551e-16 0.413727 -0.455367 1.50899e-16 0.890304 -0.455367 -1.57417e-16 0.890304 -0.423212 0 0.906031 -0.390514 0 0.920597 -0.423212 1.68115e-16 0.906031 -0.390514 2.42112e-17 0.920597 -0.901561 -3.13416e-16 -0.432651 -0.901561 -3.12792e-16 -0.432651 -0.967019 -2.91318e-16 -0.254705 -0.967019 -3.35404e-16 -0.254705 -0.997712 -3.57878e-16 -0.0676035 -0.997712 -3.34532e-16 -0.0676035 -0.951684 -3.30182e-16 0.307078 -0.992539 -3.44356e-16 0.121929 -0.992539 -3.23189e-16 0.121929 -0.951684 -2.23643e-16 0.307078 -0.770037 -2.11823e-16 0.637999 -0.876618 -2.62401e-16 0.481188 -0.876618 -1.37512e-16 0.481188 -0.770037 -2.6716e-16 0.637999 -0.635774 -2.20578e-16 0.771875 -0.635774 -2.20578e-16 0.771875 -0.30433 -2.29637e-17 0.952567 -0.478656 -8.99125e-17 0.878003 -0.478656 -1.66132e-16 0.878003 -0.30433 5.96583e-17 0.952567 -0.119064 3.89287e-16 0.992887 -0.119064 1.31056e-16 0.992887 0.257495 4.24582e-16 0.96628 0.0704826 3.70535e-16 0.997513 0.0704826 4.57036e-16 0.997513 0.257495 5.02868e-16 0.96628 0.435251 0 0.900309 0.435251 4.6838e-16 0.900309 0.59736 3.46371e-16 0.801973 0.59736 0 0.801973 0.737994 3.14573e-16 0.674807 0.737994 3.73447e-16 0.674807 -0.708199 1.22474e-16 0.706013 -0.708199 -1.83398e-16 0.706013 -0.682477 -1.73386e-16 0.730907 -0.682477 1.2685e-16 0.730907 -0.655881 -1.62081e-16 0.754864 -0.655881 -1.62002e-16 0.754864 -0.723739 -3.10624e-16 -0.690073 -0.723739 -1.19709e-16 -0.690073 -0.840981 -3.38704e-16 -0.541064 -0.840981 -9.35363e-17 -0.541064 -0.981639 -9.09972e-17 -0.19075 -0.92799 -1.77751e-16 -0.372605 -0.92799 -3.53902e-16 -0.372605 -0.981639 -2.48174e-17 -0.19075 -0.999998 -3.47209e-16 -0.00203822 -0.999998 -2.64489e-19 -0.00203822 -0.982408 -3.16545e-16 0.186747 -0.982408 -3.16209e-16 0.186747 -0.929501 4.79849e-17 0.368819 -0.929501 -2.74327e-16 0.368819 -0.84318 -4.09117e-16 0.537632 -0.84318 7.05012e-17 0.537632 -0.726546 -1.62675e-16 0.687117 -0.726546 -4.0067e-16 0.687117 -0.583794 1.05632e-16 0.811902 -0.583794 -9.70265e-17 0.811902 -0.420055 1.80806e-16 0.907499 -0.420055 1.18665e-16 0.907499 -0.241216 -2.94126e-16 0.970472 -0.241216 3.37848e-16 0.970472 0.135738 1.75994e-16 0.990745 -0.0537043 1.11284e-16 0.998557 -0.0537043 -2.3515e-16 0.998557 0.135738 4.72634e-16 0.990745 0.3203 5.63043e-16 0.947316 0.3203 4.51627e-16 0.947316 0.493347 7.95004e-16 0.869832 0.493347 5.85649e-16 0.869832 -0.891707 -2.50486e-16 0.452613 -0.891707 -5.60893e-16 0.452613 -0.874937 -2.40554e-16 0.484236 -0.874937 -2.39946e-16 0.484236 -0.857046 -3.26556e-16 0.51524 -0.857046 -2.30776e-16 0.51524 -0.475073 -4.44646e-16 -0.879947 -0.475073 -5.84602e-16 -0.879947 -0.632622 -5.15507e-17 -0.77446 -0.632622 -5.89139e-16 -0.77446 -0.76743 -8.34141e-17 -0.641133 -0.76743 -1.27042e-16 -0.641133 -0.950425 -2.75803e-16 -0.310955 -0.874649 -2.19363e-16 -0.484757 -0.874649 -6.28229e-17 -0.484757 -0.950425 -3.83687e-16 -0.310955 -0.992034 -1.63897e-17 -0.125974 -0.992034 -3.65943e-16 -0.125974 -0.99798 -3.37977e-16 0.0635358 -0.99798 8.28913e-18 0.0635358 -0.903318 4.65093e-17 0.428972 -0.968049 2.71876e-17 0.250761 -0.968049 -3.03295e-16 0.250761 -0.903318 4.65093e-17 0.428972 -0.806113 -2.28349e-16 0.591762 -0.806113 6.42189e-17 0.591762 -0.679929 -1.56396e-16 0.733278 -0.679929 -1.72414e-16 0.733278 -0.529302 -3.67613e-16 0.848434 -0.529302 -9.21402e-17 0.848434 -0.359647 -2.36119e-17 0.933088 -0.359647 -3.26679e-16 0.933088 -0.177063 4.52761e-17 0.9842 -0.177063 4.53721e-17 0.9842 0.0118864 1.08413e-16 0.999929 0.0118864 1.12536e-16 0.999929 0.200408 -1.85399e-16 0.979712 0.200408 1.06101e-16 0.979712 -0.987929 1.67951e-17 0.154908 -0.987929 -6.66729e-16 0.154908 -0.981752 -3.15872e-16 0.190166 -0.981752 2.06323e-17 0.190166 -0.974317 -3.96628e-16 0.22518 -0.974317 -3.0872e-16 0.22518 -0.179903 -2.42149e-16 -0.983684 -0.179903 -1.69068e-16 -0.983684 -0.362338 -2.36869e-16 -0.932047 -0.362338 -2.2686e-16 -0.932047 -0.531748 -2.76309e-16 -0.846902 -0.531748 -2.85495e-16 -0.846902 -0.807817 -3.56956e-16 -0.589433 -0.682042 -3.31778e-16 -0.731313 -0.682042 -3.16209e-16 -0.731313 -0.807817 -6.37224e-16 -0.589433 -0.968769 -4.54401e-16 -0.247967 -0.904552 -5.17226e-16 -0.426363 -0.904552 -6.83373e-16 -0.426363 -0.968769 -4.55746e-16 -0.247967 -0.998159 -7.23389e-18 -0.0606553 -0.998159 -3.75628e-16 -0.0606553 -0.991666 -3.28688e-16 0.128836 -0.991666 1.53567e-17 0.128836 -0.949523 4.08132e-17 0.313696 -0.949523 -2.91777e-16 0.313696 -0.873246 -2.50137e-16 0.487279 -0.873246 6.35209e-17 0.487279 -0.630385 -1.26127e-16 0.776283 -0.765576 -1.88886e-16 0.643345 -0.765576 -1.96147e-16 0.643345 -0.630385 -1.17711e-16 0.776283 -0.472531 -4.92795e-17 0.881314 -0.472531 -4.95603e-17 0.881314 -0.297691 2.22563e-19 0.954662 -0.297691 2.0941e-17 0.954662 -0.112148 4.3513e-16 0.993691 -0.112148 6.89307e-17 0.993691 -0.987445 -3.59715e-16 -0.157961 -0.987445 -3.59537e-16 -0.157961 -0.992466 -3.60271e-16 -0.12252 -0.992466 -3.57626e-16 -0.12252 -0.996215 -3.87097e-16 -0.0869212 -0.996215 -3.57244e-16 -0.0869212 0 0.999999 -0 0 0.999999 0 0 0.999999 -0 0 1 0 0 1 0 0 0.999999 0 0 0.999999 -0 0 0.999999 0 0 1 0 0 1 0 0 0.999999 -0 0 1 0 0 0.999999 0 0 1 0 0 1 -0 0 1 0 0 0.999999 0 0 0.999999 0 0 1 -0 0 1 0 0 1 0 0 0.999999 0 0 1 -0 0 0.999999 0 0 1 0 0 1 0 0 1 0 0 1 -0 0 1 0 0 1 0 0 1 0 0 1 -0 0 1 0 0 1 0 0 1 -0 0 1 0 0 0.999999 0 0 0.999999 0 0 0.999999 0 0 0.999999 0 0 0.999999 0 0 0.999999 0 0 1 0 0 1 -0 0 0.999999 0 0 1 0 0 0.999999 0 0 1 0 0 1 0 0 1 -0 0 1 0 0 1 0 0 1 0 0 1 0 0 1 0 0 1 0 0 1 0 0 1 0 0 1 0 0 1 0 0 1 0 0 1 0 0 1 0 0 1 -0 0 1 0 0 1 0 0 1 0 0 1 -0 0 1 0 0 1 0 0 1 0 0 1 0 0 1 0 0 1 0 0 1 -0 0 1 0 0 1 0 0 1 0 0 1 -0 0 1 0 0 1 0 0 1 0 0 1 0 0 1 0 0 1 -0 0 1 0 0 1 0 0 1 0 0 1 0 0 1 0 0 0.999999 0 0 0.999999 0 0 0.999999 -0 0 0.999999 0 0 1 0 0 1 0 0 1 0 0 1 -0 0 1 0 0 1 -0 0 1 -0 0 1 0 0 1 0 0 1 0 0 1 0 0 0.999999 0 0 0.999999 -0 0 1 0 0 1 0 0 0.999999 -0 0 1 -0 0 1 0 0 0.999999 0 0 1 0 0 1 0 0 1 0 0 1 0 0 1 -0 0 1 0 0 1 0 0 1 0 0 1 0 0 1 0 0 1 0 0 1 0 0 1 0 0 1 0 0 1 0 0 1 0 0 1 0 0 1 0 0 1 0 0 1 0 0 1 -0 0 1 0 0 1 0 0 1 0 0 1 0 0 1 0 0 1 0 0 1 0 0 1 0 0 1 0 0 1 -0 0 0.999999 0 0 0.999999 0 0 0.999999 -0 0 0.999999 0 0 1 0 0 1 0 0 1 0 0 1 0 0 1 0 0 0.999999 0 0 0.999999 -0 0 1 0 0 0.999999 0 0 1 0 0 1 0 0 1 0 0 1 0 0 1 0 0 0.999999 -0 0 1 0 0 1 -0 0 1 -0 0 1 0 0 1 0 0 1 0 0 1 0 0 1 0 0 1 0 0 1 0 0 1 0 0 1 0 0 1 0 0 1 0 0 1 0 0 1 0 0 1 0 0 1 0 0 1 -0 0 1 -0 0 1 0 0 1 0 0 1 0 0 1 0 0 1 -0 0 1 0 0 1 0 0 1 0 0 1 0 0 0.999999 0 0 0.999999 -0 0 0.999999 0 0 0.999999 0 0 1 0 0 1 -0 0 0.999999 0 0 0.999999 -0 0 1 0 0 0.999999 0 0 1 0 0 1 0 0 0.999999 0 0 1 -0 0 1 0 0 1 0 0 1 0 0 1 -0 0 1 0 0 1 0 0 1 -0 0 1 0 0 1 0 0 1 0 0 1 -0 0 1 -0 0 1 0 0 1 0 0 1 -0 0 1 0 0 1 0 0 1 -0 0 1 0 0 1 -0 0 1 0 0 1 -0 0 1 0 0 1 -0 0 1 -0 0 1 0 0 1 0 0 1 0 0 1 0 0 0.999999 0 0 0.999999 0 0 0.999999 0 0 0.999999 0 0 1 0 0 1 0 0 1 0 0 1 -0 0 1 0 0 1 0 0 1 -0 0 1 0 0 0.999999 -0 0 0.999999 -0 0 1 0 0 1 0 0 1 -0 0 1 0 0 0.999999 -0 0 0.999999 0 0 1 -0 0 1 0 0 1 0 0 1 0 0 1 0 0 1 0 0 1 -0 0 1 -0 0 1 -0 0 1 -0 0 1 0 0 1 -0 0 1 -0 0 1 0 0 1 0 0 1 0 0 1 -0 0 1 -0 0 1 0 0 1 0 0 1 -0 0 1 0 0 0.999999 0 0 0.999999 0 0 0.999999 0 0 0.999999 0 0 1 0 0 1 -0 0 1 0 0 1 0 0 1 0 0 1 0 0 1 0 0 1 0 0 1 -0 0 1 0 0 1 0 0 1 0 0 1 -0 0 1 0 0 1 0 0 1 0 0 1 0 0 1 -0 0 1 -0 0 1 0 0 1 0 0 0.999999 -0 0 0.999999 -0 0 1 0 0 1 -0 0 0.999999 -0 0 0.999999 0 0 1 0 0 1 -0 0 1 -0 0 1 -0 0 1 0 0 1 -0 0 1 0 0 1 0 0 1 -0 0 1 0 0 1 0 0 1 -0 0 1 0 0 1 0 0 1 -0 0 1 0 0 1 0 0 1 -0 0 1 0 0 1 -0 0 1 0 0 1 -0 0 0.999999 0 0 0.999999 0 0 0.999999 0 0 0.999999 -0 0 1 0 0 1 -0 0 1 -0 0 1 0 0 1 0 0 1 0 0 1 -0 0 1 -0 0 1 0 0 1 -0 0 1 -0 0 1 0 0 1 0 0 1 -0 0 1 -0 0 1 -0 0 1 0 0 1 -0 0 1 -0 0 0.999999 -0 0 0.999999 -0 0 1 0 0 1 0 0 1 0 0 0.999999 -0 0 0.999999 0 0 1 0 0 1 -0 0 1 0 0 1 -0 0 1 0 0 1 0 0 1 0 0 1 -0 0 1 0 0 1 -0 0 1 0 0 1 -0 0 1 0 0 1 0 0 1 0 0 1 -0 0 1 -0 0 1 0 0 1 -0 0 1 0 0 1 -0 0 1 0 0 1 0 0 1 0 0 1 -0 0 1 0 0 1 -0 0 1 -0 0 1 0 0 1 -0 0 1 0 0 1 0 0 1 0 0 1 -0 0 0.999999 0 0 0.999999 -0 0 0.999999 0 0 0.999999 0 0 1 -0 0 1 0 0 0.999999 0 0 1 -0 0 1 -0 0 0.999999 0 0 1 0 0 1 -0 0 0.999999 0 0 0.999999 -0 0 0.999999 0 0 0.999999 0 0 1 -0 0 1 0 0 0.999999 0 0 0.999999 0</float_array>
   <technique_common><accessor source="#na" count="4236" stride="3">
    <param name="X" type="float"/><param name="Y" type="float"/><param name="Z" type="float"/>
   </accessor></technique_common></source>
  <vertices id="v"><input semantic="POSITION" source="#p"/></vertices>
  <triangles material="m" count="4236">
   <input semantic="VERTEX" source="#v" offset="0"/><input semantic="NORMAL" source="#n" offset="1"/>
   <p>1347 0 1353 0 1354 0 1347 1 1346 1 1353 1 1335 2 1334 2 1346 2 1335 3 1346 3 1347 3 1321 4 1320 4 1334 4 1321 5 1310 5 1320 5 1321 6 1334 6 1335 6 1311 7 1310 7 1321 7 1299 8 1298 8 1310 8 1299 9 1310 9 1311 9 1285 10 1284 10 1298 10 1285 11 1276 11 1284 11 1285 12 1298 12 1299 12 1277 13 1276 13 1285 13 1265 14 1276 14 1277 14 1265 15 1264 15 1276 15 1249 16 1264 16 1265 16 1249 17 1248 17 1264 17 1229 18 1248 18 1249 18 1229 19 1228 19 1248 19 1207 20 1228 20 1229 20 1207 21 1206 21 1228 21 1181 22 1206 22 1207 22 1181 23 1180 23 1206 23 1181 24 1170 24 1180 24 1171 25 1170 25 1181 25 1160 26 1170 26 1171 26 1160 27 1159 27 1170 27 1150 28 1159 28 1160 28 1150 29 1149 29 1159 29 1150 30 1146 30 1149 30 1147 31 1146 31 1150 31 1147 32 1151 32 1146 32 1152 33 1151 33 1147 33 1163 34 1151 34 1152 34 1163 35 1162 35 1151 35 1173 36 1162 36 1163 36 1173 37 1172 37 1162 37 1197 38 1172 38 1173 38 1197 39 1196 39 1172 39 1215 40 1214 40 1196 40 1215 41 1196 41 1197 41 1235 42 1234 42 1214 42 1235 43 1258 43 1234 43 1235 44 1214 44 1215 44 1259 45 1258 45 1235 45 1267 46 1258 46 1259 46 1267 47 1266 47 1258 47 1267 48 1278 48 1266 48 1279 49 1278 49 1267 49 1289 50 1288 50 1278 50 1289 51 1278 51 1279 51 1303 52 1302 52 1288 52 1303 53 1314 53 1302 53 1303 54 1288 54 1289 54 1315 55 1314 55 1303 55 1325 56 1324 56 1314 56 1325 57 1314 57 1315 57 1339 58 1338 58 1324 58 1339 59 1351 59 1338 59 1339 60 1324 60 1325 60 1352 61 1351 61 1339 61 1354 62 1353 62 1351 62 1354 63 1351 63 1352 63 1279 64 1303 64 1289 64 1354 65 1352 65 1339 65 1235 66 1267 66 1259 66 1335 67 1347 67 1354 67 1215 68 1267 68 1235 68 1197 69 1267 69 1215 69 1173 70 1267 70 1197 70 1163 71 1267 71 1173 71 1265 72 1277 72 1285 72 1150 73 1152 73 1147 73 1150 74 1163 74 1152 74 1249 75 1311 75 1321 75 1249 76 1299 76 1311 76 1249 77 1285 77 1299 77 1249 78 1265 78 1285 78 1160 79 1279 79 1267 79 1160 80 1315 80 1303 80 1160 81 1325 81 1315 81 1160 82 1303 82 1279 82 1160 83 1267 83 1163 83 1160 84 1163 84 1150 84 1171 85 1325 85 1160 85 1207 86 1229 86 1249 86 1207 87 1249 87 1321 87 1181 88 1321 88 1335 88 1181 89 1339 89 1325 89 1181 90 1354 90 1339 90 1181 91 1335 91 1354 91 1181 92 1325 92 1171 92 1181 93 1207 93 1321 93 1387 94 1390 94 1391 94 1387 95 1386 95 1390 95 1378 96 1377 96 1386 96 1378 97 1386 97 1387 97 1367 98 1366 98 1377 98 1367 99 1344 99 1366 99 1367 100 1377 100 1378 100 1345 101 1344 101 1367 101 1323 102 1322 102 1344 102 1323 103 1344 103 1345 103 1308 104 1307 104 1322 104 1308 105 1290 105 1307 105 1308 106 1322 106 1323 106 1291 107 1290 107 1308 107 1281 108 1290 108 1291 108 1281 109 1280 109 1290 109 1269 110 1280 110 1281 110 1269 111 1268 111 1280 111 1261 112 1268 112 1269 112 1261 113 1260 113 1268 113 1240 114 1260 114 1261 114 1240 115 1239 115 1260 115 1226 116 1239 116 1240 116 1226 117 1225 117 1239 117 1226 118 1210 118 1225 118 1211 119 1210 119 1226 119 1199 120 1210 120 1211 120 1199 121 1198 121 1210 121 1187 122 1198 122 1199 122 1187 123 1186 123 1198 123 1187 124 1182 124 1186 124 1183 125 1182 125 1187 125 1183 126 1194 126 1182 126 1195 127 1194 127 1183 127 1203 128 1194 128 1195 128 1203 129 1202 129 1194 129 1217 130 1202 130 1203 130 1217 131 1216 131 1202 131 1231 132 1216 132 1217 132 1231 133 1230 133 1216 133 1247 134 1246 134 1230 134 1247 135 1230 135 1231 135 1263 136 1262 136 1246 136 1263 137 1272 137 1262 137 1263 138 1246 138 1247 138 1273 139 1272 139 1263 139 1283 140 1272 140 1273 140 1283 141 1282 141 1272 141 1283 142 1296 142 1282 142 1297 143 1296 143 1283 143 1313 144 1312 144 1296 144 1313 145 1296 145 1297 145 1329 146 1328 146 1312 146 1329 147 1356 147 1328 147 1329 148 1312 148 1313 148 1357 149 1356 149 1329 149 1371 150 1370 150 1356 150 1371 151 1356 151 1357 151 1383 152 1382 152 1370 152 1383 153 1388 153 1382 153 1383 154 1370 154 1371 154 1389 155 1388 155 1383 155 1391 156 1390 156 1388 156 1391 157 1388 157 1389 157 1391 158 1389 158 1383 158 1263 159 1283 159 1273 159 1263 160 1297 160 1283 160 1217 161 1247 161 1231 161 1323 162 1367 162 1378 162 1323 163 1345 163 1367 163 1203 164 1263 164 1247 164 1203 165 1313 165 1297 165 1203 166 1297 166 1263 166 1203 167 1247 167 1217 167 1195 168 1329 168 1313 168 1195 169 1357 169 1329 169 1195 170 1371 170 1357 170 1195 171 1313 171 1203 171 1291 172 1308 172 1323 172 1183 173 1387 173 1391 173 1183 174 1378 174 1387 174 1183 175 1383 175 1371 175 1183 176 1391 176 1383 176 1183 177 1371 177 1195 177 1281 178 1291 178 1323 178 1240 179 1269 179 1281 179 1240 180 1261 180 1269 180 1240 181 1187 181 1199 181 1240 182 1183 182 1187 182 1240 183 1323 183 1378 183 1240 184 1378 184 1183 184 1240 185 1281 185 1323 185 1226 186 1199 186 1211 186 1226 187 1240 187 1199 187 763 188 768 188 769 188 763 189 762 189 768 189 757 190 756 190 762 190 757 191 762 191 763 191 743 192 742 192 756 192 743 193 727 193 742 193 743 194 756 194 757 194 728 195 727 195 743 195 715 196 714 196 727 196 715 197 727 197 728 197 691 198 690 198 714 198 691 199 651 199 690 199 691 200 714 200 715 200 652 201 651 201 691 201 626 202 651 202 652 202 626 203 625 203 651 203 604 204 625 204 626 204 604 205 603 205 625 205 583 206 603 206 604 206 583 207 582 207 603 207 557 208 582 208 583 208 557 209 556 209 582 209 531 210 556 210 557 210 531 211 530 211 556 211 531 212 511 212 530 212 512 213 511 213 531 213 486 214 511 214 512 214 486 215 485 215 511 215 477 216 485 216 486 216 477 217 476 217 485 217 477 218 474 218 476 218 475 219 474 219 477 219 475 220 482 220 474 220 483 221 482 221 475 221 490 222 482 222 483 222 490 223 489 223 482 223 520 224 489 224 490 224 520 225 519 225 489 225 544 226 519 226 520 226 544 227 543 227 519 227 564 228 563 228 543 228 564 229 543 229 544 229 589 230 588 230 563 230 589 231 610 231 588 231 589 232 563 232 564 232 611 233 610 233 589 233 635 234 610 234 611 234 635 235 634 235 610 235 635 236 664 236 634 236 665 237 664 237 635 237 700 238 699 238 664 238 700 239 664 239 665 239 720 240 719 240 699 240 720 241 734 241 719 241 720 242 699 242 700 242 735 243 734 243 720 243 749 244 748 244 734 244 749 245 734 245 735 245 761 246 760 246 748 246 761 247 764 247 760 247 761 248 748 248 749 248 765 249 764 249 761 249 769 250 768 250 764 250 769 251 764 251 765 251 769 252 765 252 761 252 589 253 635 253 611 253 544 254 589 254 564 254 715 255 728 255 743 255 490 256 544 256 520 256 490 257 665 257 635 257 490 258 700 258 665 258 490 259 720 259 700 259 490 260 735 260 720 260 490 261 749 261 735 261 490 262 635 262 589 262 490 263 589 263 544 263 475 264 490 264 483 264 475 265 749 265 490 265 477 266 761 266 749 266 477 267 749 267 475 267 604 268 691 268 715 268 604 269 652 269 691 269 604 270 626 270 652 270 486 271 763 271 769 271 486 272 757 272 763 272 486 273 743 273 757 273 486 274 769 274 761 274 486 275 761 275 477 275 557 276 583 276 604 276 531 277 486 277 512 277 531 278 715 278 743 278 531 279 743 279 486 279 531 280 604 280 715 280 531 281 557 281 604 281 312 282 302 282 304 282 312 283 307 283 302 283 318 284 304 284 309 284 318 285 312 285 304 285 324 286 309 286 316 286 324 287 318 287 309 287 333 288 316 288 322 288 333 289 324 289 316 289 343 290 322 290 327 290 343 291 333 291 322 291 348 292 327 292 332 292 348 293 343 293 327 293 350 294 336 294 338 294 350 295 332 295 336 295 350 296 348 296 332 296 350 297 338 297 352 297 339 298 326 298 307 298 339 299 307 299 312 299 349 300 339 300 312 300 349 301 312 301 318 301 354 302 318 302 324 302 354 303 349 303 318 303 362 304 354 304 324 304 362 305 324 305 333 305 367 306 362 306 333 306 367 307 333 307 343 307 368 308 367 308 343 308 368 309 343 309 348 309 370 310 368 310 348 310 370 311 352 311 375 311 370 312 348 312 350 312 370 313 350 313 352 313 387 314 326 314 339 314 387 315 373 315 326 315 401 316 339 316 349 316 401 317 387 317 339 317 410 318 401 318 349 318 410 319 349 319 354 319 420 320 410 320 354 320 420 321 354 321 362 321 427 322 362 322 367 322 427 323 420 323 362 323 431 324 427 324 367 324 431 325 367 325 368 325 432 326 431 326 368 326 432 327 368 327 370 327 432 328 370 328 375 328 432 329 375 329 434 329 470 330 373 330 387 330 470 331 454 331 373 331 493 332 470 332 387 332 493 333 387 333 401 333 493 334 401 334 410 334 523 335 493 335 410 335 538 336 410 336 420 336 538 337 523 337 410 337 553 338 538 338 420 338 553 339 420 339 427 339 562 340 553 340 427 340 562 341 431 341 432 341 562 342 427 342 431 342 565 343 432 343 434 343 565 344 562 344 432 344 565 345 434 345 569 345 685 346 454 346 470 346 685 347 660 347 454 347 696 348 470 348 493 348 696 349 685 349 470 349 707 350 493 350 523 350 707 351 696 351 493 351 718 352 523 352 538 352 718 353 707 353 523 353 725 354 538 354 553 354 725 355 718 355 538 355 726 356 553 356 562 356 726 357 725 357 553 357 729 358 565 358 569 358 729 359 562 359 565 359 729 360 726 360 562 360 729 361 569 361 733 361 819 362 660 362 685 362 819 363 816 363 660 363 820 364 685 364 696 364 820 365 696 365 707 365 820 366 819 366 685 366 823 367 820 367 707 367 824 368 707 368 718 368 824 369 718 369 725 369 824 370 823 370 707 370 825 371 824 371 725 371 826 372 725 372 726 372 826 373 825 373 725 373 827 374 726 374 729 374 827 375 729 375 733 375 827 376 733 376 829 376 827 377 826 377 726 377 889 378 819 378 820 378 889 379 816 379 819 379 889 380 884 380 816 380 890 381 820 381 823 381 890 382 889 382 820 382 893 383 890 383 823 383 896 384 823 384 824 384 896 385 824 385 825 385 896 386 893 386 823 386 897 387 896 387 825 387 898 388 825 388 826 388 898 389 897 389 825 389 899 390 898 390 826 390 899 391 829 391 901 391 899 392 827 392 829 392 899 393 826 393 827 393 1060 394 884 394 889 394 1060 395 1245 395 1061 395 1060 396 1061 396 884 396 1059 397 889 397 890 397 1059 398 1060 398 889 398 1056 399 1059 399 890 399 1056 400 890 400 893 400 1055 401 893 401 896 401 1055 402 1056 402 893 402 1054 403 1055 403 896 403 1054 404 896 404 897 404 1053 405 1054 405 897 405 1053 406 897 406 898 406 1052 407 1053 407 898 407 1052 408 901 408 1049 408 1052 409 898 409 899 409 1052 410 899 410 901 410 1238 411 1245 411 1060 411 1233 412 1238 412 1060 412 1233 413 1060 413 1059 413 1232 414 1059 414 1056 414 1232 415 1056 415 1055 415 1232 416 1233 416 1059 416 1227 417 1232 417 1055 417 1224 418 1055 418 1054 418 1224 419 1227 419 1055 419 1221 420 1053 420 1052 420 1221 421 1054 421 1053 421 1221 422 1224 422 1054 422 1220 423 1221 423 1052 423 1220 424 1052 424 1049 424 1220 425 1049 425 1219 425 1392 426 1395 426 1245 426 1392 427 1245 427 1238 427 1379 428 1238 428 1233 428 1379 429 1392 429 1238 429 1372 430 1233 430 1232 430 1372 431 1379 431 1233 431 1363 432 1232 432 1227 432 1363 433 1372 433 1232 433 1360 434 1227 434 1224 434 1360 435 1363 435 1227 435 1355 436 1224 436 1221 436 1355 437 1360 437 1224 437 1348 438 1221 438 1220 438 1348 439 1355 439 1221 439 1348 440 1220 440 1219 440 1348 441 1219 441 1343 441 1528 442 1395 442 1392 442 1528 443 1539 443 1395 443 1515 444 1392 444 1379 444 1515 445 1528 445 1392 445 1506 446 1379 446 1372 446 1506 447 1515 447 1379 447 1495 448 1372 448 1363 448 1495 449 1363 449 1360 449 1495 450 1506 450 1372 450 1490 451 1495 451 1360 451 1480 452 1360 452 1355 452 1480 453 1490 453 1360 453 1475 454 1355 454 1348 454 1475 455 1348 455 1343 455 1475 456 1343 456 1474 456 1475 457 1480 457 1355 457 1668 458 1749 458 1677 458 1668 459 1677 459 1539 459 1668 460 1539 460 1528 460 1668 461 1528 461 1515 461 1663 462 1668 462 1515 462 1656 463 1515 463 1506 463 1656 464 1506 464 1495 464 1656 465 1663 465 1515 465 1644 466 1656 466 1495 466 1634 467 1495 467 1490 467 1634 468 1644 468 1495 468 1629 469 1490 469 1480 469 1629 470 1634 470 1490 470 1623 471 1474 471 1618 471 1623 472 1475 472 1474 472 1623 473 1480 473 1475 473 1623 474 1629 474 1480 474 1741 475 1749 475 1668 475 1738 476 1741 476 1668 476 1738 477 1668 477 1663 477 1738 478 1663 478 1656 478 1723 479 1738 479 1656 479 1723 480 1656 480 1644 480 1713 481 1723 481 1644 481 1703 482 1713 482 1644 482 1703 483 1644 483 1634 483 1698 484 1634 484 1629 484 1698 485 1703 485 1634 485 1696 486 1623 486 1618 486 1696 487 1629 487 1623 487 1696 488 1698 488 1629 488 1696 489 1618 489 1695 489 1784 490 1790 490 1749 490 1784 491 1749 491 1741 491 1772 492 1784 492 1741 492 1772 493 1741 493 1738 493 1762 494 1738 494 1723 494 1762 495 1772 495 1738 495 1754 496 1723 496 1713 496 1754 497 1762 497 1723 497 1752 498 1713 498 1703 498 1752 499 1754 499 1713 499 1746 500 1703 500 1698 500 1746 501 1752 501 1703 501 1744 502 1698 502 1696 502 1744 503 1696 503 1695 503 1744 504 1746 504 1698 504 1744 505 1695 505 1743 505 1799 506 1804 506 1790 506 1799 507 1784 507 1772 507 1799 508 1790 508 1784 508 1792 509 1799 509 1772 509 1788 510 1772 510 1762 510 1788 511 1792 511 1772 511 1788 512 1762 512 1754 512 1782 513 1788 513 1754 513 1773 514 1754 514 1752 514 1773 515 1752 515 1746 515 1773 516 1782 516 1754 516 1765 517 1773 517 1746 517 1765 518 1746 518 1744 518 1763 519 1744 519 1743 519 1763 520 1765 520 1744 520 1763 521 1743 521 1761 521 1763 522 1761 522 1770 522 1803 523 1805 523 1804 523 1803 524 1804 524 1799 524 1798 525 1799 525 1792 525 1798 526 1803 526 1799 526 1791 527 1792 527 1788 527 1791 528 1798 528 1792 528 1785 529 1788 529 1782 529 1785 530 1791 530 1788 530 1780 531 1782 531 1773 531 1780 532 1785 532 1782 532 1775 533 1773 533 1765 533 1775 534 1780 534 1773 534 1771 535 1765 535 1763 535 1771 536 1763 536 1770 536 1771 537 1775 537 1765 537 1795 538 1800 538 1805 538 1795 539 1805 539 1803 539 1795 540 1803 540 1798 540 1789 541 1795 541 1798 541 1783 542 1798 542 1791 542 1783 543 1789 543 1798 543 1774 544 1783 544 1791 544 1774 545 1791 545 1785 545 1764 546 1785 546 1780 546 1764 547 1774 547 1785 547 1759 548 1764 548 1780 548 1759 549 1780 549 1775 549 1759 550 1775 550 1771 550 1757 551 1759 551 1771 551 1757 552 1770 552 1756 552 1757 553 1771 553 1770 553 1768 554 1734 554 1781 554 1768 555 1781 555 1800 555 1768 556 1800 556 1795 556 1758 557 1768 557 1795 557 1758 558 1795 558 1789 558 1753 559 1758 559 1789 559 1753 560 1789 560 1783 560 1745 561 1753 561 1783 561 1745 562 1783 562 1774 562 1740 563 1774 563 1764 563 1740 564 1745 564 1774 564 1739 565 1764 565 1759 565 1739 566 1740 566 1764 566 1737 567 1757 567 1756 567 1737 568 1739 568 1759 568 1737 569 1756 569 1733 569 1737 570 1759 570 1757 570 1720 571 1653 571 1734 571 1720 572 1734 572 1768 572 1720 573 1768 573 1758 573 1706 574 1720 574 1758 574 1697 575 1758 575 1753 575 1697 576 1706 576 1758 576 1687 577 1753 577 1745 577 1687 578 1697 578 1753 578 1680 579 1745 579 1740 579 1680 580 1740 580 1739 580 1680 581 1687 581 1745 581 1676 582 1680 582 1739 582 1675 583 1676 583 1739 583 1675 584 1739 584 1737 584 1675 585 1737 585 1733 585 1675 586 1733 586 1674 586 1637 587 1653 587 1720 587 1624 588 1720 588 1706 588 1624 589 1637 589 1720 589 1598 590 1706 590 1697 590 1598 591 1624 591 1706 591 1585 592 1697 592 1687 592 1585 593 1598 593 1697 593 1572 594 1687 594 1680 594 1572 595 1585 595 1687 595 1565 596 1676 596 1675 596 1565 597 1680 597 1676 597 1565 598 1572 598 1680 598 1564 599 1675 599 1674 599 1564 600 1674 600 1561 600 1564 601 1561 601 1423 601 1564 602 1565 602 1675 602 1460 603 1483 603 1653 603 1460 604 1653 604 1637 604 1451 605 1460 605 1637 605 1451 606 1624 606 1598 606 1451 607 1637 607 1624 607 1442 608 1451 608 1598 608 1433 609 1598 609 1585 609 1433 610 1585 610 1572 610 1433 611 1442 611 1598 611 1428 612 1433 612 1572 612 1427 613 1428 613 1572 613 1427 614 1572 614 1565 614 1426 615 1564 615 1423 615 1426 616 1565 616 1564 616 1426 617 1427 617 1565 617 1316 618 1169 618 1319 618 1316 619 1319 619 1483 619 1316 620 1483 620 1460 620 1309 621 1460 621 1451 621 1309 622 1451 622 1442 622 1309 623 1316 623 1460 623 1304 624 1309 624 1442 624 1301 625 1442 625 1433 625 1301 626 1304 626 1442 626 1300 627 1301 627 1433 627 1300 628 1433 628 1428 628 1300 629 1428 629 1427 629 1295 630 1300 630 1427 630 1294 631 1295 631 1427 631 1294 632 1423 632 1293 632 1294 633 1426 633 1423 633 1294 634 1427 634 1426 634 1164 635 1169 635 1316 635 1161 636 1164 636 1316 636 1161 637 1316 637 1309 637 1156 638 1161 638 1309 638 1156 639 1309 639 1304 639 1153 640 1156 640 1304 640 1153 641 1304 641 1301 641 1148 642 1153 642 1301 642 1148 643 1301 643 1300 643 1145 644 1300 644 1295 644 1145 645 1148 645 1300 645 1144 646 1295 646 1294 646 1144 647 1294 647 1293 647 1144 648 1145 648 1295 648 1144 649 1293 649 1143 649 983 650 1169 650 1164 650 983 651 844 651 982 651 983 652 982 652 1169 652 984 653 983 653 1164 653 984 654 1161 654 1156 654 984 655 1164 655 1161 655 987 656 984 656 1156 656 988 657 1156 657 1153 657 988 658 987 658 1156 658 989 659 1153 659 1148 659 989 660 988 660 1153 660 990 661 1148 661 1145 661 990 662 1145 662 1144 662 990 663 989 663 1148 663 991 664 990 664 1144 664 991 665 1144 665 1143 665 991 666 1143 666 993 666 849 667 776 667 844 667 849 668 844 668 983 668 852 669 849 669 983 669 852 670 984 670 987 670 852 671 983 671 984 671 853 672 852 672 987 672 854 673 987 673 988 673 854 674 853 674 987 674 855 675 988 675 989 675 855 676 854 676 988 676 858 677 855 677 989 677 858 678 989 678 990 678 859 679 990 679 991 679 859 680 991 680 993 680 859 681 993 681 861 681 859 682 858 682 990 682 779 683 776 683 849 683 784 684 849 684 852 684 784 685 779 685 849 685 784 686 852 686 853 686 789 687 784 687 853 687 794 688 853 688 854 688 794 689 854 689 855 689 794 690 789 690 853 690 797 691 794 691 855 691 800 692 855 692 858 692 800 693 858 693 859 693 800 694 797 694 855 694 803 695 861 695 805 695 803 696 859 696 861 696 803 697 800 697 859 697 607 698 594 698 776 698 607 699 776 699 779 699 622 700 607 700 779 700 622 701 779 701 784 701 622 702 784 702 789 702 633 703 622 703 789 703 646 704 633 704 789 704 646 705 789 705 794 705 646 706 794 706 797 706 653 707 646 707 797 707 663 708 653 708 797 708 663 709 797 709 800 709 670 710 663 710 800 710 670 711 805 711 672 711 670 712 672 712 500 712 670 713 803 713 805 713 670 714 800 714 803 714 439 715 358 715 430 715 439 716 430 716 594 716 439 717 594 717 607 717 444 718 439 718 607 718 444 719 607 719 622 719 451 720 622 720 633 720 451 721 444 721 622 721 463 722 633 722 646 722 463 723 451 723 633 723 473 724 646 724 653 724 473 725 463 725 646 725 484 726 653 726 663 726 484 727 473 727 653 727 494 728 484 728 663 728 494 729 670 729 500 729 494 730 663 730 670 730 366 731 358 731 439 731 369 732 444 732 451 732 369 733 439 733 444 733 369 734 366 734 439 734 384 735 369 735 451 735 394 736 451 736 463 736 394 737 384 737 451 737 404 738 463 738 473 738 404 739 394 739 463 739 404 740 473 740 484 740 409 741 484 741 494 741 409 742 404 742 484 742 411 743 494 743 500 743 411 744 409 744 494 744 411 745 500 745 413 745 411 746 413 746 365 746 323 747 317 747 358 747 323 748 358 748 366 748 335 749 366 749 369 749 335 750 323 750 366 750 347 751 369 751 384 751 347 752 335 752 369 752 353 753 384 753 394 753 353 754 347 754 384 754 355 755 394 755 404 755 355 756 404 756 409 756 355 757 353 757 394 757 361 758 355 758 409 758 363 759 361 759 409 759 363 760 409 760 411 760 363 761 411 761 365 761 308 762 302 762 303 762 308 763 303 763 317 763 308 764 317 764 323 764 308 765 304 765 302 765 315 766 323 766 335 766 315 767 308 767 323 767 315 768 309 768 304 768 315 769 335 769 347 769 315 770 304 770 308 770 319 771 316 771 309 771 319 772 309 772 315 772 319 773 315 773 347 773 325 774 316 774 319 774 325 775 322 775 316 775 325 776 347 776 353 776 325 777 319 777 347 777 334 778 322 778 325 778 334 779 325 779 353 779 334 780 327 780 322 780 334 781 353 781 355 781 334 782 355 782 361 782 342 783 332 783 327 783 342 784 361 784 363 784 342 785 327 785 334 785 342 786 334 786 361 786 344 787 338 787 336 787 344 788 336 788 332 788 344 789 365 789 346 789 344 790 346 790 338 790 344 791 332 791 342 791 344 792 363 792 365 792 344 793 342 793 363 793 1769 794 1770 794 1761 794 1760 795 1761 795 1743 795 1760 796 1769 796 1761 796 1742 797 1743 797 1695 797 1742 798 1760 798 1743 798 1694 799 1695 799 1618 799 1694 800 1742 800 1695 800 1617 801 1618 801 1474 801 1617 802 1694 802 1618 802 1473 803 1474 803 1343 803 1473 804 1617 804 1474 804 1342 805 1343 805 1219 805 1342 806 1473 806 1343 806 1218 807 1219 807 1049 807 1218 808 1342 808 1219 808 1048 809 1218 809 1049 809 1048 810 1049 810 901 810 900 811 1048 811 901 811 900 812 901 812 829 812 828 813 900 813 829 813 828 814 829 814 733 814 732 815 828 815 733 815 732 816 733 816 569 816 568 817 732 817 569 817 568 818 569 818 434 818 433 819 568 819 434 819 374 820 433 820 434 820 374 821 434 821 375 821 351 822 374 822 375 822 351 823 352 823 338 823 351 824 375 824 352 824 337 825 351 825 338 825 337 826 338 826 346 826 345 827 337 827 346 827 364 828 345 828 346 828 364 829 365 829 413 829 364 830 346 830 365 830 412 831 364 831 413 831 499 832 412 832 413 832 499 833 500 833 672 833 499 834 413 834 500 834 671 835 499 835 672 835 804 836 671 836 672 836 804 837 805 837 861 837 804 838 672 838 805 838 860 839 804 839 861 839 992 840 993 840 1143 840 992 841 861 841 993 841 992 842 860 842 861 842 1142 843 1143 843 1293 843 1142 844 992 844 1143 844 1292 845 1293 845 1423 845 1292 846 1142 846 1293 846 1422 847 1292 847 1423 847 1560 848 1423 848 1561 848 1560 849 1422 849 1423 849 1673 850 1561 850 1674 850 1673 851 1560 851 1561 851 1732 852 1674 852 1733 852 1732 853 1673 853 1674 853 1755 854 1733 854 1756 854 1755 855 1732 855 1733 855 1769 856 1756 856 1770 856 1769 857 1755 857 1756 857 178 858 188 858 170 858 214 859 212 859 204 859 184 860 188 860 178 860 220 861 188 861 184 861 220 862 214 862 204 862 220 863 204 863 188 863 276 864 286 864 270 864 126 865 112 865 94 865 226 866 220 866 184 866 226 867 184 867 192 867 280 868 286 868 276 868 280 869 296 869 286 869 130 870 126 870 94 870 196 871 226 871 192 871 230 872 226 872 196 872 310 873 305 873 296 873 78 874 76 874 60 874 234 875 230 875 196 875 234 876 196 876 198 876 194 877 234 877 198 877 240 878 234 878 194 878 320 879 296 879 280 879 320 880 310 880 296 880 320 881 280 881 282 881 92 882 94 882 76 882 92 883 130 883 94 883 92 884 76 884 78 884 186 885 240 885 194 885 250 886 240 886 186 886 340 887 320 887 282 887 108 888 134 888 130 888 108 889 130 889 92 889 359 890 340 890 282 890 359 891 282 891 278 891 116 892 138 892 134 892 116 893 134 893 108 893 382 894 359 894 278 894 382 895 278 895 274 895 120 896 138 896 116 896 120 897 146 897 138 897 421 898 382 898 274 898 421 899 268 899 266 899 421 900 274 900 268 900 124 901 146 901 120 901 124 902 156 902 146 902 806 903 740 903 750 903 12 904 26 904 18 904 744 905 806 905 750 905 34 906 26 906 12 906 447 907 421 907 266 907 122 908 156 908 124 908 122 909 172 909 156 909 878 910 874 910 832 910 16 911 8 911 4 911 887 912 806 912 744 912 887 913 878 913 832 913 887 914 832 914 806 914 24 915 12 915 8 915 24 916 34 916 12 916 24 917 8 917 16 917 32 918 48 918 34 918 32 919 34 919 24 919 904 920 887 920 744 920 904 921 736 921 716 921 904 922 744 922 736 922 42 923 48 923 32 923 42 924 70 924 48 924 920 925 904 925 716 925 920 926 716 926 677 926 952 927 920 927 677 927 50 928 86 928 70 928 50 929 98 929 86 929 50 930 70 930 42 930 58 931 98 931 50 931 1008 932 623 932 578 932 1008 933 677 933 623 933 1008 934 952 934 677 934 1046 935 1008 935 578 935 66 936 110 936 98 936 66 937 98 937 58 937 1408 938 1317 938 1305 938 1408 939 1330 939 1317 939 2 940 14 940 0 940 2 941 22 941 14 941 1577 942 1592 942 1500 942 20 943 6 943 10 943 1575 944 1500 944 1408 944 1575 945 1577 945 1500 945 1575 946 1408 946 1305 946 28 947 30 947 22 947 28 948 22 948 2 948 28 949 6 949 20 949 28 950 2 950 6 950 1590 951 1286 951 1270 951 1590 952 1305 952 1286 952 1590 953 1575 953 1305 953 40 954 30 954 28 954 1613 955 1590 955 1270 955 54 956 38 956 30 956 54 957 30 957 40 957 1651 958 1270 958 1243 958 1651 959 1613 959 1270 959 74 960 44 960 38 960 74 961 38 961 54 961 1666 962 1243 962 1190 962 1666 963 1651 963 1243 963 84 964 56 964 44 964 84 965 44 965 74 965 1688 966 1190 966 1134 966 1688 967 1666 967 1190 967 90 968 62 968 56 968 90 969 56 969 84 969 454 970 250 970 186 970 660 971 250 971 454 971 660 972 262 972 250 972 660 973 266 973 262 973 373 974 180 974 172 974 373 975 186 975 180 975 373 976 454 976 186 976 816 977 447 977 266 977 816 978 266 978 660 978 816 979 509 979 447 979 326 980 122 980 118 980 326 981 172 981 122 981 326 982 373 982 172 982 1834 983 1816 983 1812 983 1834 984 1818 984 1816 984 46 985 52 985 36 985 46 986 72 986 52 986 884 987 509 987 816 987 884 988 578 988 509 988 884 989 1046 989 578 989 307 990 118 990 110 990 307 991 110 991 66 991 307 992 326 992 118 992 1061 993 1102 993 1046 993 1061 994 1134 994 1102 994 1061 995 1046 995 884 995 302 996 68 996 62 996 302 997 66 997 68 997 302 998 307 998 66 998 96 999 64 999 80 999 1858 1000 1862 1000 1842 1000 114 1001 64 1001 96 1001 114 1002 72 1002 46 1002 114 1003 46 1003 64 1003 1850 1004 1834 1004 1812 1004 1850 1005 1858 1005 1842 1005 1850 1006 1812 1006 1808 1006 1850 1007 1842 1007 1834 1007 128 1008 72 1008 114 1008 128 1009 82 1009 72 1009 1846 1010 1850 1010 1808 1010 132 1011 88 1011 82 1011 132 1012 82 1012 128 1012 1848 1013 1808 1013 1806 1013 1848 1014 1846 1014 1808 1014 1245 1015 1726 1015 1688 1015 1245 1016 1134 1016 1061 1016 1245 1017 1688 1017 1134 1017 303 1018 62 1018 90 1018 303 1019 90 1019 102 1019 303 1020 302 1020 62 1020 136 1021 88 1021 132 1021 136 1022 100 1022 88 1022 136 1023 104 1023 100 1023 1854 1024 1848 1024 1806 1024 1854 1025 1793 1025 1778 1025 1854 1026 1806 1026 1793 1026 140 1027 104 1027 136 1027 1860 1028 1854 1028 1778 1028 144 1029 106 1029 104 1029 144 1030 104 1030 140 1030 1864 1031 1778 1031 1750 1031 1864 1032 1860 1032 1778 1032 1395 1033 1750 1033 1726 1033 1395 1034 1726 1034 1245 1034 1395 1035 1864 1035 1750 1035 317 1036 303 1036 102 1036 317 1037 102 1037 106 1037 317 1038 106 1038 144 1038 1539 1039 1870 1039 1864 1039 1539 1040 1874 1040 1870 1040 1539 1041 1864 1041 1395 1041 358 1042 317 1042 144 1042 358 1043 150 1043 158 1043 358 1044 144 1044 150 1044 1932 1045 1904 1045 1898 1045 1932 1046 1916 1046 1904 1046 152 1047 148 1047 142 1047 152 1048 154 1048 148 1048 1677 1049 1874 1049 1539 1049 430 1050 358 1050 158 1050 174 1051 154 1051 152 1051 1964 1052 1954 1052 1958 1052 190 1053 202 1053 174 1053 1952 1054 1932 1054 1898 1054 1952 1055 1958 1055 1954 1055 1952 1056 1954 1056 1932 1056 208 1057 154 1057 174 1057 208 1058 174 1058 202 1058 1946 1059 1898 1059 1896 1059 1946 1060 1952 1060 1898 1060 210 1061 160 1061 154 1061 210 1062 154 1062 208 1062 218 1063 160 1063 210 1063 218 1064 164 1064 160 1064 218 1065 166 1065 164 1065 1942 1066 1946 1066 1896 1066 1942 1067 1896 1067 1888 1067 222 1068 166 1068 218 1068 1940 1069 1942 1069 1888 1069 1940 1070 1888 1070 1884 1070 228 1071 166 1071 222 1071 228 1072 162 1072 166 1072 1944 1073 1884 1073 1878 1073 1944 1074 1940 1074 1884 1074 232 1075 430 1075 158 1075 232 1076 158 1076 162 1076 232 1077 162 1077 228 1077 232 1078 594 1078 430 1078 1948 1079 1878 1079 1874 1079 1948 1080 1944 1080 1878 1080 1948 1081 1874 1081 1677 1081 1948 1082 1677 1082 1749 1082 236 1083 594 1083 232 1083 1956 1084 1948 1084 1749 1084 242 1085 776 1085 594 1085 242 1086 594 1086 236 1086 1962 1087 1956 1087 1749 1087 1962 1088 1749 1088 1790 1088 2042 1089 2010 1089 1992 1089 2042 1090 2026 1090 2010 1090 264 1091 248 1091 244 1091 264 1092 256 1092 248 1092 294 1093 256 1093 264 1093 294 1094 264 1094 272 1094 2034 1095 2060 1095 2042 1095 2034 1096 2042 1096 1992 1096 2024 1097 1992 1097 1978 1097 2024 1098 2034 1098 1992 1098 298 1099 256 1099 294 1099 298 1100 260 1100 256 1100 298 1101 258 1101 260 1101 290 1102 294 1102 272 1102 2054 1103 2060 1103 2034 1103 300 1104 258 1104 298 1104 2018 1105 1978 1105 1974 1105 2018 1106 2024 1106 1978 1106 288 1107 290 1107 272 1107 2070 1108 2060 1108 2054 1108 2006 1109 2018 1109 1974 1109 2006 1110 1970 1110 1966 1110 2006 1111 1974 1111 1970 1111 313 1112 252 1112 258 1112 313 1113 258 1113 300 1113 2002 1114 2006 1114 1966 1114 2002 1115 1966 1115 1962 1115 328 1116 246 1116 252 1116 328 1117 242 1117 246 1117 328 1118 252 1118 313 1118 2000 1119 2002 1119 1962 1119 2000 1120 1962 1120 1790 1120 356 1121 242 1121 328 1121 356 1122 776 1122 242 1122 2004 1123 2000 1123 1790 1123 2004 1124 1790 1124 1804 1124 380 1125 844 1125 776 1125 380 1126 776 1126 356 1126 2016 1127 2004 1127 1804 1127 418 1128 844 1128 380 1128 2100 1129 2086 1129 2078 1129 2100 1130 2096 1130 2086 1130 640 1131 547 1131 528 1131 640 1132 549 1132 547 1132 2068 1133 2052 1133 2032 1133 2076 1134 2052 1134 2068 1134 2076 1135 2066 1135 2052 1135 2076 1136 2078 1136 2066 1136 830 1137 503 1137 532 1137 830 1138 834 1138 503 1138 845 1139 455 1139 503 1139 845 1140 440 1140 455 1140 845 1141 503 1141 834 1141 2062 1142 2068 1142 2032 1142 821 1143 640 1143 752 1143 821 1144 532 1144 549 1144 821 1145 549 1145 640 1145 821 1146 830 1146 532 1146 2084 1147 2078 1147 2076 1147 2084 1148 2104 1148 2100 1148 2084 1149 2100 1149 2078 1149 872 1150 440 1150 845 1150 2050 1151 2062 1151 2032 1151 2050 1152 2032 1152 2022 1152 2092 1153 2104 1153 2084 1153 817 1154 821 1154 752 1154 908 1155 418 1155 440 1155 908 1156 844 1156 418 1156 908 1157 440 1157 872 1157 908 1158 982 1158 844 1158 2044 1159 2050 1159 2022 1159 2044 1160 2016 1160 1804 1160 2044 1161 2022 1161 2016 1161 2044 1162 1804 1162 1805 1162 2106 1163 2104 1163 2092 1163 812 1164 817 1164 752 1164 940 1165 982 1165 908 1165 2038 1166 2044 1166 1805 1166 996 1167 982 1167 940 1167 996 1168 1169 1168 982 1168 2040 1169 2038 1169 1805 1169 2040 1170 1805 1170 1800 1170 2008 1171 2056 1171 2048 1171 2020 1172 2064 1172 2056 1172 2020 1173 2056 1173 2008 1173 1467 1174 1513 1174 1034 1174 1467 1175 1090 1175 1122 1175 1467 1176 1034 1176 1090 1176 1550 1177 1169 1177 996 1177 1550 1178 1034 1178 1513 1178 1550 1179 996 1179 1034 1179 1996 1180 2040 1180 1800 1180 1996 1181 2008 1181 2048 1181 1996 1182 2048 1182 2040 1182 1434 1183 1467 1183 1122 1183 1434 1184 1122 1184 1138 1184 2036 1185 2064 1185 2020 1185 2098 1186 2090 1186 2082 1186 2098 1187 2102 1187 2090 1187 1274 1188 1178 1188 1188 1188 1274 1189 1165 1189 1178 1189 1607 1190 1169 1190 1550 1190 1607 1191 1319 1191 1169 1191 1988 1192 1996 1192 1800 1192 1988 1193 1800 1193 1781 1193 1420 1194 1434 1194 1138 1194 2058 1195 2074 1195 2064 1195 2058 1196 2064 1196 2036 1196 1659 1197 1319 1197 1607 1197 1984 1198 1988 1198 1781 1198 1414 1199 1420 1199 1138 1199 1414 1200 1138 1200 1165 1200 2072 1201 2082 1201 2074 1201 2072 1202 2074 1202 2058 1202 1340 1203 1414 1203 1165 1203 1340 1204 1165 1204 1274 1204 2094 1205 2082 1205 2072 1205 2094 1206 2098 1206 2082 1206 1410 1207 1414 1207 1340 1207 2080 1208 2094 1208 2072 1208 2088 1209 2094 1209 2080 1209 1416 1210 1410 1210 1340 1210 1840 1211 1319 1211 1659 1211 1840 1212 1483 1212 1319 1212 1934 1213 1984 1213 1781 1213 1934 1214 1781 1214 1734 1214 1844 1215 1483 1215 1840 1215 1926 1216 1934 1216 1734 1216 1950 1217 1982 1217 1984 1217 1950 1218 1984 1218 1934 1218 1838 1219 1840 1219 1659 1219 1838 1220 1659 1220 1685 1220 1920 1221 1926 1221 1734 1221 1920 1222 1734 1222 1653 1222 1856 1223 1483 1223 1844 1223 1856 1224 1920 1224 1653 1224 1856 1225 1653 1225 1483 1225 1960 1226 1986 1226 1982 1226 1960 1227 1982 1227 1950 1227 1832 1228 1838 1228 1685 1228 1832 1229 1685 1229 1724 1229 1866 1230 1912 1230 1920 1230 1866 1231 1920 1231 1856 1231 1968 1232 1990 1232 1986 1232 1968 1233 1986 1233 1960 1233 1828 1234 1832 1234 1724 1234 1828 1235 1724 1235 1747 1235 1908 1236 1912 1236 1866 1236 1908 1237 1866 1237 1872 1237 1972 1238 1998 1238 1990 1238 1972 1239 1990 1239 1968 1239 1824 1240 1747 1240 1766 1240 1824 1241 1828 1241 1747 1241 1910 1242 1872 1242 1876 1242 1910 1243 1908 1243 1872 1243 1976 1244 2014 1244 1998 1244 1976 1245 1998 1245 1972 1245 1826 1246 1766 1246 1786 1246 1826 1247 1824 1247 1766 1247 1914 1248 1910 1248 1876 1248 1880 1249 1914 1249 1876 1249 2030 1250 2028 1250 2014 1250 2030 1251 2046 1251 2028 1251 2030 1252 2014 1252 1976 1252 1810 1253 1796 1253 1801 1253 1810 1254 1786 1254 1796 1254 1820 1255 1786 1255 1810 1255 1820 1256 1830 1256 1826 1256 1820 1257 1826 1257 1786 1257 2012 1258 2030 1258 1976 1258 2012 1259 1976 1259 1980 1259 1922 1260 1914 1260 1880 1260 1886 1261 1922 1261 1880 1261 1836 1262 1830 1262 1820 1262 1994 1263 2012 1263 1980 1263 1918 1264 1928 1264 1922 1264 1918 1265 1936 1265 1928 1265 1902 1266 1918 1266 1922 1266 1902 1267 1922 1267 1886 1267 1902 1268 1892 1268 1894 1268 1902 1269 1886 1269 1892 1269 1601 1270 1627 1270 1694 1270 1635 1271 1694 1271 1627 1271 1642 1272 1742 1272 1694 1272 1642 1273 1694 1273 1635 1273 1583 1274 1601 1274 1694 1274 1647 1275 1742 1275 1642 1275 1566 1276 1694 1276 1617 1276 1566 1277 1583 1277 1694 1277 1548 1278 1566 1278 1617 1278 1649 1279 1742 1279 1647 1279 1645 1280 1742 1280 1649 1280 1537 1281 1548 1281 1617 1281 1524 1282 1537 1282 1617 1282 1638 1283 1742 1283 1645 1283 1630 1284 1760 1284 1742 1284 1630 1285 1742 1285 1638 1285 1615 1286 1760 1286 1630 1286 1328 1287 1356 1287 1473 1287 1370 1288 1617 1288 1473 1288 1370 1289 1473 1289 1356 1289 1312 1290 1473 1290 1342 1290 1312 1291 1328 1291 1473 1291 1382 1292 1617 1292 1370 1292 1596 1293 1760 1293 1615 1293 1296 1294 1312 1294 1342 1294 1388 1295 1509 1295 1524 1295 1388 1296 1524 1296 1617 1296 1388 1297 1617 1297 1382 1297 1579 1298 1769 1298 1760 1298 1579 1299 1760 1299 1596 1299 1282 1300 1296 1300 1342 1300 1390 1301 1498 1301 1509 1301 1390 1302 1509 1302 1388 1302 1562 1303 1769 1303 1579 1303 1272 1304 1342 1304 1218 1304 1272 1305 1282 1305 1342 1305 1386 1306 1488 1306 1498 1306 1386 1307 1498 1307 1390 1307 1377 1308 1476 1308 1488 1308 1377 1309 1488 1309 1386 1309 1096 1310 1104 1310 1218 1310 1110 1311 1218 1311 1104 1311 1366 1312 1476 1312 1377 1312 1366 1313 1463 1313 1476 1313 1082 1314 1218 1314 1048 1314 1082 1315 1096 1315 1218 1315 1116 1316 1218 1316 1110 1316 1124 1317 1272 1317 1218 1317 1124 1318 1218 1318 1116 1318 1124 1319 1262 1319 1272 1319 1066 1320 1082 1320 1048 1320 1042 1321 1066 1321 1048 1321 1126 1322 1262 1322 1124 1322 1126 1323 1246 1323 1262 1323 1344 1324 1463 1324 1366 1324 1344 1325 1458 1325 1463 1325 1344 1326 1461 1326 1458 1326 1026 1327 1042 1327 1048 1327 1118 1328 1246 1328 1126 1328 1322 1329 1469 1329 1461 1329 1322 1330 1461 1330 1344 1330 1018 1331 1026 1331 1048 1331 1112 1332 1246 1332 1118 1332 1112 1333 1230 1333 1246 1333 900 1334 1018 1334 1048 1334 1006 1335 1018 1335 900 1335 1106 1336 1230 1336 1112 1336 1106 1337 1216 1337 1230 1337 1307 1338 1484 1338 1469 1338 1307 1339 1469 1339 1322 1339 1100 1340 1216 1340 1106 1340 1100 1341 1202 1341 1216 1341 985 1342 1006 1342 900 1342 1290 1343 1484 1343 1307 1343 1290 1344 1491 1344 1484 1344 974 1345 985 1345 900 1345 1092 1346 1202 1346 1100 1346 1092 1347 1194 1347 1202 1347 1280 1348 1491 1348 1290 1348 970 1349 974 1349 900 1349 1074 1350 1182 1350 1194 1350 1074 1351 1194 1351 1092 1351 962 1352 970 1352 900 1352 1064 1353 1182 1353 1074 1353 1038 1354 1182 1354 1064 1354 1038 1355 1186 1355 1182 1355 1022 1356 1186 1356 1038 1356 1022 1357 1198 1357 1186 1357 1014 1358 1198 1358 1022 1358 828 1359 962 1359 900 1359 828 1360 956 1360 962 1360 828 1361 958 1361 956 1361 1570 1362 1588 1362 1755 1362 1599 1363 1732 1363 1755 1363 1599 1364 1755 1364 1588 1364 1611 1365 1732 1365 1599 1365 1556 1366 1570 1366 1755 1366 1556 1367 1755 1367 1769 1367 1621 1368 1732 1368 1611 1368 1544 1369 1769 1369 1562 1369 1544 1370 1556 1370 1769 1370 1544 1371 1562 1371 1546 1371 1529 1372 1544 1372 1546 1372 1625 1373 1732 1373 1621 1373 1516 1374 1529 1374 1546 1374 1516 1375 1546 1375 1531 1375 1619 1376 1732 1376 1625 1376 1502 1377 1531 1377 1520 1377 1502 1378 1516 1378 1531 1378 1605 1379 1732 1379 1619 1379 1486 1380 1502 1380 1520 1380 1486 1381 1520 1381 1507 1381 1465 1382 1507 1382 1491 1382 1465 1383 1486 1383 1507 1383 1673 1384 1732 1384 1605 1384 1673 1385 1605 1385 1594 1385 1673 1386 1594 1386 1581 1386 732 1387 958 1387 828 1387 732 1388 964 1388 958 1388 1568 1389 1673 1389 1581 1389 1552 1390 1673 1390 1568 1390 1540 1391 1673 1391 1552 1391 1560 1392 1673 1392 1540 1392 1560 1393 1540 1393 1526 1393 1560 1394 1526 1394 1511 1394 1560 1395 1511 1395 1496 1395 1314 1396 1436 1396 1440 1396 1314 1397 1438 1397 1436 1397 1302 1398 1440 1398 1447 1398 1302 1399 1314 1399 1440 1399 1324 1400 1438 1400 1314 1400 1324 1401 1443 1401 1438 1401 1288 1402 1447 1402 1454 1402 1288 1403 1302 1403 1447 1403 1338 1404 1443 1404 1324 1404 1338 1405 1449 1405 1443 1405 1278 1406 1288 1406 1454 1406 1278 1407 1454 1407 1465 1407 1351 1408 1449 1408 1338 1408 1351 1409 1456 1409 1449 1409 1266 1410 1278 1410 1465 1410 1266 1411 1465 1411 1491 1411 1266 1412 1491 1412 1280 1412 1353 1413 1456 1413 1351 1413 1353 1414 1481 1414 1456 1414 1258 1415 1266 1415 1280 1415 1258 1416 1280 1416 1268 1416 1346 1417 1481 1417 1353 1417 1346 1418 1496 1418 1481 1418 1346 1419 1560 1419 1496 1419 661 1420 688 1420 732 1420 697 1421 732 1421 688 1421 697 1422 972 1422 964 1422 697 1423 964 1423 732 1423 1234 1424 1258 1424 1268 1424 1234 1425 1268 1425 1260 1425 1234 1426 1260 1426 1239 1426 1334 1427 1560 1427 1346 1427 644 1428 732 1428 568 1428 644 1429 661 1429 732 1429 705 1430 972 1430 697 1430 705 1431 980 1431 972 1431 710 1432 980 1432 705 1432 710 1433 1002 1433 980 1433 627 1434 644 1434 568 1434 608 1435 627 1435 568 1435 712 1436 1002 1436 710 1436 712 1437 1014 1437 1002 1437 1214 1438 1234 1438 1239 1438 1320 1439 1560 1439 1334 1439 592 1440 608 1440 568 1440 708 1441 1014 1441 712 1441 1422 1442 1320 1442 1310 1442 1422 1443 1310 1443 1298 1443 1422 1444 1560 1444 1320 1444 433 1445 592 1445 568 1445 433 1446 558 1446 576 1446 433 1447 576 1447 592 1447 541 1448 558 1448 433 1448 1284 1449 1422 1449 1298 1449 526 1450 541 1450 433 1450 513 1451 526 1451 433 1451 734 1452 701 1452 692 1452 719 1453 692 1453 679 1453 719 1454 734 1454 692 1454 748 1455 708 1455 701 1455 748 1456 701 1456 734 1456 748 1457 1014 1457 708 1457 748 1458 1210 1458 1198 1458 748 1459 1198 1459 1014 1459 699 1460 679 1460 656 1460 699 1461 719 1461 679 1461 760 1462 1210 1462 748 1462 760 1463 1225 1463 1210 1463 764 1464 1225 1464 760 1464 764 1465 1239 1465 1225 1465 664 1466 656 1466 638 1466 664 1467 699 1467 656 1467 634 1468 638 1468 620 1468 634 1469 664 1469 638 1469 768 1470 1239 1470 764 1470 768 1471 1214 1471 1239 1471 610 1472 620 1472 605 1472 610 1473 605 1473 586 1473 610 1474 634 1474 620 1474 762 1475 1196 1475 1214 1475 762 1476 1214 1476 768 1476 1292 1477 1284 1477 1276 1477 1292 1478 1276 1478 1264 1478 1292 1479 1264 1479 1248 1479 1292 1480 1422 1480 1284 1480 374 1481 521 1481 505 1481 374 1482 505 1482 495 1482 374 1483 495 1483 491 1483 374 1484 513 1484 433 1484 374 1485 491 1485 497 1485 374 1486 497 1486 513 1486 588 1487 586 1487 572 1487 588 1488 610 1488 586 1488 756 1489 1172 1489 1196 1489 756 1490 1196 1490 762 1490 563 1491 588 1491 572 1491 563 1492 572 1492 554 1492 742 1493 1172 1493 756 1493 742 1494 1162 1494 1172 1494 543 1495 554 1495 534 1495 543 1496 563 1496 554 1496 1062 1497 1170 1497 1159 1497 1040 1498 1159 1498 1149 1498 1040 1499 1062 1499 1159 1499 1070 1500 1180 1500 1170 1500 1070 1501 1170 1501 1062 1501 1028 1502 1149 1502 1146 1502 1028 1503 1040 1503 1149 1503 1078 1504 1206 1504 1180 1504 1078 1505 1180 1505 1070 1505 1020 1506 1028 1506 1146 1506 1084 1507 1206 1507 1078 1507 1004 1508 1146 1508 1151 1508 1004 1509 1020 1509 1146 1509 1086 1510 1228 1510 1206 1510 1086 1511 1206 1511 1084 1511 978 1512 1151 1512 1162 1512 978 1513 1004 1513 1151 1513 1080 1514 1248 1514 1228 1514 1080 1515 1228 1515 1086 1515 968 1516 978 1516 1162 1516 968 1517 1162 1517 742 1517 1142 1518 1292 1518 1248 1518 1142 1519 1080 1519 1072 1519 1142 1520 1072 1520 1068 1520 1142 1521 1068 1521 1057 1521 1142 1522 1057 1522 1036 1522 1142 1523 1248 1523 1080 1523 351 1524 489 1524 519 1524 351 1525 519 1525 543 1525 351 1526 534 1526 521 1526 351 1527 521 1527 374 1527 351 1528 543 1528 534 1528 1024 1529 1142 1529 1036 1529 649 1530 714 1530 690 1530 631 1531 690 1531 651 1531 631 1532 649 1532 690 1532 658 1533 727 1533 714 1533 658 1534 714 1534 649 1534 616 1535 651 1535 625 1535 616 1536 631 1536 651 1536 675 1537 727 1537 658 1537 675 1538 742 1538 727 1538 601 1539 625 1539 603 1539 601 1540 616 1540 625 1540 683 1541 968 1541 742 1541 683 1542 742 1542 675 1542 584 1543 601 1543 603 1543 686 1544 968 1544 683 1544 686 1545 950 1545 968 1545 566 1546 603 1546 582 1546 566 1547 584 1547 603 1547 681 1548 950 1548 686 1548 681 1549 942 1549 950 1549 545 1550 566 1550 582 1550 545 1551 582 1551 556 1551 668 1552 936 1552 942 1552 668 1553 942 1553 681 1553 992 1554 1142 1554 1024 1554 992 1555 1024 1555 1016 1555 992 1556 1016 1556 1000 1556 992 1557 1000 1557 976 1557 992 1558 976 1558 960 1558 337 1559 485 1559 476 1559 337 1560 476 1560 474 1560 337 1561 474 1561 482 1561 337 1562 482 1562 489 1562 337 1563 489 1563 351 1563 524 1564 556 1564 530 1564 524 1565 545 1565 556 1565 654 1566 930 1566 936 1566 654 1567 936 1567 668 1567 501 1568 524 1568 530 1568 860 1569 992 1569 960 1569 860 1570 960 1570 946 1570 860 1571 946 1571 938 1571 860 1572 938 1572 932 1572 860 1573 932 1573 926 1573 860 1574 926 1574 918 1574 345 1575 530 1575 511 1575 345 1576 511 1576 485 1576 345 1577 501 1577 530 1577 345 1578 480 1578 501 1578 345 1579 485 1579 337 1579 804 1580 860 1580 918 1580 804 1581 916 1581 924 1581 804 1582 918 1582 916 1582 364 1583 464 1583 459 1583 364 1584 459 1584 457 1584 364 1585 480 1585 345 1585 364 1586 457 1586 461 1586 364 1587 461 1587 468 1587 364 1588 468 1588 480 1588 671 1589 654 1589 642 1589 671 1590 642 1590 629 1590 671 1591 629 1591 612 1591 671 1592 804 1592 924 1592 671 1593 924 1593 930 1593 671 1594 930 1594 654 1594 412 1595 464 1595 364 1595 412 1596 560 1596 539 1596 412 1597 539 1597 517 1597 412 1598 517 1598 487 1598 412 1599 487 1599 471 1599 412 1600 471 1600 464 1600 499 1601 612 1601 595 1601 499 1602 595 1602 580 1602 499 1603 580 1603 560 1603 499 1604 560 1604 412 1604 499 1605 671 1605 612 1605 376 1606 372 1606 371 1606 376 1607 377 1607 372 1607 385 1608 386 1608 377 1608 385 1609 377 1609 376 1609 399 1610 400 1610 386 1610 399 1611 386 1611 385 1611 416 1612 417 1612 400 1612 416 1613 400 1613 399 1613 435 1614 436 1614 417 1614 435 1615 417 1615 416 1615 452 1616 453 1616 436 1616 452 1617 436 1617 435 1617 515 1618 516 1618 453 1618 515 1619 453 1619 452 1619 574 1620 575 1620 516 1620 574 1621 619 1621 575 1621 574 1622 516 1622 515 1622 618 1623 619 1623 574 1623 673 1624 619 1624 618 1624 673 1625 674 1625 619 1625 673 1626 724 1626 674 1626 723 1627 724 1627 673 1627 754 1628 724 1628 723 1628 754 1629 755 1629 724 1629 754 1630 773 1630 755 1630 772 1631 773 1631 754 1631 772 1632 781 1632 773 1632 780 1633 781 1633 772 1633 780 1634 791 1634 781 1634 790 1635 791 1635 780 1635 795 1636 791 1636 790 1636 795 1637 796 1637 791 1637 795 1638 793 1638 796 1638 792 1639 793 1639 795 1639 785 1640 793 1640 792 1640 785 1641 786 1641 793 1641 777 1642 786 1642 785 1642 777 1643 778 1643 786 1643 766 1644 778 1644 777 1644 766 1645 767 1645 778 1645 766 1646 731 1646 767 1646 730 1647 731 1647 766 1647 694 1648 695 1648 731 1648 694 1649 637 1649 695 1649 694 1650 731 1650 730 1650 636 1651 637 1651 694 1651 590 1652 637 1652 636 1652 590 1653 591 1653 637 1653 590 1654 537 1654 591 1654 536 1655 537 1655 590 1655 466 1656 467 1656 537 1656 466 1657 443 1657 467 1657 466 1658 537 1658 536 1658 442 1659 426 1659 443 1659 442 1660 443 1660 466 1660 425 1661 406 1661 426 1661 425 1662 426 1662 442 1662 405 1663 406 1663 425 1663 388 1664 389 1664 406 1664 388 1665 406 1665 405 1665 378 1666 379 1666 389 1666 378 1667 389 1667 388 1667 371 1668 372 1668 379 1668 371 1669 379 1669 378 1669 502 1670 425 1670 442 1670 481 1671 405 1671 425 1671 481 1672 425 1672 502 1672 525 1673 442 1673 466 1673 525 1674 502 1674 442 1674 469 1675 388 1675 405 1675 469 1676 405 1676 481 1676 546 1677 466 1677 536 1677 546 1678 525 1678 466 1678 462 1679 378 1679 388 1679 462 1680 388 1680 469 1680 567 1681 536 1681 590 1681 567 1682 546 1682 536 1682 458 1683 371 1683 378 1683 458 1684 378 1684 462 1684 585 1685 567 1685 590 1685 585 1686 590 1686 636 1686 460 1687 371 1687 458 1687 460 1688 376 1688 371 1688 602 1689 636 1689 694 1689 602 1690 585 1690 636 1690 465 1691 385 1691 376 1691 465 1692 376 1692 460 1692 617 1693 602 1693 694 1693 472 1694 399 1694 385 1694 472 1695 385 1695 465 1695 632 1696 617 1696 694 1696 632 1697 694 1697 730 1697 766 1698 632 1698 730 1698 488 1699 399 1699 472 1699 416 1700 399 1700 488 1700 650 1701 632 1701 766 1701 518 1702 416 1702 488 1702 777 1703 650 1703 766 1703 777 1704 659 1704 650 1704 435 1705 416 1705 518 1705 785 1706 659 1706 777 1706 785 1707 676 1707 659 1707 452 1708 435 1708 518 1708 452 1709 540 1709 561 1709 452 1710 518 1710 540 1710 792 1711 684 1711 676 1711 792 1712 676 1712 785 1712 515 1713 561 1713 581 1713 515 1714 452 1714 561 1714 795 1715 687 1715 684 1715 795 1716 684 1716 792 1716 574 1717 515 1717 581 1717 790 1718 682 1718 687 1718 790 1719 687 1719 795 1719 618 1720 581 1720 596 1720 618 1721 574 1721 581 1721 780 1722 669 1722 682 1722 780 1723 682 1723 790 1723 673 1724 618 1724 596 1724 673 1725 596 1725 613 1725 772 1726 655 1726 669 1726 772 1727 669 1727 780 1727 723 1728 630 1728 643 1728 723 1729 613 1729 630 1729 723 1730 673 1730 613 1730 754 1731 723 1731 643 1731 754 1732 655 1732 772 1732 754 1733 643 1733 655 1733 1332 1734 1327 1734 1326 1734 1332 1735 1333 1735 1327 1735 1349 1736 1350 1736 1333 1736 1349 1737 1333 1737 1332 1737 1373 1738 1374 1738 1350 1738 1373 1739 1350 1739 1349 1739 1396 1740 1397 1740 1374 1740 1396 1741 1374 1741 1373 1741 1404 1742 1405 1742 1397 1742 1404 1743 1397 1743 1396 1743 1431 1744 1432 1744 1405 1744 1431 1745 1405 1745 1404 1745 1478 1746 1479 1746 1432 1746 1478 1747 1432 1747 1431 1747 1522 1748 1523 1748 1479 1748 1522 1749 1559 1749 1523 1749 1522 1750 1479 1750 1478 1750 1558 1751 1559 1751 1522 1751 1609 1752 1559 1752 1558 1752 1609 1753 1610 1753 1559 1753 1609 1754 1658 1754 1610 1754 1657 1755 1658 1755 1609 1755 1669 1756 1658 1756 1657 1756 1669 1757 1670 1757 1658 1757 1669 1758 1684 1758 1670 1758 1683 1759 1684 1759 1669 1759 1683 1760 1700 1760 1684 1760 1699 1761 1700 1761 1683 1761 1699 1762 1710 1762 1700 1762 1709 1763 1710 1763 1699 1763 1716 1764 1710 1764 1709 1764 1716 1765 1717 1765 1710 1765 1716 1766 1715 1766 1717 1766 1714 1767 1715 1767 1716 1767 1704 1768 1715 1768 1714 1768 1704 1769 1705 1769 1715 1769 1692 1770 1705 1770 1704 1770 1692 1771 1693 1771 1705 1771 1678 1772 1693 1772 1692 1772 1678 1773 1679 1773 1693 1773 1678 1774 1662 1774 1679 1774 1661 1775 1662 1775 1678 1775 1632 1776 1633 1776 1662 1776 1632 1777 1574 1777 1633 1777 1632 1778 1662 1778 1661 1778 1573 1779 1574 1779 1632 1779 1535 1780 1574 1780 1573 1780 1535 1781 1536 1781 1574 1781 1535 1782 1494 1782 1536 1782 1493 1783 1494 1783 1535 1783 1445 1784 1446 1784 1494 1784 1445 1785 1419 1785 1446 1785 1445 1786 1494 1786 1493 1786 1418 1787 1401 1787 1419 1787 1418 1788 1419 1788 1445 1788 1400 1789 1381 1789 1401 1789 1400 1790 1401 1790 1418 1790 1380 1791 1381 1791 1400 1791 1358 1792 1359 1792 1381 1792 1358 1793 1381 1793 1380 1793 1336 1794 1337 1794 1359 1794 1336 1795 1359 1795 1358 1795 1326 1796 1327 1796 1337 1796 1326 1797 1337 1797 1336 1797 1466 1798 1400 1798 1418 1798 1455 1799 1380 1799 1400 1799 1455 1800 1400 1800 1466 1800 1487 1801 1418 1801 1445 1801 1487 1802 1466 1802 1418 1802 1503 1803 1487 1803 1445 1803 1448 1804 1358 1804 1380 1804 1448 1805 1380 1805 1455 1805 1441 1806 1336 1806 1358 1806 1441 1807 1358 1807 1448 1807 1517 1808 1493 1808 1535 1808 1517 1809 1445 1809 1493 1809 1517 1810 1503 1810 1445 1810 1437 1811 1336 1811 1441 1811 1437 1812 1326 1812 1336 1812 1530 1813 1517 1813 1535 1813 1530 1814 1535 1814 1573 1814 1439 1815 1332 1815 1326 1815 1439 1816 1326 1816 1437 1816 1545 1817 1530 1817 1573 1817 1545 1818 1573 1818 1632 1818 1444 1819 1349 1819 1332 1819 1444 1820 1332 1820 1439 1820 1557 1821 1545 1821 1632 1821 1557 1822 1632 1822 1661 1822 1450 1823 1373 1823 1349 1823 1450 1824 1349 1824 1444 1824 1571 1825 1557 1825 1661 1825 1589 1826 1661 1826 1678 1826 1589 1827 1571 1827 1661 1827 1396 1828 1373 1828 1450 1828 1396 1829 1450 1829 1457 1829 1482 1830 1396 1830 1457 1830 1692 1831 1589 1831 1678 1831 1692 1832 1600 1832 1589 1832 1404 1833 1396 1833 1482 1833 1404 1834 1482 1834 1497 1834 1704 1835 1600 1835 1692 1835 1704 1836 1612 1836 1600 1836 1431 1837 1404 1837 1497 1837 1431 1838 1497 1838 1512 1838 1714 1839 1612 1839 1704 1839 1714 1840 1622 1840 1612 1840 1478 1841 1512 1841 1527 1841 1478 1842 1431 1842 1512 1842 1716 1843 1622 1843 1714 1843 1716 1844 1626 1844 1622 1844 1522 1845 1527 1845 1541 1845 1522 1846 1478 1846 1527 1846 1709 1847 1620 1847 1626 1847 1709 1848 1626 1848 1716 1848 1558 1849 1541 1849 1553 1849 1558 1850 1522 1850 1541 1850 1699 1851 1606 1851 1620 1851 1699 1852 1620 1852 1709 1852 1609 1853 1558 1853 1553 1853 1609 1854 1553 1854 1569 1854 1683 1855 1606 1855 1699 1855 1683 1856 1595 1856 1606 1856 1657 1857 1609 1857 1569 1857 1669 1858 1582 1858 1595 1858 1669 1859 1569 1859 1582 1859 1669 1860 1595 1860 1683 1860 1669 1861 1657 1861 1569 1861 392 1862 391 1862 390 1862 392 1863 393 1863 391 1863 402 1864 403 1864 393 1864 402 1865 393 1865 392 1865 414 1866 415 1866 403 1866 414 1867 403 1867 402 1867 428 1868 429 1868 415 1868 428 1869 415 1869 414 1869 445 1870 446 1870 429 1870 445 1871 429 1871 428 1871 478 1872 479 1872 446 1872 478 1873 446 1873 445 1873 551 1874 552 1874 479 1874 551 1875 479 1875 478 1875 597 1876 598 1876 552 1876 597 1877 648 1877 598 1877 597 1878 552 1878 551 1878 647 1879 648 1879 597 1879 703 1880 648 1880 647 1880 703 1881 704 1881 648 1881 703 1882 739 1882 704 1882 738 1883 739 1883 703 1883 770 1884 739 1884 738 1884 770 1885 771 1885 739 1885 770 1886 783 1886 771 1886 782 1887 783 1887 770 1887 782 1888 799 1888 783 1888 798 1889 799 1889 782 1889 798 1890 809 1890 799 1890 808 1891 809 1891 798 1891 814 1892 809 1892 808 1892 814 1893 815 1893 809 1893 814 1894 811 1894 815 1894 810 1895 811 1895 814 1895 801 1896 811 1896 810 1896 801 1897 802 1897 811 1897 787 1898 802 1898 801 1898 787 1899 788 1899 802 1899 774 1900 788 1900 787 1900 774 1901 775 1901 788 1901 774 1902 759 1902 775 1902 758 1903 759 1903 774 1903 721 1904 722 1904 759 1904 721 1905 667 1905 722 1905 721 1906 759 1906 758 1906 666 1907 667 1907 721 1907 614 1908 667 1908 666 1908 614 1909 615 1909 667 1909 614 1910 571 1910 615 1910 570 1911 571 1911 614 1911 507 1912 508 1912 571 1912 507 1913 450 1913 508 1913 507 1914 571 1914 570 1914 449 1915 438 1915 450 1915 449 1916 450 1916 507 1916 437 1917 424 1917 438 1917 437 1918 438 1918 449 1918 423 1919 424 1919 437 1919 407 1920 408 1920 424 1920 407 1921 424 1921 423 1921 397 1922 398 1922 408 1922 397 1923 408 1923 407 1923 390 1924 391 1924 398 1924 390 1925 398 1925 397 1925 542 1926 437 1926 449 1926 527 1927 423 1927 437 1927 527 1928 437 1928 542 1928 559 1929 542 1929 449 1929 514 1930 407 1930 423 1930 514 1931 423 1931 527 1931 577 1932 507 1932 570 1932 577 1933 449 1933 507 1933 577 1934 559 1934 449 1934 498 1935 397 1935 407 1935 498 1936 390 1936 397 1936 498 1937 407 1937 514 1937 593 1938 570 1938 614 1938 593 1939 577 1939 570 1939 492 1940 390 1940 498 1940 609 1941 614 1941 666 1941 609 1942 593 1942 614 1942 496 1943 392 1943 390 1943 496 1944 390 1944 492 1944 628 1945 609 1945 666 1945 628 1946 666 1946 721 1946 506 1947 402 1947 392 1947 506 1948 392 1948 496 1948 645 1949 628 1949 721 1949 645 1950 721 1950 758 1950 522 1951 414 1951 402 1951 522 1952 402 1952 506 1952 662 1953 645 1953 758 1953 774 1954 662 1954 758 1954 535 1955 414 1955 522 1955 689 1956 662 1956 774 1956 428 1957 414 1957 535 1957 555 1958 428 1958 535 1958 698 1959 689 1959 774 1959 787 1960 698 1960 774 1960 445 1961 428 1961 555 1961 801 1962 698 1962 787 1962 801 1963 706 1963 698 1963 478 1964 445 1964 555 1964 478 1965 573 1965 587 1965 478 1966 555 1966 573 1966 810 1967 711 1967 706 1967 810 1968 706 1968 801 1968 551 1969 587 1969 606 1969 551 1970 478 1970 587 1970 814 1971 711 1971 810 1971 814 1972 713 1972 711 1972 597 1973 551 1973 606 1973 808 1974 709 1974 713 1974 808 1975 713 1975 814 1975 647 1976 606 1976 621 1976 647 1977 597 1977 606 1977 798 1978 709 1978 808 1978 798 1979 702 1979 709 1979 703 1980 621 1980 639 1980 703 1981 647 1981 621 1981 782 1982 693 1982 702 1982 782 1983 702 1983 798 1983 738 1984 657 1984 680 1984 738 1985 639 1985 657 1985 738 1986 703 1986 639 1986 770 1987 693 1987 782 1987 770 1988 680 1988 693 1988 770 1989 738 1989 680 1989 840 1990 837 1990 836 1990 840 1991 841 1991 837 1991 847 1992 848 1992 841 1992 847 1993 841 1993 840 1993 856 1994 857 1994 848 1994 856 1995 848 1995 847 1995 870 1996 871 1996 857 1996 870 1997 857 1997 856 1997 894 1998 895 1998 871 1998 894 1999 871 1999 870 1999 912 2000 913 2000 895 2000 912 2001 895 2001 894 2001 944 2002 945 2002 913 2002 944 2003 913 2003 912 2003 994 2004 995 2004 945 2004 994 2005 1031 2005 995 2005 994 2006 945 2006 944 2006 1030 2007 1031 2007 994 2007 1076 2008 1031 2008 1030 2008 1076 2009 1077 2009 1031 2009 1076 2010 1109 2010 1077 2010 1108 2011 1109 2011 1076 2011 1132 2012 1109 2012 1108 2012 1132 2013 1133 2013 1109 2013 1132 2014 1158 2014 1133 2014 1157 2015 1158 2015 1132 2015 1157 2016 1177 2016 1158 2016 1176 2017 1177 2017 1157 2017 1176 2018 1201 2018 1177 2018 1200 2019 1201 2019 1176 2019 1208 2020 1201 2020 1200 2020 1208 2021 1209 2021 1201 2021 1208 2022 1205 2022 1209 2022 1204 2023 1205 2023 1208 2023 1184 2024 1205 2024 1204 2024 1184 2025 1185 2025 1205 2025 1167 2026 1185 2026 1184 2026 1167 2027 1168 2027 1185 2027 1136 2028 1168 2028 1167 2028 1136 2029 1137 2029 1168 2029 1136 2030 1121 2030 1137 2030 1120 2031 1121 2031 1136 2031 1094 2032 1095 2032 1121 2032 1094 2033 1045 2033 1095 2033 1094 2034 1121 2034 1120 2034 1044 2035 1045 2035 1094 2035 1010 2036 1045 2036 1044 2036 1010 2037 1011 2037 1045 2037 1010 2038 955 2038 1011 2038 954 2039 955 2039 1010 2039 928 2040 929 2040 955 2040 928 2041 903 2041 929 2041 928 2042 955 2042 954 2042 902 2043 883 2043 903 2043 902 2044 903 2044 928 2044 882 2045 863 2045 883 2045 882 2046 883 2046 902 2046 862 2047 863 2047 882 2047 850 2048 851 2048 863 2048 850 2049 863 2049 862 2049 842 2050 843 2050 851 2050 842 2051 851 2051 850 2051 836 2052 837 2052 843 2052 836 2053 843 2053 842 2053 943 2054 882 2054 902 2054 937 2055 862 2055 882 2055 937 2056 882 2056 943 2056 951 2057 902 2057 928 2057 951 2058 943 2058 902 2058 931 2059 850 2059 862 2059 931 2060 862 2060 937 2060 969 2061 928 2061 954 2061 969 2062 951 2062 928 2062 925 2063 842 2063 850 2063 925 2064 850 2064 931 2064 979 2065 954 2065 1010 2065 979 2066 969 2066 954 2066 917 2067 842 2067 925 2067 917 2068 836 2068 842 2068 1005 2069 1010 2069 1044 2069 1005 2070 979 2070 1010 2070 919 2071 840 2071 836 2071 919 2072 836 2072 917 2072 1021 2073 1005 2073 1044 2073 1021 2074 1044 2074 1094 2074 927 2075 847 2075 840 2075 927 2076 840 2076 919 2076 1029 2077 1021 2077 1094 2077 1029 2078 1094 2078 1120 2078 933 2079 856 2079 847 2079 933 2080 847 2080 927 2080 1041 2081 1029 2081 1120 2081 1136 2082 1041 2082 1120 2082 939 2083 856 2083 933 2083 870 2084 856 2084 939 2084 1063 2085 1041 2085 1136 2085 947 2086 870 2086 939 2086 1167 2087 1063 2087 1136 2087 1167 2088 1071 2088 1063 2088 894 2089 870 2089 947 2089 1184 2090 1071 2090 1167 2090 1184 2091 1079 2091 1071 2091 912 2092 894 2092 947 2092 912 2093 961 2093 977 2093 912 2094 947 2094 961 2094 1204 2095 1085 2095 1079 2095 1204 2096 1079 2096 1184 2096 944 2097 977 2097 1001 2097 944 2098 912 2098 977 2098 1208 2099 1087 2099 1085 2099 1208 2100 1085 2100 1204 2100 994 2101 1001 2101 1017 2101 994 2102 944 2102 1001 2102 1200 2103 1081 2103 1087 2103 1200 2104 1087 2104 1208 2104 1030 2105 994 2105 1017 2105 1176 2106 1073 2106 1081 2106 1176 2107 1081 2107 1200 2107 1076 2108 1025 2108 1037 2108 1076 2109 1017 2109 1025 2109 1076 2110 1030 2110 1017 2110 1157 2111 1069 2111 1073 2111 1157 2112 1073 2112 1176 2112 1108 2113 1076 2113 1037 2113 1108 2114 1037 2114 1058 2114 1132 2115 1108 2115 1058 2115 1132 2116 1058 2116 1069 2116 1132 2117 1069 2117 1157 2117 1364 2118 1362 2118 1361 2118 1364 2119 1365 2119 1362 2119 1375 2120 1376 2120 1365 2120 1375 2121 1365 2121 1364 2121 1393 2122 1394 2122 1376 2122 1393 2123 1376 2123 1375 2123 1402 2124 1403 2124 1394 2124 1402 2125 1394 2125 1393 2125 1424 2126 1425 2126 1403 2126 1424 2127 1403 2127 1402 2127 1452 2128 1453 2128 1425 2128 1452 2129 1425 2129 1424 2129 1504 2130 1505 2130 1453 2130 1504 2131 1453 2131 1452 2131 1542 2132 1543 2132 1505 2132 1542 2133 1587 2133 1543 2133 1542 2134 1505 2134 1504 2134 1586 2135 1587 2135 1542 2135 1640 2136 1587 2136 1586 2136 1640 2137 1641 2137 1587 2137 1640 2138 1665 2138 1641 2138 1664 2139 1665 2139 1640 2139 1681 2140 1665 2140 1664 2140 1681 2141 1682 2141 1665 2141 1681 2142 1702 2142 1682 2142 1701 2143 1702 2143 1681 2143 1701 2144 1719 2144 1702 2144 1718 2145 1719 2145 1701 2145 1718 2146 1729 2146 1719 2146 1728 2147 1729 2147 1718 2147 1735 2148 1729 2148 1728 2148 1735 2149 1736 2149 1729 2149 1735 2150 1731 2150 1736 2150 1730 2151 1731 2151 1735 2151 1721 2152 1731 2152 1730 2152 1721 2153 1722 2153 1731 2153 1707 2154 1722 2154 1721 2154 1707 2155 1708 2155 1722 2155 1690 2156 1708 2156 1707 2156 1690 2157 1691 2157 1708 2157 1690 2158 1672 2158 1691 2158 1671 2159 1672 2159 1690 2159 1654 2160 1655 2160 1672 2160 1654 2161 1604 2161 1655 2161 1654 2162 1672 2162 1671 2162 1603 2163 1604 2163 1654 2163 1554 2164 1604 2164 1603 2164 1554 2165 1555 2165 1604 2165 1554 2166 1519 2166 1555 2166 1518 2167 1519 2167 1554 2167 1471 2168 1472 2168 1519 2168 1471 2169 1430 2169 1472 2169 1471 2170 1519 2170 1518 2170 1429 2171 1407 2171 1430 2171 1429 2172 1430 2172 1471 2172 1406 2173 1399 2173 1407 2173 1406 2174 1407 2174 1429 2174 1398 2175 1399 2175 1406 2175 1384 2176 1385 2176 1399 2176 1384 2177 1399 2177 1398 2177 1368 2178 1369 2178 1385 2178 1368 2179 1385 2179 1384 2179 1361 2180 1362 2180 1369 2180 1361 2181 1369 2181 1368 2181 1499 2182 1406 2182 1429 2182 1489 2183 1398 2183 1406 2183 1489 2184 1406 2184 1499 2184 1510 2185 1499 2185 1429 2185 1477 2186 1384 2186 1398 2186 1477 2187 1398 2187 1489 2187 1525 2188 1471 2188 1518 2188 1525 2189 1429 2189 1471 2189 1525 2190 1510 2190 1429 2190 1464 2191 1368 2191 1384 2191 1464 2192 1361 2192 1368 2192 1464 2193 1384 2193 1477 2193 1538 2194 1518 2194 1554 2194 1538 2195 1525 2195 1518 2195 1459 2196 1361 2196 1464 2196 1549 2197 1554 2197 1603 2197 1549 2198 1538 2198 1554 2198 1462 2199 1364 2199 1361 2199 1462 2200 1361 2200 1459 2200 1567 2201 1549 2201 1603 2201 1567 2202 1603 2202 1654 2202 1470 2203 1375 2203 1364 2203 1470 2204 1364 2204 1462 2204 1584 2205 1567 2205 1654 2205 1584 2206 1654 2206 1671 2206 1485 2207 1393 2207 1375 2207 1485 2208 1375 2208 1470 2208 1602 2209 1584 2209 1671 2209 1690 2210 1602 2210 1671 2210 1492 2211 1393 2211 1485 2211 1628 2212 1602 2212 1690 2212 1402 2213 1393 2213 1492 2213 1508 2214 1402 2214 1492 2214 1636 2215 1628 2215 1690 2215 1707 2216 1636 2216 1690 2216 1424 2217 1402 2217 1508 2217 1721 2218 1636 2218 1707 2218 1721 2219 1643 2219 1636 2219 1452 2220 1424 2220 1508 2220 1452 2221 1521 2221 1532 2221 1452 2222 1508 2222 1521 2222 1730 2223 1648 2223 1643 2223 1730 2224 1643 2224 1721 2224 1504 2225 1532 2225 1547 2225 1504 2226 1452 2226 1532 2226 1735 2227 1648 2227 1730 2227 1735 2228 1650 2228 1648 2228 1542 2229 1504 2229 1547 2229 1728 2230 1646 2230 1650 2230 1728 2231 1650 2231 1735 2231 1586 2232 1547 2232 1563 2232 1586 2233 1542 2233 1547 2233 1718 2234 1646 2234 1728 2234 1718 2235 1639 2235 1646 2235 1640 2236 1563 2236 1580 2236 1640 2237 1586 2237 1563 2237 1701 2238 1631 2238 1639 2238 1701 2239 1639 2239 1718 2239 1664 2240 1597 2240 1616 2240 1664 2241 1580 2241 1597 2241 1664 2242 1640 2242 1580 2242 1681 2243 1631 2243 1701 2243 1681 2244 1616 2244 1631 2244 1681 2245 1664 2245 1616 2245 866 2246 865 2246 864 2246 866 2247 867 2247 865 2247 876 2248 877 2248 867 2248 876 2249 867 2249 866 2249 885 2250 886 2250 877 2250 885 2251 877 2251 876 2251 906 2252 907 2252 886 2252 906 2253 886 2253 885 2253 922 2254 923 2254 907 2254 922 2255 907 2255 906 2255 948 2256 949 2256 923 2256 948 2257 923 2257 922 2257 998 2258 999 2258 949 2258 998 2259 949 2259 948 2259 1032 2260 1033 2260 999 2260 1032 2261 1089 2261 1033 2261 1032 2262 999 2262 998 2262 1088 2263 1089 2263 1032 2263 1114 2264 1089 2264 1088 2264 1114 2265 1115 2265 1089 2265 1114 2266 1141 2266 1115 2266 1140 2267 1141 2267 1114 2267 1174 2268 1141 2268 1140 2268 1174 2269 1175 2269 1141 2269 1174 2270 1213 2270 1175 2270 1212 2271 1213 2271 1174 2271 1212 2272 1237 2272 1213 2272 1236 2273 1237 2273 1212 2273 1236 2274 1251 2274 1237 2274 1250 2275 1251 2275 1236 2275 1256 2276 1251 2276 1250 2276 1256 2277 1257 2277 1251 2277 1256 2278 1253 2278 1257 2278 1252 2279 1253 2279 1256 2279 1241 2280 1253 2280 1252 2280 1241 2281 1242 2281 1253 2281 1222 2282 1242 2282 1241 2282 1222 2283 1223 2283 1242 2283 1192 2284 1223 2284 1222 2284 1192 2285 1193 2285 1223 2285 1192 2286 1155 2286 1193 2286 1154 2287 1155 2287 1192 2287 1130 2288 1131 2288 1155 2288 1130 2289 1099 2289 1131 2289 1130 2290 1155 2290 1154 2290 1098 2291 1099 2291 1130 2291 1050 2292 1099 2292 1098 2292 1050 2293 1051 2293 1099 2293 1050 2294 1013 2294 1051 2294 1012 2295 1013 2295 1050 2295 966 2296 967 2296 1013 2296 966 2297 935 2297 967 2297 966 2298 1013 2298 1012 2298 934 2299 911 2299 935 2299 934 2300 935 2300 966 2300 910 2301 892 2301 911 2301 910 2302 911 2302 934 2302 891 2303 892 2303 910 2303 880 2304 881 2304 892 2304 880 2305 892 2305 891 2305 868 2306 869 2306 881 2306 868 2307 881 2307 880 2307 864 2308 865 2308 869 2308 864 2309 869 2309 868 2309 986 2310 910 2310 934 2310 975 2311 891 2311 910 2311 975 2312 910 2312 986 2312 1007 2313 934 2313 966 2313 1007 2314 986 2314 934 2314 971 2315 880 2315 891 2315 971 2316 891 2316 975 2316 1019 2317 966 2317 1012 2317 1019 2318 1007 2318 966 2318 963 2319 868 2319 880 2319 963 2320 880 2320 971 2320 1027 2321 1012 2321 1050 2321 1027 2322 1019 2322 1012 2322 957 2323 868 2323 963 2323 957 2324 864 2324 868 2324 1043 2325 1050 2325 1098 2325 1043 2326 1027 2326 1050 2326 959 2327 866 2327 864 2327 959 2328 864 2328 957 2328 1067 2329 1098 2329 1130 2329 1067 2330 1043 2330 1098 2330 965 2331 876 2331 866 2331 965 2332 866 2332 959 2332 1083 2333 1067 2333 1130 2333 1083 2334 1130 2334 1154 2334 973 2335 885 2335 876 2335 973 2336 876 2336 965 2336 1097 2337 1083 2337 1154 2337 1192 2338 1097 2338 1154 2338 981 2339 885 2339 973 2339 906 2340 885 2340 981 2340 1105 2341 1097 2341 1192 2341 1003 2342 906 2342 981 2342 1222 2343 1105 2343 1192 2343 1222 2344 1111 2344 1105 2344 922 2345 906 2345 1003 2345 922 2346 1003 2346 1015 2346 1241 2347 1111 2347 1222 2347 1241 2348 1117 2348 1111 2348 948 2349 922 2349 1015 2349 948 2350 1015 2350 1023 2350 1252 2351 1125 2351 1117 2351 1252 2352 1117 2352 1241 2352 998 2353 1023 2353 1039 2353 998 2354 948 2354 1023 2354 1256 2355 1127 2355 1125 2355 1256 2356 1125 2356 1252 2356 1032 2357 998 2357 1039 2357 1250 2358 1119 2358 1127 2358 1250 2359 1127 2359 1256 2359 1088 2360 1065 2360 1075 2360 1088 2361 1039 2361 1065 2361 1088 2362 1032 2362 1039 2362 1236 2363 1119 2363 1250 2363 1236 2364 1113 2364 1119 2364 1114 2365 1088 2365 1075 2365 1212 2366 1107 2366 1113 2366 1212 2367 1113 2367 1236 2367 1140 2368 1093 2368 1101 2368 1140 2369 1075 2369 1093 2369 1140 2370 1114 2370 1075 2370 1174 2371 1101 2371 1107 2371 1174 2372 1140 2372 1101 2372 1174 2373 1107 2373 1212 2373 958 2374 957 2374 956 2374 958 2375 959 2375 957 2375 964 2376 965 2376 959 2376 964 2377 959 2377 958 2377 972 2378 973 2378 965 2378 972 2379 965 2379 964 2379 980 2380 981 2380 973 2380 980 2381 973 2381 972 2381 1002 2382 1015 2382 1003 2382 1002 2383 1003 2383 981 2383 1002 2384 981 2384 980 2384 1014 2385 1023 2385 1015 2385 1014 2386 1015 2386 1002 2386 1022 2387 1039 2387 1023 2387 1022 2388 1023 2388 1014 2388 1038 2389 1065 2389 1039 2389 1038 2390 1039 2390 1022 2390 1064 2391 1065 2391 1038 2391 1064 2392 1075 2392 1065 2392 1074 2393 1075 2393 1064 2393 1074 2394 1093 2394 1075 2394 1092 2395 1093 2395 1074 2395 1092 2396 1101 2396 1093 2396 1100 2397 1101 2397 1092 2397 1100 2398 1107 2398 1101 2398 1106 2399 1107 2399 1100 2399 1106 2400 1113 2400 1107 2400 1112 2401 1113 2401 1106 2401 1112 2402 1119 2402 1113 2402 1118 2403 1119 2403 1112 2403 1118 2404 1127 2404 1119 2404 1126 2405 1127 2405 1118 2405 1126 2406 1125 2406 1127 2406 1124 2407 1125 2407 1126 2407 1124 2408 1117 2408 1125 2408 1116 2409 1117 2409 1124 2409 1110 2410 1111 2410 1117 2410 1110 2411 1117 2411 1116 2411 1104 2412 1097 2412 1105 2412 1104 2413 1105 2413 1111 2413 1104 2414 1111 2414 1110 2414 1096 2415 1097 2415 1104 2415 1082 2416 1067 2416 1083 2416 1082 2417 1083 2417 1097 2417 1082 2418 1097 2418 1096 2418 1066 2419 1067 2419 1082 2419 1042 2420 1027 2420 1043 2420 1042 2421 1043 2421 1067 2421 1042 2422 1067 2422 1066 2422 1026 2423 1027 2423 1042 2423 1018 2424 1007 2424 1019 2424 1018 2425 1019 2425 1027 2425 1018 2426 1027 2426 1026 2426 1006 2427 986 2427 1007 2427 1006 2428 1007 2428 1018 2428 985 2429 986 2429 1006 2429 974 2430 971 2430 975 2430 974 2431 975 2431 986 2431 974 2432 986 2432 985 2432 970 2433 971 2433 974 2433 962 2434 957 2434 963 2434 962 2435 963 2435 971 2435 962 2436 971 2436 970 2436 956 2437 957 2437 962 2437 1458 2438 1462 2438 1459 2438 1461 2439 1470 2439 1462 2439 1461 2440 1462 2440 1458 2440 1469 2441 1485 2441 1470 2441 1469 2442 1470 2442 1461 2442 1484 2443 1492 2443 1485 2443 1484 2444 1485 2444 1469 2444 1491 2445 1508 2445 1492 2445 1491 2446 1492 2446 1484 2446 1507 2447 1521 2447 1508 2447 1507 2448 1508 2448 1491 2448 1520 2449 1532 2449 1521 2449 1520 2450 1521 2450 1507 2450 1531 2451 1547 2451 1532 2451 1531 2452 1532 2452 1520 2452 1546 2453 1563 2453 1547 2453 1546 2454 1547 2454 1531 2454 1562 2455 1563 2455 1546 2455 1562 2456 1580 2456 1563 2456 1579 2457 1580 2457 1562 2457 1579 2458 1597 2458 1580 2458 1596 2459 1597 2459 1579 2459 1596 2460 1616 2460 1597 2460 1615 2461 1616 2461 1596 2461 1615 2462 1631 2462 1616 2462 1630 2463 1631 2463 1615 2463 1630 2464 1639 2464 1631 2464 1638 2465 1639 2465 1630 2465 1638 2466 1646 2466 1639 2466 1645 2467 1646 2467 1638 2467 1645 2468 1650 2468 1646 2468 1649 2469 1650 2469 1645 2469 1649 2470 1648 2470 1650 2470 1647 2471 1648 2471 1649 2471 1647 2472 1643 2472 1648 2472 1642 2473 1643 2473 1647 2473 1642 2474 1636 2474 1643 2474 1635 2475 1628 2475 1636 2475 1635 2476 1636 2476 1642 2476 1627 2477 1628 2477 1635 2477 1627 2478 1602 2478 1628 2478 1601 2479 1602 2479 1627 2479 1601 2480 1584 2480 1602 2480 1583 2481 1567 2481 1584 2481 1583 2482 1584 2482 1601 2482 1566 2483 1567 2483 1583 2483 1548 2484 1538 2484 1549 2484 1548 2485 1549 2485 1567 2485 1548 2486 1567 2486 1566 2486 1537 2487 1525 2487 1538 2487 1537 2488 1538 2488 1548 2488 1524 2489 1510 2489 1525 2489 1524 2490 1525 2490 1537 2490 1509 2491 1510 2491 1524 2491 1498 2492 1499 2492 1510 2492 1498 2493 1510 2493 1509 2493 1488 2494 1477 2494 1489 2494 1488 2495 1489 2495 1499 2495 1488 2496 1499 2496 1498 2496 1476 2497 1477 2497 1488 2497 1463 2498 1459 2498 1464 2498 1463 2499 1464 2499 1477 2499 1463 2500 1477 2500 1476 2500 1458 2501 1459 2501 1463 2501 459 2502 458 2502 457 2502 459 2503 460 2503 458 2503 464 2504 465 2504 460 2504 464 2505 460 2505 459 2505 471 2506 472 2506 465 2506 471 2507 465 2507 464 2507 487 2508 488 2508 472 2508 487 2509 472 2509 471 2509 517 2510 518 2510 488 2510 517 2511 488 2511 487 2511 539 2512 540 2512 518 2512 539 2513 518 2513 517 2513 560 2514 561 2514 540 2514 560 2515 540 2515 539 2515 580 2516 561 2516 560 2516 580 2517 581 2517 561 2517 595 2518 581 2518 580 2518 595 2519 596 2519 581 2519 612 2520 596 2520 595 2520 612 2521 613 2521 596 2521 629 2522 613 2522 612 2522 629 2523 630 2523 613 2523 642 2524 630 2524 629 2524 642 2525 643 2525 630 2525 654 2526 643 2526 642 2526 654 2527 655 2527 643 2527 668 2528 655 2528 654 2528 668 2529 669 2529 655 2529 681 2530 669 2530 668 2530 681 2531 682 2531 669 2531 686 2532 682 2532 681 2532 686 2533 687 2533 682 2533 683 2534 687 2534 686 2534 683 2535 684 2535 687 2535 675 2536 684 2536 683 2536 675 2537 676 2537 684 2537 658 2538 659 2538 676 2538 658 2539 676 2539 675 2539 649 2540 650 2540 659 2540 649 2541 659 2541 658 2541 631 2542 650 2542 649 2542 631 2543 632 2543 650 2543 616 2544 617 2544 632 2544 616 2545 632 2545 631 2545 601 2546 617 2546 616 2546 601 2547 602 2547 617 2547 584 2548 585 2548 602 2548 584 2549 602 2549 601 2549 566 2550 567 2550 585 2550 566 2551 585 2551 584 2551 545 2552 546 2552 567 2552 545 2553 567 2553 566 2553 524 2554 525 2554 546 2554 524 2555 546 2555 545 2555 501 2556 502 2556 525 2556 501 2557 525 2557 524 2557 480 2558 469 2558 481 2558 480 2559 481 2559 502 2559 480 2560 502 2560 501 2560 468 2561 469 2561 480 2561 461 2562 462 2562 469 2562 461 2563 469 2563 468 2563 457 2564 458 2564 462 2564 457 2565 462 2565 461 2565 918 2566 917 2566 916 2566 918 2567 919 2567 917 2567 926 2568 927 2568 919 2568 926 2569 919 2569 918 2569 932 2570 933 2570 927 2570 932 2571 927 2571 926 2571 938 2572 939 2572 933 2572 938 2573 933 2573 932 2573 946 2574 961 2574 947 2574 946 2575 947 2575 939 2575 946 2576 939 2576 938 2576 960 2577 977 2577 961 2577 960 2578 961 2578 946 2578 976 2579 1001 2579 977 2579 976 2580 977 2580 960 2580 1000 2581 1017 2581 1001 2581 1000 2582 1001 2582 976 2582 1016 2583 1017 2583 1000 2583 1016 2584 1025 2584 1017 2584 1024 2585 1025 2585 1016 2585 1024 2586 1037 2586 1025 2586 1036 2587 1037 2587 1024 2587 1036 2588 1058 2588 1037 2588 1057 2589 1058 2589 1036 2589 1057 2590 1069 2590 1058 2590 1068 2591 1069 2591 1057 2591 1068 2592 1073 2592 1069 2592 1072 2593 1073 2593 1068 2593 1072 2594 1081 2594 1073 2594 1080 2595 1081 2595 1072 2595 1080 2596 1087 2596 1081 2596 1086 2597 1087 2597 1080 2597 1086 2598 1085 2598 1087 2598 1084 2599 1085 2599 1086 2599 1084 2600 1079 2600 1085 2600 1078 2601 1079 2601 1084 2601 1070 2602 1071 2602 1079 2602 1070 2603 1079 2603 1078 2603 1062 2604 1041 2604 1063 2604 1062 2605 1063 2605 1071 2605 1062 2606 1071 2606 1070 2606 1040 2607 1041 2607 1062 2607 1028 2608 1021 2608 1029 2608 1028 2609 1029 2609 1041 2609 1028 2610 1041 2610 1040 2610 1020 2611 1021 2611 1028 2611 1004 2612 979 2612 1005 2612 1004 2613 1005 2613 1021 2613 1004 2614 1021 2614 1020 2614 978 2615 979 2615 1004 2615 968 2616 951 2616 969 2616 968 2617 969 2617 979 2617 968 2618 979 2618 978 2618 950 2619 943 2619 951 2619 950 2620 951 2620 968 2620 942 2621 943 2621 950 2621 936 2622 931 2622 937 2622 936 2623 937 2623 943 2623 936 2624 943 2624 942 2624 930 2625 931 2625 936 2625 924 2626 917 2626 925 2626 924 2627 925 2627 931 2627 924 2628 931 2628 930 2628 916 2629 917 2629 924 2629 1436 2630 1439 2630 1437 2630 1438 2631 1444 2631 1439 2631 1438 2632 1439 2632 1436 2632 1443 2633 1450 2633 1444 2633 1443 2634 1444 2634 1438 2634 1449 2635 1457 2635 1450 2635 1449 2636 1450 2636 1443 2636 1456 2637 1482 2637 1457 2637 1456 2638 1457 2638 1449 2638 1481 2639 1497 2639 1482 2639 1481 2640 1482 2640 1456 2640 1496 2641 1512 2641 1497 2641 1496 2642 1497 2642 1481 2642 1511 2643 1527 2643 1512 2643 1511 2644 1512 2644 1496 2644 1526 2645 1541 2645 1527 2645 1526 2646 1527 2646 1511 2646 1540 2647 1541 2647 1526 2647 1540 2648 1553 2648 1541 2648 1552 2649 1553 2649 1540 2649 1552 2650 1569 2650 1553 2650 1568 2651 1569 2651 1552 2651 1568 2652 1582 2652 1569 2652 1581 2653 1582 2653 1568 2653 1581 2654 1595 2654 1582 2654 1594 2655 1595 2655 1581 2655 1594 2656 1606 2656 1595 2656 1605 2657 1606 2657 1594 2657 1605 2658 1620 2658 1606 2658 1619 2659 1620 2659 1605 2659 1619 2660 1626 2660 1620 2660 1625 2661 1626 2661 1619 2661 1625 2662 1622 2662 1626 2662 1621 2663 1622 2663 1625 2663 1621 2664 1612 2664 1622 2664 1611 2665 1612 2665 1621 2665 1611 2666 1600 2666 1612 2666 1599 2667 1589 2667 1600 2667 1599 2668 1600 2668 1611 2668 1588 2669 1589 2669 1599 2669 1588 2670 1571 2670 1589 2670 1570 2671 1571 2671 1588 2671 1570 2672 1557 2672 1571 2672 1556 2673 1545 2673 1557 2673 1556 2674 1557 2674 1570 2674 1544 2675 1545 2675 1556 2675 1529 2676 1517 2676 1530 2676 1529 2677 1530 2677 1545 2677 1529 2678 1545 2678 1544 2678 1516 2679 1503 2679 1517 2679 1516 2680 1517 2680 1529 2680 1502 2681 1487 2681 1503 2681 1502 2682 1503 2682 1516 2682 1486 2683 1487 2683 1502 2683 1465 2684 1466 2684 1487 2684 1465 2685 1487 2685 1486 2685 1454 2686 1448 2686 1455 2686 1454 2687 1455 2687 1466 2687 1454 2688 1466 2688 1465 2688 1447 2689 1448 2689 1454 2689 1440 2690 1437 2690 1441 2690 1440 2691 1441 2691 1448 2691 1440 2692 1448 2692 1447 2692 1436 2693 1437 2693 1440 2693 495 2694 492 2694 491 2694 495 2695 496 2695 492 2695 505 2696 506 2696 496 2696 505 2697 496 2697 495 2697 521 2698 522 2698 506 2698 521 2699 506 2699 505 2699 534 2700 535 2700 522 2700 534 2701 522 2701 521 2701 554 2702 555 2702 535 2702 554 2703 535 2703 534 2703 572 2704 573 2704 555 2704 572 2705 555 2705 554 2705 586 2706 587 2706 573 2706 586 2707 573 2707 572 2707 605 2708 587 2708 586 2708 605 2709 606 2709 587 2709 620 2710 606 2710 605 2710 620 2711 621 2711 606 2711 638 2712 621 2712 620 2712 638 2713 639 2713 621 2713 656 2714 639 2714 638 2714 656 2715 657 2715 639 2715 679 2716 657 2716 656 2716 679 2717 680 2717 657 2717 692 2718 680 2718 679 2718 692 2719 693 2719 680 2719 701 2720 693 2720 692 2720 701 2721 702 2721 693 2721 708 2722 702 2722 701 2722 708 2723 709 2723 702 2723 712 2724 709 2724 708 2724 712 2725 713 2725 709 2725 710 2726 713 2726 712 2726 710 2727 711 2727 713 2727 705 2728 711 2728 710 2728 705 2729 706 2729 711 2729 697 2730 698 2730 706 2730 697 2731 706 2731 705 2731 688 2732 689 2732 698 2732 688 2733 698 2733 697 2733 661 2734 689 2734 688 2734 661 2735 662 2735 689 2735 644 2736 645 2736 662 2736 644 2737 662 2737 661 2737 627 2738 645 2738 644 2738 627 2739 628 2739 645 2739 608 2740 609 2740 628 2740 608 2741 628 2741 627 2741 592 2742 593 2742 609 2742 592 2743 609 2743 608 2743 576 2744 577 2744 593 2744 576 2745 593 2745 592 2745 558 2746 559 2746 577 2746 558 2747 577 2747 576 2747 541 2748 542 2748 559 2748 541 2749 559 2749 558 2749 526 2750 514 2750 527 2750 526 2751 527 2751 542 2751 526 2752 542 2752 541 2752 513 2753 514 2753 526 2753 497 2754 498 2754 514 2754 497 2755 514 2755 513 2755 491 2756 492 2756 498 2756 491 2757 498 2757 497 2757 176 2758 169 2758 168 2758 176 2759 177 2759 169 2759 200 2760 201 2760 177 2760 200 2761 217 2761 201 2761 200 2762 177 2762 176 2762 216 2763 217 2763 200 2763 238 2764 239 2764 217 2764 238 2765 217 2765 216 2765 284 2766 285 2766 239 2766 284 2767 331 2767 285 2767 284 2768 239 2768 238 2768 330 2769 331 2769 284 2769 599 2770 331 2770 330 2770 599 2771 600 2771 331 2771 599 2772 839 2772 600 2772 838 2773 839 2773 599 2773 1128 2774 839 2774 838 2774 1128 2775 1129 2775 839 2775 1412 2776 1129 2776 1128 2776 1412 2777 1413 2777 1129 2777 1711 2778 1413 2778 1412 2778 1711 2779 1712 2779 1413 2779 1814 2780 1712 2780 1711 2780 1814 2781 1815 2781 1712 2781 1852 2782 1815 2782 1814 2782 1852 2783 1853 2783 1815 2783 1882 2784 1853 2784 1852 2784 1882 2785 1883 2785 1853 2785 1900 2786 1883 2786 1882 2786 1900 2787 1901 2787 1883 2787 1924 2788 1901 2788 1900 2788 1924 2789 1925 2789 1901 2789 1938 2790 1925 2790 1924 2790 1938 2791 1939 2791 1925 2791 1930 2792 1939 2792 1938 2792 1930 2793 1931 2793 1939 2793 1930 2794 1907 2794 1931 2794 1906 2795 1907 2795 1930 2795 1890 2796 1907 2796 1906 2796 1890 2797 1891 2797 1907 2797 1868 2798 1869 2798 1891 2798 1868 2799 1891 2799 1890 2799 1822 2800 1823 2800 1869 2800 1822 2801 1869 2801 1868 2801 1776 2802 1777 2802 1823 2802 1776 2803 1534 2803 1777 2803 1776 2804 1823 2804 1822 2804 1533 2805 1534 2805 1776 2805 1254 2806 1255 2806 1534 2806 1254 2807 1534 2807 1533 2807 914 2808 915 2808 1255 2808 914 2809 747 2809 915 2809 914 2810 1255 2810 1254 2810 746 2811 747 2811 914 2811 395 2812 396 2812 747 2812 395 2813 747 2813 746 2813 292 2814 293 2814 396 2814 292 2815 255 2815 293 2815 292 2816 396 2816 395 2816 254 2817 255 2817 292 2817 224 2818 225 2818 255 2818 224 2819 207 2819 225 2819 224 2820 255 2820 254 2820 206 2821 183 2821 207 2821 206 2822 207 2822 224 2822 182 2823 183 2823 206 2823 182 2824 169 2824 183 2824 168 2825 169 2825 182 2825 438 2826 224 2826 254 2826 450 2827 438 2827 254 2827 424 2828 224 2828 438 2828 508 2829 254 2829 292 2829 508 2830 450 2830 254 2830 408 2831 206 2831 224 2831 408 2832 224 2832 424 2832 571 2833 292 2833 395 2833 571 2834 508 2834 292 2834 398 2835 206 2835 408 2835 615 2836 571 2836 395 2836 391 2837 182 2837 206 2837 391 2838 206 2838 398 2838 393 2839 168 2839 182 2839 393 2840 182 2840 391 2840 403 2841 168 2841 393 2841 911 2842 395 2842 746 2842 892 2843 615 2843 395 2843 892 2844 395 2844 911 2844 935 2845 911 2845 746 2845 967 2846 746 2846 914 2846 967 2847 935 2847 746 2847 881 2848 667 2848 615 2848 881 2849 615 2849 892 2849 1013 2850 967 2850 914 2850 869 2851 722 2851 667 2851 869 2852 667 2852 881 2852 1051 2853 914 2853 1254 2853 1051 2854 1013 2854 914 2854 865 2855 759 2855 722 2855 865 2856 722 2856 869 2856 1099 2857 1051 2857 1254 2857 867 2858 759 2858 865 2858 867 2859 775 2859 759 2859 1131 2860 1254 2860 1533 2860 1131 2861 1099 2861 1254 2861 877 2862 775 2862 867 2862 877 2863 788 2863 775 2863 1155 2864 1131 2864 1533 2864 886 2865 788 2865 877 2865 886 2866 802 2866 788 2866 1193 2867 1533 2867 1776 2867 1193 2868 1155 2868 1533 2868 907 2869 811 2869 802 2869 907 2870 802 2870 886 2870 1223 2871 1193 2871 1776 2871 923 2872 815 2872 811 2872 923 2873 811 2873 907 2873 949 2874 809 2874 815 2874 949 2875 815 2875 923 2875 443 2876 429 2876 446 2876 443 2877 426 2877 429 2877 406 2878 415 2878 429 2878 406 2879 429 2879 426 2879 467 2880 446 2880 479 2880 467 2881 443 2881 446 2881 389 2882 403 2882 415 2882 389 2883 415 2883 406 2883 389 2884 168 2884 403 2884 999 2885 799 2885 809 2885 999 2886 809 2886 949 2886 537 2887 479 2887 552 2887 537 2888 467 2888 479 2888 379 2889 176 2889 168 2889 379 2890 168 2890 389 2890 591 2891 552 2891 598 2891 591 2892 537 2892 552 2892 372 2893 200 2893 176 2893 372 2894 176 2894 379 2894 1033 2895 783 2895 799 2895 1033 2896 799 2896 999 2896 637 2897 598 2897 648 2897 637 2898 591 2898 598 2898 377 2899 200 2899 372 2899 695 2900 648 2900 704 2900 695 2901 704 2901 739 2901 695 2902 637 2902 648 2902 386 2903 216 2903 200 2903 386 2904 200 2904 377 2904 731 2905 695 2905 739 2905 400 2906 216 2906 386 2906 767 2907 739 2907 771 2907 767 2908 771 2908 783 2908 767 2909 731 2909 739 2909 417 2910 216 2910 400 2910 778 2911 767 2911 783 2911 238 2912 216 2912 417 2912 238 2913 417 2913 436 2913 238 2914 436 2914 453 2914 1407 2915 1237 2915 1251 2915 1399 2916 1237 2916 1407 2916 1399 2917 1213 2917 1237 2917 1430 2918 1251 2918 1257 2918 1430 2919 1407 2919 1251 2919 1472 2920 1257 2920 1253 2920 1472 2921 1430 2921 1257 2921 1385 2922 1175 2922 1213 2922 1385 2923 1213 2923 1399 2923 1519 2924 1253 2924 1242 2924 1519 2925 1472 2925 1253 2925 1369 2926 1175 2926 1385 2926 1369 2927 1141 2927 1175 2927 1555 2928 1242 2928 1223 2928 1555 2929 1223 2929 1776 2929 1555 2930 1519 2930 1242 2930 1362 2931 1141 2931 1369 2931 1362 2932 1115 2932 1141 2932 1604 2933 1776 2933 1822 2933 1604 2934 1555 2934 1776 2934 1365 2935 1089 2935 1115 2935 1365 2936 1115 2936 1362 2936 1655 2937 1822 2937 1868 2937 1655 2938 1604 2938 1822 2938 1376 2939 1033 2939 1089 2939 1376 2940 1089 2940 1365 2940 1672 2941 1655 2941 1868 2941 1394 2942 1033 2942 1376 2942 1691 2943 1672 2943 1868 2943 284 2944 453 2944 516 2944 284 2945 238 2945 453 2945 883 2946 781 2946 791 2946 903 2947 791 2947 796 2947 903 2948 883 2948 791 2948 863 2949 773 2949 781 2949 863 2950 781 2950 883 2950 929 2951 903 2951 796 2951 929 2952 796 2952 793 2952 851 2953 773 2953 863 2953 851 2954 755 2954 773 2954 955 2955 793 2955 786 2955 955 2956 929 2956 793 2956 843 2957 724 2957 755 2957 843 2958 755 2958 851 2958 1011 2959 955 2959 786 2959 1011 2960 778 2960 783 2960 1011 2961 786 2961 778 2961 1011 2962 783 2962 1033 2962 837 2963 724 2963 843 2963 837 2964 674 2964 724 2964 841 2965 674 2965 837 2965 841 2966 619 2966 674 2966 848 2967 619 2967 841 2967 848 2968 575 2968 619 2968 1890 2969 1722 2969 1708 2969 1890 2970 1708 2970 1691 2970 1890 2971 1691 2971 1868 2971 857 2972 575 2972 848 2972 1419 2973 1401 2973 1403 2973 1419 2974 1403 2974 1425 2974 1381 2975 1033 2975 1394 2975 1381 2976 1403 2976 1401 2976 1381 2977 1394 2977 1403 2977 1381 2978 1011 2978 1033 2978 1446 2979 1419 2979 1425 2979 1446 2980 1425 2980 1453 2980 1359 2981 1045 2981 1011 2981 1359 2982 1011 2982 1381 2982 1494 2983 1453 2983 1505 2983 1494 2984 1505 2984 1543 2984 1494 2985 1446 2985 1453 2985 1337 2986 1095 2986 1045 2986 1337 2987 1045 2987 1359 2987 1536 2988 1494 2988 1543 2988 1327 2989 1095 2989 1337 2989 1327 2990 1121 2990 1095 2990 1574 2991 1536 2991 1543 2991 1574 2992 1543 2992 1587 2992 1333 2993 1121 2993 1327 2993 1333 2994 1137 2994 1121 2994 1633 2995 1574 2995 1587 2995 1633 2996 1587 2996 1641 2996 1350 2997 1168 2997 1137 2997 1350 2998 1137 2998 1333 2998 330 2999 857 2999 871 2999 330 3000 516 3000 575 3000 330 3001 575 3001 857 3001 330 3002 284 3002 516 3002 1662 3003 1633 3003 1641 3003 1662 3004 1641 3004 1665 3004 1374 3005 1185 3005 1168 3005 1374 3006 1168 3006 1350 3006 1679 3007 1665 3007 1682 3007 1679 3008 1662 3008 1665 3008 1397 3009 1185 3009 1374 3009 1397 3010 1205 3010 1185 3010 1693 3011 1679 3011 1682 3011 1693 3012 1682 3012 1702 3012 1405 3013 1209 3013 1205 3013 1405 3014 1205 3014 1397 3014 1705 3015 1693 3015 1702 3015 1705 3016 1702 3016 1719 3016 1432 3017 1209 3017 1405 3017 1432 3018 1201 3018 1209 3018 1906 3019 1736 3019 1731 3019 1906 3020 1731 3020 1722 3020 1906 3021 1722 3021 1890 3021 1479 3022 1201 3022 1432 3022 1479 3023 1177 3023 1201 3023 1523 3024 1177 3024 1479 3024 1523 3025 1158 3025 1177 3025 599 3026 871 3026 895 3026 599 3027 895 3027 913 3027 599 3028 330 3028 871 3028 1930 3029 1729 3029 1736 3029 1930 3030 1736 3030 1906 3030 838 3031 913 3031 945 3031 838 3032 945 3032 995 3032 838 3033 599 3033 913 3033 1938 3034 1705 3034 1719 3034 1938 3035 1729 3035 1930 3035 1938 3036 1719 3036 1729 3036 1938 3037 1715 3037 1705 3037 1128 3038 838 3038 995 3038 1128 3039 995 3039 1031 3039 1128 3040 1031 3040 1077 3040 1924 3041 1715 3041 1938 3041 1924 3042 1717 3042 1715 3042 1412 3043 1077 3043 1109 3043 1412 3044 1109 3044 1133 3044 1412 3045 1128 3045 1077 3045 1900 3046 1717 3046 1924 3046 1900 3047 1700 3047 1710 3047 1900 3048 1710 3048 1717 3048 1711 3049 1412 3049 1133 3049 1711 3050 1158 3050 1523 3050 1711 3051 1133 3051 1158 3051 1711 3052 1523 3052 1559 3052 1882 3053 1700 3053 1900 3053 1882 3054 1670 3054 1684 3054 1882 3055 1684 3055 1700 3055 1814 3056 1711 3056 1559 3056 1814 3057 1559 3057 1610 3057 1852 3058 1670 3058 1882 3058 1852 3059 1814 3059 1610 3059 1852 3060 1610 3060 1658 3060 1852 3061 1658 3061 1670 3061 11 3062 20 3062 10 3062 21 3063 28 3063 20 3063 21 3064 20 3064 11 3064 29 3065 40 3065 28 3065 29 3066 28 3066 21 3066 41 3067 54 3067 40 3067 41 3068 40 3068 29 3068 55 3069 74 3069 54 3069 55 3070 54 3070 41 3070 75 3071 84 3071 74 3071 75 3072 74 3072 55 3072 85 3073 90 3073 84 3073 85 3074 84 3074 75 3074 91 3075 102 3075 90 3075 91 3076 90 3076 85 3076 103 3077 102 3077 91 3077 107 3078 104 3078 106 3078 107 3079 106 3079 102 3079 107 3080 102 3080 103 3080 105 3081 100 3081 104 3081 105 3082 104 3082 107 3082 101 3083 100 3083 105 3083 89 3084 88 3084 100 3084 89 3085 100 3085 101 3085 83 3086 72 3086 82 3086 83 3087 82 3087 88 3087 83 3088 88 3088 89 3088 73 3089 52 3089 72 3089 73 3090 72 3090 83 3090 53 3091 52 3091 73 3091 37 3092 36 3092 52 3092 37 3093 52 3093 53 3093 65 3094 80 3094 64 3094 65 3095 81 3095 80 3095 47 3096 64 3096 46 3096 47 3097 65 3097 64 3097 37 3098 46 3098 36 3098 37 3099 47 3099 46 3099 97 3100 80 3100 81 3100 97 3101 96 3101 80 3101 115 3102 114 3102 96 3102 115 3103 96 3103 97 3103 129 3104 128 3104 114 3104 129 3105 114 3105 115 3105 133 3106 132 3106 128 3106 133 3107 128 3107 129 3107 137 3108 140 3108 136 3108 137 3109 136 3109 132 3109 137 3110 132 3110 133 3110 141 3111 140 3111 137 3111 145 3112 144 3112 140 3112 145 3113 140 3113 141 3113 151 3114 158 3114 150 3114 151 3115 150 3115 144 3115 151 3116 144 3116 145 3116 159 3117 158 3117 151 3117 163 3118 162 3118 158 3118 163 3119 158 3119 159 3119 167 3120 166 3120 162 3120 167 3121 162 3121 163 3121 165 3122 160 3122 164 3122 165 3123 164 3123 166 3123 165 3124 166 3124 167 3124 161 3125 160 3125 165 3125 155 3126 154 3126 160 3126 155 3127 160 3127 161 3127 149 3128 142 3128 148 3128 149 3129 148 3129 154 3129 149 3130 154 3130 155 3130 143 3131 142 3131 149 3131 175 3132 190 3132 174 3132 175 3133 191 3133 190 3133 153 3134 174 3134 152 3134 153 3135 175 3135 174 3135 143 3136 152 3136 142 3136 143 3137 153 3137 152 3137 203 3138 190 3138 191 3138 203 3139 202 3139 190 3139 209 3140 208 3140 202 3140 209 3141 202 3141 203 3141 211 3142 210 3142 208 3142 211 3143 208 3143 209 3143 219 3144 222 3144 218 3144 219 3145 218 3145 210 3145 219 3146 210 3146 211 3146 223 3147 222 3147 219 3147 229 3148 228 3148 222 3148 229 3149 222 3149 223 3149 233 3150 236 3150 232 3150 233 3151 232 3151 228 3151 233 3152 228 3152 229 3152 237 3153 236 3153 233 3153 243 3154 246 3154 242 3154 243 3155 242 3155 236 3155 243 3156 236 3156 237 3156 247 3157 246 3157 243 3157 253 3158 252 3158 246 3158 253 3159 246 3159 247 3159 259 3160 258 3160 252 3160 259 3161 252 3161 253 3161 261 3162 260 3162 258 3162 261 3163 258 3163 259 3163 257 3164 248 3164 256 3164 257 3165 256 3165 260 3165 257 3166 260 3166 261 3166 249 3167 248 3167 257 3167 245 3168 244 3168 248 3168 245 3169 248 3169 249 3169 273 3170 288 3170 272 3170 273 3171 289 3171 288 3171 265 3172 272 3172 264 3172 265 3173 273 3173 272 3173 245 3174 264 3174 244 3174 245 3175 265 3175 264 3175 289 3176 290 3176 288 3176 291 3177 294 3177 290 3177 291 3178 290 3178 289 3178 295 3179 298 3179 294 3179 295 3180 294 3180 291 3180 299 3181 300 3181 298 3181 299 3182 298 3182 295 3182 301 3183 313 3183 300 3183 301 3184 300 3184 299 3184 314 3185 328 3185 313 3185 314 3186 313 3186 301 3186 329 3187 356 3187 328 3187 329 3188 328 3188 314 3188 357 3189 380 3189 356 3189 357 3190 356 3190 329 3190 381 3191 380 3191 357 3191 419 3192 440 3192 418 3192 419 3193 418 3193 380 3193 419 3194 380 3194 381 3194 441 3195 440 3195 419 3195 456 3196 503 3196 455 3196 456 3197 455 3197 440 3197 456 3198 440 3198 441 3198 504 3199 532 3199 503 3199 504 3200 503 3200 456 3200 533 3201 532 3201 504 3201 550 3202 549 3202 532 3202 550 3203 532 3203 533 3203 548 3204 528 3204 547 3204 548 3205 547 3205 549 3205 548 3206 549 3206 550 3206 529 3207 528 3207 548 3207 753 3208 812 3208 752 3208 753 3209 813 3209 812 3209 641 3210 752 3210 640 3210 641 3211 640 3211 528 3211 641 3212 753 3212 752 3212 529 3213 641 3213 528 3213 818 3214 812 3214 813 3214 818 3215 817 3215 812 3215 822 3216 830 3216 821 3216 822 3217 821 3217 817 3217 822 3218 817 3218 818 3218 831 3219 830 3219 822 3219 835 3220 845 3220 834 3220 835 3221 834 3221 830 3221 835 3222 830 3222 831 3222 846 3223 845 3223 835 3223 873 3224 872 3224 845 3224 873 3225 845 3225 846 3225 909 3226 940 3226 908 3226 909 3227 908 3227 872 3227 909 3228 872 3228 873 3228 941 3229 940 3229 909 3229 997 3230 1034 3230 996 3230 997 3231 996 3231 940 3231 997 3232 940 3232 941 3232 1035 3233 1034 3233 997 3233 1091 3234 1090 3234 1034 3234 1091 3235 1034 3235 1035 3235 1123 3236 1138 3236 1122 3236 1123 3237 1122 3237 1090 3237 1123 3238 1090 3238 1091 3238 1139 3239 1138 3239 1123 3239 1166 3240 1165 3240 1138 3240 1166 3241 1138 3241 1139 3241 1179 3242 1178 3242 1165 3242 1179 3243 1165 3243 1166 3243 1189 3244 1188 3244 1178 3244 1189 3245 1178 3245 1179 3245 1341 3246 1416 3246 1340 3246 1341 3247 1417 3247 1416 3247 1275 3248 1340 3248 1274 3248 1275 3249 1274 3249 1188 3249 1275 3250 1341 3250 1340 3250 1189 3251 1275 3251 1188 3251 1411 3252 1416 3252 1417 3252 1411 3253 1410 3253 1416 3253 1415 3254 1414 3254 1410 3254 1415 3255 1410 3255 1411 3255 1421 3256 1420 3256 1414 3256 1421 3257 1414 3257 1415 3257 1435 3258 1434 3258 1420 3258 1435 3259 1420 3259 1421 3259 1468 3260 1467 3260 1434 3260 1468 3261 1434 3261 1435 3261 1514 3262 1513 3262 1467 3262 1514 3263 1467 3263 1468 3263 1551 3264 1607 3264 1550 3264 1551 3265 1550 3265 1513 3265 1551 3266 1513 3266 1514 3266 1608 3267 1659 3267 1607 3267 1608 3268 1607 3268 1551 3268 1660 3269 1685 3269 1659 3269 1660 3270 1659 3270 1608 3270 1686 3271 1724 3271 1685 3271 1686 3272 1685 3272 1660 3272 1725 3273 1747 3273 1724 3273 1725 3274 1724 3274 1686 3274 1748 3275 1766 3275 1747 3275 1748 3276 1747 3276 1725 3276 1767 3277 1786 3277 1766 3277 1767 3278 1766 3278 1748 3278 1787 3279 1796 3279 1786 3279 1787 3280 1786 3280 1767 3280 1797 3281 1801 3281 1796 3281 1797 3282 1796 3282 1787 3282 1802 3283 1801 3283 1797 3283 1821 3284 1836 3284 1820 3284 1821 3285 1837 3285 1836 3285 1811 3286 1820 3286 1810 3286 1811 3287 1821 3287 1820 3287 1802 3288 1810 3288 1801 3288 1802 3289 1811 3289 1810 3289 1837 3290 1830 3290 1836 3290 1831 3291 1826 3291 1830 3291 1831 3292 1830 3292 1837 3292 1827 3293 1826 3293 1831 3293 1825 3294 1824 3294 1826 3294 1825 3295 1826 3295 1827 3295 1829 3296 1828 3296 1824 3296 1829 3297 1824 3297 1825 3297 1833 3298 1838 3298 1832 3298 1833 3299 1832 3299 1828 3299 1833 3300 1828 3300 1829 3300 1839 3301 1838 3301 1833 3301 1841 3302 1840 3302 1838 3302 1841 3303 1838 3303 1839 3303 1845 3304 1844 3304 1840 3304 1845 3305 1840 3305 1841 3305 1857 3306 1856 3306 1844 3306 1857 3307 1844 3307 1845 3307 1867 3308 1872 3308 1866 3308 1867 3309 1866 3309 1856 3309 1867 3310 1856 3310 1857 3310 1873 3311 1872 3311 1867 3311 1877 3312 1876 3312 1872 3312 1877 3313 1872 3313 1873 3313 1881 3314 1880 3314 1876 3314 1881 3315 1876 3315 1877 3315 1887 3316 1892 3316 1886 3316 1887 3317 1886 3317 1880 3317 1887 3318 1880 3318 1881 3318 1893 3319 1892 3319 1887 3319 1895 3320 1894 3320 1892 3320 1895 3321 1892 3321 1893 3321 1919 3322 1936 3322 1918 3322 1919 3323 1918 3323 1902 3323 1919 3324 1937 3324 1936 3324 1903 3325 1919 3325 1902 3325 1895 3326 1902 3326 1894 3326 1895 3327 1903 3327 1902 3327 1929 3328 1936 3328 1937 3328 1929 3329 1928 3329 1936 3329 1923 3330 1922 3330 1928 3330 1923 3331 1928 3331 1929 3331 1915 3332 1914 3332 1922 3332 1915 3333 1922 3333 1923 3333 1911 3334 1910 3334 1914 3334 1911 3335 1914 3335 1915 3335 1909 3336 1908 3336 1910 3336 1909 3337 1910 3337 1911 3337 1913 3338 1912 3338 1908 3338 1913 3339 1908 3339 1909 3339 1921 3340 1920 3340 1912 3340 1921 3341 1912 3341 1913 3341 1927 3342 1926 3342 1920 3342 1927 3343 1920 3343 1921 3343 1935 3344 1934 3344 1926 3344 1935 3345 1926 3345 1927 3345 1951 3346 1950 3346 1934 3346 1951 3347 1934 3347 1935 3347 1961 3348 1960 3348 1950 3348 1961 3349 1950 3349 1951 3349 1969 3350 1972 3350 1968 3350 1969 3351 1968 3351 1960 3351 1969 3352 1960 3352 1961 3352 1973 3353 1972 3353 1969 3353 1977 3354 1976 3354 1972 3354 1977 3355 1972 3355 1973 3355 1981 3356 1980 3356 1976 3356 1981 3357 1976 3357 1977 3357 1995 3358 1994 3358 1980 3358 1995 3359 1980 3359 1981 3359 2031 3360 2046 3360 2030 3360 2031 3361 2047 3361 2046 3361 2013 3362 2030 3362 2012 3362 2013 3363 2012 3363 1994 3363 2013 3364 2031 3364 2030 3364 1995 3365 2013 3365 1994 3365 2029 3366 2046 3366 2047 3366 2029 3367 2028 3367 2046 3367 2015 3368 2014 3368 2028 3368 2015 3369 2028 3369 2029 3369 1999 3370 1990 3370 1998 3370 1999 3371 1998 3371 2014 3371 1999 3372 2014 3372 2015 3372 1991 3373 1986 3373 1990 3373 1991 3374 1990 3374 1999 3374 1987 3375 1982 3375 1986 3375 1987 3376 1986 3376 1991 3376 1983 3377 1982 3377 1987 3377 1985 3378 1984 3378 1982 3378 1985 3379 1982 3379 1983 3379 1989 3380 1988 3380 1984 3380 1989 3381 1984 3381 1985 3381 1997 3382 1996 3382 1988 3382 1997 3383 1988 3383 1989 3383 2009 3384 2008 3384 1996 3384 2009 3385 1996 3385 1997 3385 2021 3386 2036 3386 2020 3386 2021 3387 2020 3387 2008 3387 2021 3388 2008 3388 2009 3388 2037 3389 2036 3389 2021 3389 2059 3390 2058 3390 2036 3390 2059 3391 2036 3391 2037 3391 2073 3392 2080 3392 2072 3392 2073 3393 2072 3393 2058 3393 2073 3394 2058 3394 2059 3394 2081 3395 2080 3395 2073 3395 2089 3396 2088 3396 2080 3396 2089 3397 2080 3397 2081 3397 2103 3398 2102 3398 2098 3398 2099 3399 2098 3399 2094 3399 2099 3400 2103 3400 2098 3400 2095 3401 2099 3401 2094 3401 2089 3402 2094 3402 2088 3402 2089 3403 2095 3403 2094 3403 2091 3404 2102 3404 2103 3404 2091 3405 2090 3405 2102 3405 2083 3406 2082 3406 2090 3406 2083 3407 2090 3407 2091 3407 2075 3408 2074 3408 2082 3408 2075 3409 2082 3409 2083 3409 2065 3410 2056 3410 2064 3410 2065 3411 2064 3411 2074 3411 2065 3412 2074 3412 2075 3412 2057 3413 2056 3413 2065 3413 2049 3414 2048 3414 2056 3414 2049 3415 2056 3415 2057 3415 2041 3416 2038 3416 2040 3416 2041 3417 2040 3417 2048 3417 2041 3418 2048 3418 2049 3418 2039 3419 2038 3419 2041 3419 2045 3420 2050 3420 2044 3420 2045 3421 2044 3421 2038 3421 2045 3422 2038 3422 2039 3422 2051 3423 2050 3423 2045 3423 2063 3424 2062 3424 2050 3424 2063 3425 2050 3425 2051 3425 2069 3426 2076 3426 2068 3426 2069 3427 2068 3427 2062 3427 2069 3428 2062 3428 2063 3428 2077 3429 2076 3429 2069 3429 2085 3430 2084 3430 2076 3430 2085 3431 2076 3431 2077 3431 2093 3432 2092 3432 2084 3432 2093 3433 2084 3433 2085 3433 2107 3434 2106 3434 2092 3434 2107 3435 2092 3435 2093 3435 2101 3436 2096 3436 2100 3436 2101 3437 2097 3437 2096 3437 2105 3438 2100 3438 2104 3438 2105 3439 2101 3439 2100 3439 2107 3440 2104 3440 2106 3440 2107 3441 2105 3441 2104 3441 2087 3442 2096 3442 2097 3442 2087 3443 2086 3443 2096 3443 2079 3444 2078 3444 2086 3444 2079 3445 2086 3445 2087 3445 2067 3446 2066 3446 2078 3446 2067 3447 2078 3447 2079 3447 2053 3448 2052 3448 2066 3448 2053 3449 2066 3449 2067 3449 2033 3450 2032 3450 2052 3450 2033 3451 2052 3451 2053 3451 2023 3452 2022 3452 2032 3452 2023 3453 2032 3453 2033 3453 2017 3454 2004 3454 2016 3454 2017 3455 2016 3455 2022 3455 2017 3456 2022 3456 2023 3456 2005 3457 2004 3457 2017 3457 2001 3458 2002 3458 2000 3458 2001 3459 2000 3459 2004 3459 2001 3460 2004 3460 2005 3460 2003 3461 2002 3461 2001 3461 2007 3462 2006 3462 2002 3462 2007 3463 2002 3463 2003 3463 2019 3464 2018 3464 2006 3464 2019 3465 2006 3465 2007 3465 2025 3466 2024 3466 2018 3466 2025 3467 2018 3467 2019 3467 2035 3468 2034 3468 2024 3468 2035 3469 2024 3469 2025 3469 2055 3470 2054 3470 2034 3470 2055 3471 2034 3471 2035 3471 2071 3472 2070 3472 2054 3472 2071 3473 2054 3473 2055 3473 2043 3474 2026 3474 2042 3474 2043 3475 2027 3475 2026 3475 2061 3476 2042 3476 2060 3476 2061 3477 2043 3477 2042 3477 2071 3478 2060 3478 2070 3478 2071 3479 2061 3479 2060 3479 2027 3480 2010 3480 2026 3480 2011 3481 2010 3481 2027 3481 1993 3482 1992 3482 2010 3482 1993 3483 2010 3483 2011 3483 1979 3484 1978 3484 1992 3484 1979 3485 1992 3485 1993 3485 1975 3486 1970 3486 1974 3486 1975 3487 1974 3487 1978 3487 1975 3488 1978 3488 1979 3488 1971 3489 1970 3489 1975 3489 1967 3490 1962 3490 1966 3490 1967 3491 1966 3491 1970 3491 1967 3492 1970 3492 1971 3492 1963 3493 1956 3493 1962 3493 1963 3494 1962 3494 1967 3494 1957 3495 1956 3495 1963 3495 1949 3496 1944 3496 1948 3496 1949 3497 1948 3497 1956 3497 1949 3498 1956 3498 1957 3498 1945 3499 1940 3499 1944 3499 1945 3500 1944 3500 1949 3500 1941 3501 1940 3501 1945 3501 1943 3502 1942 3502 1940 3502 1943 3503 1940 3503 1941 3503 1947 3504 1952 3504 1946 3504 1947 3505 1946 3505 1942 3505 1947 3506 1942 3506 1943 3506 1953 3507 1952 3507 1947 3507 1959 3508 1958 3508 1952 3508 1959 3509 1952 3509 1953 3509 1965 3510 1964 3510 1958 3510 1965 3511 1958 3511 1959 3511 1933 3512 1916 3512 1932 3512 1933 3513 1917 3513 1916 3513 1955 3514 1932 3514 1954 3514 1955 3515 1933 3515 1932 3515 1965 3516 1954 3516 1964 3516 1965 3517 1955 3517 1954 3517 1917 3518 1904 3518 1916 3518 1905 3519 1904 3519 1917 3519 1899 3520 1898 3520 1904 3520 1899 3521 1904 3521 1905 3521 1897 3522 1896 3522 1898 3522 1897 3523 1898 3523 1899 3523 1889 3524 1888 3524 1896 3524 1889 3525 1896 3525 1897 3525 1885 3526 1878 3526 1884 3526 1885 3527 1884 3527 1888 3527 1885 3528 1888 3528 1889 3528 1879 3529 1878 3529 1885 3529 1875 3530 1874 3530 1878 3530 1875 3531 1878 3531 1879 3531 1871 3532 1870 3532 1874 3532 1871 3533 1874 3533 1875 3533 1865 3534 1864 3534 1870 3534 1865 3535 1870 3535 1871 3535 1861 3536 1854 3536 1860 3536 1861 3537 1860 3537 1864 3537 1861 3538 1864 3538 1865 3538 1855 3539 1854 3539 1861 3539 1849 3540 1846 3540 1848 3540 1849 3541 1848 3541 1854 3541 1849 3542 1854 3542 1855 3542 1847 3543 1846 3543 1849 3543 1851 3544 1850 3544 1846 3544 1851 3545 1846 3545 1847 3545 1859 3546 1858 3546 1850 3546 1859 3547 1850 3547 1851 3547 1863 3548 1862 3548 1858 3548 1863 3549 1858 3549 1859 3549 1835 3550 1818 3550 1834 3550 1835 3551 1819 3551 1818 3551 1843 3552 1834 3552 1842 3552 1843 3553 1842 3553 1862 3553 1843 3554 1835 3554 1834 3554 1863 3555 1843 3555 1862 3555 1817 3556 1818 3556 1819 3556 1817 3557 1816 3557 1818 3557 1813 3558 1812 3558 1816 3558 1813 3559 1816 3559 1817 3559 1809 3560 1808 3560 1812 3560 1809 3561 1812 3561 1813 3561 1807 3562 1806 3562 1808 3562 1807 3563 1808 3563 1809 3563 1794 3564 1793 3564 1806 3564 1794 3565 1806 3565 1807 3565 1779 3566 1778 3566 1793 3566 1779 3567 1793 3567 1794 3567 1751 3568 1726 3568 1750 3568 1751 3569 1750 3569 1778 3569 1751 3570 1778 3570 1779 3570 1727 3571 1726 3571 1751 3571 1689 3572 1666 3572 1688 3572 1689 3573 1688 3573 1726 3573 1689 3574 1726 3574 1727 3574 1667 3575 1666 3575 1689 3575 1652 3576 1651 3576 1666 3576 1652 3577 1666 3577 1667 3577 1614 3578 1613 3578 1651 3578 1614 3579 1651 3579 1652 3579 1591 3580 1575 3580 1590 3580 1591 3581 1590 3581 1613 3581 1591 3582 1613 3582 1614 3582 1576 3583 1575 3583 1591 3583 1578 3584 1592 3584 1577 3584 1578 3585 1577 3585 1575 3585 1578 3586 1575 3586 1576 3586 1593 3587 1592 3587 1578 3587 1409 3588 1330 3588 1408 3588 1409 3589 1331 3589 1330 3589 1501 3590 1408 3590 1500 3590 1501 3591 1409 3591 1408 3591 1593 3592 1500 3592 1592 3592 1593 3593 1501 3593 1500 3593 1331 3594 1317 3594 1330 3594 1318 3595 1317 3595 1331 3595 1306 3596 1286 3596 1305 3596 1306 3597 1305 3597 1317 3597 1306 3598 1317 3598 1318 3598 1287 3599 1286 3599 1306 3599 1271 3600 1270 3600 1286 3600 1271 3601 1286 3601 1287 3601 1244 3602 1243 3602 1270 3602 1244 3603 1270 3603 1271 3603 1191 3604 1190 3604 1243 3604 1191 3605 1243 3605 1244 3605 1135 3606 1102 3606 1134 3606 1135 3607 1134 3607 1190 3607 1135 3608 1190 3608 1191 3608 1103 3609 1102 3609 1135 3609 1047 3610 1046 3610 1102 3610 1047 3611 1102 3611 1103 3611 1009 3612 1008 3612 1046 3612 1009 3613 1046 3613 1047 3613 953 3614 952 3614 1008 3614 953 3615 1008 3615 1009 3615 921 3616 904 3616 920 3616 921 3617 920 3617 952 3617 921 3618 952 3618 953 3618 905 3619 904 3619 921 3619 888 3620 878 3620 887 3620 888 3621 887 3621 904 3621 888 3622 904 3622 905 3622 879 3623 878 3623 888 3623 875 3624 874 3624 878 3624 875 3625 878 3625 879 3625 807 3626 740 3626 806 3626 807 3627 741 3627 740 3627 833 3628 806 3628 832 3628 833 3629 807 3629 806 3629 875 3630 832 3630 874 3630 875 3631 833 3631 832 3631 751 3632 740 3632 741 3632 751 3633 750 3633 740 3633 745 3634 744 3634 750 3634 745 3635 750 3635 751 3635 737 3636 736 3636 744 3636 737 3637 744 3637 745 3637 717 3638 716 3638 736 3638 717 3639 736 3639 737 3639 678 3640 623 3640 677 3640 678 3641 677 3641 716 3641 678 3642 716 3642 717 3642 624 3643 623 3643 678 3643 579 3644 509 3644 578 3644 579 3645 578 3645 623 3645 579 3646 623 3646 624 3646 510 3647 447 3647 509 3647 510 3648 509 3648 579 3648 448 3649 447 3649 510 3649 422 3650 421 3650 447 3650 422 3651 447 3651 448 3651 383 3652 359 3652 382 3652 383 3653 382 3653 421 3653 383 3654 421 3654 422 3654 360 3655 359 3655 383 3655 341 3656 340 3656 359 3656 341 3657 359 3657 360 3657 321 3658 320 3658 340 3658 321 3659 340 3659 341 3659 311 3660 310 3660 320 3660 311 3661 320 3661 321 3661 306 3662 305 3662 310 3662 306 3663 310 3663 311 3663 287 3664 270 3664 286 3664 287 3665 271 3665 270 3665 297 3666 286 3666 296 3666 297 3667 296 3667 305 3667 297 3668 287 3668 286 3668 306 3669 297 3669 305 3669 277 3670 270 3670 271 3670 277 3671 276 3671 270 3671 281 3672 280 3672 276 3672 281 3673 276 3673 277 3673 283 3674 282 3674 280 3674 283 3675 280 3675 281 3675 279 3676 274 3676 278 3676 279 3677 278 3677 282 3677 279 3678 282 3678 283 3678 275 3679 274 3679 279 3679 269 3680 266 3680 268 3680 269 3681 268 3681 274 3681 269 3682 274 3682 275 3682 267 3683 266 3683 269 3683 263 3684 262 3684 266 3684 263 3685 266 3685 267 3685 251 3686 240 3686 250 3686 251 3687 250 3687 262 3687 251 3688 262 3688 263 3688 241 3689 240 3689 251 3689 235 3690 234 3690 240 3690 235 3691 240 3691 241 3691 231 3692 226 3692 230 3692 231 3693 230 3693 234 3693 231 3694 234 3694 235 3694 227 3695 226 3695 231 3695 221 3696 220 3696 226 3696 221 3697 226 3697 227 3697 215 3698 214 3698 220 3698 215 3699 220 3699 221 3699 213 3700 212 3700 214 3700 213 3701 214 3701 215 3701 189 3702 170 3702 188 3702 189 3703 171 3703 170 3703 205 3704 188 3704 204 3704 205 3705 189 3705 188 3705 213 3706 204 3706 212 3706 213 3707 205 3707 204 3707 179 3708 170 3708 171 3708 179 3709 178 3709 170 3709 185 3710 184 3710 178 3710 185 3711 178 3711 179 3711 193 3712 196 3712 192 3712 193 3713 192 3713 184 3713 193 3714 184 3714 185 3714 197 3715 196 3715 193 3715 199 3716 198 3716 196 3716 199 3717 196 3717 197 3717 195 3718 194 3718 198 3718 195 3719 198 3719 199 3719 187 3720 186 3720 194 3720 187 3721 194 3721 195 3721 181 3722 180 3722 186 3722 181 3723 186 3723 187 3723 173 3724 172 3724 180 3724 173 3725 180 3725 181 3725 157 3726 156 3726 172 3726 157 3727 172 3727 173 3727 147 3728 146 3728 156 3728 147 3729 156 3729 157 3729 139 3730 138 3730 146 3730 139 3731 146 3731 147 3731 135 3732 130 3732 134 3732 135 3733 134 3733 138 3733 135 3734 138 3734 139 3734 131 3735 130 3735 135 3735 127 3736 126 3736 130 3736 127 3737 130 3737 131 3737 113 3738 112 3738 126 3738 113 3739 126 3739 127 3739 77 3740 60 3740 76 3740 77 3741 61 3741 60 3741 95 3742 76 3742 94 3742 95 3743 77 3743 76 3743 113 3744 94 3744 112 3744 113 3745 95 3745 94 3745 79 3746 60 3746 61 3746 79 3747 78 3747 60 3747 93 3748 92 3748 78 3748 93 3749 78 3749 79 3749 109 3750 108 3750 92 3750 109 3751 92 3751 93 3751 117 3752 120 3752 116 3752 117 3753 116 3753 108 3753 117 3754 108 3754 109 3754 121 3755 120 3755 117 3755 125 3756 124 3756 120 3756 125 3757 120 3757 121 3757 123 3758 122 3758 124 3758 123 3759 124 3759 125 3759 119 3760 110 3760 118 3760 119 3761 118 3761 122 3761 119 3762 122 3762 123 3762 111 3763 110 3763 119 3763 99 3764 98 3764 110 3764 99 3765 110 3765 111 3765 87 3766 86 3766 98 3766 87 3767 98 3767 99 3767 71 3768 70 3768 86 3768 71 3769 86 3769 87 3769 49 3770 48 3770 70 3770 49 3771 70 3771 71 3771 35 3772 34 3772 48 3772 35 3773 48 3773 49 3773 27 3774 26 3774 34 3774 27 3775 34 3775 35 3775 19 3776 18 3776 26 3776 19 3777 26 3777 27 3777 9 3778 4 3778 8 3778 9 3779 5 3779 4 3779 13 3780 8 3780 12 3780 13 3781 9 3781 8 3781 19 3782 12 3782 18 3782 19 3783 13 3783 12 3783 5 3784 16 3784 4 3784 17 3785 16 3785 5 3785 25 3786 24 3786 16 3786 25 3787 16 3787 17 3787 33 3788 32 3788 24 3788 33 3789 24 3789 25 3789 43 3790 50 3790 42 3790 43 3791 42 3791 32 3791 43 3792 32 3792 33 3792 51 3793 50 3793 43 3793 59 3794 66 3794 58 3794 59 3795 58 3795 50 3795 59 3796 50 3796 51 3796 67 3797 66 3797 59 3797 69 3798 68 3798 66 3798 69 3799 66 3799 67 3799 63 3800 62 3800 68 3800 63 3801 68 3801 69 3801 57 3802 56 3802 62 3802 57 3803 62 3803 63 3803 45 3804 44 3804 56 3804 45 3805 56 3805 57 3805 39 3806 30 3806 38 3806 39 3807 38 3807 44 3807 39 3808 44 3808 45 3808 31 3809 30 3809 39 3809 23 3810 22 3810 30 3810 23 3811 30 3811 31 3811 15 3812 14 3812 22 3812 15 3813 22 3813 23 3813 1 3814 0 3814 14 3814 1 3815 14 3815 15 3815 7 3816 10 3816 6 3816 7 3817 11 3817 10 3817 3 3818 6 3818 2 3818 3 3819 7 3819 6 3819 1 3820 2 3820 0 3820 1 3821 3 3821 2 3821 179 3822 171 3822 189 3822 215 3823 205 3823 213 3823 185 3824 179 3824 189 3824 185 3825 189 3825 205 3825 221 3826 185 3826 205 3826 221 3827 205 3827 215 3827 277 3828 271 3828 287 3828 127 3829 95 3829 113 3829 227 3830 185 3830 221 3830 227 3831 193 3831 185 3831 281 3832 277 3832 287 3832 281 3833 287 3833 297 3833 131 3834 95 3834 127 3834 131 3835 77 3835 95 3835 197 3836 193 3836 227 3836 231 3837 197 3837 227 3837 311 3838 297 3838 306 3838 79 3839 61 3839 77 3839 199 3840 197 3840 231 3840 235 3841 199 3841 231 3841 321 3842 281 3842 297 3842 321 3843 297 3843 311 3843 93 3844 77 3844 131 3844 93 3845 79 3845 77 3845 341 3846 281 3846 321 3846 341 3847 283 3847 281 3847 109 3848 131 3848 135 3848 109 3849 93 3849 131 3849 360 3850 283 3850 341 3850 360 3851 279 3851 283 3851 117 3852 135 3852 139 3852 117 3853 109 3853 135 3853 383 3854 279 3854 360 3854 383 3855 275 3855 279 3855 121 3856 117 3856 139 3856 121 3857 139 3857 147 3857 807 3858 751 3858 741 3858 13 3859 19 3859 27 3859 35 3860 13 3860 27 3860 745 3861 751 3861 807 3861 17 3862 5 3862 9 3862 879 3863 833 3863 875 3863 25 3864 9 3864 13 3864 25 3865 13 3865 35 3865 25 3866 17 3866 9 3866 888 3867 745 3867 807 3867 888 3868 833 3868 879 3868 888 3869 807 3869 833 3869 33 3870 35 3870 49 3870 33 3871 25 3871 35 3871 905 3872 745 3872 888 3872 905 3873 737 3873 745 3873 255 3874 181 3874 187 3874 255 3875 187 3875 195 3875 255 3876 195 3876 199 3876 255 3877 235 3877 241 3877 255 3878 199 3878 235 3878 293 3879 241 3879 251 3879 293 3880 251 3880 263 3880 293 3881 263 3881 267 3881 293 3882 267 3882 269 3882 293 3883 255 3883 241 3883 43 3884 49 3884 71 3884 43 3885 33 3885 49 3885 921 3886 737 3886 905 3886 921 3887 678 3887 717 3887 921 3888 717 3888 737 3888 225 3889 181 3889 255 3889 225 3890 147 3890 157 3890 225 3891 121 3891 147 3891 225 3892 157 3892 173 3892 225 3893 173 3893 181 3893 396 3894 275 3894 383 3894 396 3895 269 3895 275 3895 396 3896 383 3896 422 3896 396 3897 293 3897 269 3897 396 3898 422 3898 448 3898 51 3899 71 3899 87 3899 51 3900 43 3900 71 3900 953 3901 678 3901 921 3901 207 3902 111 3902 119 3902 207 3903 119 3903 123 3903 207 3904 123 3904 125 3904 207 3905 125 3905 121 3905 207 3906 121 3906 225 3906 747 3907 396 3907 448 3907 747 3908 448 3908 510 3908 747 3909 510 3909 579 3909 747 3910 579 3910 624 3910 747 3911 624 3911 678 3911 1409 3912 1306 3912 1318 3912 1409 3913 1318 3913 1331 3913 3 3914 1 3914 15 3914 3 3915 15 3915 23 3915 183 3916 59 3916 51 3916 183 3917 51 3917 87 3917 183 3918 87 3918 99 3918 183 3919 111 3919 207 3919 183 3920 99 3920 111 3920 7 3921 3 3921 23 3921 915 3922 678 3922 953 3922 915 3923 953 3923 1009 3923 915 3924 1009 3924 1047 3924 915 3925 1047 3925 1103 3925 915 3926 747 3926 678 3926 21 3927 11 3927 7 3927 1578 3928 1501 3928 1593 3928 1576 3929 1409 3929 1501 3929 1576 3930 1306 3930 1409 3930 1576 3931 1501 3931 1578 3931 29 3932 23 3932 31 3932 29 3933 7 3933 23 3933 29 3934 21 3934 7 3934 169 3935 57 3935 63 3935 169 3936 63 3936 69 3936 169 3937 69 3937 67 3937 169 3938 67 3938 59 3938 169 3939 59 3939 183 3939 1591 3940 1271 3940 1287 3940 1591 3941 1287 3941 1306 3941 1591 3942 1306 3942 1576 3942 41 3943 29 3943 31 3943 1614 3944 1271 3944 1591 3944 55 3945 31 3945 39 3945 55 3946 41 3946 31 3946 1652 3947 1244 3947 1271 3947 1652 3948 1271 3948 1614 3948 75 3949 39 3949 45 3949 75 3950 55 3950 39 3950 1255 3951 1103 3951 1135 3951 1255 3952 1135 3952 1191 3952 1255 3953 1191 3953 1244 3953 1255 3954 915 3954 1103 3954 1255 3955 1244 3955 1652 3955 177 3956 45 3956 57 3956 177 3957 75 3957 45 3957 177 3958 57 3958 169 3958 177 3959 91 3959 85 3959 177 3960 85 3960 75 3960 1534 3961 1652 3961 1667 3961 1534 3962 1667 3962 1689 3962 1534 3963 1689 3963 1727 3963 1534 3964 1727 3964 1751 3964 1534 3965 1255 3965 1652 3965 1835 3966 1813 3966 1817 3966 1835 3967 1817 3967 1819 3967 47 3968 37 3968 53 3968 47 3969 53 3969 73 3969 201 3970 101 3970 105 3970 201 3971 105 3971 107 3971 201 3972 107 3972 103 3972 201 3973 103 3973 91 3973 201 3974 91 3974 177 3974 97 3975 81 3975 65 3975 1859 3976 1843 3976 1863 3976 115 3977 47 3977 73 3977 115 3978 97 3978 65 3978 115 3979 65 3979 47 3979 115 3980 73 3980 83 3980 1851 3981 1809 3981 1813 3981 1851 3982 1835 3982 1843 3982 1851 3983 1813 3983 1835 3983 1851 3984 1843 3984 1859 3984 129 3985 115 3985 83 3985 1847 3986 1809 3986 1851 3986 1777 3987 1751 3987 1779 3987 1777 3988 1779 3988 1794 3988 1777 3989 1534 3989 1751 3989 133 3990 129 3990 83 3990 133 3991 83 3991 89 3991 1849 3992 1794 3992 1807 3992 1849 3993 1807 3993 1809 3993 1849 3994 1809 3994 1847 3994 137 3995 89 3995 101 3995 137 3996 133 3996 89 3996 1855 3997 1794 3997 1849 3997 1855 3998 1777 3998 1794 3998 1861 3999 1777 3999 1855 3999 217 4000 101 4000 201 4000 217 4001 137 4001 101 4001 217 4002 141 4002 137 4002 145 4003 141 4003 217 4003 151 4004 145 4004 217 4004 1823 4005 1861 4005 1865 4005 1823 4006 1865 4006 1871 4006 1823 4007 1871 4007 1875 4007 1823 4008 1875 4008 1879 4008 1823 4009 1777 4009 1861 4009 239 4010 167 4010 163 4010 239 4011 163 4011 159 4011 239 4012 159 4012 151 4012 239 4013 151 4013 217 4013 153 4014 143 4014 149 4014 153 4015 149 4015 155 4015 1933 4016 1899 4016 1905 4016 1933 4017 1905 4017 1917 4017 1869 4018 1879 4018 1885 4018 1869 4019 1823 4019 1879 4019 1965 4020 1959 4020 1955 4020 191 4021 175 4021 203 4021 209 4022 153 4022 155 4022 209 4023 203 4023 175 4023 209 4024 175 4024 153 4024 1953 4025 1899 4025 1933 4025 1953 4026 1955 4026 1959 4026 1953 4027 1933 4027 1955 4027 211 4028 209 4028 155 4028 211 4029 155 4029 161 4029 211 4030 161 4030 165 4030 1947 4031 1899 4031 1953 4031 1947 4032 1897 4032 1899 4032 219 4033 211 4033 165 4033 1943 4034 1897 4034 1947 4034 1943 4035 1889 4035 1897 4035 223 4036 219 4036 165 4036 223 4037 165 4037 167 4037 223 4038 167 4038 239 4038 1941 4039 1889 4039 1943 4039 1941 4040 1885 4040 1889 4040 1941 4041 1869 4041 1885 4041 229 4042 223 4042 239 4042 229 4043 239 4043 285 4043 1945 4044 1869 4044 1941 4044 233 4045 229 4045 285 4045 1949 4046 1869 4046 1945 4046 237 4047 233 4047 285 4047 1957 4048 1869 4048 1949 4048 243 4049 237 4049 285 4049 1891 4050 1957 4050 1963 4050 1891 4051 1869 4051 1957 4051 247 4052 243 4052 285 4052 1967 4053 1891 4053 1963 4053 1971 4054 1891 4054 1967 4054 331 4055 253 4055 247 4055 331 4056 247 4056 285 4056 2043 4057 1993 4057 2011 4057 2043 4058 2011 4058 2027 4058 265 4059 245 4059 249 4059 265 4060 249 4060 257 4060 2061 4061 1993 4061 2043 4061 295 4062 273 4062 265 4062 295 4063 265 4063 257 4063 2035 4064 1993 4064 2061 4064 299 4065 257 4065 261 4065 299 4066 295 4066 257 4066 2025 4067 1993 4067 2035 4067 2025 4068 1979 4068 1993 4068 291 4069 273 4069 295 4069 2055 4070 2035 4070 2061 4070 301 4071 299 4071 261 4071 301 4072 261 4072 259 4072 2019 4073 1979 4073 2025 4073 2019 4074 1975 4074 1979 4074 289 4075 273 4075 291 4075 2071 4076 2055 4076 2061 4076 2007 4077 1975 4077 2019 4077 2007 4078 1891 4078 1971 4078 2007 4079 1971 4079 1975 4079 2007 4080 1907 4080 1891 4080 314 4081 301 4081 259 4081 314 4082 259 4082 253 4082 314 4083 253 4083 331 4083 2003 4084 1907 4084 2007 4084 329 4085 314 4085 331 4085 2001 4086 1907 4086 2003 4086 357 4087 329 4087 331 4087 357 4088 331 4088 600 4088 381 4089 357 4089 600 4089 2005 4090 1907 4090 2001 4090 2017 4091 1907 4091 2005 4091 2017 4092 1931 4092 1907 4092 419 4093 381 4093 600 4093 441 4094 419 4094 600 4094 2023 4095 1931 4095 2017 4095 2033 4096 1931 4096 2023 4096 456 4097 441 4097 600 4097 456 4098 600 4098 839 4098 641 4099 529 4099 548 4099 641 4100 548 4100 550 4100 2101 4101 2079 4101 2087 4101 2101 4102 2087 4102 2097 4102 831 4103 533 4103 504 4103 831 4104 504 4104 835 4104 2077 4105 2069 4105 2053 4105 2077 4106 2053 4106 2067 4106 846 4107 504 4107 456 4107 846 4108 456 4108 839 4108 846 4109 835 4109 504 4109 2063 4110 1931 4110 2033 4110 2063 4111 2053 4111 2069 4111 2063 4112 2033 4112 2053 4112 822 4113 753 4113 641 4113 822 4114 550 4114 533 4114 822 4115 533 4115 831 4115 822 4116 641 4116 550 4116 2085 4117 2077 4117 2067 4117 2085 4118 2067 4118 2079 4118 2085 4119 2101 4119 2105 4119 2085 4120 2079 4120 2101 4120 2051 4121 1931 4121 2063 4121 2051 4122 1939 4122 1931 4122 873 4123 846 4123 839 4123 2093 4124 2085 4124 2105 4124 818 4125 753 4125 822 4125 909 4126 873 4126 839 4126 2045 4127 1939 4127 2051 4127 813 4128 753 4128 818 4128 2107 4129 2093 4129 2105 4129 941 4130 909 4130 839 4130 941 4131 839 4131 1129 4131 2039 4132 1939 4132 2045 4132 997 4133 941 4133 1129 4133 2041 4134 1939 4134 2039 4134 1035 4135 997 4135 1129 4135 2049 4136 1939 4136 2041 4136 2049 4137 1925 4137 1939 4137 1091 4138 1035 4138 1129 4138 2057 4139 1925 4139 2049 4139 1468 4140 1091 4140 1129 4140 1468 4141 1413 4141 1514 4141 1468 4142 1129 4142 1413 4142 1468 4143 1123 4143 1091 4143 2021 4144 1925 4144 2057 4144 2021 4145 2009 4145 1925 4145 1551 4146 1514 4146 1413 4146 1997 4147 1925 4147 2009 4147 1997 4148 1901 4148 1925 4148 1435 4149 1123 4149 1468 4149 2037 4150 2057 4150 2065 4150 2037 4151 2021 4151 2057 4151 1275 4152 1189 4152 1179 4152 1275 4153 1179 4153 1166 4153 2099 4154 2083 4154 2091 4154 2099 4155 2091 4155 2103 4155 1608 4156 1551 4156 1413 4156 1989 4157 1901 4157 1997 4157 1421 4158 1123 4158 1435 4158 1421 4159 1166 4159 1139 4159 1421 4160 1139 4160 1123 4160 2059 4161 2065 4161 2075 4161 2059 4162 2037 4162 2065 4162 1985 4163 1901 4163 1989 4163 1660 4164 1608 4164 1413 4164 1660 4165 1413 4165 1712 4165 1415 4166 1166 4166 1421 4166 1415 4167 1275 4167 1166 4167 2073 4168 2075 4168 2083 4168 2073 4169 2059 4169 2075 4169 1341 4170 1275 4170 1415 4170 2095 4171 2083 4171 2099 4171 2095 4172 2073 4172 2083 4172 1686 4173 1660 4173 1712 4173 1983 4174 1901 4174 1985 4174 1411 4175 1341 4175 1415 4175 2081 4176 2073 4176 2095 4176 1725 4177 1686 4177 1712 4177 1987 4178 1883 4178 1901 4178 1987 4179 1901 4179 1983 4179 2089 4180 2081 4180 2095 4180 1417 4181 1341 4181 1411 4181 1845 4182 1841 4182 1815 4182 1927 4183 1883 4183 1935 4183 1927 4184 1853 4184 1883 4184 1839 4185 1815 4185 1841 4185 1839 4186 1712 4186 1815 4186 1951 4187 1935 4187 1883 4187 1857 4188 1845 4188 1815 4188 1921 4189 1853 4189 1927 4189 1833 4190 1725 4190 1712 4190 1833 4191 1712 4191 1839 4191 1961 4192 1987 4192 1991 4192 1961 4193 1883 4193 1987 4193 1961 4194 1951 4194 1883 4194 1867 4195 1857 4195 1815 4195 1867 4196 1815 4196 1853 4196 1913 4197 1853 4197 1921 4197 1969 4198 1961 4198 1991 4198 1829 4199 1748 4199 1725 4199 1829 4200 1725 4200 1833 4200 1873 4201 1867 4201 1853 4201 1909 4202 1853 4202 1913 4202 1909 4203 1873 4203 1853 4203 1973 4204 1991 4204 1999 4204 1973 4205 1999 4205 2015 4205 1973 4206 1969 4206 1991 4206 1825 4207 1767 4207 1748 4207 1825 4208 1748 4208 1829 4208 1877 4209 1873 4209 1909 4209 1911 4210 1877 4210 1909 4210 1977 4211 1973 4211 2015 4211 1827 4212 1787 4212 1767 4212 1827 4213 1767 4213 1825 4213 1915 4214 1877 4214 1911 4214 1881 4215 1877 4215 1915 4215 2031 4216 2015 4216 2029 4216 2031 4217 2029 4217 2047 4217 1811 4218 1802 4218 1797 4218 1811 4219 1797 4219 1787 4219 1811 4220 1787 4220 1827 4220 2013 4221 2015 4221 2031 4221 2013 4222 1981 4222 1977 4222 2013 4223 1977 4223 2015 4223 1821 4224 1811 4224 1827 4224 1821 4225 1827 4225 1831 4225 1887 4226 1915 4226 1923 4226 1887 4227 1881 4227 1915 4227 1837 4228 1821 4228 1831 4228 1995 4229 1981 4229 2013 4229 1919 4230 1923 4230 1929 4230 1919 4231 1929 4231 1937 4231 1903 4232 1887 4232 1923 4232 1903 4233 1923 4233 1919 4233 1903 4234 1895 4234 1893 4234 1903 4235 1893 4235 1887 4235</p>
  </triangles>
 </mesh></geometry></library_geometries>
 <library_visual_scenes><visual_scene id="s"><node id="nodo">
  <instance_geometry url="#g"><bind_material><technique_common>
   <instance_material symbol="m" target="#mat"/>
  </technique_common></bind_material></instance_geometry>
 </node></visual_scene></library_visual_scenes>
 <scene><instance_visual_scene url="#s"/></scene>
</COLLADA>
