<?xml version="1.0" encoding="utf-8"?>
<COLLADA xmlns="http://www.collada.org/2005/11/COLLADASchema" version="1.4.1">
 <asset><unit name="meter" meter="1"/><up_axis>Z_UP</up_axis></asset>
 <library_effects><effect id="fx"><profile_COMMON><technique sid="c"><phong>
  <diffuse><color>0.150 0.150 0.150 1</color></diffuse>
  <specular><color>0.2 0.2 0.2 1</color></specular><shininess><float>20</float></shininess>
 </phong></technique></profile_COMMON></effect></library_effects>
 <library_materials><material id="mat"><instance_effect url="#fx"/></material></library_materials>
 <library_geometries><geometry id="g"><mesh>
  <source id="p"><float_array id="pa" count="6324">-0.0482841 -0.0425 -0.0031235 -0.0482841 0.0375 -0.0031235 -0.0481414 -0.0425 -0.0048495 -0.0481414 0.0375 -0.0048495 -0.047937 -0.0425 -0.0065694 -0.047937 0.0375 -0.0065694 -0.0478968 -0.0425 0.0068557 -0.0478968 0.0375 0.0068557 -0.0476711 -0.0425 -0.0082808 -0.0476711 0.0375 -0.0082808 -0.0476208 -0.0425 0.0085655 -0.0476208 0.0375 0.0085655 -0.0473416 -0.0425 -0.0030214 -0.0473416 0.0375 -0.0030214 -0.0472837 -0.0425 0.0102643 -0.0472837 0.0375 0.0102643 -0.0469651 -0.0425 0.0066809 -0.0469651 0.0375 0.0066809 -0.0468861 -0.0425 0.01195 -0.0468861 0.0375 0.01195 -0.046731 -0.0425 -0.0081591 -0.046731 0.0375 -0.0081591 -0.0464353 -0.0425 -0.0027433 -0.0464353 0.0375 -0.0027433 -0.0460831 -0.0425 0.0063334 -0.0460831 0.0375 0.0063334 -0.0459582 -0.0425 0.0117558 -0.0459582 0.0375 0.0117558 -0.0457847 -0.0425 -0.008217 -0.0457847 0.0375 -0.008217 -0.0455977 -0.0425 -0.0022991 -0.0455977 0.0375 -0.0022991 -0.0452825 -0.0425 0.0058257 -0.0452825 0.0375 0.0058257 -0.0450103 -0.0425 0.0117402 -0.0450103 0.0375 0.0117402 -0.0449557 -0.0425 -0.0178912 -0.0449557 0.0375 -0.0178912 -0.0448664 -0.0425 -0.0084525 -0.0448664 0.0375 -0.0084525 -0.0448591 -0.0425 -0.0017049 -0.0448591 0.0375 -0.0017049 -0.0445921 -0.0425 0.0051759 -0.0445921 0.0375 0.0051759 -0.0442866 -0.0425 -0.0194887 -0.0442866 0.0375 -0.0194887 -0.0442459 -0.0425 -0.0009819 -0.0442459 0.0375 -0.0009819 -0.0440908 -0.0425 -0.0175029 -0.0440908 0.0375 -0.0175029 -0.0440765 -0.0425 0.0119039 -0.0440765 0.0375 0.0119039 -0.0440368 -0.0425 0.0044076 -0.0440368 0.0375 0.0044076 -0.0440091 -0.0425 -0.0088571 -0.0440091 0.0375 -0.0088571 -0.0437802 -0.0425 -0.0001561 -0.0437802 0.0375 -0.0001561 -0.0436365 -0.0425 0.0035482 -0.0436365 0.0375 0.0035482 -0.0435607 -0.0425 -0.0210612 -0.0435607 0.0375 -0.0210612 -0.0434788 -0.0425 0.0007427 -0.0434788 0.0375 0.0007427 -0.0434341 -0.0425 0.0213211 -0.0434341 0.0375 0.0213211 -0.0434056 -0.0425 0.0026288 -0.0434056 0.0375 0.0026288 -0.0433524 -0.0425 0.0016822 -0.0433524 0.0375 0.0016822 -0.0433148 -0.0425 -0.0169583 -0.0433148 0.0375 -0.0169583 -0.0432435 -0.0425 -0.0094163 -0.0432435 0.0375 -0.0094163 -0.0431904 -0.0425 0.0122408 -0.0431904 0.0375 0.0122408 -0.042779 -0.0425 -0.0226067 -0.042779 0.0375 -0.0226067 -0.0426556 -0.0425 -0.0162771 -0.0426556 0.0375 -0.0162771 -0.0426432 -0.0425 0.0228619 -0.0426432 0.0375 0.0228619 -0.0426019 -0.0425 0.0208669 -0.0426019 0.0375 0.0208669 -0.0425972 -0.0425 -0.0101099 -0.0425972 0.0375 -0.0101099 -0.0423838 -0.0425 0.0127389 -0.0423838 0.0375 0.0127389 -0.0421367 -0.0425 -0.0154836 -0.0421367 0.0375 -0.0154836 -0.0420935 -0.0425 -0.010913 -0.0420935 0.0375 -0.010913 -0.0419225 -0.0425 -0.0222004 -0.0419225 0.0375 -0.0222004 -0.0418705 -0.0425 0.0202639 -0.0418705 0.0375 0.0202639 -0.0417977 -0.0425 0.0243734 -0.0417977 0.0375 0.0243734 -0.041777 -0.0425 -0.0146065 -0.041777 0.0375 -0.0146065 -0.0417504 -0.0425 -0.0117967 -0.0417504 0.0375 -0.0117967 -0.0416857 -0.0425 0.0133804 -0.0416857 0.0375 0.0133804 -0.0415892 -0.0425 -0.0136773 -0.0415892 0.0375 -0.0136773 -0.0415803 -0.0425 -0.0127293 -0.0415803 0.0375 -0.0127293 -0.041266 -0.0425 0.0195336 -0.041266 0.0375 0.0195336 -0.0411213 -0.0425 0.014142 -0.0411213 0.0375 0.014142 -0.0410046 -0.0425 -0.0219631 -0.0410046 0.0375 -0.0219631 -0.0408986 -0.0425 0.0258537 -0.0408986 0.0375 0.0258537 -0.0408102 -0.0425 0.0187023 -0.0408102 0.0375 0.0187023 -0.0407107 -0.0425 0.0149965 -0.0407107 0.0375 0.0149965 -0.0405195 -0.0425 0.0178 -0.0405195 0.0375 0.0178 -0.0404688 -0.0425 0.0159132 -0.0404688 0.0375 0.0159132 -0.0404043 -0.0425 0.016859 -0.0404043 0.0375 0.016859 -0.0400761 -0.0425 0.0253823 -0.0400761 0.0375 0.0253823 -0.0400585 -0.0425 -0.0219033 -0.0400585 0.0375 -0.0219033 -0.0391794 -0.0425 0.0250746 -0.0391794 0.0375 0.0250746 -0.0391181 -0.0425 -0.0220232 -0.0391181 0.0375 -0.0220232 -0.0382407 -0.0425 0.0249416 -0.0382407 0.0375 0.0249416 -0.0382172 -0.0425 -0.0223184 -0.0382172 0.0375 -0.0223184 -0.0373883 -0.0425 -0.0227783 -0.0373883 0.0375 -0.0227783 -0.0372939 -0.0425 0.0249883 -0.0372939 0.0375 0.0249883 -0.0372267 -0.0425 -0.0309076 -0.0372267 0.0375 -0.0309076 -0.036661 -0.0425 -0.0233864 -0.036661 0.0375 -0.0233864 -0.0365242 -0.0425 -0.0302711 -0.0365242 0.0375 -0.0302711 -0.0363728 -0.0425 0.0252128 -0.0363728 0.0375 0.0252128 -0.0360967 -0.0425 -0.0322201 -0.0360967 0.0375 -0.0322201 -0.0360616 -0.0425 -0.0241209 -0.0360616 0.0375 -0.0241209 -0.0359544 -0.0425 -0.0295133 -0.0359544 0.0375 -0.0295133 -0.0356116 -0.0425 -0.0249553 -0.0356116 0.0375 -0.0249553 -0.035538 -0.0425 -0.0286617 -0.035538 0.0375 -0.0286617 -0.0355107 -0.0425 0.0256071 -0.0355107 0.0375 0.0256071 -0.0353272 -0.0425 -0.0258597 -0.0353272 0.0375 -0.0258597 -0.0352897 -0.0425 -0.0277468 -0.0352897 0.0375 -0.0277468 -0.0352186 -0.0425 -0.0268014 -0.0352186 0.0375 -0.0268014 -0.0349928 -0.0425 0.0007106 -0.0349928 -0.0125 0.0007106 -0.0349204 -0.0425 -0.0334914 -0.0349204 0.0375 -0.0334914 -0.0347385 -0.0425 0.026157 -0.0347385 0.0375 0.026157 -0.0347197 -0.0425 0.0336994 -0.0347197 0.0375 0.0336994 -0.0345275 -0.0425 -0.0057314 -0.0345275 -0.0125 -0.0057314 -0.0342664 -0.0425 0.0071284 -0.0342664 -0.0125 0.0071284 -0.034084 -0.0425 0.0268429 -0.034084 0.0375 0.0268429 -0.0340686 -0.0425 0.0330103 -0.0340686 0.0375 0.0330103 -0.0336994 -0.0425 -0.0347197 -0.0336994 0.0375 -0.0347197 -0.0335707 -0.0425 0.0276399 -0.0335707 0.0375 0.0276399 -0.0335593 -0.0425 0.0322108 -0.0335593 0.0375 0.0322108 -0.0334914 -0.0425 0.0349204 -0.0334914 0.0375 0.0349204 -0.0332171 -0.0425 0.0285195 -0.0332171 0.0375 0.0285195 -0.0332101 -0.0425 0.0313294 -0.0332101 0.0375 0.0313294 -0.0330358 -0.0425 0.02945 -0.0330358 0.0375 0.02945 -0.0330334 -0.0425 0.030398 -0.0330334 0.0375 0.030398 -0.0330103 -0.0425 -0.0340686 -0.0330103 0.0375 -0.0340686 -0.0328865 -0.0425 -0.0119782 -0.0328865 -0.0125 -0.0119782 -0.0323731 -0.0425 0.0133035 -0.0323731 -0.0125 0.0133035 -0.0322201 -0.0425 0.0360967 -0.0322201 0.0375 0.0360967 -0.0322108 -0.0425 -0.0335593 -0.0322108 0.0375 -0.0335593 -0.0313294 -0.0425 -0.0332101 -0.0313294 0.0375 -0.0332101 -0.0309076 -0.0425 0.0372267 -0.0309076 0.0375 0.0372267 -0.030398 -0.0425 -0.0330334 -0.030398 0.0375 -0.0330334 -0.0302711 -0.0425 0.0365242 -0.0302711 0.0375 0.0365242 -0.0301256 -0.0425 -0.0178172 -0.0301256 -0.0125 -0.0178172 -0.0295133 -0.0425 0.0359544 -0.0295133 0.0375 0.0359544 -0.02945 -0.0425 -0.0330358 -0.02945 0.0375 -0.0330358 -0.0293774 -0.0425 0.0190255 -0.0293774 -0.0125 0.0190255 -0.0286617 -0.0425 0.035538 -0.0286617 0.0375 0.035538 -0.0285195 -0.0425 -0.0332171 -0.0285195 0.0375 -0.0332171 -0.0277468 -0.0425 0.0352897 -0.0277468 0.0375 0.0352897 -0.0276399 -0.0425 -0.0335707 -0.0276399 0.0375 -0.0335707 -0.0268429 -0.0425 -0.034084 -0.0268429 0.0375 -0.034084 -0.0268014 -0.0425 0.0352186 -0.0268014 0.0375 0.0352186 -0.0263387 -0.0425 -0.0230493 -0.0263387 -0.0125 -0.0230493 -0.026157 -0.0425 -0.0347385 -0.026157 0.0375 -0.0347385 -0.0258597 -0.0425 0.0353272 -0.0258597 0.0375 0.0353272 -0.0258537 -0.0425 -0.0408986 -0.0258537 0.0375 -0.0408986 -0.0256071 -0.0425 -0.0355107 -0.0256071 0.0375 -0.0355107 -0.0253823 -0.0425 -0.0400761 -0.0253823 0.0375 -0.0400761 -0.0253812 -0.0425 0.0240996 -0.0253812 -0.0125 0.0240996 -0.0252128 -0.0425 -0.0363728 -0.0252128 0.0375 -0.0363728 -0.0250746 -0.0425 -0.0391794 -0.0250746 0.0375 -0.0391794 -0.0249883 -0.0425 -0.0372939 -0.0249883 0.0375 -0.0372939 -0.0249553 -0.0425 0.0356116 -0.0249553 0.0375 0.0356116 -0.0249416 -0.0425 -0.0382407 -0.0249416 0.0375 -0.0382407 -0.0243734 -0.0425 -0.0417977 -0.0243734 0.0375 -0.0417977 -0.0241209 -0.0425 0.0360616 -0.0241209 0.0375 0.0360616 -0.0233864 -0.0425 0.036661 -0.0233864 0.0375 0.036661 -0.0228619 -0.0425 -0.0426432 -0.0228619 0.0375 -0.0426432 -0.0227783 -0.0425 0.0373883 -0.0227783 0.0375 0.0373883 -0.0226067 -0.0425 0.042779 -0.0226067 0.0375 0.042779 -0.0223184 -0.0425 0.0382172 -0.0223184 0.0375 0.0382172 -0.0222004 -0.0425 0.0419225 -0.0222004 0.0375 0.0419225 -0.0220232 -0.0425 0.0391181 -0.0220232 0.0375 0.0391181 -0.0219631 -0.0425 0.0410046 -0.0219631 0.0375 0.0410046 -0.0219033 -0.0425 0.0400585 -0.0219033 0.0375 0.0400585 -0.0216549 -0.0425 -0.0274966 -0.0216549 -0.0125 -0.0274966 -0.0213211 -0.0425 -0.0434341 -0.0213211 0.0375 -0.0434341 -0.0210612 -0.0425 0.0435607 -0.0210612 0.0375 0.0435607 -0.0208669 -0.0425 -0.0426019 -0.0208669 0.0375 -0.0426019 -0.0205208 -0.0425 0.0283531 -0.0205208 -0.0125 0.0283531 -0.0202639 -0.0425 -0.0418705 -0.0202639 0.0375 -0.0418705 -0.0195336 -0.0425 -0.041266 -0.0195336 0.0375 -0.041266 -0.0194887 -0.0425 0.0442866 -0.0194887 0.0375 0.0442866 -0.0187023 -0.0425 -0.0408102 -0.0187023 0.0375 -0.0408102 -0.0184437 0.0375 0.0014425 -0.0183707 0.0375 -0.0021834 -0.0180547 0.0375384 0.0014121 -0.0179833 0.0375384 -0.0021373 -0.0178912 -0.0425 0.0449557 -0.0178912 0.0375 0.0449557 -0.0178079 0.0375 0.005013 -0.0178 -0.0425 -0.0405195 -0.0178 0.0375 -0.0405195 -0.0176806 0.0376522 0.0013829 -0.0176107 0.0376522 -0.002093 -0.0175918 0.0375 -0.0057254 -0.0175029 -0.0425 0.0440908 -0.0175029 0.0375 0.0440908 -0.0174323 0.0375384 0.0049073 -0.0173359 0.0378371 0.0013559 -0.0172673 0.0378371 -0.0020522 -0.0172207 0.0375384 -0.0056046 -0.0170711 0.0376522 0.0048056 -0.0170338 0.0380858 0.0013323 -0.0169664 0.0380858 -0.0020165 -0.0169583 -0.0425 0.0433148 -0.0169583 0.0375 0.0433148 -0.016864 0.0376522 -0.0054885 -0.016859 -0.0425 -0.0404043 -0.016859 0.0375 -0.0404043 -0.0167858 0.0383889 0.0013129 -0.0167383 0.0378371 0.0047119 -0.0167194 0.0383889 -0.0019871 -0.0166015 0.0387346 0.0012985 -0.0165359 0.0387346 -0.0019653 -0.0165352 0.0378371 -0.0053815 -0.0164881 0.0391098 0.0012896 -0.0164877 0.0375 0.0083908 -0.0164498 0.0395 0.0012866 -0.0164498 0.0425 0.0012866 -0.0164466 0.0380858 0.0046298 -0.0164228 0.0391098 -0.0019519 -0.0163847 0.0395 -0.0019473 -0.0163847 0.0425 -0.0019473 -0.0162771 -0.0425 0.0426556 -0.0162771 0.0375 0.0426556 -0.016247 0.0380858 -0.0052877 -0.0162337 -0.0425 -0.0310075 -0.0162337 -0.0125 -0.0310075 -0.0162071 0.0383889 0.0045624 -0.01614 0.0375384 0.0082139 -0.0161368 0.0375 -0.0090473 -0.0160292 0.0387346 0.0045123 -0.0160105 0.0383889 -0.0052107 -0.0159197 0.0391098 0.0044815 -0.0159132 -0.0425 -0.0404688 -0.0159132 0.0375 -0.0404688 -0.0158827 0.0395 0.0044711 -0.0158827 0.0425 0.0044711 -0.0158347 0.0387346 -0.0051535 -0.0158056 0.0376522 0.0080437 -0.0157964 0.0375384 -0.0088565 -0.0157265 0.0391098 -0.0051183 -0.01569 0.0395 -0.0051064 -0.01569 0.0425 -0.0051064 -0.0155957 -0.0125 -0.0043257 -0.0155957 0.0225 -0.0043257 -0.0155799 -0.0125 -0.0051097 -0.0155799 0.0225 -0.0051097 -0.0154974 0.0378371 0.0078869 -0.0154836 -0.0425 0.0421367 -0.0154836 0.0375 0.0421367 -0.0154692 0.0376522 -0.008673 -0.0154582 -0.0125 -0.0035537 -0.0154582 0.0225 -0.0035537 -0.0154115 -0.0125 -0.0058755 -0.0154115 0.0225 -0.0058755 -0.0152273 0.0380858 0.0077494 -0.0151728 -0.0125 -0.0028234 -0.0151728 0.0225 -0.0028234 -0.0151676 0.0378371 -0.0085039 -0.0150969 -0.0125 -0.0065938 -0.0150969 0.0225 -0.0065938 -0.0150056 0.0383889 0.0076366 -0.0149965 -0.0425 -0.0407107 -0.0149965 0.0375 -0.0407107 -0.0149615 -0.0425 0.031641 -0.0149615 -0.0125 0.031641 -0.0149032 0.0380858 -0.0083557 -0.0148409 0.0387346 0.0075528 -0.0147503 -0.0125 -0.0021628 -0.0147503 0.0225 -0.0021628 -0.0147395 0.0391098 0.0075011 -0.0147052 0.0395 0.0074837 -0.0147052 0.0425 0.0074837 -0.0146863 0.0383889 -0.0082341 -0.0146482 -0.0125 -0.0072369 -0.0146482 0.0225 -0.0072369 -0.0146065 -0.0425 0.041777 -0.0146065 0.0375 0.041777 -0.0145339 0.0375 0.0114462 -0.0145251 0.0387346 -0.0081437 -0.0144258 0.0391098 -0.008088 -0.0143923 0.0395 -0.0080692 -0.0143923 0.0425 -0.0080692 -0.0142274 0.0375384 0.0112048 -0.0142071 -0.0125 -0.0015972 -0.0142071 0.0225 -0.0015972 -0.014142 -0.0425 -0.0411213 -0.014142 0.0375 -0.0411213 -0.0140827 -0.0125 -0.0077801 -0.0140827 0.0225 -0.0077801 -0.0140617 0.0375 -0.0120216 -0.0139326 0.0376522 0.0109726 -0.013808 -0.0125 0.0080458 -0.013808 0.0225 0.0080458 -0.0137923 -0.0125 0.0072618 -0.0137923 0.0225 0.0072618 -0.0137651 0.0375384 -0.0117681 -0.0136773 -0.0425 0.0415892 -0.0136773 0.0375 0.0415892 -0.0136706 -0.0125 0.0088178 -0.0136706 0.0225 0.0088178 -0.013661 0.0378371 0.0107587 -0.0136238 -0.0125 0.006496 -0.0136238 0.0225 0.006496 -0.013564 -0.0125 -0.0011486 -0.013564 0.0225 -0.0011486 -0.0134799 0.0376522 -0.0115243 -0.0134229 0.0380858 0.0105712 -0.0134221 -0.0125 -0.0082025 -0.0134221 0.0225 -0.0082025 -0.0133851 -0.0125 0.0095481 -0.0133851 0.0225 0.0095481 -0.0133804 -0.0425 -0.0416857 -0.0133804 0.0375 -0.0416857 -0.0133093 -0.0125 0.0057777 -0.0133093 0.0225 0.0057777 -0.0132275 0.0383889 0.0104173 -0.0132171 0.0378371 -0.0112996 -0.0131033 0.0225 -0.0045206 -0.0131033 0.0425 -0.0045206 -0.0130974 0.0225 -0.0048146 -0.0130974 0.0425 -0.0048146 -0.0130823 0.0387346 0.010303 -0.0130518 0.0225 -0.0042311 -0.0130518 0.0425 -0.0042311 -0.0130342 0.0225 -0.0051018 -0.0130342 0.0425 -0.0051018 -0.0129929 0.0391098 0.0102325 -0.0129867 0.0380858 -0.0111026 -0.0129627 -0.0125 0.0102088 -0.0129627 0.0225 0.0102088 -0.0129627 0.0395 0.0102088 -0.0129627 0.0425 0.0102088 -0.0129447 0.0225 -0.0039573 -0.0129447 0.0425 -0.0039573 -0.0129163 0.0225 -0.0053712 -0.0129163 0.0425 -0.0053712 -0.0128606 -0.0125 0.0051346 -0.0128606 0.0225 0.0051346 -0.0128458 -0.0125 -0.000834 -0.0128458 0.0225 -0.000834 -0.0127977 0.0383889 -0.010941 -0.0127863 0.0225 -0.0037095 -0.0127863 0.0425 -0.0037095 -0.012748 0.0225 -0.0056123 -0.012748 0.0425 -0.0056123 -0.0127389 -0.0425 -0.0423838 -0.0127389 0.0375 -0.0423838 -0.0127293 -0.0425 0.0415803 -0.0127293 0.0375 0.0415803 -0.0126918 -0.0125 -0.0084879 -0.0126918 0.0225 -0.0084879 -0.0126572 0.0387346 -0.0108209 -0.0125826 0.0225 -0.0034975 -0.0125826 0.0425 -0.0034975 -0.0125707 0.0391098 -0.010747 -0.0125415 0.0395 -0.010722 -0.0125415 0.0425 -0.010722 -0.0125359 0.0225 -0.005816 -0.0125359 0.0425 -0.005816 -0.0124195 -0.0125 0.0107743 -0.0124195 0.0225 0.0107743 -0.0123414 0.0225 -0.0033292 -0.0123414 0.0425 -0.0033292 -0.0122951 -0.0125 0.0045914 -0.0122951 0.0225 0.0045914 -0.0122882 0.0225 -0.0059744 -0.0122882 0.0425 -0.0059744 -0.0122408 -0.0425 -0.0431904 -0.0122408 0.0375 -0.0431904 -0.0121888 0.0275 0.0016225 -0.0121888 0.0425 0.0016225 -0.0121805 0.0275 0.0012109 -0.0121805 0.0425 0.0012109 -0.0121166 0.0275 0.0020278 -0.0121166 0.0425 0.0020278 -0.0120921 0.0275 0.0008088 -0.0120921 0.0425 0.0008088 -0.0120799 -0.0125 -0.0006656 -0.0120799 0.0225 -0.0006656 -0.0120721 0.0225 -0.0032112 -0.0120721 0.0425 -0.0032112 -0.0120216 0.0375 0.0140617 -0.0120143 0.0225 -0.0060815 -0.0120143 0.0425 -0.0060815 -0.0119667 0.0275 0.0024112 -0.0119667 0.0425 0.0024112 -0.01195 -0.0425 -0.0468861 -0.01195 0.0375 -0.0468861 -0.0119269 0.0275 0.0004317 -0.0119269 0.0425 0.0004317 -0.0119198 -0.0125 -0.0086254 -0.0119198 0.0225 -0.0086254 -0.0119039 -0.0425 -0.0440765 -0.0119039 0.0375 -0.0440765 -0.0117967 -0.0425 0.0417504 -0.0117967 0.0375 0.0417504 -0.0117849 0.0225 -0.0031481 -0.0117849 0.0425 -0.0031481 -0.0117764 -0.0125 0.0112229 -0.0117764 0.0225 0.0112229 -0.0117681 0.0375384 0.0137651 -0.0117558 -0.0425 -0.0459582 -0.0117558 0.0375 -0.0459582 -0.0117449 0.0275 0.002758 -0.0117449 0.0425 0.002758 -0.0117402 -0.0425 -0.0450103 -0.0117402 0.0375 -0.0450103 -0.0117248 0.0225 -0.006133 -0.0117248 0.0425 -0.006133 -0.0116913 0.0275 9.41e-05 -0.0116913 0.0425 9.41e-05 -0.0116344 -0.0125 0.004169 -0.0116344 0.0225 0.004169 -0.0115243 0.0376522 0.0134799 -0.0114909 0.0225 -0.0031422 -0.0114909 0.0425 -0.0031422 -0.0114598 0.0275 0.0030549 -0.0114598 0.0425 0.0030549 -0.0114462 0.0375 -0.0145339 -0.0114308 0.0225 -0.0061271 -0.0114308 0.0425 -0.0061271 -0.0113945 0.0275 -0.0001911 -0.0113945 0.0425 -0.0001911 -0.0113156 0.0225 0.0078509 -0.0113156 0.0425 0.0078509 -0.0113097 0.0225 0.0075569 -0.0113097 0.0425 0.0075569 -0.0112996 0.0378371 0.0132171 -0.011296 -0.0125 -0.0006498 -0.011296 0.0225 -0.0006498 -0.0112641 0.0225 0.0081404 -0.0112641 0.0425 0.0081404 -0.0112466 0.0225 0.0072697 -0.0112466 0.0425 0.0072697 -0.0112048 0.0375384 -0.0142274 -0.0112014 0.0225 -0.0031937 -0.0112014 0.0425 -0.0031937 -0.0111571 0.0225 0.0084142 -0.0111571 0.0425 0.0084142 -0.0111437 0.0225 -0.006064 -0.0111437 0.0425 -0.006064 -0.0111358 -0.0125 -0.0086096 -0.0111358 0.0225 -0.0086096 -0.0111286 0.0225 0.0070003 -0.0111286 0.0425 0.0070003 -0.0111221 0.0275 0.0032905 -0.0111221 0.0425 0.0032905 -0.0111026 0.0380858 0.0129867 -0.0110581 -0.0125 0.0115375 -0.0110581 0.0225 0.0115375 -0.0110476 0.0275 -0.0004129 -0.0110476 0.0425 -0.0004129 -0.0109986 0.0225 0.008662 -0.0109986 0.0425 0.008662 -0.0109726 0.0376522 -0.0139326 -0.0109604 0.0225 0.0067592 -0.0109604 0.0425 0.0067592 -0.010941 0.0383889 0.0127977 -0.0109275 0.0225 -0.0033008 -0.0109275 0.0425 -0.0033008 -0.010913 -0.0425 0.0420935 -0.010913 0.0375 0.0420935 -0.0109041 -0.0125 0.0038836 -0.0109041 0.0225 0.0038836 -0.0108743 0.0225 -0.005946 -0.0108743 0.0425 -0.005946 -0.0108209 0.0387346 0.0126572 -0.0107949 0.0225 0.008874 -0.0107949 0.0425 0.008874 -0.0107587 0.0378371 -0.013661 -0.0107483 0.0225 0.0065555 -0.0107483 0.0425 0.0065555 -0.010747 0.0391098 0.0125707 -0.0107451 0.0275 0.0034556 -0.0107451 0.0425 0.0034556 -0.010722 0.0395 0.0125415 -0.010722 0.0425 0.0125415 -0.0106798 0.0225 -0.0034592 -0.0106798 0.0425 -0.0034592 -0.0106642 0.0275 -0.0005627 -0.0106642 0.0425 -0.0005627 -0.0106331 0.0225 -0.0057777 -0.0106331 0.0425 -0.0057777 -0.0105712 0.0380858 -0.0134229 -0.0105538 0.0225 0.0090423 -0.0105538 0.0425 0.0090423 -0.010524 -0.0125 -0.0007873 -0.010524 0.0225 -0.0007873 -0.0105006 0.0225 0.0063971 -0.0105006 0.0425 0.0063971 -0.0104677 0.0225 -0.0036629 -0.0104677 0.0425 -0.0036629 -0.0104294 0.0225 -0.0055657 -0.0104294 0.0425 -0.0055657 -0.0104173 0.0383889 -0.0132275 -0.01037 -0.0125 -0.0084412 -0.01037 0.0225 -0.0084412 -0.010343 0.0275 0.003544 -0.010343 0.0425 0.003544 -0.010303 0.0387346 -0.0130823 -0.0102995 0.0225 -0.003904 -0.0102995 0.0425 -0.003904 -0.0102923 -0.0125 0.011706 -0.0102923 0.0225 0.011706 -0.0102844 0.0225 0.0091603 -0.0102844 0.0425 0.0091603 -0.010271 0.0225 -0.0053179 -0.010271 0.0425 -0.0053179 -0.0102643 -0.0425 -0.0472837 -0.0102643 0.0375 -0.0472837 -0.0102597 -0.0425 -0.0334625 -0.0102597 -0.0125 -0.0334625 -0.0102589 0.0275 -0.0006349 -0.0102589 0.0425 -0.0006349 -0.0102325 0.0391098 -0.0129929 -0.0102267 0.0225 0.00629 -0.0102267 0.0425 0.00629 -0.0102088 0.0395 -0.0129627 -0.0102088 0.0425 -0.0129627 -0.0101815 0.0225 -0.0041734 -0.0101815 0.0425 -0.0041734 -0.010164 0.0225 -0.0050441 -0.010164 0.0425 -0.0050441 -0.0101321 -0.0125 0.0037461 -0.0101321 0.0225 0.0037461 -0.0101184 0.0225 -0.0044606 -0.0101184 0.0425 -0.0044606 -0.0101124 0.0225 -0.0047546 -0.0101124 0.0425 -0.0047546 -0.0101099 -0.0425 0.0425972 -0.0101099 0.0375 0.0425972 -0.0099972 0.0225 0.0092234 -0.0099972 0.0425 0.0092234 -0.0099372 0.0225 0.0062385 -0.0099372 0.0425 0.0062385 -0.0099314 0.0275 0.0035523 -0.0099314 0.0425 0.0035523 -0.0098473 0.0275 -0.0006266 -0.0098473 0.0425 -0.0006266 -0.0097936 -0.0125 -0.0010727 -0.0097936 0.0225 -0.0010727 -0.0097033 0.0225 0.0092293 -0.0097033 0.0425 0.0092293 -0.0096517 -0.0125 -0.0081266 -0.0096517 0.0225 -0.0081266 -0.0096432 0.0225 0.0062444 -0.0096432 0.0425 0.0062444 -0.0095261 0.0275 0.0034802 -0.0095261 0.0425 0.0034802 -0.0095083 -0.0125 0.0117217 -0.0095083 0.0225 0.0117217 -0.0094452 0.0275 -0.0005382 -0.0094452 0.0425 -0.0005382 -0.0094163 -0.0425 0.0432435 -0.0094163 0.0375 0.0432435 -0.0094138 0.0225 0.0091778 -0.0094138 0.0425 0.0091778 -0.009356 0.0225 0.0063075 -0.009356 0.0425 0.0063075 -0.0093481 -0.0125 0.0037619 -0.0093481 0.0225 0.0037619 -0.0091427 0.0275 0.0033303 -0.0091427 0.0425 0.0033303 -0.0091399 0.0225 0.0090707 -0.0091399 0.0425 0.0090707 -0.009133 -0.0125 -0.0014951 -0.009133 0.0225 -0.0014951 -0.0090866 0.0225 0.0064255 -0.0090866 0.0425 0.0064255 -0.0090682 0.0275 -0.000373 -0.0090682 0.0425 -0.000373 -0.0090473 0.0375 0.0161368 -0.0090086 -0.0125 -0.007678 -0.0090086 0.0225 -0.007678 -0.0088927 -0.0425 0.0338514 -0.0088927 -0.0125 0.0338514 -0.0088921 0.0225 0.0089123 -0.0088921 0.0425 0.0089123 -0.0088571 -0.0425 0.0440091 -0.0088571 0.0375 0.0440091 -0.0088565 0.0375384 0.0157964 -0.0088455 0.0225 0.0065938 -0.0088455 0.0425 0.0065938 -0.0087959 0.0275 0.0031085 -0.0087959 0.0425 0.0031085 -0.0087363 -0.0125 0.0115843 -0.0087363 0.0225 0.0115843 -0.0087305 0.0275 -0.0001375 -0.0087305 0.0425 -0.0001375 -0.0086801 0.0225 0.0087086 -0.0086801 0.0425 0.0087086 -0.008673 0.0376522 0.0154692 -0.0086418 0.0225 0.0068058 -0.0086418 0.0425 0.0068058 -0.0085823 -0.0125 0.0039303 -0.0085823 0.0225 0.0039303 -0.0085675 -0.0125 -0.0020383 -0.0085675 0.0225 -0.0020383 -0.0085655 -0.0425 -0.0476208 -0.0085655 0.0375 -0.0476208 -0.0085118 0.0225 0.0084675 -0.0085118 0.0425 0.0084675 -0.0085039 0.0378371 0.0151676 -0.008499 0.0275 0.0028233 -0.008499 0.0425 0.0028233 -0.0084834 0.0225 0.0070536 -0.0084834 0.0425 0.0070536 -0.0084654 -0.0125 -0.0071125 -0.0084654 0.0225 -0.0071125 -0.0084525 -0.0425 0.0448664 -0.0084525 0.0375 0.0448664 -0.0084454 0.0275 0.0001594 -0.0084454 0.0425 0.0001594 -0.0083939 0.0225 0.0081981 -0.0083939 0.0425 0.0081981 -0.0083908 0.0375 -0.0164877 -0.0083763 0.0225 0.0073274 -0.0083763 0.0425 0.0073274 -0.0083557 0.0380858 0.0149032 -0.0083307 0.0225 0.0079109 -0.0083307 0.0425 0.0079109 -0.0083248 0.0225 0.0076169 -0.0083248 0.0425 0.0076169 -0.0082808 -0.0425 0.0476711 -0.0082808 0.0375 0.0476711 -0.0082634 0.0275 0.0024857 -0.0082634 0.0425 0.0024857 -0.0082341 0.0383889 0.0146863 -0.0082236 0.0275 0.0005063 -0.0082236 0.0425 0.0005063 -0.008217 -0.0425 0.0457847 -0.008217 0.0375 0.0457847 -0.0082139 0.0375384 -0.01614 -0.0081591 -0.0425 0.046731 -0.0081591 0.0375 0.046731 -0.0081437 0.0387346 0.0145251 -0.0081188 -0.0125 -0.0026814 -0.0081188 0.0225 -0.0026814 -0.0080982 0.0275 0.0021086 -0.0080982 0.0425 0.0021086 -0.008088 0.0391098 0.0144258 -0.0080737 0.0275 0.0008897 -0.0080737 0.0425 0.0008897 -0.0080692 0.0395 0.0143923 -0.0080692 0.0425 0.0143923 -0.0080437 0.0376522 -0.0158056 -0.008043 -0.0125 -0.0064518 -0.008043 0.0225 -0.0064518 -0.0080098 0.0275 0.0017066 -0.0080098 0.0425 0.0017066 -0.008006 -0.0125 0.0112988 -0.008006 0.0225 0.0112988 -0.0080015 0.0275 0.001295 -0.0080015 0.0425 0.001295 -0.0078869 0.0378371 -0.0154974 -0.007864 -0.0125 0.0042449 -0.007864 0.0225 0.0042449 -0.0078042 -0.0125 -0.0033997 -0.0078042 0.0225 -0.0033997 -0.0077575 -0.0125 -0.0057215 -0.0077575 0.0225 -0.0057215 -0.0077494 0.0380858 -0.0152273 -0.0076366 0.0383889 -0.0150056 -0.0076358 -0.0125 -0.0041655 -0.0076358 0.0225 -0.0041655 -0.00762 -0.0125 -0.0049495 -0.00762 0.0225 -0.0049495 -0.0075528 0.0387346 -0.0148409 -0.0075011 0.0391098 -0.0147395 -0.0074837 0.0395 -0.0147052 -0.0074837 0.0425 -0.0147052 -0.0073454 -0.0125 0.0108764 -0.0073454 0.0225 0.0108764 -0.0072209 -0.0125 0.0046935 -0.0072209 0.0225 0.0046935 -0.0068557 -0.0425 -0.0478968 -0.0068557 0.0375 -0.0478968 -0.0067799 -0.0125 0.0103332 -0.0067799 0.0225 0.0103332 -0.0066809 -0.0425 -0.0469651 -0.0066809 0.0375 -0.0469651 -0.0066777 -0.0125 0.0052591 -0.0066777 0.0225 0.0052591 -0.0065694 -0.0425 0.047937 -0.0065694 0.0375 0.047937 -0.0063334 -0.0425 -0.0460831 -0.0063334 0.0375 -0.0460831 -0.0063312 -0.0125 0.0096901 -0.0063312 0.0225 0.0096901 -0.0062553 -0.0125 0.0059197 -0.0062553 0.0225 0.0059197 -0.0060166 -0.0125 0.0089718 -0.0060166 0.0225 0.0089718 -0.0059699 -0.0125 0.00665 -0.0059699 0.0225 0.00665 -0.0058482 -0.0125 0.008206 -0.0058482 0.0225 0.008206 -0.0058324 -0.0125 0.007422 -0.0058324 0.0225 0.007422 -0.0058257 -0.0425 -0.0452825 -0.0058257 0.0375 -0.0452825 -0.0057755 -0.0125 -0.0120596 -0.0057755 0.0225 -0.0120596 -0.0057597 -0.0125 -0.0128436 -0.0057597 0.0225 -0.0128436 -0.0057254 0.0375 0.0175918 -0.005638 -0.0125 -0.0112876 -0.005638 0.0225 -0.0112876 -0.0056046 0.0375384 0.0172207 -0.0055913 -0.0125 -0.0136094 -0.0055913 0.0225 -0.0136094 -0.0054885 0.0376522 0.016864 -0.0053815 0.0378371 0.0165352 -0.0053526 -0.0125 -0.0105573 -0.0053526 0.0225 -0.0105573 -0.0052877 0.0380858 0.016247 -0.0052767 -0.0125 -0.0143277 -0.0052767 0.0225 -0.0143277 -0.0052107 0.0383889 0.0160105 -0.0051759 -0.0425 -0.0445921 -0.0051759 0.0375 -0.0445921 -0.0051535 0.0387346 0.0158347 -0.0051183 0.0391098 0.0157265 -0.0051064 0.0395 0.01569 -0.0051064 0.0425 0.01569 -0.005013 0.0375 -0.0178079 -0.0049301 -0.0125 -0.0098967 -0.0049301 0.0225 -0.0098967 -0.0049073 0.0375384 -0.0174323 -0.0048495 -0.0425 0.0481414 -0.0048495 0.0375 0.0481414 -0.004828 -0.0125 -0.0149708 -0.004828 0.0225 -0.0149708 -0.0048056 0.0376522 -0.0170711 -0.0047119 0.0378371 -0.0167383 -0.0046298 0.0380858 -0.0164466 -0.0045624 0.0383889 -0.0162071 -0.0045123 0.0387346 -0.0160292 -0.0044815 0.0391098 -0.0159197 -0.0044711 0.0395 -0.0158827 -0.0044711 0.0425 -0.0158827 -0.0044076 -0.0425 -0.0440368 -0.0044076 0.0375 -0.0440368 -0.0043869 -0.0125 -0.0093311 -0.0043869 0.0225 -0.0093311 -0.0042625 -0.0125 -0.015514 -0.0042625 0.0225 -0.015514 -0.0039363 -0.0425 -0.0347779 -0.0039363 -0.0125 -0.0347779 -0.0037438 -0.0125 -0.0088825 -0.0037438 0.0225 -0.0088825 -0.0036019 -0.0125 -0.0159364 -0.0036019 0.0225 -0.0159364 -0.0035482 -0.0425 -0.0436365 -0.0035482 0.0375 -0.0436365 -0.0032831 0.0225 -0.0122545 -0.0032831 0.0425 -0.0122545 -0.0032772 0.0225 -0.0125485 -0.0032772 0.0425 -0.0125485 -0.0032315 0.0225 -0.0119651 -0.0032315 0.0425 -0.0119651 -0.003214 0.0225 -0.0128357 -0.003214 0.0425 -0.0128357 -0.0031245 0.0225 -0.0116912 -0.0031245 0.0425 -0.0116912 -0.0031235 -0.0425 0.0482841 -0.0031235 0.0375 0.0482841 -0.003096 0.0225 -0.0131051 -0.003096 0.0425 -0.0131051 -0.0030256 -0.0125 -0.0085679 -0.0030256 0.0225 -0.0085679 -0.0030214 -0.0425 0.0473416 -0.0030214 0.0375 0.0473416 -0.0029661 0.0225 -0.0114434 -0.0029661 0.0425 -0.0114434 -0.0029278 0.0225 -0.0133462 -0.0029278 0.0425 -0.0133462 -0.0028715 -0.0125 -0.0162219 -0.0028715 0.0225 -0.0162219 -0.0027624 0.0225 -0.0112314 -0.0027624 0.0425 -0.0112314 -0.0027433 -0.0425 0.0464353 -0.0027433 0.0375 0.0464353 -0.0027157 0.0225 -0.0135499 -0.0027157 0.0425 -0.0135499 -0.0026288 -0.0425 -0.0434056 -0.0026288 0.0375 -0.0434056 -0.0025212 0.0225 -0.0110631 -0.0025212 0.0425 -0.0110631 -0.0025211 -0.0425 0.0349091 -0.0025211 -0.0125 0.0349091 -0.002468 0.0225 -0.0137084 -0.002468 0.0425 -0.0137084 -0.0022991 -0.0425 0.0455977 -0.0022991 0.0375 0.0455977 -0.0022597 -0.0125 -0.0083995 -0.0022597 0.0225 -0.0083995 -0.0022519 0.0225 -0.0109452 -0.0022519 0.0425 -0.0109452 -0.0022002 -0.0125 0.0126834 -0.0022002 0.0225 0.0126834 -0.0021941 0.0225 -0.0138154 -0.0021941 0.0425 -0.0138154 -0.0021844 -0.0125 0.0118994 -0.0021844 0.0225 0.0118994 -0.0021834 0.0375 0.0183707 -0.0021373 0.0375384 0.0179833 -0.0020996 -0.0125 -0.0163593 -0.0020996 0.0225 -0.0163593 -0.002093 0.0376522 0.0176107 -0.0020627 -0.0125 0.0134554 -0.0020627 0.0225 0.0134554 -0.0020522 0.0378371 0.0172673 -0.0020165 0.0380858 0.0169664 -0.002016 -0.0125 0.0111336 -0.002016 0.0225 0.0111336 -0.0019871 0.0383889 0.0167194 -0.0019653 0.0387346 0.0165359 -0.0019647 0.0225 -0.010882 -0.0019647 0.0425 -0.010882 -0.0019519 0.0391098 0.0164228 -0.0019473 0.0395 0.0163847 -0.0019473 0.0425 0.0163847 -0.0019046 0.0225 -0.0138669 -0.0019046 0.0425 -0.0138669 -0.0017773 -0.0125 0.0141857 -0.0017773 0.0225 0.0141857 -0.0017049 -0.0425 0.0448591 -0.0017049 0.0375 0.0448591 -0.0017014 -0.0125 0.0104153 -0.0017014 0.0225 0.0104153 -0.0016822 -0.0425 -0.0433524 -0.0016822 0.0375 -0.0433524 -0.0016707 0.0225 -0.0108761 -0.0016707 0.0425 -0.0108761 -0.0016106 0.0225 -0.013861 -0.0016106 0.0425 -0.013861 -0.0014758 -0.0125 -0.0083837 -0.0014758 0.0225 -0.0083837 -0.0014425 0.0375 -0.0184437 -0.0014121 0.0375384 -0.0180547 -0.0013829 0.0376522 -0.0176806 -0.0013812 0.0225 -0.0109276 -0.0013812 0.0425 -0.0109276 -0.0013559 0.0378371 -0.0173359 -0.0013548 -0.0125 0.0148464 -0.0013548 0.0225 0.0148464 -0.0013323 0.0380858 -0.0170338 -0.0013234 0.0225 -0.0137979 -0.0013234 0.0425 -0.0137979 -0.0013156 -0.0125 -0.0163436 -0.0013156 0.0225 -0.0163436 -0.0013129 0.0383889 -0.0167858 -0.0012985 0.0387346 -0.0166015 -0.0012896 0.0391098 -0.0164881 -0.0012866 0.0395 -0.0164498 -0.0012866 0.0425 -0.0164498 -0.0012527 -0.0125 0.0097722 -0.0012527 0.0225 0.0097722 -0.0011073 0.0225 -0.0110347 -0.0011073 0.0425 -0.0110347 -0.0010541 0.0225 -0.0136799 -0.0010541 0.0425 -0.0136799 -0.0009819 -0.0425 0.0442459 -0.0009819 0.0375 0.0442459 -0.0008596 0.0225 -0.0111931 -0.0008596 0.0425 -0.0111931 -0.0008129 0.0225 -0.0135116 -0.0008129 0.0425 -0.0135116 -0.0008116 -0.0125 0.0154119 -0.0008116 0.0225 0.0154119 -0.0007427 -0.0425 -0.0434788 -0.0007427 0.0375 -0.0434788 -0.0007038 -0.0125 -0.0085212 -0.0007038 0.0225 -0.0085212 -0.0006872 -0.0125 0.009229 -0.0006872 0.0225 0.009229 -0.0006475 0.0225 -0.0113968 -0.0006475 0.0425 -0.0113968 -0.0006092 0.0225 -0.0132996 -0.0006092 0.0425 -0.0132996 -0.0005497 -0.0125 -0.0161751 -0.0005497 0.0225 -0.0161751 -0.0004793 0.0225 -0.0116379 -0.0004793 0.0425 -0.0116379 -0.0004508 0.0225 -0.0130518 -0.0004508 0.0425 -0.0130518 -0.0003613 0.0225 -0.0119073 -0.0003613 0.0425 -0.0119073 -0.0003438 0.0225 -0.012778 -0.0003438 0.0425 -0.012778 -0.0002981 0.0225 -0.0121945 -0.0002981 0.0425 -0.0121945 -0.0002922 0.0225 -0.0124885 -0.0002922 0.0425 -0.0124885 -0.0001685 -0.0125 0.0158605 -0.0001685 0.0225 0.0158605 -0.0001561 -0.0425 0.0437802 -0.0001561 0.0375 0.0437802 -2.66e-05 -0.0125 0.0088066 -2.66e-05 0.0225 0.0088066 2.66e-05 -0.0125 -0.0088066 2.66e-05 0.0225 -0.0088066 0.0001561 -0.0425 -0.0437802 0.0001561 0.0375 -0.0437802 0.0001685 -0.0125 -0.0158605 0.0001685 0.0225 -0.0158605 0.0002922 0.0225 0.0124885 0.0002922 0.0425 0.0124885 0.0002981 0.0225 0.0121945 0.0002981 0.0425 0.0121945 0.0003438 0.0225 0.012778 0.0003438 0.0425 0.012778 0.0003613 0.0225 0.0119073 0.0003613 0.0425 0.0119073 0.0004508 0.0225 0.0130518 0.0004508 0.0425 0.0130518 0.0004793 0.0225 0.0116379 0.0004793 0.0425 0.0116379 0.0005497 -0.0125 0.0161751 0.0005497 0.0225 0.0161751 0.0006092 0.0225 0.0132996 0.0006092 0.0425 0.0132996 0.0006475 0.0225 0.0113968 0.0006475 0.0425 0.0113968 0.0006872 -0.0125 -0.009229 0.0006872 0.0225 -0.009229 0.0007038 -0.0125 0.0085212 0.0007038 0.0225 0.0085212 0.0007427 -0.0425 0.0434788 0.0007427 0.0375 0.0434788 0.0008116 -0.0125 -0.0154119 0.0008116 0.0225 -0.0154119 0.0008129 0.0225 0.0135116 0.0008129 0.0425 0.0135116 0.0008596 0.0225 0.0111931 0.0008596 0.0425 0.0111931 0.0009819 -0.0425 -0.0442459 0.0009819 0.0375 -0.0442459 0.0010541 0.0225 0.0136799 0.0010541 0.0425 0.0136799 0.0011073 0.0225 0.0110347 0.0011073 0.0425 0.0110347 0.0012527 -0.0125 -0.0097722 0.0012527 0.0225 -0.0097722 0.0012866 0.0395 0.0164498 0.0012866 0.0425 0.0164498 0.0012896 0.0391098 0.0164881 0.0012985 0.0387346 0.0166015 0.0013129 0.0383889 0.0167858 0.0013156 -0.0125 0.0163436 0.0013156 0.0225 0.0163436 0.0013234 0.0225 0.0137979 0.0013234 0.0425 0.0137979 0.0013323 0.0380858 0.0170338 0.0013548 -0.0125 -0.0148464 0.0013548 0.0225 -0.0148464 0.0013559 0.0378371 0.0173359 0.0013812 0.0225 0.0109276 0.0013812 0.0425 0.0109276 0.0013829 0.0376522 0.0176806 0.0014121 0.0375384 0.0180547 0.0014425 0.0375 0.0184437 0.0014758 -0.0125 0.0083837 0.0014758 0.0225 0.0083837 0.0016106 0.0225 0.013861 0.0016106 0.0425 0.013861 0.0016707 0.0225 0.0108761 0.0016707 0.0425 0.0108761 0.0016822 -0.0425 0.0433524 0.0016822 0.0375 0.0433524 0.0016907 0.0275 -0.0093083 0.0016907 0.0425 -0.0093083 0.001699 0.0275 -0.0097199 0.001699 0.0425 -0.0097199 0.0017014 -0.0125 -0.0104153 0.0017014 0.0225 -0.0104153 0.0017049 -0.0425 -0.0448591 0.0017049 0.0375 -0.0448591 0.0017629 0.0275 -0.008903 0.0017629 0.0425 -0.008903 0.0017773 -0.0125 -0.0141857 0.0017773 0.0225 -0.0141857 0.0017874 0.0275 -0.0101219 0.0017874 0.0425 -0.0101219 0.0019046 0.0225 0.0138669 0.0019046 0.0425 0.0138669 0.0019127 0.0275 -0.0085196 0.0019127 0.0425 -0.0085196 0.0019473 0.0395 -0.0163847 0.0019473 0.0425 -0.0163847 0.0019519 0.0391098 -0.0164228 0.0019525 0.0275 -0.010499 0.0019525 0.0425 -0.010499 0.0019647 0.0225 0.010882 0.0019647 0.0425 0.010882 0.0019653 0.0387346 -0.0165359 0.0019871 0.0383889 -0.0167194 0.002016 -0.0125 -0.0111336 0.002016 0.0225 -0.0111336 0.0020165 0.0380858 -0.0169664 0.0020522 0.0378371 -0.0172673 0.0020627 -0.0125 -0.0134554 0.0020627 0.0225 -0.0134554 0.002093 0.0376522 -0.0176107 0.0020996 -0.0125 0.0163593 0.0020996 0.0225 0.0163593 0.0021345 0.0275 -0.0081727 0.0021345 0.0425 -0.0081727 0.0021373 0.0375384 -0.0179833 0.0021834 0.0375 -0.0183707 0.0021844 -0.0125 -0.0118994 0.0021844 0.0225 -0.0118994 0.0021881 0.0275 -0.0108366 0.0021881 0.0425 -0.0108366 0.0021941 0.0225 0.0138154 0.0021941 0.0425 0.0138154 0.0022002 -0.0125 -0.0126834 0.0022002 0.0225 -0.0126834 0.0022519 0.0225 0.0109452 0.0022519 0.0425 0.0109452 0.0022597 -0.0125 0.0083995 0.0022597 0.0225 0.0083995 0.0022991 -0.0425 -0.0455977 0.0022991 0.0375 -0.0455977 0.0024197 0.0275 -0.0078758 0.0024197 0.0425 -0.0078758 0.002468 0.0225 0.0137084 0.002468 0.0425 0.0137084 0.002485 0.0275 -0.0111218 0.002485 0.0425 -0.0111218 0.0025211 -0.0425 -0.0349091 0.0025211 -0.0125 -0.0349091 0.0025212 0.0225 0.0110631 0.0025212 0.0425 0.0110631 0.0026288 -0.0425 0.0434056 0.0026288 0.0375 0.0434056 0.0027157 0.0225 0.0135499 0.0027157 0.0425 0.0135499 0.0027433 -0.0425 -0.0464353 0.0027433 0.0375 -0.0464353 0.0027573 0.0275 -0.0076403 0.0027573 0.0425 -0.0076403 0.0027624 0.0225 0.0112314 0.0027624 0.0425 0.0112314 0.0028318 0.0275 -0.0113436 0.0028318 0.0425 -0.0113436 0.0028715 -0.0125 0.0162219 0.0028715 0.0225 0.0162219 0.0029278 0.0225 0.0133462 0.0029278 0.0425 0.0133462 0.0029661 0.0225 0.0114434 0.0029661 0.0425 0.0114434 0.0030214 -0.0425 -0.0473416 0.0030214 0.0375 -0.0473416 0.0030256 -0.0125 0.0085679 0.0030256 0.0225 0.0085679 0.003096 0.0225 0.0131051 0.003096 0.0425 0.0131051 0.0031235 -0.0425 -0.0482841 0.0031235 0.0375 -0.0482841 0.0031245 0.0225 0.0116912 0.0031245 0.0425 0.0116912 0.0031344 0.0275 -0.0074751 0.0031344 0.0425 -0.0074751 0.003214 0.0225 0.0128357 0.003214 0.0425 0.0128357 0.0032152 0.0275 -0.0114935 0.0032152 0.0425 -0.0114935 0.0032315 0.0225 0.0119651 0.0032315 0.0425 0.0119651 0.0032772 0.0225 0.0125485 0.0032772 0.0425 0.0125485 0.0032831 0.0225 0.0122545 0.0032831 0.0425 0.0122545 0.0035364 0.0275 -0.0073867 0.0035364 0.0425 -0.0073867 0.0035482 -0.0425 0.0436365 0.0035482 0.0375 0.0436365 0.0036019 -0.0125 0.0159364 0.0036019 0.0225 0.0159364 0.0036205 0.0275 -0.0115656 0.0036205 0.0425 -0.0115656 0.0037438 -0.0125 0.0088825 0.0037438 0.0225 0.0088825 0.0039363 -0.0425 0.0347779 0.0039363 -0.0125 0.0347779 0.003948 0.0275 -0.0073784 0.003948 0.0425 -0.0073784 0.0040321 0.0275 -0.0115573 0.0040321 0.0425 -0.0115573 0.0042173 0.0275 0.008177 0.0042173 0.0425 0.008177 0.0042255 0.0275 0.0077655 0.0042255 0.0425 0.0077655 0.0042625 -0.0125 0.015514 0.0042625 0.0225 0.015514 0.0042894 0.0275 0.0085823 0.0042894 0.0425 0.0085823 0.004314 0.0275 0.0073634 0.004314 0.0425 0.0073634 0.0043533 0.0275 -0.0074506 0.0043533 0.0425 -0.0074506 0.0043869 -0.0125 0.0093311 0.0043869 0.0225 0.0093311 0.0044076 -0.0425 0.0440368 0.0044076 0.0375 0.0440368 0.0044342 0.0275 -0.0114689 0.0044342 0.0425 -0.0114689 0.0044393 0.0275 0.0089658 0.0044393 0.0425 0.0089658 0.0044711 0.0395 0.0158827 0.0044711 0.0425 0.0158827 0.0044791 0.0275 0.0069863 0.0044791 0.0425 0.0069863 0.0044815 0.0391098 0.0159197 0.0045123 0.0387346 0.0160292 0.0045624 0.0383889 0.0162071 0.0046298 0.0380858 0.0164466 0.0046611 0.0275 0.0093126 0.0046611 0.0425 0.0093126 0.0047119 0.0378371 0.0167383 0.0047147 0.0275 0.0066487 0.0047147 0.0425 0.0066487 0.0047368 0.0275 -0.0076004 0.0047368 0.0425 -0.0076004 0.0048056 0.0376522 0.0170711 0.0048113 0.0275 -0.0113038 0.0048113 0.0425 -0.0113038 0.004828 -0.0125 0.0149708 0.004828 0.0225 0.0149708 0.0048495 -0.0425 -0.0481414 0.0048495 0.0375 -0.0481414 0.0049073 0.0375384 0.0174323 0.0049301 -0.0125 0.0098967 0.0049301 0.0225 0.0098967 0.0049463 0.0275 0.0096095 0.0049463 0.0425 0.0096095 0.0050116 0.0275 0.0063635 0.0050116 0.0425 0.0063635 0.005013 0.0375 0.0178079 0.0050836 0.0275 -0.0078222 0.0050836 0.0425 -0.0078222 0.0051064 0.0395 -0.01569 0.0051064 0.0425 -0.01569 0.0051183 0.0391098 -0.0157265 0.0051489 0.0275 -0.0110682 0.0051489 0.0425 -0.0110682 0.0051535 0.0387346 -0.0158347 0.0051759 -0.0425 0.0445921 0.0051759 0.0375 0.0445921 0.0052107 0.0383889 -0.0160105 0.0052767 -0.0125 0.0143277 0.0052767 0.0225 0.0143277 0.0052839 0.0275 0.009845 0.0052839 0.0425 0.009845 0.0052877 0.0380858 -0.016247 0.0053526 -0.0125 0.0105573 0.0053526 0.0225 0.0105573 0.0053584 0.0275 0.0061417 0.0053584 0.0425 0.0061417 0.0053805 0.0275 -0.0081074 0.0053805 0.0425 -0.0081074 0.0053815 0.0378371 -0.0165352 0.0054341 0.0275 -0.0107713 0.0054341 0.0425 -0.0107713 0.0054885 0.0376522 -0.016864 0.0055913 -0.0125 0.0136094 0.0055913 0.0225 0.0136094 0.0056046 0.0375384 -0.0172207 0.005616 0.0275 -0.008445 0.005616 0.0425 -0.008445 0.005638 -0.0125 0.0112876 0.005638 0.0225 0.0112876 0.0056559 0.0275 -0.0104245 0.0056559 0.0425 -0.0104245 0.005661 0.0275 0.0100102 0.005661 0.0425 0.0100102 0.0057254 0.0375 -0.0175918 0.0057418 0.0275 0.0059919 0.0057418 0.0425 0.0059919 0.0057597 -0.0125 0.0128436 0.0057597 0.0225 0.0128436 0.0057755 -0.0125 0.0120596 0.0057755 0.0225 0.0120596 0.0057812 0.0275 -0.0088221 0.0057812 0.0425 -0.0088221 0.0058057 0.0275 -0.0100411 0.0058057 0.0425 -0.0100411 0.0058257 -0.0425 0.0452825 0.0058257 0.0375 0.0452825 0.0058324 -0.0125 -0.007422 0.0058324 0.0225 -0.007422 0.0058482 -0.0125 -0.008206 0.0058482 0.0225 -0.008206 0.0058696 0.0275 -0.0092242 0.0058696 0.0425 -0.0092242 0.0058779 0.0275 -0.0096358 0.0058779 0.0425 -0.0096358 0.0059699 -0.0125 -0.00665 0.0059699 0.0225 -0.00665 0.0060166 -0.0125 -0.0089718 0.0060166 0.0225 -0.0089718 0.006063 0.0275 0.0100986 0.006063 0.0425 0.0100986 0.0061471 0.0275 0.0059197 0.0061471 0.0425 0.0059197 0.0062553 -0.0125 -0.0059197 0.0062553 0.0225 -0.0059197 0.0063312 -0.0125 -0.0096901 0.0063312 0.0225 -0.0096901 0.0063334 -0.0425 0.0460831 0.0063334 0.0375 0.0460831 0.0064746 0.0275 0.0101069 0.0064746 0.0425 0.0101069 0.0065587 0.0275 0.005928 0.0065587 0.0425 0.005928 0.0065694 -0.0425 -0.047937 0.0065694 0.0375 -0.047937 0.0066777 -0.0125 -0.0052591 0.0066777 0.0225 -0.0052591 0.0066809 -0.0425 0.0469651 0.0066809 0.0375 0.0469651 0.0067799 -0.0125 -0.0103332 0.0067799 0.0225 -0.0103332 0.0068557 -0.0425 0.0478968 0.0068557 0.0375 0.0478968 0.0068799 0.0275 0.0100347 0.0068799 0.0425 0.0100347 0.0069608 0.0275 0.0060164 0.0069608 0.0425 0.0060164 0.0072209 -0.0125 -0.0046935 0.0072209 0.0225 -0.0046935 0.0072633 0.0275 0.0098849 0.0072633 0.0425 0.0098849 0.0073379 0.0275 0.0061816 0.0073379 0.0425 0.0061816 0.0073454 -0.0125 -0.0108764 0.0073454 0.0225 -0.0108764 0.0074837 0.0395 0.0147052 0.0074837 0.0425 0.0147052 0.0075011 0.0391098 0.0147395 0.0075528 0.0387346 0.0148409 0.0076102 0.0275 0.0096631 0.0076102 0.0425 0.0096631 0.00762 -0.0125 0.0049495 0.00762 0.0225 0.0049495 0.0076358 -0.0125 0.0041655 0.0076358 0.0225 0.0041655 0.0076366 0.0383889 0.0150056 0.0076755 0.0275 0.0064171 0.0076755 0.0425 0.0064171 0.0077494 0.0380858 0.0152273 0.0077575 -0.0125 0.0057215 0.0077575 0.0225 0.0057215 0.0078042 -0.0125 0.0033997 0.0078042 0.0225 0.0033997 0.007864 -0.0125 -0.0042449 0.007864 0.0225 -0.0042449 0.0078869 0.0378371 0.0154974 0.0079071 0.0275 0.0093779 0.0079071 0.0425 0.0093779 0.0079607 0.0275 0.006714 0.0079607 0.0425 0.006714 0.008006 -0.0125 -0.0112988 0.008006 0.0225 -0.0112988 0.008043 -0.0125 0.0064518 0.008043 0.0225 0.0064518 0.0080437 0.0376522 0.0158056 0.0080692 0.0395 -0.0143923 0.0080692 0.0425 -0.0143923 0.008088 0.0391098 -0.0144258 0.0081188 -0.0125 0.0026814 0.0081188 0.0225 0.0026814 0.0081426 0.0275 0.0090403 0.0081426 0.0425 0.0090403 0.0081437 0.0387346 -0.0145251 0.0081591 -0.0425 -0.046731 0.0081591 0.0375 -0.046731 0.0081824 0.0275 0.0070608 0.0081824 0.0425 0.0070608 0.0082139 0.0375384 0.01614 0.008217 -0.0425 -0.0457847 0.008217 0.0375 -0.0457847 0.0082341 0.0383889 -0.0146863 0.0082808 -0.0425 -0.0476711 0.0082808 0.0375 -0.0476711 0.0083078 0.0275 0.0086632 0.0083078 0.0425 0.0086632 0.0083248 0.0225 -0.0076169 0.0083248 0.0425 -0.0076169 0.0083307 0.0225 -0.0079109 0.0083307 0.0425 -0.0079109 0.0083323 0.0275 0.0074443 0.0083323 0.0425 0.0074443 0.0083557 0.0380858 -0.0149032 0.0083763 0.0225 -0.0073274 0.0083763 0.0425 -0.0073274 0.0083908 0.0375 0.0164877 0.0083939 0.0225 -0.0081981 0.0083939 0.0425 -0.0081981 0.0083962 0.0275 0.0082611 0.0083962 0.0425 0.0082611 0.0084045 0.0275 0.0078495 0.0084045 0.0425 0.0078495 0.0084525 -0.0425 -0.0448664 0.0084525 0.0375 -0.0448664 0.0084654 -0.0125 0.0071125 0.0084654 0.0225 0.0071125 0.0084834 0.0225 -0.0070536 0.0084834 0.0425 -0.0070536 0.0085039 0.0378371 -0.0151676 0.0085118 0.0225 -0.0084675 0.0085118 0.0425 -0.0084675 0.0085655 -0.0425 0.0476208 0.0085655 0.0375 0.0476208 0.0085675 -0.0125 0.0020383 0.0085675 0.0225 0.0020383 0.0085823 -0.0125 -0.0039303 0.0085823 0.0225 -0.0039303 0.0086418 0.0225 -0.0068058 0.0086418 0.0425 -0.0068058 0.008673 0.0376522 -0.0154692 0.0086801 0.0225 -0.0087086 0.0086801 0.0425 -0.0087086 0.0087363 -0.0125 -0.0115843 0.0087363 0.0225 -0.0115843 0.0088455 0.0225 -0.0065938 0.0088455 0.0425 -0.0065938 0.0088565 0.0375384 -0.0157964 0.0088571 -0.0425 -0.0440091 0.0088571 0.0375 -0.0440091 0.0088921 0.0225 -0.0089123 0.0088921 0.0425 -0.0089123 0.0088927 -0.0425 -0.0338514 0.0088927 -0.0125 -0.0338514 0.0090086 -0.0125 0.007678 0.0090086 0.0225 0.007678 0.0090473 0.0375 -0.0161368 0.0090866 0.0225 -0.0064255 0.0090866 0.0425 -0.0064255 0.009133 -0.0125 0.0014951 0.009133 0.0225 0.0014951 0.0091399 0.0225 -0.0090707 0.0091399 0.0425 -0.0090707 0.0093481 -0.0125 -0.0037619 0.0093481 0.0225 -0.0037619 0.009356 0.0225 -0.0063075 0.009356 0.0425 -0.0063075 0.0094138 0.0225 -0.0091778 0.0094138 0.0425 -0.0091778 0.0094163 -0.0425 -0.0432435 0.0094163 0.0375 -0.0432435 0.0095083 -0.0125 -0.0117217 0.0095083 0.0225 -0.0117217 0.0096432 0.0225 -0.0062444 0.0096432 0.0425 -0.0062444 0.0096517 -0.0125 0.0081266 0.0096517 0.0225 0.0081266 0.0097033 0.0225 -0.0092293 0.0097033 0.0425 -0.0092293 0.0097936 -0.0125 0.0010727 0.0097936 0.0225 0.0010727 0.0099372 0.0225 -0.0062385 0.0099372 0.0425 -0.0062385 0.0099972 0.0225 -0.0092234 0.0099972 0.0425 -0.0092234 0.0101099 -0.0425 -0.0425972 0.0101099 0.0375 -0.0425972 0.0101124 0.0225 0.0047546 0.0101124 0.0425 0.0047546 0.0101184 0.0225 0.0044606 0.0101184 0.0425 0.0044606 0.0101321 -0.0125 -0.0037461 0.0101321 0.0225 -0.0037461 0.010164 0.0225 0.0050441 0.010164 0.0425 0.0050441 0.0101815 0.0225 0.0041734 0.0101815 0.0425 0.0041734 0.0102088 0.0395 0.0129627 0.0102088 0.0425 0.0129627 0.0102267 0.0225 -0.00629 0.0102267 0.0425 -0.00629 0.0102325 0.0391098 0.0129929 0.0102597 -0.0425 0.0334625 0.0102597 -0.0125 0.0334625 0.0102643 -0.0425 0.0472837 0.0102643 0.0375 0.0472837 0.010271 0.0225 0.0053179 0.010271 0.0425 0.0053179 0.0102844 0.0225 -0.0091603 0.0102844 0.0425 -0.0091603 0.0102923 -0.0125 -0.011706 0.0102923 0.0225 -0.011706 0.0102995 0.0225 0.003904 0.0102995 0.0425 0.003904 0.010303 0.0387346 0.0130823 0.01037 -0.0125 0.0084412 0.01037 0.0225 0.0084412 0.0104173 0.0383889 0.0132275 0.0104294 0.0225 0.0055657 0.0104294 0.0425 0.0055657 0.0104677 0.0225 0.0036629 0.0104677 0.0425 0.0036629 0.0105006 0.0225 -0.0063971 0.0105006 0.0425 -0.0063971 0.010524 -0.0125 0.0007873 0.010524 0.0225 0.0007873 0.0105538 0.0225 -0.0090423 0.0105538 0.0425 -0.0090423 0.0105712 0.0380858 0.0134229 0.0106331 0.0225 0.0057777 0.0106331 0.0425 0.0057777 0.0106798 0.0225 0.0034592 0.0106798 0.0425 0.0034592 0.010722 0.0395 -0.0125415 0.010722 0.0425 -0.0125415 0.010747 0.0391098 -0.0125707 0.0107483 0.0225 -0.0065555 0.0107483 0.0425 -0.0065555 0.0107587 0.0378371 0.013661 0.0107949 0.0225 -0.008874 0.0107949 0.0425 -0.008874 0.0108209 0.0387346 -0.0126572 0.0108743 0.0225 0.005946 0.0108743 0.0425 0.005946 0.0109041 -0.0125 -0.0038836 0.0109041 0.0225 -0.0038836 0.010913 -0.0425 -0.0420935 0.010913 0.0375 -0.0420935 0.0109275 0.0225 0.0033008 0.0109275 0.0425 0.0033008 0.010941 0.0383889 -0.0127977 0.0109604 0.0225 -0.0067592 0.0109604 0.0425 -0.0067592 0.0109726 0.0376522 0.0139326 0.0109986 0.0225 -0.008662 0.0109986 0.0425 -0.008662 0.0110581 -0.0125 -0.0115375 0.0110581 0.0225 -0.0115375 0.0111026 0.0380858 -0.0129867 0.0111286 0.0225 -0.0070003 0.0111286 0.0425 -0.0070003 0.0111358 -0.0125 0.0086096 0.0111358 0.0225 0.0086096 0.0111437 0.0225 0.006064 0.0111437 0.0425 0.006064 0.0111571 0.0225 -0.0084142 0.0111571 0.0425 -0.0084142 0.0112014 0.0225 0.0031937 0.0112014 0.0425 0.0031937 0.0112048 0.0375384 0.0142274 0.0112466 0.0225 -0.0072697 0.0112466 0.0425 -0.0072697 0.0112641 0.0225 -0.0081404 0.0112641 0.0425 -0.0081404 0.011296 -0.0125 0.0006498 0.011296 0.0225 0.0006498 0.0112996 0.0378371 -0.0132171 0.0113097 0.0225 -0.0075569 0.0113097 0.0425 -0.0075569 0.0113156 0.0225 -0.0078509 0.0113156 0.0425 -0.0078509 0.0114308 0.0225 0.0061271 0.0114308 0.0425 0.0061271 0.0114462 0.0375 0.0145339 0.0114909 0.0225 0.0031422 0.0114909 0.0425 0.0031422 0.0115243 0.0376522 -0.0134799 0.0116344 -0.0125 -0.004169 0.0116344 0.0225 -0.004169 0.0117248 0.0225 0.006133 0.0117248 0.0425 0.006133 0.0117402 -0.0425 0.0450103 0.0117402 0.0375 0.0450103 0.0117558 -0.0425 0.0459582 0.0117558 0.0375 0.0459582 0.0117681 0.0375384 -0.0137651 0.0117764 -0.0125 -0.0112229 0.0117764 0.0225 -0.0112229 0.0117849 0.0225 0.0031481 0.0117849 0.0425 0.0031481 0.0117967 -0.0425 -0.0417504 0.0117967 0.0375 -0.0417504 0.0119039 -0.0425 0.0440765 0.0119039 0.0375 0.0440765 0.0119198 -0.0125 0.0086254 0.0119198 0.0225 0.0086254 0.01195 -0.0425 0.0468861 0.01195 0.0375 0.0468861 0.0120143 0.0225 0.0060815 0.0120143 0.0425 0.0060815 0.0120216 0.0375 -0.0140617 0.0120721 0.0225 0.0032112 0.0120721 0.0425 0.0032112 0.0120799 -0.0125 0.0006656 0.0120799 0.0225 0.0006656 0.0122408 -0.0425 0.0431904 0.0122408 0.0375 0.0431904 0.0122882 0.0225 0.0059744 0.0122882 0.0425 0.0059744 0.0122951 -0.0125 -0.0045914 0.0122951 0.0225 -0.0045914 0.0123414 0.0225 0.0033292 0.0123414 0.0425 0.0033292 0.0124195 -0.0125 -0.0107743 0.0124195 0.0225 -0.0107743 0.0125359 0.0225 0.005816 0.0125359 0.0425 0.005816 0.0125415 0.0395 0.010722 0.0125415 0.0425 0.010722 0.0125707 0.0391098 0.010747 0.0125826 0.0225 0.0034975 0.0125826 0.0425 0.0034975 0.0126572 0.0387346 0.0108209 0.0126918 -0.0125 0.0084879 0.0126918 0.0225 0.0084879 0.0127293 -0.0425 -0.0415803 0.0127293 0.0375 -0.0415803 0.0127389 -0.0425 0.0423838 0.0127389 0.0375 0.0423838 0.012748 0.0225 0.0056123 0.012748 0.0425 0.0056123 0.0127863 0.0225 0.0037095 0.0127863 0.0425 0.0037095 0.0127977 0.0383889 0.010941 0.0128458 -0.0125 0.000834 0.0128458 0.0225 0.000834 0.0128606 -0.0125 -0.0051346 0.0128606 0.0225 -0.0051346 0.0129163 0.0225 0.0053712 0.0129163 0.0425 0.0053712 0.0129447 0.0225 0.0039573 0.0129447 0.0425 0.0039573 0.0129627 -0.0125 -0.0102088 0.0129627 0.0225 -0.0102088 0.0129627 0.0395 -0.0102088 0.0129627 0.0425 -0.0102088 0.0129867 0.0380858 0.0111026 0.0129929 0.0391098 -0.0102325 0.0130342 0.0225 0.0051018 0.0130342 0.0425 0.0051018 0.0130518 0.0225 0.0042311 0.0130518 0.0425 0.0042311 0.0130823 0.0387346 -0.010303 0.0130974 0.0225 0.0048146 0.0130974 0.0425 0.0048146 0.0131033 0.0225 0.0045206 0.0131033 0.0425 0.0045206 0.0132171 0.0378371 0.0112996 0.0132275 0.0383889 -0.0104173 0.0133093 -0.0125 -0.0057777 0.0133093 0.0225 -0.0057777 0.0133804 -0.0425 0.0416857 0.0133804 0.0375 0.0416857 0.0133851 -0.0125 -0.0095481 0.0133851 0.0225 -0.0095481 0.0134221 -0.0125 0.0082025 0.0134221 0.0225 0.0082025 0.0134229 0.0380858 -0.0105712 0.0134799 0.0376522 0.0115243 0.013564 -0.0125 0.0011486 0.013564 0.0225 0.0011486 0.0136238 -0.0125 -0.006496 0.0136238 0.0225 -0.006496 0.013661 0.0378371 -0.0107587 0.0136706 -0.0125 -0.0088178 0.0136706 0.0225 -0.0088178 0.0136773 -0.0425 -0.0415892 0.0136773 0.0375 -0.0415892 0.0137651 0.0375384 0.0117681 0.0137923 -0.0125 -0.0072618 0.0137923 0.0225 -0.0072618 0.013808 -0.0125 -0.0080458 0.013808 0.0225 -0.0080458 0.0139326 0.0376522 -0.0109726 0.0140617 0.0375 0.0120216 0.0140827 -0.0125 0.0077801 0.0140827 0.0225 0.0077801 0.014142 -0.0425 0.0411213 0.014142 0.0375 0.0411213 0.0142071 -0.0125 0.0015972 0.0142071 0.0225 0.0015972 0.0142274 0.0375384 -0.0112048 0.0143923 0.0395 0.0080692 0.0143923 0.0425 0.0080692 0.0144258 0.0391098 0.008088 0.0145251 0.0387346 0.0081437 0.0145339 0.0375 -0.0114462 0.0146065 -0.0425 -0.041777 0.0146065 0.0375 -0.041777 0.0146482 -0.0125 0.0072369 0.0146482 0.0225 0.0072369 0.0146863 0.0383889 0.0082341 0.0147052 0.0395 -0.0074837 0.0147052 0.0425 -0.0074837 0.0147395 0.0391098 -0.0075011 0.0147503 -0.0125 0.0021628 0.0147503 0.0225 0.0021628 0.0148409 0.0387346 -0.0075528 0.0149032 0.0380858 0.0083557 0.0149615 -0.0425 -0.031641 0.0149615 -0.0125 -0.031641 0.0149965 -0.0425 0.0407107 0.0149965 0.0375 0.0407107 0.0150056 0.0383889 -0.0076366 0.0150969 -0.0125 0.0065938 0.0150969 0.0225 0.0065938 0.0151676 0.0378371 0.0085039 0.0151728 -0.0125 0.0028234 0.0151728 0.0225 0.0028234 0.0152273 0.0380858 -0.0077494 0.0154115 -0.0125 0.0058755 0.0154115 0.0225 0.0058755 0.0154582 -0.0125 0.0035537 0.0154582 0.0225 0.0035537 0.0154692 0.0376522 0.008673 0.0154836 -0.0425 -0.0421367 0.0154836 0.0375 -0.0421367 0.0154974 0.0378371 -0.0078869 0.0155799 -0.0125 0.0051097 0.0155799 0.0225 0.0051097 0.0155957 -0.0125 0.0043257 0.0155957 0.0225 0.0043257 0.01569 0.0395 0.0051064 0.01569 0.0425 0.0051064 0.0157265 0.0391098 0.0051183 0.0157964 0.0375384 0.0088565 0.0158056 0.0376522 -0.0080437 0.0158347 0.0387346 0.0051535 0.0158827 0.0395 -0.0044711 0.0158827 0.0425 -0.0044711 0.0159132 -0.0425 0.0404688 0.0159132 0.0375 0.0404688 0.0159197 0.0391098 -0.0044815 0.0160105 0.0383889 0.0052107 0.0160292 0.0387346 -0.0045123 0.0161368 0.0375 0.0090473 0.01614 0.0375384 -0.0082139 0.0162071 0.0383889 -0.0045624 0.0162337 -0.0425 0.0310075 0.0162337 -0.0125 0.0310075 0.016247 0.0380858 0.0052877 0.0162771 -0.0425 -0.0426556 0.0162771 0.0375 -0.0426556 0.0163847 0.0395 0.0019473 0.0163847 0.0425 0.0019473 0.0164228 0.0391098 0.0019519 0.0164466 0.0380858 -0.0046298 0.0164498 0.0395 -0.0012866 0.0164498 0.0425 -0.0012866 0.0164877 0.0375 -0.0083908 0.0164881 0.0391098 -0.0012896 0.0165352 0.0378371 0.0053815 0.0165359 0.0387346 0.0019653 0.0166015 0.0387346 -0.0012985 0.0167194 0.0383889 0.0019871 0.0167383 0.0378371 -0.0047119 0.0167858 0.0383889 -0.0013129 0.016859 -0.0425 0.0404043 0.016859 0.0375 0.0404043 0.016864 0.0376522 0.0054885 0.0169583 -0.0425 -0.0433148 0.0169583 0.0375 -0.0433148 0.0169664 0.0380858 0.0020165 0.0170338 0.0380858 -0.0013323 0.0170711 0.0376522 -0.0048056 0.0172207 0.0375384 0.0056046 0.0172673 0.0378371 0.0020522 0.0173359 0.0378371 -0.0013559 0.0174323 0.0375384 -0.0049073 0.0175029 -0.0425 -0.0440908 0.0175029 0.0375 -0.0440908 0.0175918 0.0375 0.0057254 0.0176107 0.0376522 0.002093 0.0176806 0.0376522 -0.0013829 0.0178 -0.0425 0.0405195 0.0178 0.0375 0.0405195 0.0178079 0.0375 -0.005013 0.0178912 -0.0425 -0.0449557 0.0178912 0.0375 -0.0449557 0.0179833 0.0375384 0.0021373 0.0180547 0.0375384 -0.0014121 0.0183707 0.0375 0.0021834 0.0184437 0.0375 -0.0014425 0.0187023 -0.0425 0.0408102 0.0187023 0.0375 0.0408102 0.0194887 -0.0425 -0.0442866 0.0194887 0.0375 -0.0442866 0.0195336 -0.0425 0.041266 0.0195336 0.0375 0.041266 0.0202639 -0.0425 0.0418705 0.0202639 0.0375 0.0418705 0.0205208 -0.0425 -0.0283531 0.0205208 -0.0125 -0.0283531 0.0208669 -0.0425 0.0426019 0.0208669 0.0375 0.0426019 0.0210612 -0.0425 -0.0435607 0.0210612 0.0375 -0.0435607 0.0213211 -0.0425 0.0434341 0.0213211 0.0375 0.0434341 0.0216549 -0.0425 0.0274966 0.0216549 -0.0125 0.0274966 0.0219033 -0.0425 -0.0400585 0.0219033 0.0375 -0.0400585 0.0219631 -0.0425 -0.0410046 0.0219631 0.0375 -0.0410046 0.0220232 -0.0425 -0.0391181 0.0220232 0.0375 -0.0391181 0.0222004 -0.0425 -0.0419225 0.0222004 0.0375 -0.0419225 0.0223184 -0.0425 -0.0382172 0.0223184 0.0375 -0.0382172 0.0226067 -0.0425 -0.042779 0.0226067 0.0375 -0.042779 0.0227783 -0.0425 -0.0373883 0.0227783 0.0375 -0.0373883 0.0228619 -0.0425 0.0426432 0.0228619 0.0375 0.0426432 0.0233864 -0.0425 -0.036661 0.0233864 0.0375 -0.036661 0.0241209 -0.0425 -0.0360616 0.0241209 0.0375 -0.0360616 0.0243734 -0.0425 0.0417977 0.0243734 0.0375 0.0417977 0.0249416 -0.0425 0.0382407 0.0249416 0.0375 0.0382407 0.0249553 -0.0425 -0.0356116 0.0249553 0.0375 -0.0356116 0.0249883 -0.0425 0.0372939 0.0249883 0.0375 0.0372939 0.0250746 -0.0425 0.0391794 0.0250746 0.0375 0.0391794 0.0252128 -0.0425 0.0363728 0.0252128 0.0375 0.0363728 0.0253812 -0.0425 -0.0240996 0.0253812 -0.0125 -0.0240996 0.0253823 -0.0425 0.0400761 0.0253823 0.0375 0.0400761 0.0256071 -0.0425 0.0355107 0.0256071 0.0375 0.0355107 0.0258537 -0.0425 0.0408986 0.0258537 0.0375 0.0408986 0.0258597 -0.0425 -0.0353272 0.0258597 0.0375 -0.0353272 0.026157 -0.0425 0.0347385 0.026157 0.0375 0.0347385 0.0263387 -0.0425 0.0230493 0.0263387 -0.0125 0.0230493 0.0268014 -0.0425 -0.0352186 0.0268014 0.0375 -0.0352186 0.0268429 -0.0425 0.034084 0.0268429 0.0375 0.034084 0.0276399 -0.0425 0.0335707 0.0276399 0.0375 0.0335707 0.0277468 -0.0425 -0.0352897 0.0277468 0.0375 -0.0352897 0.0285195 -0.0425 0.0332171 0.0285195 0.0375 0.0332171 0.0286617 -0.0425 -0.035538 0.0286617 0.0375 -0.035538 0.0293774 -0.0425 -0.0190255 0.0293774 -0.0125 -0.0190255 0.02945 -0.0425 0.0330358 0.02945 0.0375 0.0330358 0.0295133 -0.0425 -0.0359544 0.0295133 0.0375 -0.0359544 0.0301256 -0.0425 0.0178172 0.0301256 -0.0125 0.0178172 0.0302711 -0.0425 -0.0365242 0.0302711 0.0375 -0.0365242 0.030398 -0.0425 0.0330334 0.030398 0.0375 0.0330334 0.0309076 -0.0425 -0.0372267 0.0309076 0.0375 -0.0372267 0.0313294 -0.0425 0.0332101 0.0313294 0.0375 0.0332101 0.0322108 -0.0425 0.0335593 0.0322108 0.0375 0.0335593 0.0322201 -0.0425 -0.0360967 0.0322201 0.0375 -0.0360967 0.0323731 -0.0425 -0.0133035 0.0323731 -0.0125 -0.0133035 0.0328865 -0.0425 0.0119782 0.0328865 -0.0125 0.0119782 0.0330103 -0.0425 0.0340686 0.0330103 0.0375 0.0340686 0.0330334 -0.0425 -0.030398 0.0330334 0.0375 -0.030398 0.0330358 -0.0425 -0.02945 0.0330358 0.0375 -0.02945 0.0332101 -0.0425 -0.0313294 0.0332101 0.0375 -0.0313294 0.0332171 -0.0425 -0.0285195 0.0332171 0.0375 -0.0285195 0.0334914 -0.0425 -0.0349204 0.0334914 0.0375 -0.0349204 0.0335593 -0.0425 -0.0322108 0.0335593 0.0375 -0.0322108 0.0335707 -0.0425 -0.0276399 0.0335707 0.0375 -0.0276399 0.0336994 -0.0425 0.0347197 0.0336994 0.0375 0.0347197 0.0340686 -0.0425 -0.0330103 0.0340686 0.0375 -0.0330103 0.034084 -0.0425 -0.0268429 0.034084 0.0375 -0.0268429 0.0342664 -0.0425 -0.0071284 0.0342664 -0.0125 -0.0071284 0.0345275 -0.0425 0.0057314 0.0345275 -0.0125 0.0057314 0.0347197 -0.0425 -0.0336994 0.0347197 0.0375 -0.0336994 0.0347385 -0.0425 -0.026157 0.0347385 0.0375 -0.026157 0.0349204 -0.0425 0.0334914 0.0349204 0.0375 0.0334914 0.0349928 -0.0425 -0.0007106 0.0349928 -0.0125 -0.0007106 0.0352186 -0.0425 0.0268014 0.0352186 0.0375 0.0268014 0.0352897 -0.0425 0.0277468 0.0352897 0.0375 0.0277468 0.0353272 -0.0425 0.0258597 0.0353272 0.0375 0.0258597 0.0355107 -0.0425 -0.0256071 0.0355107 0.0375 -0.0256071 0.035538 -0.0425 0.0286617 0.035538 0.0375 0.0286617 0.0356116 -0.0425 0.0249553 0.0356116 0.0375 0.0249553 0.0359544 -0.0425 0.0295133 0.0359544 0.0375 0.0295133 0.0360616 -0.0425 0.0241209 0.0360616 0.0375 0.0241209 0.0360967 -0.0425 0.0322201 0.0360967 0.0375 0.0322201 0.0363728 -0.0425 -0.0252128 0.0363728 0.0375 -0.0252128 0.0365242 -0.0425 0.0302711 0.0365242 0.0375 0.0302711 0.036661 -0.0425 0.0233864 0.036661 0.0375 0.0233864 0.0372267 -0.0425 0.0309076 0.0372267 0.0375 0.0309076 0.0372939 -0.0425 -0.0249883 0.0372939 0.0375 -0.0249883 0.0373883 -0.0425 0.0227783 0.0373883 0.0375 0.0227783 0.0382172 -0.0425 0.0223184 0.0382172 0.0375 0.0223184 0.0382407 -0.0425 -0.0249416 0.0382407 0.0375 -0.0249416 0.0391181 -0.0425 0.0220232 0.0391181 0.0375 0.0220232 0.0391794 -0.0425 -0.0250746 0.0391794 0.0375 -0.0250746 0.0400585 -0.0425 0.0219033 0.0400585 0.0375 0.0219033 0.0400761 -0.0425 -0.0253823 0.0400761 0.0375 -0.0253823 0.0404043 -0.0425 -0.016859 0.0404043 0.0375 -0.016859 0.0404688 -0.0425 -0.0159132 0.0404688 0.0375 -0.0159132 0.0405195 -0.0425 -0.0178 0.0405195 0.0375 -0.0178 0.0407107 -0.0425 -0.0149965 0.0407107 0.0375 -0.0149965 0.0408102 -0.0425 -0.0187023 0.0408102 0.0375 -0.0187023 0.0408986 -0.0425 -0.0258537 0.0408986 0.0375 -0.0258537 0.0410046 -0.0425 0.0219631 0.0410046 0.0375 0.0219631 0.0411213 -0.0425 -0.014142 0.0411213 0.0375 -0.014142 0.041266 -0.0425 -0.0195336 0.041266 0.0375 -0.0195336 0.0415803 -0.0425 0.0127293 0.0415803 0.0375 0.0127293 0.0415892 -0.0425 0.0136773 0.0415892 0.0375 0.0136773 0.0416857 -0.0425 -0.0133804 0.0416857 0.0375 -0.0133804 0.0417504 -0.0425 0.0117967 0.0417504 0.0375 0.0117967 0.041777 -0.0425 0.0146065 0.041777 0.0375 0.0146065 0.0417977 -0.0425 -0.0243734 0.0417977 0.0375 -0.0243734 0.0418705 -0.0425 -0.0202639 0.0418705 0.0375 -0.0202639 0.0419225 -0.0425 0.0222004 0.0419225 0.0375 0.0222004 0.0420935 -0.0425 0.010913 0.0420935 0.0375 0.010913 0.0421367 -0.0425 0.0154836 0.0421367 0.0375 0.0154836 0.0423838 -0.0425 -0.0127389 0.0423838 0.0375 -0.0127389 0.0425972 -0.0425 0.0101099 0.0425972 0.0375 0.0101099 0.0426019 -0.0425 -0.0208669 0.0426019 0.0375 -0.0208669 0.0426432 -0.0425 -0.0228619 0.0426432 0.0375 -0.0228619 0.0426556 -0.0425 0.0162771 0.0426556 0.0375 0.0162771 0.042779 -0.0425 0.0226067 0.042779 0.0375 0.0226067 0.0431904 -0.0425 -0.0122408 0.0431904 0.0375 -0.0122408 0.0432435 -0.0425 0.0094163 0.0432435 0.0375 0.0094163 0.0433148 -0.0425 0.0169583 0.0433148 0.0375 0.0169583 0.0433524 -0.0425 -0.0016822 0.0433524 0.0375 -0.0016822 0.0434056 -0.0425 -0.0026288 0.0434056 0.0375 -0.0026288 0.0434341 -0.0425 -0.0213211 0.0434341 0.0375 -0.0213211 0.0434788 -0.0425 -0.0007427 0.0434788 0.0375 -0.0007427 0.0435607 -0.0425 0.0210612 0.0435607 0.0375 0.0210612 0.0436365 -0.0425 -0.0035482 0.0436365 0.0375 -0.0035482 0.0437802 -0.0425 0.0001561 0.0437802 0.0375 0.0001561 0.0440091 -0.0425 0.0088571 0.0440091 0.0375 0.0088571 0.0440368 -0.0425 -0.0044076 0.0440368 0.0375 -0.0044076 0.0440765 -0.0425 -0.0119039 0.0440765 0.0375 -0.0119039 0.0440908 -0.0425 0.0175029 0.0440908 0.0375 0.0175029 0.0442459 -0.0425 0.0009819 0.0442459 0.0375 0.0009819 0.0442866 -0.0425 0.0194887 0.0442866 0.0375 0.0194887 0.0445921 -0.0425 -0.0051759 0.0445921 0.0375 -0.0051759 0.0448591 -0.0425 0.0017049 0.0448591 0.0375 0.0017049 0.0448664 -0.0425 0.0084525 0.0448664 0.0375 0.0084525 0.0449557 -0.0425 0.0178912 0.0449557 0.0375 0.0178912 0.0450103 -0.0425 -0.0117402 0.0450103 0.0375 -0.0117402 0.0452825 -0.0425 -0.0058257 0.0452825 0.0375 -0.0058257 0.0455977 -0.0425 0.0022991 0.0455977 0.0375 0.0022991 0.0457847 -0.0425 0.008217 0.0457847 0.0375 0.008217 0.0459582 -0.0425 -0.0117558 0.0459582 0.0375 -0.0117558 0.0460831 -0.0425 -0.0063334 0.0460831 0.0375 -0.0063334 0.0464353 -0.0425 0.0027433 0.0464353 0.0375 0.0027433 0.046731 -0.0425 0.0081591 0.046731 0.0375 0.0081591 0.0468861 -0.0425 -0.01195 0.0468861 0.0375 -0.01195 0.0469651 -0.0425 -0.0066809 0.0469651 0.0375 -0.0066809 0.0472837 -0.0425 -0.0102643 0.0472837 0.0375 -0.0102643 0.0473416 -0.0425 0.0030214 0.0473416 0.0375 0.0030214 0.0476208 -0.0425 -0.0085655 0.0476208 0.0375 -0.0085655 0.0476711 -0.0425 0.0082808 0.0476711 0.0375 0.0082808 0.0478968 -0.0425 -0.0068557 0.0478968 0.0375 -0.0068557 0.047937 -0.0425 0.0065694 0.047937 0.0375 0.0065694 0.0481414 -0.0425 0.0048495 0.0481414 0.0375 0.0048495 0.0482841 -0.0425 0.0031235 0.0482841 0.0375 0.0031235</float_array>
   <technique_common><accessor source="#pa" count="2108" stride="3">
    <param name="X" type="float"/><param name="Y" type="float"/><param name="Z" type="float"/>
   </accessor></technique_common></source>
  <source id="n"><float_array id="na" count="12708">0.538729 3.90076e-16 0.842479 0.538729 -0 0.842479 0.364018 2.15428e-16 0.931392 0.364018 0 0.931392 0.175318 1.95274e-15 0.984512 -0.0201189 2.34972e-15 0.999797 0.175318 2.27723e-16 0.984512 -0.0201189 4.62499e-16 0.999797 -0.214783 2.65641e-15 0.976662 -0.214783 4.51159e-16 0.976662 -0.401193 2.11866e-16 0.915993 -0.572186 1.89692e-16 0.820124 -0.401193 2.86127e-15 0.915993 -0.572186 2.57629e-15 0.820124 -0.72119 2.61694e-15 0.692737 -0.72119 0 0.692737 -0.842479 0 0.538729 -0.842479 1.24606e-16 0.538729 -0.931392 8.46593e-17 0.364018 -0.931392 -4.20981e-17 0.364018 -0.984512 -2.03611e-17 0.175318 -0.984512 4.05505e-17 0.175318 -0.999797 -4.62143e-18 -0.0201189 -0.999797 -4.42077e-17 -0.0201189 -0.976662 -4.71947e-16 -0.214783 -0.976662 -7.45179e-17 -0.214783 -0.915993 -1.3717e-16 -0.401193 -0.915993 -9.27946e-17 -0.401193 -0.820124 -1.32883e-16 -0.572186 -0.820124 -1.32345e-16 -0.572186 -0.692737 -1.66809e-16 -0.72119 -0.692737 -1.66809e-16 -0.72119 -0.538729 -1.94862e-16 -0.842479 -0.538729 -1.94862e-16 -0.842479 -0.364018 -2.15399e-16 -0.931392 -0.364018 -2.15428e-16 -0.931392 -0.175318 -2.27723e-16 -0.984512 -0.175318 -2.04943e-15 -0.984512 0.0201189 -2.08119e-15 -0.999797 0.0201189 2.3125e-16 -0.999797 0.214783 -2.25898e-16 -0.976662 0.214783 2.25044e-16 -0.976662 0.401193 -2.11866e-16 -0.915993 0.572186 -1.89692e-16 -0.820124 0.401193 -2.12184e-16 -0.915993 0.572186 0 -0.820124 0.72119 0 -0.692737 0.72119 -1.52216e-15 -0.692737 0.842479 -1.18376e-15 -0.538729 0.842479 6.23031e-17 -0.538729 0.931392 4.20981e-17 -0.364018 0.931392 4.17938e-17 -0.364018 0.984512 2.02753e-17 -0.175318 0.999797 -2.32672e-18 0.0201189 0.984512 2.03611e-17 -0.175318 0.999797 3.72275e-17 0.0201189 0.976662 -2.48393e-17 0.214783 0.976662 3.97577e-16 0.214783 0.915993 9.27946e-17 0.401193 0.820124 1.32345e-16 0.572186 0.915993 -4.7152e-17 0.401193 0.820124 -5.91122e-16 0.572186 0.692737 3.33617e-16 0.72119 0.692737 -1.15737e-16 0.72119 0 0.99997 0 0 0.99997 0 0 0.99997 0 0 0.99997 0 0 0.99999 0 0 0.999995 0 0 0.999997 0 0 0.999998 0 0 0.99997 0 0 0.99997 0 0 0.99999 0 0 0.999998 0 0 0.999997 0 0 0.999995 0 0 0.99999 0 0 0.999999 0 0 0.999999 0 0 0.999999 0 0 1 0 0 1 0 0 0.999995 0 0 0.999999 0 0 0.99997 0 0 0.999999 0 0 0.999999 0 0 0.999999 0 0 1 0 0 1 0 0 0.999999 0 0 0.999999 0 0.538729 1.95038e-16 0.842479 0.538729 1.94862e-16 0.842479 0.364018 2.15428e-16 0.931392 0.364018 2.15399e-16 0.931392 0.175318 -1.13857e-16 0.984512 -0.0201189 -1.15625e-16 0.999797 0.175318 2.27723e-16 0.984512 -0.0201189 2.89062e-16 0.999797 -0.214783 2.25898e-16 0.976662 -0.214783 2.82912e-16 0.976662 -0.401193 2.64832e-16 0.915993 -0.572186 2.37115e-16 0.820124 -0.401193 2.12184e-16 0.915993 -0.572186 9.63911e-16 0.820124 -0.72119 1.25596e-15 0.692737 -0.72119 -8.01138e-17 0.692737 -0.842479 -6.21549e-17 0.538729 -0.842479 1.24606e-16 0.538729 -0.931392 8.35877e-17 0.364018 -0.931392 8.41962e-17 0.364018 -0.984512 4.07222e-17 0.175318 -0.984512 -2.02753e-17 0.175318 -0.999797 2.34421e-18 -0.0201189 -0.999797 -5.8168e-18 -0.0201189 -0.976662 -6.20982e-17 -0.214783 -0.976662 2.48393e-17 -0.214783 -0.915993 4.7152e-17 -0.401193 -0.915993 -9.27946e-17 -0.401193 -0.820124 -1.32883e-16 -0.572186 -0.820124 6.61723e-17 -0.572186 -0.692737 8.34043e-17 -0.72119 -0.692737 -1.8766e-16 -0.72119 -0.538729 -2.1922e-16 -0.842479 -0.538729 -1.94862e-16 -0.842479 -0.364018 -2.15399e-16 -0.931392 -0.364018 1.07714e-16 -0.931392 -0.175318 1.13594e-16 -0.984512 -0.175318 -1.38345e-15 -0.984512 0.0201189 -1.77162e-15 -0.999797 0.0201189 -2.60156e-16 -0.999797 0.214783 -2.14814e-15 -0.976662 0.214783 -2.53978e-16 -0.976662 0.401193 -2.38349e-16 -0.915993 0.572186 -2.13403e-16 -0.820124 0.401193 -2.38546e-15 -0.915993 0.572186 -1.13815e-15 -0.820124 0.72119 -9.6233e-16 -0.692737 0.72119 8.01138e-17 -0.692737 0.842479 6.23031e-17 -0.538729 0.842479 -1.40182e-16 -0.538729 0.931392 -2.23912e-15 -0.364018 0.931392 -9.53757e-17 -0.364018 0.984512 -4.05505e-17 -0.175318 0.999797 4.65344e-18 0.0201189 0.984512 -2.0704e-15 -0.175318 0.999797 -3.64881e-15 0.0201189 0.976662 -1.42218e-15 0.214783 0.976662 -3.0681e-15 0.214783 0.915993 9.27946e-17 0.401193 0.820124 1.32345e-16 0.572186 0.915993 -9.7519e-16 0.401193 0.820124 -4.91863e-16 0.572186 0.692737 1.66809e-16 0.72119 0.692737 1.07164e-17 0.72119 0 0.99997 0 0 0.99997 0 0 0.99999 0 0 0.99997 0 0 0.99999 0 0 0.99997 0 0 0.999995 0 0 0.999999 0 0 0.999999 0 0 0.99999 0 0 0.999999 0 0 0.999999 0 0 0.999999 0 0 0.999999 0 0 0.99997 0 0 0.999999 0 0 0.999999 0 0 0.999999 0 0 1 0 0 0.999999 0 0 0.99999 0 0 0.99999 0 0 0.99997 0 0 0.999995 0 0 0.999997 0 0 1 0 0 1 0 0 0.999999 0 0 0.99997 0 0 0.99999 0 0.538729 -9.64473e-17 0.842479 0.538729 2.43578e-16 0.842479 0.364018 2.15428e-16 0.931392 0.364018 2.68981e-16 0.931392 0.175318 2.27714e-16 0.984512 -0.0201189 2.3125e-16 0.999797 0.175318 2.27723e-16 0.984512 -0.0201189 2.3125e-16 0.999797 -0.214783 2.25898e-16 0.976662 -0.214783 2.26115e-16 0.976662 -0.401193 2.38432e-15 0.915993 -0.572186 2.52887e-15 0.820124 -0.401193 2.10041e-16 0.915993 -0.572186 2.02267e-15 0.820124 -0.72119 2.58907e-15 0.692737 -0.72119 2.57623e-15 0.692737 -0.842479 2.52478e-15 0.538729 -0.842479 1.24606e-16 0.538729 -0.931392 8.46593e-17 0.364018 -0.931392 8.41962e-17 0.364018 -0.984512 4.01864e-17 0.175318 -0.984512 -2.02753e-17 0.175318 -0.999797 2.27723e-18 -0.0201189 -0.999797 -6.98016e-18 -0.0201189 -0.976662 -7.45179e-17 -0.214783 -0.976662 -7.45179e-17 -0.214783 -0.915993 -1.39313e-16 -0.401193 -0.915993 -1.39192e-16 -0.401193 -0.820124 -1.97181e-16 -0.572186 -0.820124 -1.32345e-16 -0.572186 -0.692737 -1.66809e-16 -0.72119 -0.692737 -1.66809e-16 -0.72119 -0.538729 -1.94862e-16 -0.842479 -0.538729 -1.94862e-16 -0.842479 -0.364018 -2.15399e-16 -0.931392 -0.364018 -3.23141e-16 -0.931392 -0.175318 -3.41316e-16 -0.984512 -0.175318 -2.27714e-16 -0.984512 0.0201189 -2.31206e-16 -0.999797 0.0201189 -2.3125e-16 -0.999797 0.214783 -1.35539e-15 -0.976662 0.214783 -2.26115e-16 -0.976662 0.401193 -2.11866e-16 -0.915993 0.572186 -1.89692e-16 -0.820124 0.401193 -1.27096e-15 -0.915993 0.572186 -1.42269e-15 -0.820124 0.72119 -1.20238e-15 -0.692737 0.72119 8.01138e-17 -0.692737 0.842479 6.23031e-17 -0.538729 0.842479 6.23031e-17 -0.538729 0.931392 -8.41962e-17 -0.364018 0.931392 4.17938e-17 -0.364018 0.984512 -4.05505e-17 -0.175318 0.999797 4.65344e-18 0.0201189 0.984512 -4.01864e-17 -0.175318 0.999797 -1.81975e-15 0.0201189 0.976662 -1.40976e-15 0.214783 0.976662 -1.48422e-15 0.214783 0.915993 1.39192e-16 0.401193 0.820124 1.98517e-16 0.572186 0.915993 -9.51614e-16 0.401193 0.820124 -6.61723e-17 0.572186 0.692737 -8.34043e-17 0.72119 0.692737 -8.35877e-17 0.72119 0 0.99997 0 0 0.99997 0 0 0.99997 0 0 0.99997 0 0 0.99997 0 0 0.999998 0 0 0.999999 0 0 0.999999 0 0 0.999999 0 0 0.999999 0 0 0.999999 0 0 0.999996 0 0 0.99997 0 0 1 0 0 0.999999 0 0 0.999999 0 0 0.999995 0 0 0.99999 0 0 0.99997 0 0 0.999999 0 0 0.999999 0 0 0.999999 0 0 1 0 0 0.999999 0 0 0.99997 0 0 0.99997 0 0 0.999999 0 0 1 0 0 0.999999 0 0 0.99999 0 0.0530577 0.995138 0.082973 0.0530577 0.995138 0.082973 0.157077 0.956549 0.245641 0.157077 0.956549 0.245641 0.254909 0.880972 0.398634 0.254909 0.880972 0.398634 0.342751 0.771505 0.536003 0.342751 0.771505 0.536003 0.417251 0.632562 0.652507 0.417251 0.632562 0.652507 0.475625 0.469628 0.743794 0.475625 0.469628 0.743794 0.53616 0.0975496 0.83846 0.51574 0.289004 0.806528 0.51574 0.289004 0.806528 0.53616 0.0975496 0.83846 0.035851 0.995138 0.0917297 0.035851 0.995138 0.0917297 0.106137 0.956549 0.271566 0.106137 0.956549 0.271566 0.172242 0.880972 0.440704 0.172242 0.880972 0.440704 0.231596 0.771505 0.592572 0.231596 0.771505 0.592572 0.281935 0.632562 0.721371 0.281935 0.632562 0.721371 0.321379 0.469628 0.822292 0.321379 0.469628 0.822292 0.348485 0.289004 0.891647 0.362282 0.0975496 0.926949 0.348485 0.289004 0.891647 0.362282 0.0975496 0.926949 0.0172665 0.995138 0.0969614 0.0172665 0.995138 0.0969614 0.0511176 0.956549 0.287054 0.0511176 0.956549 0.287054 0.082955 0.880972 0.465839 0.082955 0.880972 0.465839 0.111541 0.771505 0.626368 0.111541 0.771505 0.626368 0.135786 0.632562 0.762513 0.135786 0.632562 0.762513 0.154782 0.469628 0.86919 0.154782 0.469628 0.869189 0.167837 0.289004 0.9425 0.167837 0.289004 0.9425 0.174482 0.0975496 0.979816 0.174482 0.0975496 0.979816 -0.00198145 0.995138 0.0984668 -0.00198145 0.995138 0.0984668 -0.00586608 0.956549 0.291511 -0.00586608 0.956549 0.291511 -0.00951963 0.880972 0.473072 -0.00951963 0.880972 0.473072 -0.0128001 0.771505 0.636093 -0.0128001 0.771505 0.636093 -0.0155823 0.632562 0.774352 -0.0155823 0.632562 0.774352 -0.0177623 0.469628 0.882685 -0.0192604 0.289004 0.957133 -0.0177623 0.469628 0.882685 -0.020023 0.0975496 0.995028 -0.0192604 0.289004 0.957133 -0.020023 0.0975496 0.995028 -0.0211533 0.995138 0.0961882 -0.0211533 0.995138 0.0961882 -0.0626243 0.956549 0.284765 -0.0626243 0.956549 0.284765 -0.101628 0.880972 0.462125 -0.101628 0.880972 0.462125 -0.13665 0.771505 0.621373 -0.13665 0.771505 0.621373 -0.166351 0.632562 0.756433 -0.166351 0.632562 0.756433 -0.189624 0.469628 0.862259 -0.189624 0.469628 0.862259 -0.213759 0.0975496 0.972003 -0.205618 0.289004 0.934985 -0.205618 0.289004 0.934985 -0.213759 0.0975496 0.972003 -0.0395122 0.995138 0.0902132 -0.0395122 0.995138 0.0902132 -0.116976 0.956549 0.267076 -0.189832 0.880972 0.433418 -0.116976 0.956549 0.267076 -0.189832 0.880972 0.433418 -0.255248 0.771505 0.582775 -0.310728 0.632562 0.709445 -0.255248 0.771505 0.582775 -0.310728 0.632562 0.709445 -0.354199 0.469628 0.808697 -0.354199 0.469628 0.808697 -0.384073 0.289004 0.876905 -0.39928 0.0975496 0.911624 -0.39928 0.0975496 0.911624 -0.384073 0.289004 0.876905 -0.166832 0.956549 0.239123 -0.0563527 0.995138 0.0807713 -0.0563527 0.995138 0.0807713 -0.27074 0.880972 0.388056 -0.166832 0.956549 0.239123 -0.27074 0.880972 0.388056 -0.364037 0.771505 0.521781 -0.443163 0.632562 0.635193 -0.364037 0.771505 0.521781 -0.443163 0.632562 0.635193 -0.505162 0.469628 0.724057 -0.505162 0.469628 0.724057 -0.547769 0.289004 0.785127 -0.569457 0.0975496 0.816212 -0.569457 0.0975496 0.816212 -0.547769 0.289004 0.785127 -0.0710276 0.995138 0.0682255 -0.082973 0.995138 0.0530577 -0.0710276 0.995138 0.0682255 -0.210277 0.956549 0.201981 -0.210277 0.956549 0.201981 -0.341244 0.880972 0.327781 -0.341244 0.880972 0.327781 -0.458837 0.771505 0.440735 -0.458837 0.771505 0.440735 -0.558568 0.632562 0.536531 -0.558568 0.632562 0.536531 -0.636712 0.469628 0.611593 -0.636712 0.469628 0.611593 -0.690415 0.289004 0.663176 -0.71775 0.0975496 0.689433 -0.690415 0.289004 0.663176 -0.71775 0.0975496 0.689433 -0.082973 0.995138 0.0530577 -0.245641 0.956549 0.157077 -0.245641 0.956549 0.157077 -0.398634 0.880972 0.254909 -0.536003 0.771505 0.342751 -0.398634 0.880972 0.254909 -0.536003 0.771505 0.342751 -0.652507 0.632562 0.417251 -0.652507 0.632562 0.417251 -0.806528 0.289004 0.51574 -0.743794 0.469628 0.475625 -0.743794 0.469628 0.475625 -0.806528 0.289004 0.51574 -0.83846 0.0975496 0.53616 -0.83846 0.0975496 0.53616 -0.0917297 0.995138 0.035851 -0.0917297 0.995138 0.035851 -0.271566 0.956549 0.106137 -0.271566 0.956549 0.106137 -0.440704 0.880972 0.172242 -0.440704 0.880972 0.172242 -0.592572 0.771505 0.231596 -0.592572 0.771505 0.231596 -0.721371 0.632562 0.281935 -0.721371 0.632562 0.281935 -0.822292 0.469628 0.321379 -0.822292 0.469628 0.321379 -0.891647 0.289004 0.348485 -0.891647 0.289004 0.348485 -0.926949 0.0975496 0.362282 -0.926949 0.0975496 0.362282 -0.0969614 0.995138 0.0172665 -0.0969614 0.995138 0.0172665 -0.287054 0.956549 0.0511176 -0.287054 0.956549 0.0511176 -0.465839 0.880972 0.082955 -0.465839 0.880972 0.082955 -0.626368 0.771505 0.111541 -0.762513 0.632562 0.135786 -0.626368 0.771505 0.111541 -0.762513 0.632562 0.135786 -0.869189 0.469628 0.154782 -0.86919 0.469628 0.154782 -0.9425 0.289004 0.167837 -0.979816 0.0975496 0.174482 -0.979816 0.0975496 0.174482 -0.9425 0.289004 0.167837 -0.0961882 0.995138 -0.0211533 -0.0984668 0.995138 -0.00198145 -0.0984668 0.995138 -0.00198145 -0.291511 0.956549 -0.00586608 -0.291511 0.956549 -0.00586608 -0.473072 0.880972 -0.00951963 -0.636093 0.771505 -0.0128001 -0.473072 0.880972 -0.00951963 -0.636093 0.771505 -0.0128001 -0.774352 0.632562 -0.0155823 -0.774352 0.632562 -0.0155823 -0.882685 0.469628 -0.0177623 -0.882685 0.469628 -0.0177623 -0.995028 0.0975496 -0.020023 -0.995028 0.0975496 -0.020023 -0.957133 0.289004 -0.0192604 -0.957133 0.289004 -0.0192604 -0.0961882 0.995138 -0.0211533 -0.284765 0.956549 -0.0626243 -0.284765 0.956549 -0.0626243 -0.462125 0.880972 -0.101628 -0.462125 0.880972 -0.101628 -0.621373 0.771505 -0.13665 -0.621373 0.771505 -0.13665 -0.756433 0.632562 -0.166351 -0.756433 0.632562 -0.166351 -0.862259 0.469628 -0.189624 -0.862259 0.469628 -0.189624 -0.972003 0.0975496 -0.213759 -0.934985 0.289004 -0.205618 -0.934985 0.289004 -0.205618 -0.972003 0.0975496 -0.213759 -0.0902132 0.995138 -0.0395122 -0.0902132 0.995138 -0.0395122 -0.267076 0.956549 -0.116976 -0.267076 0.956549 -0.116976 -0.433418 0.880972 -0.189832 -0.433418 0.880972 -0.189832 -0.582775 0.771505 -0.255248 -0.582775 0.771505 -0.255248 -0.709445 0.632562 -0.310728 -0.709445 0.632562 -0.310728 -0.808697 0.469628 -0.354199 -0.808697 0.469628 -0.354199 -0.876905 0.289004 -0.384073 -0.911624 0.0975496 -0.39928 -0.876905 0.289004 -0.384073 -0.911624 0.0975496 -0.39928 -0.0807713 0.995138 -0.0563527 -0.239123 0.956549 -0.166832 -0.0807713 0.995138 -0.0563527 -0.239123 0.956549 -0.166832 -0.388056 0.880972 -0.27074 -0.388056 0.880972 -0.27074 -0.521781 0.771505 -0.364037 -0.521781 0.771505 -0.364037 -0.635193 0.632562 -0.443163 -0.724057 0.469628 -0.505162 -0.635193 0.632562 -0.443163 -0.724057 0.469628 -0.505162 -0.785127 0.289004 -0.547769 -0.816212 0.0975496 -0.569457 -0.785127 0.289004 -0.547769 -0.816212 0.0975496 -0.569457 -0.689433 0.0975496 -0.71775 -0.0682255 0.995138 -0.0710276 -0.0682255 0.995138 -0.0710276 -0.201981 0.956549 -0.210277 -0.201981 0.956549 -0.210277 -0.327781 0.880972 -0.341244 -0.327781 0.880972 -0.341244 -0.440735 0.771505 -0.458837 -0.440735 0.771505 -0.458837 -0.536531 0.632562 -0.558568 -0.536531 0.632562 -0.558568 -0.611593 0.469628 -0.636712 -0.611593 0.469628 -0.636712 -0.663176 0.289004 -0.690415 -0.689433 0.0975496 -0.71775 -0.663176 0.289004 -0.690415 -0.0530577 0.995138 -0.082973 -0.0530577 0.995138 -0.082973 -0.157077 0.956549 -0.245641 -0.157077 0.956549 -0.245641 -0.254909 0.880972 -0.398634 -0.254909 0.880972 -0.398634 -0.342751 0.771505 -0.536003 -0.342751 0.771505 -0.536003 -0.417251 0.632562 -0.652507 -0.417251 0.632562 -0.652507 -0.475625 0.469628 -0.743794 -0.475625 0.469628 -0.743794 -0.51574 0.289004 -0.806528 -0.51574 0.289004 -0.806528 -0.53616 0.0975496 -0.83846 -0.53616 0.0975496 -0.83846 -0.0172665 0.995138 -0.0969614 -0.035851 0.995138 -0.0917297 -0.035851 0.995138 -0.0917297 -0.106137 0.956549 -0.271566 -0.106137 0.956549 -0.271566 -0.172242 0.880972 -0.440704 -0.172242 0.880972 -0.440704 -0.231596 0.771505 -0.592572 -0.231596 0.771505 -0.592572 -0.281935 0.632562 -0.721371 -0.281935 0.632562 -0.721371 -0.321379 0.469628 -0.822292 -0.321379 0.469628 -0.822292 -0.362282 0.0975496 -0.926949 -0.348485 0.289004 -0.891647 -0.362282 0.0975496 -0.926949 -0.348485 0.289004 -0.891647 0.00198145 0.995138 -0.0984668 -0.0172665 0.995138 -0.0969614 -0.0511176 0.956549 -0.287054 -0.0511176 0.956549 -0.287054 -0.082955 0.880972 -0.465839 -0.082955 0.880972 -0.465839 -0.111541 0.771505 -0.626368 -0.111541 0.771505 -0.626368 -0.135786 0.632562 -0.762513 -0.154782 0.469628 -0.86919 -0.135786 0.632562 -0.762513 -0.154782 0.469628 -0.869189 -0.167837 0.289004 -0.9425 -0.167837 0.289004 -0.9425 -0.174482 0.0975496 -0.979816 -0.174482 0.0975496 -0.979816 0.00198145 0.995138 -0.0984668 0.00586608 0.956549 -0.291511 0.00586608 0.956549 -0.291511 0.00951963 0.880972 -0.473072 0.00951963 0.880972 -0.473072 0.0128001 0.771505 -0.636093 0.0128001 0.771505 -0.636093 0.0155823 0.632562 -0.774352 0.0155823 0.632562 -0.774352 0.0192604 0.289004 -0.957133 0.0177623 0.469628 -0.882685 0.0177623 0.469628 -0.882685 0.020023 0.0975496 -0.995028 0.020023 0.0975496 -0.995028 0.213759 0.0975496 -0.972003 0.0192604 0.289004 -0.957133 0.0211533 0.995138 -0.0961882 0.0211533 0.995138 -0.0961882 0.0626243 0.956549 -0.284765 0.101628 0.880972 -0.462125 0.0626243 0.956549 -0.284765 0.101628 0.880972 -0.462125 0.13665 0.771505 -0.621373 0.166351 0.632562 -0.756433 0.13665 0.771505 -0.621373 0.166351 0.632562 -0.756433 0.189624 0.469628 -0.862259 0.189624 0.469628 -0.862259 0.213759 0.0975496 -0.972003 0.205618 0.289004 -0.934985 0.205618 0.289004 -0.934985 0.0563527 0.995138 -0.0807713 0.0395122 0.995138 -0.0902132 0.0395122 0.995138 -0.0902132 0.116976 0.956549 -0.267076 0.189832 0.880972 -0.433418 0.116976 0.956549 -0.267076 0.189832 0.880972 -0.433418 0.255248 0.771505 -0.582775 0.255248 0.771505 -0.582775 0.310728 0.632562 -0.709445 0.310728 0.632562 -0.709445 0.354199 0.469628 -0.808697 0.354199 0.469628 -0.808697 0.384073 0.289004 -0.876905 0.39928 0.0975496 -0.911624 0.39928 0.0975496 -0.911624 0.384073 0.289004 -0.876905 0.0563527 0.995138 -0.0807713 0.166832 0.956549 -0.239123 0.166832 0.956549 -0.239123 0.27074 0.880972 -0.388056 0.27074 0.880972 -0.388056 0.364037 0.771505 -0.521781 0.364037 0.771505 -0.521781 0.443163 0.632562 -0.635193 0.443163 0.632562 -0.635193 0.505162 0.469628 -0.724057 0.505162 0.469628 -0.724057 0.547769 0.289004 -0.785127 0.569457 0.0975496 -0.816212 0.547769 0.289004 -0.785127 0.569457 0.0975496 -0.816212 0.0710276 0.995138 -0.0682255 0.082973 0.995138 -0.0530577 0.0710276 0.995138 -0.0682255 0.210277 0.956549 -0.201981 0.341244 0.880972 -0.327781 0.210277 0.956549 -0.201981 0.341244 0.880972 -0.327781 0.458837 0.771505 -0.440735 0.458837 0.771505 -0.440735 0.558568 0.632562 -0.536531 0.558568 0.632562 -0.536531 0.636712 0.469628 -0.611593 0.690415 0.289004 -0.663176 0.636712 0.469628 -0.611593 0.690415 0.289004 -0.663176 0.71775 0.0975496 -0.689433 0.71775 0.0975496 -0.689433 0.0917297 0.995138 -0.035851 0.082973 0.995138 -0.0530577 0.245641 0.956549 -0.157077 0.398634 0.880972 -0.254909 0.245641 0.956549 -0.157077 0.398634 0.880972 -0.254909 0.536003 0.771505 -0.342751 0.536003 0.771505 -0.342751 0.652507 0.632562 -0.417251 0.652507 0.632562 -0.417251 0.743794 0.469628 -0.475625 0.743794 0.469628 -0.475625 0.806528 0.289004 -0.51574 0.83846 0.0975496 -0.53616 0.83846 0.0975496 -0.53616 0.806528 0.289004 -0.51574 0.0917297 0.995138 -0.035851 0.271566 0.956549 -0.106137 0.271566 0.956549 -0.106137 0.440704 0.880972 -0.172242 0.440704 0.880972 -0.172242 0.592572 0.771505 -0.231596 0.721371 0.632562 -0.281935 0.592572 0.771505 -0.231596 0.721371 0.632562 -0.281935 0.822292 0.469628 -0.321379 0.891647 0.289004 -0.348485 0.822292 0.469628 -0.321379 0.926949 0.0975496 -0.362282 0.926949 0.0975496 -0.362282 0.891647 0.289004 -0.348485 0.0969614 0.995138 -0.0172665 0.0969614 0.995138 -0.0172665 0.287054 0.956549 -0.0511176 0.287054 0.956549 -0.0511176 0.465839 0.880972 -0.082955 0.465839 0.880972 -0.082955 0.626368 0.771505 -0.111541 0.626368 0.771505 -0.111541 0.762513 0.632562 -0.135786 0.762513 0.632562 -0.135786 0.86919 0.469628 -0.154782 0.869189 0.469628 -0.154782 0.9425 0.289004 -0.167837 0.979816 0.0975496 -0.174482 0.995028 0.0975496 0.020023 0.979816 0.0975496 -0.174482 0.9425 0.289004 -0.167837 0.0961882 0.995138 0.0211533 0.0984668 0.995138 0.00198145 0.0984668 0.995138 0.00198145 0.291511 0.956549 0.00586608 0.291511 0.956549 0.00586608 0.473072 0.880972 0.00951963 0.473072 0.880972 0.00951963 0.636093 0.771505 0.0128001 0.636093 0.771505 0.0128001 0.774352 0.632562 0.0155823 0.774352 0.632562 0.0155823 0.882685 0.469628 0.0177623 0.882685 0.469628 0.0177623 0.957133 0.289004 0.0192604 0.995028 0.0975496 0.020023 0.957133 0.289004 0.0192604 0.0961882 0.995138 0.0211533 0.462125 0.880972 0.101628 0.284765 0.956549 0.0626243 0.284765 0.956549 0.0626243 0.462125 0.880972 0.101628 0.621373 0.771505 0.13665 0.621373 0.771505 0.13665 0.756433 0.632562 0.166351 0.756433 0.632562 0.166351 0.862259 0.469628 0.189624 0.934985 0.289004 0.205618 0.862259 0.469628 0.189624 0.972003 0.0975496 0.213759 0.934985 0.289004 0.205618 0.972003 0.0975496 0.213759 0.911624 0.0975496 0.39928 0.0902132 0.995138 0.0395122 0.0902132 0.995138 0.0395122 0.267076 0.956549 0.116976 0.267076 0.956549 0.116976 0.433418 0.880972 0.189832 0.433418 0.880972 0.189832 0.582775 0.771505 0.255248 0.582775 0.771505 0.255248 0.709445 0.632562 0.310728 0.808697 0.469628 0.354199 0.709445 0.632562 0.310728 0.808697 0.469628 0.354199 0.876905 0.289004 0.384073 0.876905 0.289004 0.384073 0.911624 0.0975496 0.39928 0.0682255 0.995138 0.0710276 0.0807713 0.995138 0.0563527 0.0807713 0.995138 0.0563527 0.0682255 0.995138 0.0710276 0.239123 0.956549 0.166832 0.239123 0.956549 0.166832 0.201981 0.956549 0.210277 0.388056 0.880972 0.27074 0.201981 0.956549 0.210277 0.327781 0.880972 0.341244 0.327781 0.880972 0.341244 0.388056 0.880972 0.27074 0.440735 0.771505 0.458837 0.440735 0.771505 0.458837 0.521781 0.771505 0.364037 0.521781 0.771505 0.364037 0.536531 0.632562 0.558568 0.635193 0.632562 0.443163 0.536531 0.632562 0.558568 0.635193 0.632562 0.443163 0.724057 0.469628 0.505162 0.611593 0.469628 0.636712 0.785127 0.289004 0.547769 0.611593 0.469628 0.636712 0.724057 0.469628 0.505162 0.689433 0.0975496 0.71775 0.663176 0.289004 0.690415 0.816212 0.0975496 0.569457 0.689433 0.0975496 0.71775 0.663176 0.289004 0.690415 0.816212 0.0975496 0.569457 0.785127 0.289004 0.547769 -0.692737 6.40911e-15 -0.72119 -0.820124 1.67645e-15 -0.572186 -0.692737 5.2675e-15 -0.72119 -0.915993 -1.97902e-15 -0.401193 -0.820124 1.67645e-15 -0.572186 -0.976662 1.07747e-14 -0.214783 -0.915993 1.17225e-14 -0.401193 -0.999797 3.37374e-16 -0.0201189 -0.976662 3.6017e-15 -0.214783 -0.984512 -1.38226e-14 0.175318 -0.999797 -8.70902e-15 -0.0201189 -0.931392 2.30239e-15 0.364018 -0.984512 6.06727e-15 0.175318 -0.842479 1.24738e-14 0.538729 -0.931392 1.51293e-14 0.364018 -0.842479 1.15393e-14 0.538729 -0.72119 8.13729e-15 0.692737 -0.72119 8.53786e-15 0.692737 -0.572186 4.89682e-15 0.820124 -0.572186 -5.13926e-15 0.820124 -0.401193 -7.94085e-15 0.915993 -0.401193 1.06759e-15 0.915993 -0.214783 -2.80266e-15 0.976662 -0.214783 7.36276e-15 0.976662 -0.0201189 3.84102e-15 0.999797 -0.0201189 -1.94022e-15 0.999797 0.175318 -5.52107e-15 0.984512 0.175318 4.72595e-15 0.984512 0.364018 7.85607e-16 0.931392 0.538729 3.67187e-15 0.842479 0.364018 8.34424e-15 0.931392 0.538729 -2.66116e-15 0.842479 0.692737 -6.56289e-15 0.72119 0.692737 3.59941e-15 0.72119 0.820124 3.49159e-16 0.572186 0.915993 -1.51504e-15 0.401193 0.820124 2.33818e-15 0.572186 0.915993 -1.23125e-16 0.401193 0.976662 -4.58271e-15 0.214783 0.999797 -8.83408e-15 0.0201189 0.976662 -4.59591e-15 0.214783 0.999797 9.50592e-15 0.0201189 0.984512 6.87406e-15 -0.175318 0.931392 -1.30053e-17 -0.364018 0.984512 4.95213e-15 -0.175318 0.931392 -1.1577e-14 -0.364018 0.72119 -2.27751e-15 -0.692737 0.842479 3.43988e-15 -0.538729 0.842479 -1.71088e-14 -0.538729 0.572186 6.39677e-15 -0.820124 0.72119 1.20057e-14 -0.692737 0.401193 8.25927e-18 -0.915993 0.572186 3.94836e-15 -0.820124 0.401193 6.36424e-15 -0.915993 0.214783 1.30102e-14 -0.976662 0.214783 2.83692e-15 -0.976662 0.0201189 -4.43885e-15 -0.999797 0.0201189 9.62096e-15 -0.999797 -0.175318 -3.41571e-15 -0.984512 -0.175318 -6.17575e-15 -0.984512 -0.364018 -0 -0.931392 -0.364018 -3.22972e-15 -0.931392 -0.538729 4.98425e-15 -0.842479 -0.538729 0 -0.842479 -1.59376e-14 0.999999 -1.72559e-15 0 0.999999 -0 -1.7537e-14 0.999999 -5.38142e-15 -6.10801e-15 1 8.728e-15 0 0.999999 0 0 1 0 0 0.999999 0 0 0.999999 0 -5.23009e-15 1 1.34124e-15 -4.24316e-15 1 -2.25033e-15 0 0.999999 0 0 1 0 0 0.999999 0 -4.11694e-15 1 -3.31233e-15 -4.11126e-15 1 1.94015e-15 0 0.999999 -0 0 0.999999 -0 -4.24955e-15 1 3.1037e-15 -2.88628e-15 1 -3.40322e-15 -2.71797e-15 1 -4.81937e-15 -3.19613e-15 1 3.43016e-15 0 1 0 0 0.999999 -0 0 1 0 0 1 0 0 1 0 0 0.999999 -0 -2.0589e-15 1 -6.13848e-15 -2.93799e-15 1 4.68402e-15 0 1 -0 0 1 0 0 1 0 0 1 0 0 1 0 0 1 0 0 1 0 0 1 0 0 1 0 0 1 0 0 1 0 0 1 0 0 1 0 0 1 0 0 1 0 0 1 0 0 0.999999 0 0 0.999999 0 8.27205e-15 0.999999 -3.77146e-14 0 0.999999 0 0 1 0 0 1 0 0 1 0 0 0.999999 -0 0 0.999999 -0 1.00717e-14 1 -3.4709e-15 0 0.999999 -0 0 1 0 0 1 0 0 1 0 0 0.999999 -0 0 1 0 0 1 -0 5.0196e-15 1 1.98908e-15 1.38374e-15 1 5.0996e-15 2.11007e-15 1 4.31462e-15 0 1 0 0 1 0 2.34574e-14 1 -2.53513e-14 0 1 0 0 1 0 0 1 0 0 1 0 0 1 0 0 1 0 0 1 0 0 1 0 0 1 0 0 1 0 0 1 0 0 1 0 0 0.999999 0 0 0.999999 0 0 0.999999 0 0 0.999999 0 0 0.999999 0 0 0.999999 -0 0 1 -0 0 0.999999 0 0 1 0 0 1 0 0 1 0 0 0.999999 0 0 1 -0 3.01433e-14 1 -1.68618e-14 0 1 0 0 1 -0 0 1 -0 3.01433e-14 1 -1.68618e-14 0 1 0 0 1 -0 0 1 0 0 1 -0 0 1 0 0 1 -0 0 1 0 0 1 -0 0 1 0 0 1 0 0 1 0 0 1 0 0 1 0 0 1 0 -2.41474e-15 1 2.8141e-16 -2.38037e-16 1 1.0824e-15 -4.06383e-16 1 1.04676e-15 -2.00388e-16 1 1.09853e-15 0 1 0 0 1 -0 0 1 0 -4.72011e-16 1 1.02257e-15 -4.49309e-16 1 1.02585e-15 -7.02879e-16 1 8.61271e-16 0 1 0 0 1 -0 0 1 0 0 0.999999 0 2.52208e-14 0.999999 -2.24149e-14 0 0.999999 0 0 0.999999 0 -6.36126e-16 1 9.11771e-16 -5.2475e-16 1 9.73024e-16 -7.66229e-16 1 8.28095e-16 0 1 0 0 1 0 0 1 -0 -9.41958e-16 1 6.06639e-16 -8.10524e-16 1 7.73528e-16 -8.02379e-16 1 7.70723e-16 0 1 0 0 1 0 0 1 -0 0 0.999999 0 0 0.999999 0 0 0.999999 0 0 1 -0 0 1 0 0 1 -0 0 0.999999 0 0 1 0 0 1 0 0 1 -0 0 1 0 0 1 -0 0 1 0 0 1 -0 0 1 0 0 1 -0 -1.06891e-15 1 2.82066e-16 -9.37322e-16 1 5.99378e-16 -9.84622e-16 1 5.50787e-16 0 1 0 0 1 0 0 1 -0 0 1 -0 0 1 0 0 1 0 0 1 -0 0 1 0 0 1 0 0 1 -0 0 1 -0 0 1 0 0 1 -0 0 1 0 0 1 -0 -1.00203e-15 1 4.81426e-16 -1.03547e-15 1 4.04697e-16 -1.10471e-15 1 2.19184e-16 0 1 -0 0 1 0 0 1 0 -1.1149e-15 1 -6.26778e-17 -1.11285e-15 1 1.49714e-16 -1.10259e-15 1 1.96345e-16 0 1 -0 0 1 0 0 1 0 0 0.999999 0 0 0.999999 -0 0 0.999999 0 0 0.999999 0 -1.10804e-15 1 -2.22972e-17 0 1 -0 0 1 0 0 0.999999 -0 0 0.999999 0 0 1 0 0 0.999999 0 0 1 0 0 1 -0 0 0.999999 0 0 1 0 0 1 0 0 1 -0 0 1 0 0 1 0 0 1 -0 0 1 0 -3.42976e-14 1 -4.07626e-15 -2.84974e-15 1 3.54198e-15 0 1 -0 3.1037e-15 1 4.24955e-15 -3.40322e-15 1 2.88628e-15 0 1 -0 0 1 0 -4.08374e-15 1 2.3031e-15 4.04805e-15 1 3.77187e-15 0 1 0 0 1 0 0 1 -0 0 1 0 -5.24217e-15 1 1.75827e-15 5.4849e-15 1 3.44034e-15 -8.3956e-16 1 2.28152e-15 0 1 0 0 1 -0 0 1 -0 0 1 0 0 1 0 0 1 -0 0 1 0 0 0.999999 0 0 0.999999 -0 0 0.999999 -0 0 0.999999 0 0 1 0 0 1 0 0 1 0 0 1 0 0 1 0 0 1 0 0 1 0 0 1 0 0 1 0 0 0.999999 -0 0 0.999999 -0 0 1 0 0 1 0 0 1 0 2.52208e-14 0.999999 -2.24149e-14 0 0.999999 -0 0 1 0 0 1 0 0 1 0 0 1 0 0 1 0 0 1 0 0 1 0 0 1 0 0 1 0 0 1 0 0 1 0 0 1 -0 0 1 0 0 1 -0 0 1 -0 0 1 0 0 1 0 0 1 -0 0 1 -0 0 1 -0 0 0.999999 -0 0 0.999999 0 0 0.999999 -0 0 0.999999 0 0 1 0 0 1 -0 0 1 0 0 1 0 3.01433e-14 1 -1.68618e-14 3.01433e-14 1 -1.68618e-14 0 1 0 0 1 0 0 1 0 0 1 0 0 1 0 0 1 0 0 1 0 0 1 -0 0 1 -0 0 1 0 0 1 0 0 1 0 0 1 0 0 1 0 0 0.999999 -0 0 0.999999 -0 0 1 0 0 1 -0 0 1 0 0 1 0 0 1 0 0 1 -0 0 1 0 0 1 0 0 0.999999 -0 0 0.999999 -0 0 1 -0 0 1 -0 0 1 -0 0 1 0 0 1 -0 0 1 0 0 1 0 0 1 0 0 1 -0 0 1 -0 0 1 0 0 1 0 0 1 -0 0 1 0 0 1 0 0 1 -0 0 1 0 0 1 0 0 1 -0 2.34574e-14 1 -2.53513e-14 0 1 -0 0 0.999999 0 0 0.999999 0 0 0.999999 0 0 0.999999 0 0 1 -0 0 1 0 0 1 -0 0 1 0 1.38374e-15 1 5.0996e-15 0 1 0 0 1 -0 0 1 -0 0 1 -0 2.11007e-15 1 4.31462e-15 5.0196e-15 1 1.98908e-15 0 1 0 0 1 -0 1.00717e-14 1 -3.4709e-15 0 1 0 0 1 -0 0 1 0 8.27205e-15 0.999999 -3.77146e-14 0 0.999999 -0 0 0.999999 -0 0 0.999999 -0 0 1 -0 0 1 0 0 1 0 0 1 -0 0 1 -0 0 1 -0 0 1 0 0 1 -0 0 1 -0 0 1 0 0 1 0 0 1 -0 0 1 -0 0 1 0 0 1 0 0 1 0 0 1 -0 0 1 -0 0 1 0 0 1 0 0 1 -0 0 1 0 0 1 -0 0 1 -0 0 1 0 0 1 -0 0 1 0 0 1 0 0 1 -0 0 1 0 0 1 -0 0 1 0 0 1 -0 0 1 0 0 1 -0 0 1 0 0 1 -0 0 1 -0 0 1 -0 0 0.999999 0 0 0.999999 0 0 1 -0 0 0.999999 0 0 0.999999 0 0 1 0 0 0.999999 0 0 1 -0 0 1 -0 0 0.999999 0 0 1 -0 0 1 -0 0 0.999999 -0 0 0.999999 -0 0 0.999999 0 0 0.999999 0 0 1 0 0 1 -0 0 0.999999 0 0 0.999999 0 0 0.999999 0 0 0.999999 0 0 1 0 0 0.999999 0 0 0.999999 0 0 0.999999 0 0 1 0 0 0.999998 0 0 0.999999 0 0 0.999999 0 0 0.999999 0 0 0.999999 0 0 0.999999 0 0 0.999999 0 0 1 0 0 0.999999 0 0 0.999999 0 0 0.999999 0 0 1 0 0 0.999999 0 0 1 0 0 0.999999 0 0 1 0 0 0.999999 0 0 0.999999 0 0 0.999999 0 0 1 0 0 1 0 0 1 0 0 0.999999 0 0 0.999999 0 0 0.999999 0 0 0.999999 0 0 0.999999 0 0 1 0 0 0.999999 0 0 0.999999 0 0 0.999999 0 0 0.999999 0 0 0.999999 0 0 0.999999 0 0 0.999999 0 0 0.999999 0 0 0.999999 0 0 1 0 0 0.999999 0 0 0.999999 0 0 1 0 0 0.999999 0 0 0.999999 0 0 0.999999 0 0 0.999999 0 0 0.999999 0 0 0.999999 0 0 0.999999 0 0 0.999999 0 0 0.999999 0 0 0.999999 0 0 0.999999 0 0 0.999999 0 0 0.999999 0 0 0.999999 0 0 0.999999 0 0 0.999999 0 0 1 0 0 0.999999 0 0 0.999999 0 0 0.999999 0 0 0.999999 0 0 0.999999 0 0 0.999999 0 0 0.999999 0 0 0.999999 0 0 0.999999 0 0 0.999999 0 0 0.999999 0 0 0.999999 0 0 0.999999 0 0 0.999999 0 0 0.999999 0 0 0.999999 0 0 0.999999 0 0 0.999999 0 0 0.999999 0 0 0.999999 0 0 0.999999 0 0 0.999998 0 0 0.999999 0 0 0.999998 0 0 1 0 0 0.999999 0 0 0.999999 0 0 0.999999 0 0 1 0 0 0.999999 0 0 0.999999 0 0 0.999999 0 0 1 0 0 0.999999 0 0 1 0 0 0.999999 0 0 1 0 0 1 0 0 0.999999 0 0 1 0 0 1 0 0 0.999999 0 0 1 0 0 1 0 0 0.999999 0 0 1 0 0 1 0 0 1 0 0 1 0 0 1 0 0 0.999999 0 0 0.999999 0 0 1 0 0 1 0 0 0.999999 0 0 0.999999 0 0 0.999998 0 0 1 0 0 0.999999 0 0 0.999999 0 0 0.999999 0 0 0.999999 0 0 0.999999 0 0 0.999999 0 0 0.999999 0 0 0.999999 0 0 0.999999 0 0 0.999999 0 0 0.999999 0 0 0.999999 0 0 0.999999 0 0 0.999999 0 0 0.999999 0 0 0.999999 0 0 0.999999 0 0 0.999999 0 0 1 0 0 1 0 0 0.999999 0 0 0.999999 0 0 1 0 0 1 0 0 0.999999 0 0 0.999999 0 0 1 0 0 0.999999 0 0 0.999999 0 0 1 0 0 1 0 0 1 0 0 1 0 0 1 0 0 1 0 0 1 0 0 0.999999 0 0 1 0 0 1 0 0 1 0 0 1 0 0 0.999999 0 0 0.999999 0 0 1 0 0 1 0 0 1 0 0 1 0 0 0.999999 0 0 1 0 0 0.999999 0 0 0.999999 0 0 1 0 0 1 0 0 0.999999 0 0 0.999998 0 0 0.999999 0 0 0.999999 0 0 0.999999 0 0 0.999999 0 0 0.999999 0 0 0.999999 0 0 0.999999 0 0 0.999998 0 0 0.999999 0 0 1 0 0 1 0 0 1 0 0 0.999999 0 0 0.999999 0 0 1 0 0 1 0 0 1 0 0 1 0 0 0.999999 0 0 0.999999 0 0 0.999999 0 0 0.999999 0 0 1 0 0 1 0 0 0.999999 0 0 0.999999 0 0 0.999999 0 0 1 0 0 1 0 0 0.999999 0 0 0.999999 0 0 0.999999 0 0 1 0 0 0.999999 0 0 0.999999 0 0 0.999999 0 0 1 0 0 0.999999 0 0 0.999999 0 0 0.999999 0 0 0.999999 0 0 1 0 0 1 0 0 0.999999 0 0 0.999999 0 0 1 0 0 1 0 0 0.999999 0 0 0.999999 0 0 0.999999 0 0 0.999999 0 0 0.999999 0 0 0.999999 0 0 0.999999 0 0 0.999999 0 0 0.999999 0 0 0.999999 0 0 0.999999 0 0 0.999999 0 0 0.999999 0 0 0.999999 0 0 0.999999 0 0 0.999999 0 0 0.999999 0 0 0.999999 0 0 0.999998 0 0 0.999999 0 0 0.999999 0 0 0.999998 0 0 1 0 0 1 0 0 0.999999 0 0 0.999999 0 0 0.999999 0 0 0.999999 0 0 1 0 0 0.999999 0 0 0.999999 0 0 0.999999 0 0 1 0 0 1 0 0 0.999999 0 0 0.999999 0 0 0.999999 0 0 0.999999 0 0 0.999999 0 0 0.999999 0 0 0.999999 0 0 0.999999 0 0 0.999999 0 0 0.999999 0 0 0.999999 0 0 0.999999 0 0 1 0 0 0.999998 0 0 0.999999 0 0 1 0 0 1 0 0 0.999999 0 0 0.999999 0 0 1 0 0 1 0 0 0.999999 0 0 0.999999 0 0 1 0 0 1 0 0 1 0 0 0.999999 0 0 0.999999 0 0 0.999999 0 0 0.999999 0 0 0.999999 0 0 0.999999 0 0 0.999999 0 0 0.999999 0 0 1 0 0 0.999999 0 0 0.999999 0 0 1 0 0 1 0 0 0.999999 0 0 1 0 0 0.999999 0 0 0.999999 0 0 0.999999 0 0 0.999999 0 0 0.999999 0 0 0.999999 0 0 0.999999 0 0 1 0 0 0.999999 0 0 1 0 0 1 0 0 0.999999 0 0 0.999999 0 0 0.999999 0 0 0.999999 0 0 1 0 0 0.999999 0 0 0.999999 0 0 0.999999 0 0 0.999999 0 0 0.999999 0 0 0.999999 0 0 1 0 0 1 0 0 1 0 0 1 0 0 0.999998 0 0 0.999999 0 0 0.999999 0 0 0.999999 0 0 0.999999 0 0 0.999999 0 0 0.999999 0 0 0.999999 0 0 1 0 0 1 0 -0.692737 5.72897e-16 -0.72119 -0.692737 1.07234e-16 -0.72119 -0.820124 4.39573e-16 -0.572186 -0.820124 8.48737e-17 -0.572186 -0.915993 3.18153e-16 -0.401193 -0.915993 3.08631e-16 -0.401193 -0.976662 1.33068e-16 -0.214783 -0.976662 1.69747e-16 -0.214783 -0.999798 7.95847e-16 -0.0201189 -0.999798 1.24779e-17 -0.0201189 -0.984512 -1.4772e-16 0.175318 -0.984512 7.547e-16 0.175318 -0.931392 -1.01826e-15 0.364018 -0.931392 -3.06703e-16 0.364018 -0.842479 1.33507e-17 0.538729 -0.72119 1.71673e-17 0.692737 -0.842479 -1.08021e-15 0.538729 -0.72119 -6.52356e-16 0.692737 -0.572186 -7.73508e-16 0.820124 -0.572186 -9.61856e-16 0.820124 -0.401193 -8.85651e-16 0.915993 -0.401193 -7.26398e-16 0.915993 -0.214783 -7.74472e-16 0.976662 -0.214783 -9.43933e-16 0.976662 -0.0201189 -9.66293e-16 0.999798 -0.0201189 -1.23884e-16 0.999798 0.175318 -1.2199e-16 0.984512 0.175318 -1.2199e-16 0.984512 0.364018 -1.15408e-16 0.931392 0.364018 -2.4251e-16 0.931392 0.538729 -3.85789e-16 0.842479 0.538729 -9.47314e-17 0.842479 0.692737 1.02543e-16 0.72119 0.692737 -8.93618e-17 0.72119 0.820124 -7.1371e-17 0.572186 0.820124 2.03709e-16 0.572186 0.915993 4.12795e-16 0.401193 0.915993 -2.53528e-16 0.401193 0.976662 -1.35991e-16 0.214783 0.976662 7.05314e-16 0.214783 0.999798 7.86374e-16 0.0201189 0.999798 -1.29632e-17 0.0201189 0.984512 2.17235e-17 -0.175318 0.931392 4.51051e-17 -0.364018 0.984512 1.12843e-16 -0.175318 0.931392 2.97694e-16 -0.364018 0.842479 4.398e-16 -0.538729 0.842479 1.09532e-15 -0.538729 0.72119 1.12127e-15 -0.692737 0.72119 5.49352e-16 -0.692737 0.572186 4.87779e-16 -0.820124 0.401193 5.44798e-16 -0.915993 0.572186 6.50055e-16 -0.820124 0.214783 7.74509e-16 -0.976662 0.401193 7.26398e-16 -0.915993 0.0201189 -4.95535e-17 -0.999798 0.214783 -4.84068e-17 -0.976662 0.0201189 8.58364e-16 -0.999798 -0.175318 5.8555e-16 -0.984512 -0.175318 6.90563e-16 -0.984512 -0.364018 2.65284e-16 -0.931392 -0.364018 5.53608e-16 -0.931392 -0.538729 6.681e-16 -0.842479 -0.538729 7.33e-17 -0.842479 0 -0.999999 0 0 -0.999999 0 -0 -0.999999 0 0 -0.999999 0 0 -0.999999 0 0 -0.999999 0 0 -0.999999 0 0 -0.999999 0 0 -0.999999 0 0 -0.999999 0 0 -0.999999 0 0 -0.999999 0 0 -0.999999 0 0 -0.999999 0 0 -0.999999 0 0 -0.999999 0 0 -0.999999 0 0 -0.999999 0 0 -0.999999 0 0 -0.999999 0 0 -0.999999 0 0 -0.999999 0 0 -0.999999 0 0 -0.999999 0 0 -0.999999 0 0 -0.999999 0 0 -0.999999 0 0 -0.999999 0 0 -0.999999 0 0 -0.999999 0 -0 -0.999999 0 -0 -0.999999 0 0 -0.999999 0 0 -0.999999 0 0 -0.999999 0 0 -0.999999 0 0 -0.999999 0 0 -0.999999 0 0 -0.999999 0 0 -0.999999 0 0 -0.999999 0 0 -0.999999 0 0 -0.999999 0 0 -0.999999 0 0 -0.999999 0 0 -0.999999 0 0 -0.999999 0 0 -0.999999 0 0 -0.999999 0 0 -0.999999 0 0 -0.999999 0 0 -0.999999 0 0 -0.999999 0 0 -0.999999 0 0 -0.999999 0 0 -0.999999 0 0 -0.999999 0 0 -0.999999 0 0 -0.999999 0 0 -0.999999 0 0 -0.999999 0 0 -0.999999 0 -0 -0.999999 0 0 -0.999999 0 -0.692737 4.64876e-16 -0.72119 -0.692737 -3.57447e-17 -0.72119 -0.820124 -9.0371e-16 -0.572186 -0.820124 -2.70053e-17 -0.572186 -0.915993 2.38615e-16 -0.401193 -0.915993 -1.17376e-15 -0.401193 -0.976662 -0 -0.214783 -0.976662 1.2731e-16 -0.214783 -0.999798 7.96845e-16 -0.0201189 -0.999798 0 -0.0201189 -0.984512 -1.56409e-16 0.175318 -0.984512 7.4602e-16 0.175318 -0.931392 -1.65764e-15 0.364018 -0.931392 -3.25028e-16 0.364018 -0.842479 1.06805e-16 0.538729 -0.72119 1.37338e-16 0.692737 -0.842479 -1.60295e-15 0.538729 -0.72119 5.71915e-16 0.692737 -0.572186 4.55231e-16 0.820124 -0.572186 -4.87779e-16 0.820124 -0.401193 -5.44798e-16 0.915993 -0.401193 2.72399e-16 0.915993 -0.214783 2.90306e-16 0.976662 -0.214783 -8.48022e-16 0.976662 -0.0201189 -7.09704e-16 0.999798 -0.0201189 -8.31523e-17 0.999798 0.175318 -2.36622e-16 0.984512 0.175318 -2.36622e-16 0.984512 0.364018 -3.80999e-16 0.931392 0.364018 -9.23261e-16 0.931392 0.538729 -8.35234e-16 0.842479 0.538729 -8.35124e-16 0.842479 0.692737 -7.14894e-16 0.72119 0.692737 -2.63394e-16 0.72119 0.820124 -4.24368e-16 0.572186 0.820124 -3.40315e-16 0.572186 0.915993 -2.38225e-16 0.401193 0.915993 -3.97691e-16 0.401193 0.976662 -2.13149e-16 0.214783 0.976662 6.38725e-17 0.214783 0.999798 5.98299e-18 0.0201189 0.999798 0 0.0201189 0.984512 1.73788e-16 -0.175318 0.931392 3.60841e-16 -0.364018 0.984512 0 -0.175318 0.931392 -9.91197e-16 -0.364018 0.842479 -1.04163e-15 -0.538729 0.842479 9.88516e-16 -0.538729 0.72119 9.8393e-16 -0.692737 0.72119 6.18021e-16 -0.692737 0.572186 8.12965e-17 -0.820124 0.401193 9.07997e-17 -0.915993 0.572186 7.33e-16 -0.820124 0.214783 9.19729e-16 -0.976662 0.401193 8.62597e-16 -0.915993 0.0201189 5.94642e-16 -0.999798 0.214783 5.80882e-16 -0.976662 0.0201189 6.10597e-16 -0.999798 -0.175318 7.31938e-16 -0.984512 -0.175318 4.46551e-16 -0.984512 -0.364018 2.65284e-16 -0.931392 -0.364018 6.92492e-16 -0.931392 -0.538729 5.42831e-16 -0.842479 -0.538729 7.33e-17 -0.842479 0 -0.999999 0 0 -0.999999 0 -0 -0.999999 0 0 -0.999999 0 0 -0.999999 0 0 -0.999999 0 0 -0.999999 0 0 -0.999999 0 0 -0.999999 0 0 -0.999999 0 0 -0.999999 0 0 -0.999999 0 0 -0.999999 0 0 -0.999999 0 0 -0.999999 0 0 -0.999999 0 0 -0.999999 0 0 -0.999999 0 0 -0.999999 0 0 -0.999999 0 0 -0.999999 0 0 -0.999999 0 0 -0.999999 0 0 -0.999999 0 -0 -0.999999 0 0 -0.999999 0 0 -0.999999 0 0 -0.999999 0 -0 -0.999999 0 0 -0.999999 0 -0 -0.999999 0 0 -0.999999 0 0 -0.999999 0 0 -0.999999 0 0 -0.999999 0 0 -0.999999 0 -0 -0.999999 0 0 -0.999999 0 0 -0.999999 0 0 -0.999999 0 0 -0.999999 0 0 -0.999999 0 0 -0.999999 0 0 -0.999999 0 0 -0.999999 0 0 -0.999999 0 0 -0.999999 0 0 -0.999999 0 0 -0.999999 0 0 -0.999999 0 0 -0.999999 0 0 -0.999999 0 0 -0.999999 0 0 -0.999999 0 0 -0.999999 0 0 -0.999999 0 0 -0.999999 0 0 -0.999999 0 0 -0.999999 0 0 -0.999999 0 0 -0.999999 0 0 -0.999999 0 -0 -0.999999 0 0 -0.999999 0 -0.692737 5.36247e-16 -0.72119 -0.692737 5.36171e-16 -0.72119 -0.820124 4.25393e-16 -0.572186 -0.820124 4.26297e-16 -0.572186 -0.915993 -4.28129e-16 -0.401193 -0.915993 2.98022e-16 -0.401193 -0.976662 1.70327e-16 -0.214783 -0.976662 -6.15334e-16 -0.214783 -0.999798 -1.99433e-18 -0.0201189 -0.999798 1.59741e-17 -0.0201189 -0.984512 -1.4772e-16 0.175318 -0.984512 1.73605e-17 0.175318 -0.931392 -2.70631e-16 0.364018 -0.931392 -3.06703e-16 0.364018 -0.842479 9.61814e-16 0.538729 -0.72119 9.49595e-16 0.692737 -0.842479 -4.01221e-16 0.538729 -0.72119 -9.49595e-16 0.692737 -0.572186 -9.02747e-16 0.820124 -0.572186 -9.8218e-16 0.820124 -0.401193 -9.08351e-16 0.915993 -0.401193 -6.80998e-16 0.915993 -0.214783 -7.26248e-16 0.976662 -0.214783 -7.51208e-16 0.976662 -0.0201189 -6.10597e-16 0.999798 -0.0201189 -9.9107e-17 0.999798 0.175318 -9.75917e-17 0.984512 0.175318 -2.36622e-16 0.984512 0.364018 -3.80999e-16 0.931392 0.364018 -9.23261e-17 0.931392 0.538729 -8.29447e-17 0.842479 0.538729 -8.35124e-17 0.842479 0.692737 -7.14894e-17 0.72119 0.692737 -6.20842e-16 0.72119 0.820124 -7.07923e-16 0.572186 0.820124 -4.25393e-16 0.572186 0.915993 -2.98022e-16 0.401193 0.915993 1.98846e-17 0.401193 0.976662 1.06092e-17 0.214783 0.976662 -1.80972e-16 0.214783 0.999798 -1.69518e-17 0.0201189 0.999798 -1.99433e-18 0.0201189 0.984512 -7.63355e-16 -0.175318 0.931392 -7.02525e-16 -0.364018 0.984512 1.73605e-17 -0.175318 0.931392 2.88673e-16 -0.364018 0.842479 4.28226e-16 -0.538729 0.842479 3.73819e-16 -0.538729 0.72119 4.80683e-16 -0.692737 0.72119 1.0526e-15 -0.692737 0.572186 3.25186e-16 -0.820124 0.401193 3.63199e-16 -0.915993 0.572186 1.02234e-15 -0.820124 0.214783 9.44835e-16 -0.976662 0.401193 1.04455e-15 -0.915993 0.0201189 -1.98214e-16 -0.999798 0.214783 -1.93627e-16 -0.976662 0.0201189 7.92856e-16 -0.999798 -0.175318 5.8555e-16 -0.984512 -0.175318 7.80741e-16 -0.984512 -0.364018 5.53957e-16 -0.931392 -0.364018 5.53608e-16 -0.931392 -0.538729 6.26343e-16 -0.842479 -0.538729 5.01526e-16 -0.842479 0 -0.999999 0 0 -0.999999 0 -0 -0.999999 0 0 -0.999999 0 0 -0.999999 0 0 -0.999999 0 0 -0.999999 0 0 -0.999999 0 0 -0.999999 0 0 -0.999999 0 0 -0.999999 0 0 -0.999999 0 0 -0.999999 0 0 -0.999999 0 0 -0.999999 0 0 -0.999999 0 0 -0.999999 0 0 -0.999999 0 0 -0.999999 0 0 -0.999999 0 0 -0.999999 0 0 -0.999999 0 0 -0.999999 0 0 -0.999999 0 -0 -0.999999 0 0 -0.999999 0 0 -0.999999 0 0 -0.999999 0 0 -0.999999 0 0 -0.999999 0 -0 -0.999999 0 -0 -0.999999 0 0 -0.999999 0 -0 -0.999999 0 0 -0.999999 0 0 -0.999999 0 0 -0.999999 0 0 -0.999999 0 0 -0.999999 0 0 -0.999999 0 0 -0.999999 0 0 -0.999999 0 0 -0.999999 0 0 -0.999999 0 0 -0.999999 0 0 -0.999999 0 0 -0.999999 0 0 -0.999999 0 0 -0.999999 0 0 -0.999999 0 0 -0.999999 0 0 -0.999999 0 0 -0.999999 0 0 -0.999999 0 0 -0.999999 0 0 -0.999999 0 0 -0.999999 0 0 -0.999999 0 0 -0.999999 0 0 -0.999999 0 0 -0.999999 0 -0 -0.999999 0 0 -0.999999 0 0 -0.999999 0 -0.692737 -7.1371e-17 -0.72119 -0.692737 2.25633e-17 -0.72119 -0.820124 -1.13438e-16 -0.572186 -0.820124 -1.96753e-16 -0.572186 -0.915993 -1.98846e-17 -0.401193 -0.915993 -8.00513e-17 -0.401193 -0.976662 -6.25473e-16 -0.214783 -0.976662 -1.06092e-17 -0.214783 -0.999798 -7.76901e-16 -0.0201189 -0.999798 -7.78873e-16 -0.0201189 -0.984512 7.89423e-16 0.175318 -0.984512 -9.19625e-16 0.175318 -0.931392 -2.70631e-16 0.364018 -0.931392 7.56147e-16 0.364018 -0.842479 -4.27221e-16 0.538729 -0.72119 -5.49352e-16 0.692737 -0.842479 -3.99292e-16 0.538729 -0.72119 -9.8393e-16 0.692737 -0.572186 -9.41326e-16 0.820124 -0.572186 8.12965e-17 0.820124 -0.401193 9.07997e-17 0.915993 -0.401193 -5.44798e-16 0.915993 -0.214783 -5.80613e-16 0.976662 -0.214783 1.70327e-16 0.976662 -0.0201189 1.59546e-17 0.999798 -0.0201189 -2.97321e-16 0.999798 0.175318 -2.92775e-16 0.984512 0.175318 -4.4652e-16 0.984512 0.364018 -2.65284e-16 0.931392 0.364018 -6.46283e-16 0.931392 0.538729 -5.84471e-16 0.842479 0.538729 7.38533e-17 0.842479 0.692737 -1.20416e-16 0.72119 0.692737 -5.71915e-16 0.72119 0.820124 -4.53302e-16 0.572186 0.820124 2.83596e-17 0.572186 0.915993 2.02539e-17 0.401193 0.915993 7.95382e-17 0.401193 0.976662 4.24368e-17 0.214783 0.976662 -1.3839e-16 0.214783 0.999798 -1.29632e-17 0.0201189 0.999798 -1.29632e-17 0.0201189 0.984512 8.85007e-16 -0.175318 0.931392 9.55113e-16 -0.364018 0.984512 1.12843e-16 -0.175318 0.931392 2.88673e-16 -0.364018 0.842479 4.28226e-16 -0.538729 0.842479 1.60208e-16 -0.538729 0.72119 2.06007e-16 -0.692737 0.72119 1.08693e-15 -0.692737 0.572186 6.9102e-16 -0.820124 0.401193 7.71798e-16 -0.915993 0.572186 1.06285e-15 -0.820124 0.214783 -1.93627e-16 -0.976662 0.401193 -1.81599e-16 -0.915993 0.0201189 6.10597e-16 -0.999798 0.214783 7.51208e-16 -0.976662 0.0201189 -4.95535e-17 -0.999798 -0.175318 -4.87959e-17 -0.984512 -0.175318 -4.87059e-17 -0.984512 -0.364018 -1.84652e-16 -0.931392 -0.364018 -4.62947e-17 -0.931392 -0.538729 -8.35124e-17 -0.842479 -0.538729 -1.67818e-16 -0.842479 0 -0.999999 0 0 -0.999999 0 -0 -0.999999 0 0 -0.999999 0 0 -0.999999 0 0 -0.999999 0 0 -0.999999 0 0 -0.999999 0 0 -0.999999 0 0 -0.999999 0 0 -0.999999 0 0 -0.999999 0 0 -0.999999 0 0 -0.999999 0 0 -0.999999 0 0 -0.999999 0 0 -0.999999 0 0 -0.999999 0 0 -0.999999 0 0 -0.999999 0 0 -0.999999 0 0 -0.999999 0 0 -0.999999 0 0 -0.999999 0 -0 -0.999999 0 0 -0.999999 0 0 -0.999999 0 0 -0.999999 0 0 -0.999999 0 0 -0.999999 0 -0 -0.999999 0 -0 -0.999999 0 0 -0.999999 0 0 -0.999999 0 0 -0.999999 0 0 -0.999999 0 0 -0.999999 0 0 -0.999999 0 0 -0.999999 0 0 -0.999999 0 0 -0.999999 0 0 -0.999999 0 0 -0.999999 0 0 -0.999999 0 0 -0.999999 0 0 -0.999999 0 0 -0.999999 0 0 -0.999999 0 0 -0.999999 0 0 -0.999999 0 0 -0.999999 0 0 -0.999999 0 0 -0.999999 0 0 -0.999999 0 0 -0.999999 0 0 -0.999999 0 0 -0.999999 0 0 -0.999999 0 0 -0.999999 0 0 -0.999999 0 0 -0.999999 0 0 -0.999999 0 0 -0.999999 0 -0 -0.999999 0 -0.692737 -1.42742e-16 -0.72119 -0.692737 6.38714e-16 -0.72119 -0.820124 4.53753e-16 -0.572186 -0.820124 7.21426e-16 -0.572186 -0.915993 1.78961e-16 -0.401193 -0.915993 3.18276e-16 -0.401193 -0.976662 8.06445e-16 -0.214783 -0.976662 9.64473e-17 -0.214783 -0.999798 2.9915e-18 -0.0201189 -0.999798 7.95871e-16 -0.0201189 -0.984512 7.02529e-16 0.175318 -0.984512 -2.60408e-17 0.175318 -0.931392 -2.34547e-16 0.364018 -0.931392 5.76755e-16 0.364018 -0.842479 -1.01522e-15 0.538729 -0.72119 -1.01826e-15 0.692737 -0.842479 -3.4721e-16 0.538729 -0.72119 -6.8669e-17 0.692737 -0.572186 -8.10158e-17 0.820124 -0.572186 -9.41532e-16 0.820124 -0.401193 -8.62951e-16 0.915993 -0.401193 9.53751e-16 0.915993 -0.214783 8.47772e-16 0.976662 -0.214783 -7.51208e-16 0.976662 -0.0201189 -6.10597e-16 0.999798 -0.0201189 -8.31523e-17 0.999798 0.175318 -2.36622e-16 0.984512 0.175318 -5.8555e-16 0.984512 0.364018 -5.53957e-16 0.931392 0.364018 -6.0012e-16 0.931392 0.538729 -5.42034e-16 0.842479 0.538729 -5.01075e-16 0.842479 0.692737 -4.28937e-16 0.72119 0.692737 -6.56586e-16 0.72119 0.820124 -7.34929e-16 0.572186 0.820124 -5.38832e-16 0.572186 0.915993 -3.77109e-16 0.401193 0.915993 4.87783e-16 0.401193 0.976662 6.46197e-16 0.214783 0.976662 -7.958e-16 0.214783 0.999798 -7.9485e-16 0.0201189 0.999798 7.79893e-16 0.0201189 0.984512 1.56409e-16 -0.175318 0.931392 3.24757e-16 -0.364018 0.984512 8.93585e-16 -0.175318 0.931392 -6.84483e-16 -0.364018 0.842479 -5.88329e-16 -0.538729 0.842479 3.33767e-16 -0.538729 0.72119 4.29181e-16 -0.692737 0.72119 6.52356e-16 -0.692737 0.572186 9.61856e-16 -0.820124 0.401193 8.85651e-16 -0.915993 0.572186 7.71579e-16 -0.820124 0.214783 9.19729e-16 -0.976662 0.401193 8.62597e-16 -0.915993 0.0201189 1.4866e-16 -0.999798 0.214783 1.4522e-16 -0.976662 0.0201189 9.1674e-16 -0.999798 -0.175318 6.34346e-16 -0.984512 -0.175318 9.02747e-16 -0.984512 -0.364018 5.77038e-16 -0.931392 -0.364018 5.99902e-16 -0.931392 -0.538729 -1.67025e-16 -0.842479 -0.538729 5.20816e-16 -0.842479 0 -0.999999 0 0 -0.999999 0 -0 -0.999999 0 0 -0.999999 0 0 -0.999999 0 0 -0.999999 0 0 -0.999999 0 0 -0.999999 0 0 -0.999999 0 0 -0.999999 0 0 -0.999999 0 0 -0.999999 0 0 -0.999999 0 0 -0.999999 0 0 -0.999999 0 0 -0.999999 0 0 -0.999999 0 0 -0.999999 0 0 -0.999999 0 0 -0.999999 0 0 -0.999999 0 0 -0.999999 0 0 -0.999999 0 0 -0.999999 0 -0 -0.999999 0 0 -0.999999 0 0 -0.999999 0 0 -0.999999 0 0 -0.999999 0 0 -0.999999 0 -0 -0.999999 0 -0 -0.999999 0 0 -0.999999 0 -0 -0.999999 0 0 -0.999999 0 0 -0.999999 0 0 -0.999999 0 0 -0.999999 0 0 -0.999999 0 0 -0.999999 0 0 -0.999999 0 0 -0.999999 0 0 -0.999999 0 0 -0.999999 0 0 -0.999999 0 0 -0.999999 0 0 -0.999999 0 0 -0.999999 0 0 -0.999999 0 0 -0.999999 0 0 -0.999999 0 0 -0.999999 0 0 -0.999999 0 0 -0.999999 0 0 -0.999999 0 0 -0.999999 0 0 -0.999999 0 0 -0.999999 0 0 -0.999999 0 0 -0.999999 0 0 -0.999999 0 -0 -0.999999 0 0 -0.999999 0 0 -0.999999 0 -0.692737 6.21121e-16 -0.72119 -0.692737 5.71915e-16 -0.72119 -0.820124 -1.13438e-16 -0.572186 -0.820124 4.55231e-16 -0.572186 -0.915993 -3.97691e-17 -0.401193 -0.915993 -7.90868e-17 -0.401193 -0.976662 1.70327e-16 -0.214783 -0.976662 -2.21829e-17 -0.214783 -0.999798 5.48441e-18 -0.0201189 -0.999798 1.59741e-17 -0.0201189 -0.984512 7.63355e-16 0.175318 -0.984512 -4.77414e-17 0.175318 -0.931392 -2.88673e-16 0.364018 -0.931392 7.03101e-16 0.364018 -0.842479 -3.47117e-16 0.538729 -0.72119 -4.46349e-16 0.692737 -0.842479 -4.26297e-16 0.538729 -0.72119 -5.32185e-16 0.692737 -0.572186 -6.30766e-16 0.820124 -0.572186 -1.10412e-15 0.820124 -0.401193 -1.04455e-15 0.915993 -0.401193 -9.08351e-16 0.915993 -0.214783 -8.00513e-16 0.976662 -0.214783 1.93627e-16 0.976662 -0.0201189 1.98214e-16 0.999798 -0.0201189 -8.21199e-16 0.999798 0.175318 -6.53903e-16 0.984512 0.175318 -4.58719e-16 0.984512 0.364018 -2.76825e-16 0.931392 0.364018 -4.26855e-16 0.931392 0.538729 -2.199e-16 0.842479 0.538729 -5.29752e-17 0.842479 0.692737 1.38288e-16 0.72119 0.692737 -5.71915e-16 0.72119 0.820124 -4.55231e-16 0.572186 0.820124 -7.08989e-17 0.572186 0.915993 -4.91881e-17 0.401193 0.915993 9.94228e-18 0.401193 0.976662 4.82237e-18 0.214783 0.976662 -1.3839e-16 0.214783 0.999798 -1.29632e-17 0.0201189 0.999798 7.8089e-16 0.0201189 0.984512 8.85007e-16 -0.175318 0.931392 9.55113e-16 -0.364018 0.984512 8.84904e-16 -0.175318 0.931392 2.88673e-16 -0.364018 0.842479 4.28226e-16 -0.538729 0.842479 -9.88516e-16 -0.538729 0.72119 -9.8393e-16 -0.692737 0.72119 6.8669e-17 -0.692737 0.572186 9.41532e-16 -0.820124 0.401193 8.62951e-16 -0.915993 0.572186 8.10158e-17 -0.820124 0.214783 -9.68136e-17 -0.976662 0.401193 -9.07997e-17 -0.915993 0.0201189 8.08811e-16 -0.999798 0.214783 9.44835e-16 -0.976662 0.0201189 6.93749e-16 -0.999798 -0.175318 9.75917e-17 -0.984512 -0.175318 6.83329e-16 -0.984512 -0.364018 9.23261e-17 -0.931392 -0.364018 9.25894e-17 -0.931392 -0.538729 5.10734e-16 -0.842479 -0.538729 8.48737e-17 -0.842479 0 -0.999999 0 0 -0.999999 0 -0 -0.999999 0 0 -0.999999 0 0 -0.999999 0 0 -0.999999 0 0 -0.999999 0 0 -0.999999 0 0 -0.999999 0 0 -0.999999 0 0 -0.999999 0 0 -0.999999 0 0 -0.999999 0 0 -0.999999 0 0 -0.999999 0 0 -0.999999 0 0 -0.999999 0 0 -0.999999 0 0 -0.999999 0 0 -0.999999 0 0 -0.999999 0 0 -0.999999 0 0 -0.999999 0 0 -0.999999 0 -0 -0.999999 0 0 -0.999999 0 0 -0.999999 0 0 -0.999999 0 0 -0.999999 0 0 -0.999999 0 -0 -0.999999 0 -0 -0.999999 0 0 -0.999999 0 0 -0.999999 0 0 -0.999999 0 0 -0.999999 0 -0 -0.999999 0 0 -0.999999 0 0 -0.999999 0 0 -0.999999 0 0 -0.999999 0 0 -0.999999 0 0 -0.999999 0 0 -0.999999 0 0 -0.999999 0 0 -0.999999 0 0 -0.999999 0 0 -0.999999 0 0 -0.999999 0 0 -0.999999 0 0 -0.999999 0 0 -0.999999 0 0 -0.999999 0 0 -0.999999 0 0 -0.999999 0 0 -0.999999 0 0 -0.999999 0 0 -0.999999 0 0 -0.999999 0 0 -0.999999 0 0 -0.999999 0 0 -0.999999 0 0 -0.999999 0 -0 -0.999999 0 -0.692737 6.30123e-17 -0.72119 -0.692737 -1.25106e-16 -0.72119 -0.820124 -9.92584e-17 -0.572186 -0.820124 -1.00144e-16 -0.572186 -0.915993 -1.04394e-16 -0.401193 -0.915993 -6.86383e-17 -0.401193 -0.976662 -3.72589e-17 -0.214783 -0.976662 -5.56983e-17 -0.214783 -0.984512 -3.04129e-17 0.175318 -0.999797 3.49008e-18 -0.0201189 -0.999797 -3.51631e-18 -0.0201189 -0.931392 6.31471e-17 0.364018 -0.984512 3.04129e-17 0.175318 -0.842479 7.0091e-17 0.538729 -0.931392 4.73603e-17 0.364018 -0.72119 1.20171e-16 0.692737 -0.842479 9.34547e-17 0.538729 -0.72119 1.20171e-16 0.692737 -0.572186 1.42269e-16 0.820124 -0.572186 1.82552e-15 0.820124 -0.401193 1.70879e-15 0.915993 -0.401193 2.02659e-15 0.915993 -0.214783 1.86524e-15 0.976662 -0.214783 1.27068e-16 0.976662 -0.0201189 1.30078e-16 0.999797 -0.0201189 1.73437e-16 0.999797 0.175318 1.70786e-16 0.984512 0.175318 1.28089e-16 0.984512 0.364018 1.21178e-16 0.931392 0.364018 1.21178e-16 0.931392 0.538729 1.0961e-16 0.842479 0.538729 1.0961e-16 0.842479 0.692737 9.38299e-17 0.72119 0.692737 1.25106e-16 0.72119 0.820124 9.92584e-17 0.572186 0.820124 -1.23741e-15 0.572186 0.915993 -1.32339e-15 0.401193 0.915993 -1.34014e-15 0.401193 0.999797 -1.74504e-18 0.0201189 0.976662 -1.86295e-17 0.214783 0.976662 -1.38346e-15 0.214783 0.999797 1.74504e-18 0.0201189 0.931392 -9.47207e-17 -0.364018 0.984512 -4.56194e-17 -0.175318 0.984512 -1.51905e-17 -0.175318 0.931392 3.15736e-17 -0.364018 0.72119 0 -0.692737 0.842479 0 -0.538729 0.842479 4.6134e-17 -0.538729 0.72119 -1.20171e-16 -0.692737 0.401193 -2.14576e-15 -0.915993 0.572186 -2.21676e-15 -0.820124 0.572186 -1.42903e-16 -0.820124 0.214783 -4.23559e-16 -0.976662 0.401193 -3.97249e-16 -0.915993 0.214783 -2.54136e-16 -0.976662 -0.175318 -5.12357e-16 -0.984512 0.0201189 -5.20312e-16 -0.999797 0.0201189 -2.60172e-16 -0.999797 -0.175318 -1.70786e-16 -0.984512 -0.538729 -1.46147e-16 -0.842479 -0.364018 -1.61571e-16 -0.931392 -0.364018 -1.61469e-16 -0.931392 -0.538729 7.30734e-17 -0.842479 -0.692737 -9.38299e-16 -0.72119 -0.820124 6.91487e-16 -0.572186 -0.692737 3.98387e-16 -0.72119 -0.915993 -5.56768e-16 -0.401193 -0.820124 -7.94068e-16 -0.572186 -0.976662 1.30406e-16 -0.214783 -0.915993 2.43586e-16 -0.401193 -0.999797 1.37179e-15 -0.0201189 -0.976662 1.18773e-15 -0.214783 -0.984512 -1.52065e-17 0.175318 -0.999797 1.74504e-18 -0.0201189 -0.931392 1.57673e-15 0.364018 -0.984512 1.50314e-15 0.175318 -0.842479 1.87008e-15 0.538729 -0.931392 1.76617e-15 0.364018 -0.72119 -1.20171e-16 0.692737 -0.842479 -9.34547e-17 0.538729 -0.72119 1.84205e-15 0.692737 -0.572186 1.78995e-15 0.820124 -0.572186 1.36314e-15 0.820124 -0.401193 1.19237e-15 0.915993 -0.401193 4.77318e-16 0.915993 -0.214783 2.1336e-16 0.976662 -0.214783 -8.47119e-17 0.976662 -0.0201189 -8.67186e-17 0.999797 -0.0201189 1.30078e-15 0.999797 0.175318 1.28089e-15 0.984512 0.175318 -1.70786e-16 0.984512 0.364018 -1.61571e-16 0.931392 0.364018 -8.07853e-17 0.931392 0.538729 -7.30734e-17 0.842479 0.538729 -5.84587e-16 0.842479 0.692737 -5.00426e-16 0.72119 0.692737 8.75745e-16 0.72119 0.820124 6.94809e-16 0.572186 0.820124 -2.22667e-15 0.572186 0.915993 -2.50759e-15 0.401193 0.976662 -1.20635e-15 0.214783 0.915993 -9.92812e-16 0.401193 0.976662 -1.86295e-17 0.214783 0.999797 -1.74504e-18 0.0201189 0.999797 -1.37354e-15 0.0201189 0.984512 -1.48794e-15 -0.175318 0.931392 -1.6083e-15 -0.364018 0.984512 -1.51835e-15 -0.175318 0.931392 -1.54515e-15 -0.364018 0.72119 -1.54162e-15 -0.692737 0.842479 -1.58972e-15 -0.538729 0.842479 -1.54267e-15 -0.538729 0.572186 1.42269e-16 -0.820124 0.72119 1.20171e-16 -0.692737 0.401193 -4.77318e-16 -0.915993 0.572186 -7.22933e-16 -0.820124 0.401193 7.94497e-17 -0.915993 0.214783 -1.06048e-15 -0.976662 0.214783 8.4954e-17 -0.976662 -0.175318 9.26445e-16 -0.984512 0.0201189 6.65828e-16 -0.999797 0.0201189 -8.08399e-16 -0.999797 -0.175318 -5.25232e-16 -0.984512 -0.538729 5.11514e-16 -0.842479 -0.364018 5.65497e-16 -0.931392 -0.364018 -2.21668e-16 -0.931392 -0.538729 -1.0961e-15 -0.842479 -0.692737 -1.56405e-16 -0.72119 -0.692737 9.07022e-16 -0.72119 -0.820124 7.44438e-17 -0.572186 -0.820124 7.2014e-16 -0.572186 -0.915993 -5.2197e-17 -0.401193 -0.915993 5.28853e-17 -0.401193 -0.976662 -2.79442e-17 -0.214783 -0.976662 -2.81305e-17 -0.214783 -0.999797 -1.74504e-18 -0.0201189 -0.999797 -2.60207e-18 -0.0201189 -0.984512 -1.58678e-15 0.175318 -0.984512 1.51905e-17 0.175318 -0.931392 6.31471e-17 0.364018 -0.931392 -1.75028e-15 0.364018 -0.842479 9.33932e-17 0.538729 -0.842479 1.285e-16 0.538729 -0.72119 1.65407e-16 0.692737 -0.72119 2.85406e-16 0.692737 -0.572186 3.37566e-16 0.820124 -0.572186 5.51292e-16 0.820124 -0.401193 6.15495e-16 0.915993 -0.401193 1.39037e-16 0.915993 -0.214783 1.47966e-16 0.976662 -0.214783 4.46317e-16 0.976662 -0.0201189 1.79648e-16 0.999797 -0.0201189 4.11913e-16 0.999797 0.175318 4.05641e-16 0.984512 0.175318 -1.62312e-16 0.984512 0.364018 1.21524e-16 0.931392 0.364018 -1.19158e-15 0.931392 0.538729 -1.07796e-15 0.842479 0.538729 1.27878e-16 0.842479 0.692737 1.09146e-16 0.72119 0.692737 4.76579e-16 0.72119 0.820124 7.52771e-16 0.572186 0.820124 3.93712e-16 0.572186 0.915993 5.2197e-17 0.401193 0.915993 7.49396e-16 0.401193 0.976662 2.79442e-17 0.214783 0.976662 2.81305e-17 0.214783 0.999797 2.60207e-18 0.0201189 0.999797 2.61756e-18 0.0201189 0.984512 1.49554e-15 -0.175318 0.984512 -2.3067e-17 -0.175318 0.931392 1.56068e-15 -0.364018 0.931392 4.57817e-16 -0.364018 0.842479 7.0091e-17 -0.538729 0.842479 6.77382e-16 -0.538729 0.72119 -9.01281e-17 -0.692737 0.72119 9.11427e-17 -0.692737 0.572186 -1.06702e-16 -0.820124 0.572186 -1.06896e-16 -0.820124 0.401193 -1.19175e-16 -0.915993 0.401193 -1.18148e-16 -0.915993 0.214783 -1.27068e-16 -0.976662 0.214783 -1.2715e-16 -0.976662 -0.175318 -1.28089e-16 -0.984512 0.0201189 -1.30078e-16 -0.999797 0.0201189 -1.30068e-16 -0.999797 -0.175318 4.82535e-16 -0.984512 -0.364018 -1.21178e-16 -0.931392 -0.364018 1.8116e-16 -0.931392 -0.538729 -1.82683e-16 -0.842479 -0.538729 -1.10271e-16 -0.842479 -0.692737 -6.30123e-17 -0.72119 -0.692737 1.25106e-16 -0.72119 -0.820124 4.96292e-17 -0.572186 -0.820124 9.90193e-17 -0.572186 -0.915993 3.4798e-17 -0.401193 -0.915993 3.37566e-17 -0.401193 -0.976662 1.86295e-17 -0.214783 -0.976662 1.85661e-17 -0.214783 -0.984512 1.52065e-17 0.175318 -0.999797 -1.74504e-18 -0.0201189 -0.999797 1.72299e-18 -0.0201189 -0.931392 6.31471e-17 0.364018 -0.984512 3.04129e-17 0.175318 -0.842479 9.34547e-17 0.538729 -0.931392 6.31471e-17 0.364018 -0.72119 -6.00854e-17 0.692737 -0.842479 -4.67273e-17 0.538729 -0.72119 1.80256e-16 0.692737 -0.572186 2.13403e-16 0.820124 -0.572186 1.43428e-15 0.820124 -0.401193 1.27182e-15 0.915993 -0.401193 1.27182e-15 0.915993 -0.214783 1.06048e-15 0.976662 -0.214783 1.69424e-16 0.976662 -0.0201189 1.73437e-16 0.999797 -0.0201189 1.73437e-16 0.999797 0.175318 1.70786e-16 0.984512 0.175318 1.70786e-16 0.984512 0.364018 1.61571e-16 0.931392 0.364018 1.61571e-16 0.931392 0.538729 1.46147e-16 0.842479 0.538729 1.46147e-16 0.842479 0.692737 1.25106e-16 0.72119 0.692737 -6.25532e-17 0.72119 0.820124 -4.96292e-17 0.572186 0.820124 -4.96292e-17 0.572186 0.915993 -3.4798e-17 0.401193 0.915993 -3.48818e-17 0.401193 0.999797 -1.74504e-18 0.0201189 0.976662 -1.86295e-17 0.214783 0.976662 -1.85661e-17 0.214783 0.999797 -1.38924e-15 0.0201189 0.931392 3.15736e-17 -0.364018 0.984512 1.52065e-17 -0.175318 0.984512 -1.35083e-15 -0.175318 0.931392 3.15736e-17 -0.364018 0.72119 1.20171e-16 -0.692737 0.842479 9.34547e-17 -0.538729 0.842479 4.72592e-17 -0.538729 0.72119 2.40342e-16 -0.692737 0.401193 -1.58899e-16 -0.915993 0.572186 -1.42269e-16 -0.820124 0.572186 2.8468e-16 -0.820124 0.214783 -2.50058e-15 -0.976662 0.401193 -2.62246e-15 -0.915993 0.214783 1.69424e-16 -0.976662 -0.175318 8.53928e-17 -0.984512 0.0201189 8.67186e-17 -0.999797 0.0201189 1.7346e-16 -0.999797 -0.175318 -8.53928e-17 -0.984512 -0.538729 -1.46147e-16 -0.842479 -0.364018 -1.61571e-16 -0.931392 -0.364018 -8.10158e-17 -0.931392 -0.538729 -7.30734e-17 -0.842479 -0.692737 4.6094e-16 -0.72119 -0.820124 1.63444e-15 -0.572186 -0.692737 1.5869e-15 -0.72119 -0.915993 7.14428e-16 -0.401193 -0.820124 3.44083e-16 -0.572186 -0.976662 -0 -0.214783 -0.915993 -0 -0.401193 -0.999797 1.39603e-17 -0.0201189 -0.976662 1.49036e-16 -0.214783 -0.984512 -3.04129e-17 0.175318 -0.999797 3.49008e-18 -0.0201189 -0.931392 1.6083e-15 0.364018 -0.984512 1.51835e-15 0.175318 -0.842479 1.16917e-15 0.538729 -0.931392 1.29257e-15 0.364018 -0.72119 -1.20171e-16 0.692737 -0.842479 -9.34547e-17 0.538729 -0.72119 1.24119e-15 0.692737 -0.572186 1.07861e-15 0.820124 -0.572186 1.13815e-15 0.820124 -0.401193 1.2712e-15 0.915993 -0.401193 -1.58899e-16 0.915993 -0.214783 -1.69424e-16 0.976662 -0.214783 0 0.976662 -0.0201189 0 0.999797 -0.0201189 1.58886e-15 0.999797 0.175318 1.29377e-15 0.984512 0.175318 0 0.984512 0.364018 0 0.931392 0.364018 -1.15146e-15 0.931392 0.538729 -1.33222e-15 0.842479 0.538729 0 0.842479 0.692737 0 0.72119 0.692737 -8.3626e-16 0.72119 0.820124 -1.03889e-15 0.572186 0.820124 0 0.572186 0.915993 0 0.401193 0.976662 1.11777e-16 0.214783 0.915993 2.08788e-16 0.401193 0.976662 -1.11777e-16 0.214783 0.999797 -1.04702e-17 0.0201189 0.999797 -1.37005e-15 0.0201189 0.984512 -1.51835e-15 -0.175318 0.931392 -2.11348e-15 -0.364018 0.984512 -1.76165e-15 -0.175318 0.931392 -1.54515e-15 -0.364018 0.72119 -1.60171e-15 -0.692737 0.842479 -1.63645e-15 -0.538729 0.842479 -1.54267e-15 -0.538729 0.572186 -6.51799e-16 -0.820124 0.72119 -8.80681e-16 -0.692737 0.401193 6.35598e-16 -0.915993 0.572186 5.69075e-16 -0.820124 0.401193 7.88303e-17 -0.915993 0.214783 -1.14519e-15 -0.976662 0.214783 3.79761e-16 -0.976662 -0.175318 -0 -0.984512 0.0201189 0 -0.999797 0.0201189 -8.95112e-16 -0.999797 -0.175318 -9.82679e-17 -0.984512 -0.538729 1.46147e-16 -0.842479 -0.364018 1.61571e-16 -0.931392 -0.364018 1.82285e-16 -0.931392 -0.538729 1.6305e-16 -0.842479 -0.692737 -1.86786e-16 -0.72119 -0.692737 -1.48174e-16 -0.72119 -0.820124 5.95551e-16 -0.572186 -0.820124 -4.92846e-16 -0.572186 -0.915993 -6.9596e-17 -0.401193 -0.915993 4.18581e-16 -0.401193 -0.976662 -3.72589e-17 -0.214783 -0.976662 -3.71322e-17 -0.214783 -0.999797 -3.49008e-18 -0.0201189 -0.999797 -3.48115e-18 -0.0201189 -0.984512 1.52065e-17 0.175318 -0.984512 3.03809e-17 0.175318 -0.931392 -1.54515e-15 0.364018 -0.931392 3.15061e-17 0.364018 -0.842479 -1.54267e-15 0.538729 -0.842479 -7.95355e-16 0.538729 -0.72119 -5.19851e-16 0.692737 -0.72119 -1.36136e-15 0.692737 -0.572186 -1.22086e-15 0.820124 -0.572186 3.55672e-16 0.820124 -0.401193 3.97202e-16 0.915993 -0.401193 1.58899e-16 0.915993 -0.214783 1.69345e-16 0.976662 -0.214783 1.69424e-16 0.976662 -0.0201189 1.73424e-16 0.999797 -0.0201189 4.33593e-16 0.999797 0.175318 4.27021e-16 0.984512 0.175318 5.12357e-16 0.984512 0.364018 4.84969e-16 0.931392 0.364018 -6.03203e-17 0.931392 0.538729 2.36296e-16 0.842479 0.538729 2.92294e-16 0.842479 0.692737 2.50924e-16 0.72119 0.692737 -7.50639e-16 0.72119 0.820124 -5.96366e-16 0.572186 0.820124 -6.94809e-16 0.572186 0.915993 1.39192e-16 0.401193 0.915993 -4.8722e-16 0.401193 0.976662 5.58884e-17 0.214783 0.976662 7.48271e-17 0.214783 0.999797 5.2393e-18 0.0201189 0.999797 3.49008e-18 0.0201189 0.984512 1.54876e-15 -0.175318 0.984512 -3.03809e-17 -0.175318 0.931392 1.67095e-15 -0.364018 0.931392 -1.70302e-15 -0.364018 0.842479 -4.67273e-17 -0.538729 0.842479 -1.7756e-15 -0.538729 0.72119 6.00854e-17 -0.692737 0.72119 -6.07618e-17 -0.692737 0.572186 -1.42269e-16 -0.820124 0.572186 7.08888e-17 -0.820124 0.401193 -2.38349e-16 -0.915993 0.401193 -1.58656e-16 -0.915993 0.214783 -1.69424e-16 -0.976662 0.214783 -2.54299e-16 -0.976662 -0.175318 -8.53928e-17 -0.984512 0.0201189 -8.67186e-17 -0.999797 0.0201189 -1.7346e-16 -0.999797 -0.175318 6.96017e-16 -0.984512 -0.364018 -1.61571e-16 -0.931392 -0.364018 3.837e-16 -0.931392 -0.538729 -2.1922e-16 -0.842479 -0.538729 -1.46278e-16 -0.842479 -0.688561 8.5681e-16 -0.725178 -0.688561 7.20913e-16 -0.725178 -0.810088 1.35611e-16 -0.586308 -0.904029 9.88727e-17 -0.427472 -0.810088 8.21838e-16 -0.586308 -0.904029 4.94364e-17 -0.427472 -0.967184 6.81793e-16 -0.254078 -0.967184 2.62289e-17 -0.254078 -0.997402 -3.33218e-17 -0.0720327 -0.993656 5.2026e-17 0.112466 -0.997402 8.61181e-16 -0.0720327 -0.993656 9.45329e-16 0.112466 -0.956071 9.52982e-16 0.293135 -0.956071 1.08795e-15 0.293135 -0.885929 1.14149e-15 0.463821 -0.885929 -1.6092e-16 0.463821 -0.785617 -2.09831e-16 0.618713 -0.785617 1.22771e-15 0.618713 -0.658553 1.22401e-15 0.752535 -0.658553 2.61166e-16 0.752535 -0.509062 6.99436e-17 0.86073 -0.509062 0 0.86073 -0.342235 0 0.939614 -0.342235 3.16631e-16 0.939614 -0.163754 1.53002e-16 0.986501 -0.163754 1.0642e-15 0.986501 0.0203032 9.06535e-16 0.999794 0.0203032 4.24929e-16 0.999794 0.203669 7.86866e-17 0.97904 0.203669 0 0.97904 0.380099 0 0.924946 0.380099 9.31957e-16 0.924946 0.543586 6.46979e-16 0.839354 0.543586 7.95007e-17 0.839354 0.688561 -1.22401e-16 0.725178 0.688561 -8.38656e-17 0.725178 0.810088 -6.78055e-17 0.586308 0.810088 -6.78055e-17 0.586308 0.904029 -5.24577e-17 0.427472 0.904029 -9.88727e-17 0.427472 0.967184 -2.93837e-17 0.254078 0.967184 -5.24577e-17 0.254078 0.997402 -8.33046e-18 0.0720327 0.997402 -8.74295e-18 0.0720327 0.993656 1.30065e-17 -0.112466 0.956071 3.39005e-17 -0.293135 0.993656 1.31144e-17 -0.112466 0.956071 -2.37304e-16 -0.293135 0.885929 -1.08785e-15 -0.463821 0.885929 -3.8469e-16 -0.463821 0.785617 2.14659e-16 -0.618713 0.658553 2.61088e-16 -0.752535 0.785617 -1.08413e-15 -0.618713 0.658553 -4.35225e-16 -0.752535 0.509062 0 -0.86073 0.509062 -2.62289e-16 -0.86073 0.342235 0 -0.939614 0.163754 0 -0.986501 0.342235 0 -0.939614 0.163754 -6.07851e-16 -0.986501 -0.0203032 -0 -0.999794 -0.203669 -0 -0.97904 -0.0203032 -4.43705e-16 -0.999794 -0.380099 5.65599e-16 -0.924946 -0.203669 4.1488e-16 -0.97904 -0.380099 1.06968e-16 -0.924946 -0.543586 9.70698e-17 -0.839354 -0.543586 5.20487e-16 -0.839354 0 -1 0 0 -1 0 -0 -1 0 0 -1 0 0 -1 0 0 -1 0 0 -1 0 0 -1 0 0 -1 0 0 -1 0 0 -1 0 0 -1 0 0 -1 0 0 -1 0 0 -1 0 0 -1 0 4.3852e-15 -1 1.02711e-15 0 -1 0 -0 -1 0 3.23016e-16 -1 -1.46882e-15 9.80098e-16 -1 -1.11997e-15 5.79988e-16 -1 -1.32421e-15 0 -1 0 0 -1 0 8.65705e-16 -1 -1.24083e-15 0 -1 0 0 -1 0 1.18825e-15 -1 -9.35808e-16 1.07741e-15 -1 -1.0349e-15 0 -1 0 0 -1 0 1.25861e-15 -1 -8.04825e-16 0 -1 0 0 -1 0 1.31849e-15 -1 -6.90287e-16 1.40918e-15 -1 -5.50752e-16 0 -1 0 0 -1 0 1.42327e-15 -1 -2.5345e-16 0 -1 0 0 -1 0 1.35836e-15 -1 -4.16476e-16 1.50361e-15 -1 3.02572e-17 0 -1 0 0 -1 0 1.3537e-15 -1 2.977e-16 0 -1 0 0 -1 0 0 -1 0 0 -1 0 0 -1 0 0 -1 0 0 -1 0 -0 -1 0 0 -1 0 0 -1 0 0 -1 0 0 -1 0 0 -1 0 0 -1 0 0 -1 0 0 -1 0 0 -1 0 0 -1 0 0 -1 0 0 -1 0 0 -1 0 0 -1 0 0 -1 0 0 -1 0 0 -1 0 0 -1 0 0 -1 0 0 -1 0 0 -1 0 0 -1 0 0 -1 0 0 -1 0 0 -1 0 0 -1 0 0 -1 0 0 -1 0 0 -1 0 0 -1 0 0 -1 0 0 -1 0 -0 -1 0 0 -1 0 0 -1 0 0 -1 0 -0 -1 0 0 -1 0 0 -1 0 0 -1 0 0 -1 0 0 -1 0 0 -1 0 0 -1 0 0 -1 0 0 -1 0 0 -1 0 0 -1 0 0 -1 0 1.33924e-15 -1 -1.74235e-16 0 -1 0 0 -1 0 0 -1 0 -7.5587e-16 -1 -4.23922e-15 1.09028e-15 -1 -6.97186e-16 0 -1 0 0 -1 0 -0 -1 0 0 -1 0 0 -1 0 0 -1 0 -0 -1 0 0 -1 0 -0 -1 0 0 -1 0 0 -1 0 0 -1 0 0 -1 0 0 -1 0 0 -1 0 -0 -1 0 0 -1 0 0 -1 0 0 -1 0 0 -1 0 0 -1 0 0 -1 0 0 -1 0 0 -1 0 0 -1 0 0 -1 0 0 -1 0 0 -1 0 0 -1 0 0 -1 0 0 -1 0 0 -1 0 0 -1 0 0 -1 0 0 -1 0 0 -1 0 0 -1 0 0 -1 0 0 -1 0 0 -1 0 0 -1 0 -0 -1 0 0 -1 0 0 -1 0 0 -1 0 0 -1 0 0 -1 0 0 -1 0 0 -1 0 0 -1 0 0 -1 0 0 -1 0 0 -1 0 0 -1 0 0 -1 0 0 -1 0 0 -1 0 0 -1 0 0 -1 0 0 -1 0 0 -1 0 0 -1 0 0 -1 0 0 -1 0 -0 -1 0 0 -1 0 0 -1 0 0 -1 0 0 -1 0 0 -1 0 0 -1 0 0 -1 0 0 -1 0 0 -1 0 0 -1 0 0 -1 0 0 -1 0 0 -1 0 0 -1 0 0 -1 0 0 -1 0 0 -1 0 0 -1 0 0 -1 0 0 -1 0 0 -1 0 0 -1 0 0 -1 0 0 -1 0 0 -1 0 0 -1 0 0 -1 0 0 -1 0 0 -1 0 0 -1 0 0 -1 0 0 -1 0 0 -1 0 0 -1 0 0 -1 0 0 -1 0 0 -1 0 0 -1 0 0 -1 0 0 -1 0 0 -1 0 0 -1 0 0 -1 0 0 -1 0 0 -1 0 0 -1 0 0 -1 0 0 -1 0 0 -1 0 0 -1 0 0 -1 0 0 -1 0 0 -1 0 0 -1 0 0 -1 0 0 -1 0 0 -1 0 0 -1 0 0 -1 0 0 -1 0 0 -1 0 0 -1 0 0.671455 -1.36544e-16 -0.741046 0.799257 2.60638e-17 -0.600989 0.671455 3.21377e-17 -0.741046 0.898327 -2.54511e-16 -0.439328 0.799257 -1.99107e-16 -0.600989 0.965102 1.13569e-17 -0.261873 0.898327 1.90528e-17 -0.439328 0.997183 -3.4922e-16 -0.0750037 0.965102 -3.46194e-16 -0.261873 0.993416 -4.96832e-17 0.114562 0.997183 3.25277e-17 -0.0750037 0.953936 -2.91931e-16 0.300009 0.993416 -3.29755e-16 0.114562 0.880163 -3.67125e-16 0.474671 0.953936 -3.69996e-16 0.300009 0.880163 -3.67125e-16 0.474671 0.641483 -2.32885e-16 0.767137 0.774749 -1.91942e-16 0.632269 0.774749 -3.5111e-16 0.632269 0.485157 -3.79222e-17 0.874427 0.641483 -3.32693e-17 0.767137 0.485157 -1.13767e-16 0.874427 0.311389 -3.39705e-16 0.950283 0.311389 -1.23552e-16 0.950283 -0.06308 -1.0796e-16 0.998008 0.126427 -1.72923e-16 0.991976 0.126427 -2.16913e-16 0.991976 -0.250319 -3.91153e-17 0.968163 -0.06308 -1.0796e-16 0.998008 -0.250319 1.31706e-16 0.968163 -0.42856 -3.91837e-16 0.903513 -0.42856 2.58272e-16 0.903513 0.922358 -3.70271e-16 0.386337 0.922358 -3.69853e-16 0.386337 0.90794 -1.99931e-16 0.4191 0.90794 -3.69853e-16 0.4191 0.892359 -1.95732e-16 0.451327 0.892359 -2.15493e-16 0.451327 0.409596 -2.30351e-17 -0.912267 0.409596 -2.34171e-17 -0.912267 0.574423 -9.27949e-17 -0.818559 0.574423 -9.28383e-17 -0.818559 0.7186 6.03184e-17 -0.695424 0.7186 -1.58453e-16 -0.695424 0.836944 1.78012e-16 -0.547289 0.836944 4.74662e-17 -0.547289 0.980196 -3.18604e-16 -0.198028 0.9252 -2.7985e-16 -0.379479 0.9252 1.23552e-16 -0.379479 0.980196 2.14702e-17 -0.198028 0.999955 -8.20285e-19 -0.00945724 0.999955 1.02523e-18 -0.00945724 0.932212 -5.60527e-16 0.361913 0.983766 -6.39821e-16 0.179453 0.983766 1.53567e-17 0.179453 0.932212 -3.70512e-16 0.361913 0.847145 -3.40001e-16 0.531361 0.847145 -3.62977e-16 0.531361 0.731624 2.95644e-17 0.681708 0.731624 -3.12718e-16 0.681708 0.426777 -2.46118e-16 0.904357 0.589802 -2.92183e-16 0.807548 0.589802 3.49016e-17 0.807548 0.426777 -4.13796e-16 0.904357 0.248409 -2.1221e-16 0.968655 0.248409 -2.98409e-16 0.968655 -0.128383 -1.92009e-16 0.991725 0.0611112 -2.59281e-16 0.998131 0.0611112 -1.51124e-16 0.998131 -0.128383 -8.44856e-17 0.991725 0.996599 -3.44871e-16 0.0824043 0.996599 -3.55716e-16 0.0824043 0.993011 -3.4324e-16 0.118019 0.993011 -3.43107e-16 0.118019 0.988151 -3.62803e-16 0.153483 0.988151 -3.41197e-16 0.153483 0.107642 8.13207e-17 -0.99419 0.107642 -2.25979e-16 -0.99419 0.29336 -2.92247e-17 -0.956002 0.29336 -2.82703e-16 -0.956002 0.468531 2.87351e-17 -0.883447 0.468531 -9.56304e-17 -0.883447 0.762652 4.9089e-17 -0.646809 0.626859 5.91316e-17 -0.779133 0.626859 2.51292e-17 -0.779133 0.762652 -2.4356e-16 -0.646809 0.871028 1.91734e-16 -0.491233 0.871028 -2.86193e-16 -0.491233 0.991072 -3.33728e-16 -0.13333 0.948092 -3.04801e-16 -0.317998 0.948092 1.23552e-16 -0.317998 0.991072 4.33671e-18 -0.13333 0.969883 -1.10914e-16 0.243572 0.998423 -2.55596e-17 0.0561299 0.998423 -1.83233e-18 0.0561299 0.969883 -0 0.243572 0.906475 -0 0.422259 0.906475 0 0.422259 0.810481 -2.03228e-16 0.585765 0.810481 0 0.585765 0.68535 -4.82913e-17 0.728214 0.68535 -2.52688e-16 0.728214 0.36656 -2.48224e-16 0.930395 0.535582 -2.95688e-16 0.844483 0.535582 3.42036e-17 0.844483 0.36656 -3.22795e-16 0.930395 0.18436 -6.39627e-17 0.982859 0.18436 -3.40989e-16 0.982859 0.973286 -3.37677e-16 -0.229595 0.973286 -7.25187e-16 -0.229595 0.98088 2.11001e-17 -0.194614 0.98088 -3.40051e-16 -0.194614 0.987217 -3.4251e-16 -0.159384 0.987217 1.71936e-17 -0.159384 -0.204847 -7.01006e-17 -0.978794 -0.0164191 3.46898e-16 -0.999865 -0.204847 3.39587e-16 -0.978794 0.1726 -4.27172e-17 -0.984992 -0.0164191 -4.33622e-17 -0.999865 0.355413 3.88374e-17 -0.934709 0.1726 1.10986e-16 -0.984992 0.52545 2.21392e-16 -0.850824 0.355413 2.43219e-16 -0.934709 0.676598 -3.19342e-17 -0.736353 0.52545 -3.68986e-17 -0.850824 0.803422 -1.49634e-16 -0.59541 0.676598 -7.50709e-17 -0.736353 0.901364 -3.12723e-16 -0.433063 0.803422 -2.78743e-16 -0.59541 0.901364 1.12687e-16 -0.433063 0.997681 -3.37285e-16 -0.0680591 0.966902 -3.02266e-16 -0.255147 0.966902 6.6313e-17 -0.255147 0.997681 5.90319e-18 -0.0680591 0.951825 -1.19687e-16 0.306643 0.992594 -4.74135e-17 0.121476 0.992594 -1.0645e-17 0.121476 0.876837 1.9996e-16 0.480787 0.951825 2.63738e-16 0.306643 0.876837 -5.87577e-16 0.480787 0.770328 -2.94915e-16 0.637647 0.770328 -5.07469e-16 0.637647 0.479057 7.61356e-17 0.877784 0.636127 6.69243e-17 0.771585 0.636127 -2.54084e-16 0.771585 0.479057 -2.8041e-16 0.877784 0.854702 0 -0.51912 0.854702 -3.6374e-16 -0.51912 0.872733 -6.69097e-16 -0.488198 0.889646 -6.76728e-16 -0.45665 0.872733 0 -0.488198 0.889646 -2.49246e-16 -0.45665 -0.497285 5.93327e-17 -0.867587 -0.497285 2.47782e-16 -0.867587 -0.140227 3.86456e-16 -0.990119 -0.324591 3.69179e-16 -0.945855 -0.324591 1.94053e-16 -0.945855 -0.140227 4.86511e-17 -0.990119 0.236814 8.63766e-17 -0.971555 0.0491772 1.56201e-16 -0.99879 0.0491772 -1.70145e-17 -0.99879 0.236814 -4.57156e-16 -0.971555 0.415937 0 -0.909393 0.415937 -6.29625e-16 -0.909393 0.723424 -2.50988e-16 -0.690404 0.580108 -2.01265e-16 -0.81454 0.580108 0 -0.81454 0.723424 2.39532e-16 -0.690404 0.92782 4.18967e-16 -0.373029 0.840734 4.32578e-16 -0.541449 0.840734 1.87771e-16 -0.541449 0.92782 3.23551e-17 -0.373029 0.981551 3.31676e-17 -0.191198 0.981551 1.67528e-17 -0.191198 0.982493 -1.61588e-17 0.186298 0.999997 2.164e-19 -0.00249492 0.999997 4.30817e-19 -0.00249492 0.982493 -6.49424e-16 0.186298 0.92967 -3.22544e-16 0.368394 0.92967 -5.81461e-16 0.368394 0.843425 -0 0.537247 0.843425 -2.93173e-16 0.537247 0.72686 -2.38277e-16 0.686785 0.72686 0 0.686785 0.652453 -2.26365e-16 -0.757829 0.652453 1.31435e-16 -0.757829 0.679157 1.27327e-16 -0.733993 0.704991 1.23029e-16 -0.709216 0.679157 -2.35361e-16 -0.733993 0.704991 2.46059e-16 -0.709216 -0.741046 1.15873e-16 -0.671455 -0.741046 2.32958e-16 -0.671455 -0.600989 1.38649e-16 -0.799257 -0.600989 2.77119e-16 -0.799257 -0.439328 3.1167e-16 -0.898327 -0.439328 1.55661e-16 -0.898327 -0.261873 3.34837e-16 -0.965102 -0.261873 3.34706e-16 -0.965102 -0.0750037 5.44973e-16 -0.997183 -0.0750037 3.45875e-16 -0.997183 0.114562 1.32584e-16 -0.993416 0.114562 4.77279e-16 -0.993416 0.474671 -1.20005e-17 -0.880163 0.300009 6.13951e-17 -0.953936 0.300009 6.14268e-17 -0.953936 0.632269 4.03193e-16 -0.774749 0.474671 4.58052e-16 -0.880163 0.767137 -1.54874e-16 -0.641483 0.632269 -8.49647e-17 -0.774749 0.874427 -2.19217e-16 -0.485157 0.767137 -1.54874e-16 -0.641483 0.950283 1.62052e-16 -0.311389 0.874427 2.52484e-16 -0.485157 0.991976 -2.56435e-16 -0.126427 0.950283 -1.13626e-16 -0.311389 0.998008 -3.28279e-17 0.06308 0.991976 6.57947e-17 -0.126427 0.968163 -1.3027e-16 0.250319 0.998008 -3.28279e-17 0.06308 0.903513 -1.48686e-16 0.42856 0.968163 -8.68469e-17 0.250319 0.903513 -9.98655e-16 0.42856 0.386337 1.85969e-16 -0.922358 0.386337 2.59814e-17 -0.922358 0.4191 1.81698e-16 -0.90794 0.4191 1.69643e-16 -0.90794 0.451327 4.60827e-16 -0.892359 0.451327 1.51304e-16 -0.892359 -0.912267 3.8756e-16 -0.409596 -0.818559 2.83995e-16 -0.574423 -0.912267 3.16506e-16 -0.409596 -0.818559 9.96465e-17 -0.574423 -0.695424 2.49314e-16 -0.7186 -0.695424 1.2425e-16 -0.7186 -0.547289 3.35066e-16 -0.836944 -0.547289 2.90381e-16 -0.836944 -0.198028 2.38742e-16 -0.980196 -0.379479 2.92155e-16 -0.9252 -0.379479 2.91777e-16 -0.9252 -0.198028 2.71369e-16 -0.980196 -0.00945724 1.76746e-16 -0.999955 -0.00945724 3.4365e-16 -0.999955 0.179453 -2.32917e-16 -0.983766 0.179453 1.08195e-16 -0.983766 0.361913 0 -0.932212 0.361913 -2.86891e-16 -0.932212 0.681708 1.26917e-16 -0.731624 0.531361 1.46956e-16 -0.847145 0.531361 0 -0.847145 0.681708 -1.09598e-16 -0.731624 0.807548 2.04629e-16 -0.589802 0.807548 -1.77998e-16 -0.589802 0.904357 0 -0.426777 0.904357 1.47983e-16 -0.426777 0.998131 -1.06011e-17 -0.0611112 0.968655 -4.30921e-17 -0.248409 0.968655 0 -0.248409 0.998131 3.18033e-17 -0.0611112 0.991725 -3.66345e-16 0.128383 0.991725 -6.66621e-17 0.128383 0.0824043 -3.74354e-16 -0.996599 0.118019 -3.85466e-16 -0.993011 0.0824043 1.44426e-16 -0.996599 0.118019 0 -0.993011 0.153483 1.18167e-16 -0.988151 0.153483 0 -0.988151 -0.99419 3.63675e-16 -0.107642 -0.99419 3.63602e-16 -0.107642 -0.956002 1.0178e-16 -0.29336 -0.956002 3.82522e-16 -0.29336 -0.883447 3.06507e-16 -0.468531 -0.883447 1.62641e-16 -0.468531 -0.779133 3.79059e-16 -0.626859 -0.779133 2.70836e-16 -0.626859 -0.646809 3.16515e-16 -0.762652 -0.646809 3.56694e-16 -0.762652 -0.491233 1.70431e-16 -0.871028 -0.491233 1.89865e-16 -0.871028 -0.317998 1.10328e-16 -0.948092 -0.317998 1.10289e-16 -0.948092 -0.13333 3.43847e-16 -0.991072 -0.13333 4.62446e-17 -0.991072 0.0561299 3.46398e-16 -0.998423 0.0561299 3.46398e-16 -0.998423 0.243572 -2.52754e-16 -0.969883 0.243572 3.36451e-16 -0.969883 0.422259 0 -0.906475 0.422259 -3.03644e-16 -0.906475 0.728214 -2.5265e-16 -0.68535 0.585765 -2.03228e-16 -0.810481 0.585765 0 -0.810481 0.728214 2.37779e-16 -0.68535 0.844483 -2.92989e-16 -0.535582 0.844483 1.85677e-16 -0.535582 0.930395 0 -0.36656 0.930395 -3.23189e-16 -0.36656 0.982859 0 -0.18436 0.982859 0 -0.18436 -0.229595 2.48495e-16 -0.973286 -0.229595 2.48352e-16 -0.973286 -0.194614 3.40311e-16 -0.98088 -0.159384 3.4251e-16 -0.987217 -0.194614 2.37653e-16 -0.98088 -0.159384 0 -0.987217 -0.978794 3.03993e-16 0.204847 -0.978794 -7.10707e-17 0.204847 -0.999865 3.4405e-16 0.0164191 -0.999865 -5.69332e-18 0.0164191 -0.934709 6.48585e-16 -0.355413 -0.984992 6.83476e-16 -0.1726 -0.984992 3.71702e-16 -0.1726 -0.850824 2.95189e-16 -0.52545 -0.934709 3.24292e-16 -0.355413 -0.736353 -1.17371e-16 -0.676598 -0.850824 -9.11511e-17 -0.52545 -0.736353 1.38103e-16 -0.676598 -0.59541 0 -0.803422 -0.59541 6.70111e-17 -0.803422 -0.433063 1.56362e-16 -0.901364 -0.433063 0 -0.901364 -0.255147 -1.58418e-16 -0.966902 -0.255147 1.67528e-16 -0.966902 -0.0680591 0 -0.997681 -0.0680591 -2.98932e-16 -0.997681 0.306643 -2.71503e-16 -0.951825 0.121476 -2.14333e-16 -0.992594 0.121476 0 -0.992594 0.306643 5.8727e-17 -0.951825 0.480787 -1.66807e-16 -0.876837 0.480787 -1.46587e-17 -0.876837 0.771585 -6.45745e-16 -0.636127 0.637647 -5.76087e-16 -0.770328 0.637647 -2.21276e-16 -0.770328 0.771585 3.31051e-16 -0.636127 0.877784 0 -0.479057 0.877784 2.49197e-16 -0.479057 -0.51912 1.80106e-16 -0.854702 -0.488198 3.0279e-16 -0.872733 -0.51912 2.96534e-16 -0.854702 -0.488198 1.69378e-16 -0.872733 -0.45665 0 -0.889646 -0.45665 1.58945e-16 -0.889646 -0.867587 3.00852e-16 0.497285 -0.867587 3.01005e-16 0.497285 -0.945855 0 0.324591 -0.945855 3.28075e-16 0.324591 -0.990119 3.43517e-16 0.140227 -0.990119 0 0.140227 -0.971555 2.95995e-16 -0.236814 -0.99879 3.37994e-16 -0.0491772 -0.99879 3.46486e-16 -0.0491772 -0.971555 6.33071e-16 -0.236814 -0.909393 7.21536e-17 -0.415937 -0.909393 5.58426e-16 -0.415937 -0.690404 3.5357e-16 -0.723424 -0.81454 4.64568e-16 -0.580108 -0.81454 1.00517e-16 -0.580108 -0.690404 2.39532e-16 -0.723424 -0.373029 1.2942e-16 -0.92782 -0.541449 1.87853e-16 -0.840734 -0.541449 1.87771e-16 -0.840734 -0.373029 1.60951e-16 -0.92782 -0.191198 6.63353e-17 -0.981551 -0.191198 1.7032e-16 -0.981551 0.186298 2.116e-16 -0.982493 -0.00249492 3.48675e-16 -0.999997 -0.00249492 8.67087e-19 -0.999997 0.186298 -6.46352e-17 -0.982493 0.368394 -1.27812e-16 -0.92967 0.368394 -1.2774e-16 -0.92967 0.537247 -1.86395e-16 -0.843425 0.537247 -1.86375e-16 -0.843425 0.686785 0 -0.72686 0.686785 -2.38727e-16 -0.72686 -0.757829 0 -0.652453 -0.757829 6.03686e-16 -0.652453 -0.733993 0 -0.679157 -0.733993 0 -0.679157 -0.709216 0 -0.704991 -0.709216 0 -0.704991 -0.671455 -1.52869e-16 0.741046 -0.671455 -6.42755e-17 0.741046 -0.799257 -2.60638e-16 0.600989 -0.799257 -5.23524e-17 0.600989 -0.898327 -3.81056e-17 0.439328 -0.898327 -1.90563e-16 0.439328 -0.965102 -2.27138e-17 0.261873 -0.965102 -2.2686e-17 0.261873 -0.997183 3.39462e-16 0.0750037 -0.997183 -6.4568e-18 0.0750037 -0.993416 4.96832e-18 -0.114562 -0.993416 3.546e-16 -0.114562 -0.880163 1.44099e-16 -0.474671 -0.953936 9.10757e-17 -0.300009 -0.953936 1.32626e-17 -0.300009 -0.880163 3.67125e-16 -0.474671 -0.641483 4.325e-16 -0.767137 -0.774749 3.56464e-16 -0.632269 -0.774749 3.5111e-16 -0.632269 -0.641483 3.22367e-16 -0.767137 -0.485157 3.03378e-16 -0.874427 -0.485157 2.82005e-16 -0.874427 -0.311389 1.33646e-16 -0.950283 -0.311389 3.29471e-16 -0.950283 -0.126427 1.72923e-16 -0.991976 -0.126427 1.74508e-18 -0.991976 0.06308 1.0796e-16 -0.998008 0.06308 1.0802e-16 -0.998008 0.250319 -4.19874e-17 -0.968163 0.250319 3.90898e-17 -0.968163 0.42856 3.13469e-16 -0.903513 0.42856 -3.90898e-17 -0.903513 -0.922358 -1.85969e-16 -0.386337 -0.922358 3.69853e-16 -0.386337 -0.90794 3.69532e-16 -0.4191 -0.90794 -1.69643e-16 -0.4191 -0.892359 1.56585e-16 -0.451327 -0.892359 3.68325e-16 -0.451327 -0.409596 2.34171e-17 0.912267 -0.409596 2.34171e-17 0.912267 -0.574423 -3.90493e-16 0.818559 -0.574423 9.28383e-17 0.818559 -0.7186 1.58837e-16 0.695424 -0.7186 -3.32263e-16 0.695424 -0.9252 6.74901e-16 0.379479 -0.836944 6.28216e-16 0.547289 -0.836944 2.19182e-16 0.547289 -0.9252 -1.48116e-16 0.379479 -0.999955 -3.498e-16 0.00945724 -0.980196 -4.00191e-16 0.198028 -0.980196 -7.71325e-17 0.198028 -0.983766 7.00429e-17 -0.179453 -0.999955 -3.69128e-18 0.00945724 -0.983766 -7.78254e-18 -0.179453 -0.847145 2.47824e-16 -0.531361 -0.932212 2.92035e-16 -0.361913 -0.932212 -1.60547e-17 -0.361913 -0.731624 3.27744e-16 -0.681708 -0.847145 3.51523e-16 -0.531361 -0.731624 7.39109e-17 -0.681708 -0.589802 2.92183e-16 -0.807548 -0.589802 8.7254e-17 -0.807548 -0.248409 3.15065e-16 -0.968655 -0.426777 2.94152e-16 -0.904357 -0.426777 2.45707e-16 -0.904357 -0.248409 1.05022e-16 -0.968655 -0.0611112 3.46296e-16 -0.998131 -0.0611112 1.08195e-16 -0.998131 0.128383 8.5252e-17 -0.991725 0.128383 3.43955e-16 -0.991725 -0.996599 3.58273e-16 -0.0824043 -0.996599 0 -0.0824043 -0.993011 1.87615e-16 -0.118019 -0.993011 3.62594e-16 -0.118019 -0.988151 1.88058e-16 -0.153483 -0.988151 1.91422e-16 -0.153483 -0.107642 0 0.99419 -0.107642 1.8673e-17 0.99419 -0.29336 -7.34901e-17 0.956002 -0.29336 5.09563e-17 0.956002 -0.468531 -3.06507e-16 0.883447 -0.468531 -3.42036e-17 0.883447 -0.626859 -9.29211e-17 0.779133 -0.626859 -2.70836e-16 0.779133 -0.871028 5.32596e-18 0.491233 -0.762652 7.01272e-18 0.646809 -0.762652 -7.67835e-17 0.646809 -0.871028 2.43613e-16 0.491233 -0.948092 -3.79251e-17 0.317998 -0.948092 2.91079e-16 0.317998 -0.991072 3.27223e-16 0.13333 -0.991072 -1.58802e-17 0.13333 -0.998423 3.45789e-16 -0.0561299 -0.998423 3.53379e-16 -0.0561299 -0.906475 2.73294e-16 -0.422259 -0.969883 3.12728e-16 -0.243572 -0.969883 3.33659e-16 -0.243572 -0.906475 5.03595e-17 -0.422259 -0.68535 3.24627e-16 -0.728214 -0.810481 3.51052e-16 -0.585765 -0.810481 6.98032e-17 -0.585765 -0.68535 -7.89531e-18 -0.728214 -0.535582 1.93624e-16 -0.844483 -0.535582 -9.07442e-18 -0.844483 -0.36656 1.74549e-16 -0.930395 -0.36656 1.74508e-16 -0.930395 -0.18436 3.40998e-16 -0.982859 -0.18436 1.49379e-16 -0.982859 -0.973286 7.42459e-17 0.229595 -0.973286 1.23794e-16 0.229595 -0.98088 -8.86205e-17 0.194614 -0.987217 -7.2578e-17 0.159384 -0.98088 9.01708e-17 0.194614 -0.987217 -5.52976e-17 0.159384 0.204847 -2.26511e-16 0.978794 0.204847 -3.04052e-16 0.978794 0.0164191 -1.35783e-16 0.999865 0.0164191 -3.44043e-16 0.999865 -0.1726 -4.10007e-16 0.984992 -0.1726 -6.84071e-17 0.984992 -0.355413 -4.45902e-16 0.934709 -0.355413 -3.22491e-16 0.934709 -0.52545 3.25515e-16 0.850824 -0.52545 -4.06255e-16 0.850824 -0.676598 -3.35309e-16 0.736353 -0.676598 5.12356e-16 0.736353 -0.901364 2.65771e-16 0.433063 -0.803422 2.14189e-16 0.59541 -0.803422 -2.70836e-16 0.59541 -0.901364 2.65771e-16 0.433063 -0.997681 3.37285e-16 0.0680591 -0.966902 3.02266e-16 0.255147 -0.966902 3.07832e-16 0.255147 -0.997681 3.4614e-16 0.0680591 -0.992594 3.65448e-16 -0.121476 -0.992594 3.44479e-16 -0.121476 -0.951825 3.98956e-17 -0.306643 -0.951825 3.8322e-16 -0.306643 -0.770328 5.16143e-16 -0.637647 -0.876837 4.91871e-16 -0.480787 -0.876837 6.21249e-17 -0.480787 -0.770328 5.06869e-16 -0.637647 -0.479057 1.42073e-16 -0.877784 -0.636127 2.74091e-16 -0.771585 -0.636127 4.07651e-16 -0.771585 -0.479057 4.18746e-16 -0.877784 -0.854702 -2.02619e-16 0.51912 -0.854702 2.96494e-16 0.51912 -0.872733 -2.32894e-16 0.488198 -0.872733 -1.89511e-16 0.488198 -0.889646 -2.17845e-16 0.45665 -0.889646 -2.17021e-16 0.45665 0.497285 -1.72531e-16 0.867587 0.497285 -3.01005e-16 0.867587 0.140227 -5.71156e-18 0.990119 0.324591 -7.15952e-17 0.945855 0.324591 -3.28075e-16 0.945855 0.140227 -1.3453e-16 0.990119 -0.0491772 0 0.99879 -0.0491772 -6.95414e-17 0.99879 -0.236814 -8.4269e-17 0.971555 -0.236814 0 0.971555 -0.415937 1.57755e-16 0.909393 -0.415937 -7.88776e-17 0.909393 -0.723424 1.31222e-16 0.690404 -0.580108 5.99653e-17 0.81454 -0.580108 1.41002e-16 0.81454 -0.723424 2.99415e-17 0.690404 -0.840734 -4.69632e-17 0.541449 -0.840734 2.37331e-17 0.541449 -0.92782 3.21902e-16 0.373029 -0.92782 -3.21095e-17 0.373029 -0.981551 -5.80434e-17 0.191198 -0.981551 3.40291e-16 0.191198 -0.982493 8.0794e-18 -0.186298 -0.999997 -1.082e-19 0.00249492 -0.999997 -7.58019e-19 0.00249492 -0.982493 7.14059e-16 -0.186298 -0.843425 1.86395e-16 -0.537247 -0.92967 1.27812e-16 -0.368394 -0.92967 7.09201e-16 -0.368394 -0.843425 1.99424e-16 -0.537247 -0.72686 2.38277e-16 -0.686785 -0.72686 1.33324e-16 -0.686785 -0.652453 0 0.757829 -0.652453 2.26191e-16 0.757829 -0.679157 -4.90285e-16 0.733993 -0.679157 0 0.733993 -0.704991 -2.46059e-16 0.709216 -0.704991 -4.92118e-16 0.709216 0.741046 -2.56876e-16 0.671455 0.741046 -8.23837e-17 0.671455 0.600989 -2.77298e-16 0.799257 0.600989 -6.98032e-19 0.799257 0.439328 -7.79174e-17 0.898327 0.439328 -3.1202e-16 0.898327 0.261873 -0 0.965102 0.261873 -8.37638e-17 0.965102 -0.114562 -3.4466e-16 0.993416 0.0750037 -3.45967e-16 0.997183 0.0750037 0 0.997183 -0.114562 1.25912e-16 0.993416 -0.474671 1.64685e-16 0.880163 -0.300009 1.04086e-16 0.953936 -0.300009 1.87073e-16 0.953936 -0.632269 4.20959e-16 0.774749 -0.474671 3.93711e-16 0.880163 -0.632269 0 0.774749 -0.767137 2.66154e-16 0.641483 -0.767137 0 0.641483 -0.950283 0 0.311389 -0.874427 0 0.485157 -0.874427 3.03644e-16 0.485157 -0.950283 0 0.311389 -0.991976 3.88024e-16 0.126427 -0.991976 0 0.126427 -0.998008 1.09426e-17 -0.06308 -0.998008 3.2441e-16 -0.06308 -0.968163 2.92476e-16 -0.250319 -0.968163 4.3627e-17 -0.250319 -0.903513 0 -0.42856 -0.903513 2.39425e-16 -0.42856 -0.386337 -1.60004e-16 0.922358 -0.386337 -2.59814e-17 0.922358 -0.4191 1.45405e-16 0.90794 -0.451327 1.56585e-16 0.892359 -0.4191 -1.57417e-16 0.90794 -0.451327 0 0.892359 0.912267 -3.87408e-16 0.409596 0.912267 -3.16506e-16 0.409596 0.818559 -1.84348e-16 0.574423 0.818559 -2.83401e-16 0.574423 0.695424 1.24657e-16 0.7186 0.695424 -1.16571e-16 0.7186 0.379479 -0 0.9252 0.547289 -0 0.836944 0.547289 1.45191e-16 0.836944 0.379479 -3.20993e-16 0.9252 0.00945724 -3.28114e-18 0.999955 0.198028 -6.87047e-17 0.980196 0.198028 -3.39942e-16 0.980196 0.00945724 -0 0.999955 -0.179453 6.22604e-17 0.983766 -0.179453 0 0.983766 -0.531361 1.84353e-16 0.847145 -0.361913 1.25564e-16 0.932212 -0.361913 1.25646e-16 0.932212 -0.531361 1.84353e-16 0.847145 -0.681708 -2.53833e-16 0.731624 -0.681708 2.36633e-16 0.731624 -0.904357 -1.48068e-16 0.426777 -0.807548 -2.04629e-16 0.589802 -0.807548 -2.04523e-16 0.589802 -0.904357 -1.48068e-16 0.426777 -0.968655 2.92978e-16 0.248409 -0.968655 -8.6207e-17 0.248409 -0.998131 3.46296e-16 0.0611112 -0.998131 3.35666e-16 0.0611112 -0.991725 3.44074e-16 -0.128383 -0.991725 3.4413e-16 -0.128383 -0.0824043 0 0.996599 -0.0824043 1.727e-16 0.996599 -0.118019 0 0.993011 -0.118019 0 0.993011 -0.153483 5.32502e-17 0.988151 -0.153483 0 0.988151 0.99419 1.86724e-17 0.107642 0.99419 -3.63602e-16 0.107642 0.956002 -3.8257e-16 0.29336 0.956002 -3.82522e-16 0.29336 0.779133 -4.87801e-16 0.626859 0.883447 -4.69062e-16 0.468531 0.883447 -3.87408e-16 0.468531 0.779133 -2.70316e-16 0.626859 0.646809 -0 0.762652 0.646809 -2.24068e-16 0.762652 0.491233 -1.51099e-16 0.871028 0.491233 0 0.871028 0.317998 -2.74795e-16 0.948092 0.317998 -1.64736e-16 0.948092 0.13333 7.9407e-17 0.991072 0.13333 -2.18135e-16 0.991072 -0.0561299 -1.53725e-16 0.998423 -0.0561299 2.12114e-16 0.998423 -0.243572 0 0.969883 -0.243572 -8.37638e-17 0.969883 -0.422259 -1.57248e-16 0.906475 -0.422259 0 0.906475 -0.585765 3.43824e-16 0.810481 -0.585765 -1.41002e-16 0.810481 -0.844483 2.0008e-16 0.535582 -0.728214 1.3376e-16 0.68535 -0.728214 3.71353e-16 0.68535 -0.844483 -1.85817e-16 0.535582 -0.930395 -1.27176e-16 0.36656 -0.930395 -1.2774e-16 0.36656 -0.982859 -6.39627e-17 0.18436 -0.982859 -6.38699e-17 0.18436 0.229595 -0 0.973286 0.229595 0 0.973286 0.194614 -6.75204e-17 0.98088 0.194614 0 0.98088 0.159384 -3.4251e-16 0.987217 0.159384 -5.50195e-17 0.987217 0.978794 0 -0.204847 0.978794 7.10707e-17 -0.204847 0.999865 -3.52594e-16 -0.0164191 0.999865 5.69332e-18 -0.0164191 0.984992 -2.99412e-17 0.1726 0.984992 -2.82005e-16 0.1726 0.850824 -2.04038e-16 0.52545 0.934709 -2.62638e-16 0.355413 0.934709 -6.21249e-17 0.355413 0.850824 -2.04038e-16 0.52545 0.736353 -2.55474e-16 0.676598 0.736353 -1.3821e-16 0.676598 0.59541 -2.06574e-16 0.803422 0.59541 -2.06617e-16 0.803422 0.255147 -8.85219e-17 0.966902 0.433063 -1.50249e-16 0.901364 0.433063 -1.50775e-16 0.901364 0.255147 -8.85219e-17 0.966902 0.0680591 -0 0.997681 0.0680591 -2.35586e-17 0.997681 -0.121476 4.21453e-17 0.992594 -0.121476 0 0.992594 -0.306643 3.77892e-16 0.951825 -0.306643 1.06799e-16 0.951825 -0.480787 1.66807e-16 0.876837 -0.480787 4.85132e-16 0.876837 -0.637647 2.21228e-16 0.770328 -0.637647 2.21276e-16 0.770328 -0.771585 2.67697e-16 0.636127 -0.771585 2.68044e-16 0.636127 -0.877784 6.09085e-16 0.479057 -0.877784 3.0504e-16 0.479057 0.51912 -1.80106e-16 0.854702 0.51912 0 0.854702 0.488198 -3.20773e-16 0.872733 0.488198 -1.69643e-16 0.872733 0.45665 -3.16865e-16 0.889646 0.45665 -3.13305e-16 0.889646 0.867587 0 -0.497285 0.867587 -3.8727e-16 -0.497285 0.945855 -3.28159e-16 -0.324591 0.945855 -3.83918e-16 -0.324591 0.990119 -3.43517e-16 -0.140227 0.990119 -3.43432e-16 -0.140227 0.971555 -3.37076e-16 0.236814 0.99879 -3.46525e-16 0.0491772 0.99879 -3.46573e-16 0.0491772 0.971555 2.05403e-17 0.236814 0.81454 1.81968e-16 0.580108 0.909393 2.43356e-16 0.415937 0.909393 3.55996e-17 0.415937 0.81454 -2.51582e-16 0.580108 0.690404 -2.39532e-16 0.723424 0.690404 -3.14114e-16 0.723424 0.541449 -2.60775e-16 0.840734 0.541449 -1.87771e-16 0.840734 0.373029 -2.90371e-16 0.92782 0.373029 -2.10108e-16 0.92782 0.191198 -6.63353e-17 0.981551 0.191198 -2.36633e-16 0.981551 -0.186298 6.46352e-17 0.982493 0.00249492 -8.65599e-19 0.999997 0.00249492 -8.67087e-19 0.999997 -0.186298 6.46352e-17 0.982493 -0.368394 1.27812e-16 0.92967 -0.368394 1.2774e-16 0.92967 -0.537247 1.13239e-16 0.843425 -0.537247 1.86375e-16 0.843425 -0.686785 -1.2609e-16 0.72686 -0.686785 1.75206e-16 0.72686 0.757829 -5.82441e-16 0.652453 0.757829 -3.48457e-16 0.652453 0.733993 1.17815e-16 0.679157 0.733993 -5.68534e-16 0.679157 0.709216 -1.22296e-16 0.704991 0.709216 1.22265e-16 0.704991 0 -0.999999 0 0 -0.999999 0 0 -0.999999 0 0 -1 0 0 -1 0 0 -0.999999 0 0 -0.999999 0 0 -0.999999 0 0 -1 0 0 -1 0 0 -0.999999 0 0 -1 0 0 -0.999999 0 0 -1 0 0 -1 0 0 -1 0 0 -0.999999 0 0 -0.999999 0 -0 -1 0 0 -1 0 0 -1 0 0 -0.999999 0 0 -1 0 0 -0.999999 0 0 -1 0 0 -1 0 0 -1 0 0 -1 0 0 -1 0 0 -1 0 0 -1 0 0 -1 0 0 -1 0 0 -1 0 0 -1 0 0 -1 0 0 -0.999999 0 -0 -0.999999 0 0 -0.999999 0 0 -0.999999 0 0 -0.999999 0 0 -0.999999 0 0 -1 0 0 -1 0 0 -0.999999 0 0 -1 0 0 -0.999999 0 0 -1 0 0 -1 0 0 -1 0 0 -1 0 0 -1 0 0 -1 0 0 -1 0 0 -1 0 0 -1 0 0 -1 0 0 -1 0 0 -1 0 0 -1 0 0 -1 0 0 -1 0 0 -1 0 0 -1 0 0 -1 0 0 -1 0 0 -1 0 0 -1 0 0 -1 0 0 -1 0 0 -1 0 0 -1 0 0 -1 0 0 -1 0 0 -1 0 0 -1 0 0 -1 0 0 -1 0 0 -1 0 0 -1 0 0 -1 0 0 -1 0 0 -1 0 0 -1 0 0 -1 0 0 -1 0 0 -1 0 0 -1 0 0 -1 0 0 -1 0 0 -0.999999 0 0 -0.999999 0 0 -0.999999 0 0 -0.999999 0 0 -1 0 0 -1 0 0 -1 0 0 -1 0 0 -1 0 0 -1 0 0 -1 0 0 -1 0 0 -1 0 0 -1 0 0 -1 0 0 -0.999999 0 0 -0.999999 0 0 -1 0 0 -1 0 0 -0.999999 0 0 -1 0 0 -1 0 0 -0.999999 0 0 -1 0 0 -1 0 0 -1 0 0 -1 0 0 -1 0 0 -1 0 0 -1 0 0 -1 0 0 -1 0 0 -1 0 0 -1 0 0 -1 0 0 -1 0 0 -1 0 0 -1 0 0 -1 0 0 -1 0 0 -1 0 0 -1 0 0 -1 0 -0 -1 0 0 -1 0 0 -1 0 0 -1 0 0 -1 0 0 -1 0 0 -1 0 0 -1 0 0 -1 0 0 -1 0 0 -1 0 0 -0.999999 0 0 -0.999999 0 0 -0.999999 0 0 -0.999999 0 0 -1 0 0 -1 0 0 -1 0 0 -1 0 0 -1 0 0 -0.999999 0 0 -0.999999 0 0 -1 0 0 -0.999999 0 0 -1 0 0 -1 0 0 -1 0 0 -1 0 0 -1 0 0 -0.999999 0 0 -1 0 0 -1 0 0 -1 0 0 -1 0 0 -1 0 0 -1 0 0 -1 0 0 -1 0 0 -1 0 0 -1 0 0 -1 0 0 -1 0 0 -1 0 0 -1 0 0 -1 0 0 -1 0 0 -1 0 0 -1 0 -0 -1 0 0 -1 0 0 -1 0 0 -1 0 0 -1 0 -0 -1 0 0 -1 0 0 -1 0 0 -1 0 0 -1 0 0 -1 0 0 -0.999999 0 0 -0.999999 0 0 -0.999999 0 0 -0.999999 0 0 -1 0 0 -1 0 0 -0.999999 0 -0 -0.999999 0 0 -1 0 0 -0.999999 0 0 -1 0 0 -1 0 0 -0.999999 0 0 -1 0 0 -1 0 0 -1 0 0 -1 0 0 -1 0 0 -1 0 0 -1 0 0 -1 0 0 -1 0 0 -1 0 0 -1 0 0 -1 0 0 -1 0 0 -1 0 0 -1 0 0 -1 0 -0 -1 0 0 -1 0 0 -1 0 0 -1 0 0 -1 0 0 -1 0 0 -1 0 -0 -1 0 0 -1 0 0 -1 0 0 -1 0 0 -1 0 0 -1 0 0 -1 0 0 -0.999999 0 0 -0.999999 0 0 -0.999999 0 0 -0.999999 0 0 -1 0 0 -1 0 0 -1 0 0 -1 0 0 -1 0 0 -1 0 -0 -1 0 0 -1 0 0 -0.999999 0 0 -0.999999 0 0 -1 0 0 -1 0 0 -1 0 0 -1 0 0 -0.999999 0 0 -0.999999 0 0 -1 0 0 -1 0 0 -1 0 0 -1 0 0 -1 0 0 -1 0 0 -1 0 0 -1 0 0 -1 0 0 -1 0 0 -1 0 0 -1 0 0 -1 0 0 -1 0 0 -1 0 0 -1 0 0 -1 0 0 -1 0 0 -1 0 0 -1 0 0 -1 0 -0 -1 0 0 -0.999999 0 0 -0.999999 0 0 -0.999999 0 0 -0.999999 0 0 -1 0 -0 -1 0 0 -1 0 0 -1 0 0 -1 0 0 -1 0 0 -1 0 0 -1 0 0 -1 0 0 -1 0 0 -1 0 0 -1 0 0 -1 0 0 -1 0 0 -1 0 0 -1 0 0 -1 0 0 -1 0 0 -1 0 0 -1 0 0 -1 0 0 -0.999999 0 0 -0.999999 0 0 -1 0 0 -1 0 0 -0.999999 0 0 -0.999999 0 0 -1 0 0 -1 0 0 -1 0 0 -1 0 0 -1 0 0 -1 0 0 -1 0 0 -1 0 0 -1 0 0 -1 0 0 -1 0 -0 -1 0 0 -1 0 0 -1 0 0 -1 0 0 -1 0 0 -1 0 0 -1 0 0 -1 0 0 -1 0 0 -1 0 0 -1 0 0 -0.999999 0 0 -0.999999 0 0 -0.999999 0 0 -0.999999 0 0 -1 0 0 -1 0 0 -1 0 0 -1 0 0 -1 0 0 -1 0 0 -1 0 0 -1 0 0 -1 0 0 -1 0 0 -1 0 0 -1 0 0 -1 0 0 -1 0 0 -1 0 0 -1 0 0 -1 0 0 -1 0 0 -1 0 0 -0.999999 0 -0 -0.999999 0 0 -1 0 0 -1 0 0 -1 0 0 -0.999999 0 0 -0.999999 0 0 -1 0 -0 -1 0 0 -1 0 0 -1 0 0 -1 0 0 -1 0 0 -1 0 0 -1 0 0 -1 0 0 -1 0 0 -1 0 0 -1 0 0 -1 0 0 -1 0 0 -1 0 0 -1 0 0 -1 0 0 -1 0 0 -1 0 0 -1 0 0 -1 0 0 -1 0 0 -1 0 0 -1 0 0 -1 0 0 -1 0 0 -1 0 -0 -1 0 0 -1 0 0 -1 0 0 -1 0 0 -1 0 0 -1 0 -0 -1 0 0 -0.999999 0 0 -0.999999 0 0 -0.999999 0 0 -0.999999 0 0 -1 0 0 -1 0 0 -0.999999 0 0 -1 0 0 -1 0 0 -0.999999 0 -0 -1 0 0 -1 0 0 -0.999999 0 0 -0.999999 0 0 -0.999999 0 -0 -0.999999 0 0 -1 0 -0 -1 0 0 -0.999999 0 0 -0.999999 0</float_array>
   <technique_common><accessor source="#na" count="4236" stride="3">
    <param name="X" type="float"/><param name="Y" type="float"/><param name="Z" type="float"/>
   </accessor></technique_common></source>
  <vertices id="v"><input semantic="POSITION" source="#p"/></vertices>
  <triangles material="m" count="4236">
   <input semantic="VERTEX" source="#v" offset="0"/><input semantic="NORMAL" source="#n" offset="1"/>
   <p>1166 0 1151 0 1150 0 1166 1 1167 1 1151 1 1188 2 1189 2 1167 2 1188 3 1167 3 1166 3 1202 4 1203 4 1189 4 1202 5 1211 5 1203 5 1202 6 1189 6 1188 6 1210 7 1211 7 1202 7 1228 8 1229 8 1211 8 1228 9 1211 9 1210 9 1248 10 1249 10 1229 10 1248 11 1268 11 1249 11 1248 12 1229 12 1228 12 1267 13 1268 13 1248 13 1285 14 1268 14 1267 14 1285 15 1286 15 1268 15 1295 16 1286 16 1285 16 1295 17 1296 17 1286 17 1308 18 1296 18 1295 18 1308 19 1309 19 1296 19 1318 20 1309 20 1308 20 1318 21 1319 21 1309 21 1316 22 1319 22 1318 22 1316 23 1317 23 1319 23 1316 24 1307 24 1317 24 1306 25 1307 25 1316 25 1291 26 1307 26 1306 26 1291 27 1292 27 1307 27 1282 28 1292 28 1291 28 1282 29 1283 29 1292 29 1282 30 1263 30 1283 30 1262 31 1263 31 1282 31 1262 32 1246 32 1263 32 1245 33 1246 33 1262 33 1222 34 1246 34 1245 34 1222 35 1223 35 1246 35 1208 36 1223 36 1222 36 1208 37 1209 37 1223 37 1196 38 1209 38 1208 38 1196 39 1197 39 1209 39 1184 40 1185 40 1197 40 1184 41 1197 41 1196 41 1162 42 1163 42 1185 42 1162 43 1147 43 1163 43 1162 44 1185 44 1184 44 1146 45 1147 45 1162 45 1128 46 1147 46 1146 46 1128 47 1129 47 1147 47 1128 48 1109 48 1129 48 1108 49 1109 49 1128 49 1100 50 1101 50 1109 50 1100 51 1109 51 1108 51 1092 52 1093 52 1101 52 1092 53 1095 53 1093 53 1092 54 1101 54 1100 54 1094 55 1095 55 1092 55 1104 56 1105 56 1095 56 1104 57 1095 57 1094 57 1113 58 1114 58 1105 58 1113 59 1135 59 1114 59 1113 60 1105 60 1104 60 1134 61 1135 61 1113 61 1150 62 1151 62 1135 62 1150 63 1135 63 1134 63 1108 64 1092 64 1100 64 1150 65 1134 65 1113 65 1162 66 1128 66 1146 66 1188 67 1166 67 1150 67 1184 68 1128 68 1162 68 1196 69 1128 69 1184 69 1208 70 1128 70 1196 70 1222 71 1128 71 1208 71 1285 72 1267 72 1248 72 1282 73 1245 73 1262 73 1282 74 1222 74 1245 74 1295 75 1210 75 1202 75 1295 76 1228 76 1210 76 1295 77 1248 77 1228 77 1295 78 1285 78 1248 78 1291 79 1108 79 1128 79 1291 80 1094 80 1092 80 1291 81 1104 81 1094 81 1291 82 1092 82 1108 82 1291 83 1128 83 1222 83 1291 84 1222 84 1282 84 1306 85 1104 85 1291 85 1318 86 1308 86 1295 86 1318 87 1295 87 1202 87 1316 88 1202 88 1188 88 1316 89 1113 89 1104 89 1316 90 1150 90 1113 90 1316 91 1188 91 1150 91 1316 92 1104 92 1306 92 1316 93 1318 93 1202 93 571 94 543 94 542 94 571 95 572 95 543 95 600 96 601 96 572 96 600 97 572 97 571 97 633 98 634 98 601 98 633 99 659 99 634 99 633 100 601 100 600 100 658 101 659 101 633 101 672 102 673 102 659 102 672 103 659 103 658 103 690 104 691 104 673 104 690 105 709 105 691 105 690 106 673 106 672 106 708 107 709 107 690 107 732 108 709 108 708 108 732 109 733 109 709 109 749 110 733 110 732 110 749 111 750 111 733 111 762 112 750 112 749 112 762 113 763 113 750 113 773 114 763 114 762 114 773 115 774 115 763 115 769 116 774 116 773 116 769 117 770 117 774 117 769 118 760 118 770 118 759 119 760 119 769 119 746 120 760 120 759 120 746 121 747 121 760 121 724 122 747 122 746 122 724 123 725 123 747 123 724 124 705 124 725 124 704 125 705 125 724 125 704 126 683 126 705 126 682 127 683 127 704 127 668 128 683 128 682 128 668 129 669 129 683 129 656 130 669 130 668 130 656 131 657 131 669 131 618 132 657 132 656 132 618 133 619 133 657 133 594 134 595 134 619 134 594 135 619 135 618 135 566 136 567 136 595 136 566 137 538 137 567 137 566 138 595 138 594 138 537 139 538 139 566 139 524 140 538 140 537 140 524 141 525 141 538 141 524 142 506 142 525 142 505 143 506 143 524 143 494 144 495 144 506 144 494 145 506 145 505 145 490 146 491 146 495 146 490 147 493 147 491 147 490 148 495 148 494 148 492 149 493 149 490 149 496 150 497 150 493 150 496 151 493 151 492 151 509 152 510 152 497 152 509 153 531 153 510 153 509 154 497 154 496 154 530 155 531 155 509 155 542 156 543 156 531 156 542 157 531 157 530 157 542 158 530 158 509 158 566 159 524 159 537 159 566 160 505 160 524 160 656 161 594 161 618 161 672 162 633 162 600 162 672 163 658 163 633 163 668 164 566 164 594 164 668 165 494 165 505 165 668 166 505 166 566 166 668 167 594 167 656 167 682 168 490 168 494 168 682 169 492 169 490 169 682 170 496 170 492 170 682 171 494 171 668 171 708 172 690 172 672 172 704 173 571 173 542 173 704 174 600 174 571 174 704 175 509 175 496 175 704 176 542 176 509 176 704 177 496 177 682 177 732 178 708 178 672 178 773 179 749 179 732 179 773 180 762 180 749 180 773 181 724 181 746 181 773 182 704 182 724 182 773 183 672 183 600 183 773 184 600 184 704 184 773 185 732 185 672 185 769 186 746 186 759 186 769 187 773 187 746 187 1280 188 1260 188 1259 188 1280 189 1281 189 1260 189 1300 190 1301 190 1281 190 1300 191 1281 191 1280 191 1326 192 1327 192 1301 192 1326 193 1337 193 1327 193 1326 194 1301 194 1300 194 1336 195 1337 195 1326 195 1350 196 1351 196 1337 196 1350 197 1337 197 1336 197 1356 198 1357 198 1351 198 1356 199 1372 199 1357 199 1356 200 1351 200 1350 200 1371 201 1372 201 1356 201 1383 202 1372 202 1371 202 1383 203 1384 203 1372 203 1400 204 1384 204 1383 204 1400 205 1401 205 1384 205 1414 206 1401 206 1400 206 1414 207 1415 207 1401 207 1424 208 1415 208 1414 208 1424 209 1425 209 1415 209 1422 210 1425 210 1424 210 1422 211 1423 211 1425 211 1422 212 1409 212 1423 212 1408 213 1409 213 1422 213 1395 214 1409 214 1408 214 1395 215 1396 215 1409 215 1381 216 1396 216 1395 216 1381 217 1382 217 1396 217 1381 218 1365 218 1382 218 1364 219 1365 219 1381 219 1364 220 1355 220 1365 220 1354 221 1355 221 1364 221 1348 222 1355 222 1354 222 1348 223 1349 223 1355 223 1334 224 1349 224 1348 224 1334 225 1335 225 1349 225 1324 226 1335 226 1334 226 1324 227 1325 227 1335 227 1297 228 1298 228 1325 228 1297 229 1325 229 1324 229 1275 230 1276 230 1298 230 1275 231 1258 231 1276 231 1275 232 1298 232 1297 232 1257 233 1258 233 1275 233 1240 234 1258 234 1257 234 1240 235 1241 235 1258 235 1240 236 1231 236 1241 236 1230 237 1231 237 1240 237 1218 238 1219 238 1231 238 1218 239 1231 239 1230 239 1212 240 1213 240 1219 240 1212 241 1215 241 1213 241 1212 242 1219 242 1218 242 1214 243 1215 243 1212 243 1220 244 1221 244 1215 244 1220 245 1215 245 1214 245 1234 246 1235 246 1221 246 1234 247 1244 247 1235 247 1234 248 1221 248 1220 248 1243 249 1244 249 1234 249 1259 250 1260 250 1244 250 1259 251 1244 251 1243 251 1259 252 1243 252 1234 252 1275 253 1240 253 1257 253 1324 254 1275 254 1297 254 1350 255 1336 255 1326 255 1348 256 1324 256 1334 256 1348 257 1230 257 1240 257 1348 258 1218 258 1230 258 1348 259 1212 259 1218 259 1348 260 1214 260 1212 260 1348 261 1220 261 1214 261 1348 262 1240 262 1275 262 1348 263 1275 263 1324 263 1364 264 1348 264 1354 264 1364 265 1220 265 1348 265 1381 266 1234 266 1220 266 1381 267 1220 267 1364 267 1400 268 1356 268 1350 268 1400 269 1371 269 1356 269 1400 270 1383 270 1371 270 1395 271 1280 271 1259 271 1395 272 1300 272 1280 272 1395 273 1326 273 1300 273 1395 274 1259 274 1234 274 1395 275 1234 275 1381 275 1424 276 1414 276 1400 276 1422 277 1395 277 1408 277 1422 278 1350 278 1326 278 1422 279 1326 279 1395 279 1422 280 1400 280 1350 280 1422 281 1424 281 1400 281 1402 282 1586 282 1572 282 1402 283 1419 283 1586 283 1389 284 1572 284 1556 284 1389 285 1402 285 1572 285 1380 286 1556 286 1541 286 1380 287 1389 287 1556 287 1373 288 1541 288 1531 288 1373 289 1380 289 1541 289 1370 290 1531 290 1520 290 1370 291 1373 291 1531 291 1363 292 1520 292 1517 292 1363 293 1370 293 1520 293 1362 294 1504 294 1500 294 1362 295 1517 295 1504 295 1362 296 1363 296 1517 296 1362 297 1500 297 1360 297 1254 298 1261 298 1419 298 1254 299 1419 299 1402 299 1247 300 1254 300 1402 300 1247 301 1402 301 1389 301 1242 302 1389 302 1380 302 1242 303 1247 303 1389 303 1239 304 1242 304 1380 304 1239 305 1380 305 1373 305 1238 306 1239 306 1373 306 1238 307 1373 307 1370 307 1237 308 1238 308 1370 308 1237 309 1370 309 1363 309 1236 310 1237 310 1363 310 1236 311 1360 311 1232 311 1236 312 1363 312 1362 312 1236 313 1362 313 1360 313 1082 314 1261 314 1254 314 1082 315 1083 315 1261 315 1081 316 1254 316 1247 316 1081 317 1082 317 1254 317 1078 318 1081 318 1247 318 1078 319 1247 319 1242 319 1075 320 1078 320 1242 320 1075 321 1242 321 1239 321 1070 322 1239 322 1238 322 1070 323 1075 323 1239 323 1069 324 1070 324 1238 324 1069 325 1238 325 1237 325 1068 326 1069 326 1237 326 1068 327 1237 327 1236 327 1068 328 1236 328 1232 328 1068 329 1232 329 1066 329 927 330 1083 330 1082 330 927 331 926 331 1083 331 930 332 927 332 1082 332 930 333 1082 333 1081 333 930 334 1081 334 1078 334 933 335 930 335 1078 335 934 336 1078 336 1075 336 934 337 933 337 1078 337 937 338 934 338 1075 338 937 339 1075 339 1070 339 938 340 937 340 1070 340 938 341 1069 341 1068 341 938 342 1070 342 1069 342 941 343 1068 343 1066 343 941 344 938 344 1068 344 941 345 1066 345 942 345 829 346 926 346 927 346 829 347 826 347 926 347 832 348 927 348 930 348 832 349 829 349 927 349 833 350 930 350 933 350 833 351 832 351 930 351 836 352 933 352 934 352 836 353 833 353 933 353 839 354 934 354 937 354 839 355 836 355 934 355 842 356 937 356 938 356 842 357 839 357 937 357 843 358 941 358 942 358 843 359 938 359 941 359 843 360 842 360 938 360 843 361 942 361 844 361 701 362 826 362 829 362 701 363 692 363 826 363 712 364 829 364 832 364 712 365 832 365 833 365 712 366 701 366 829 366 723 367 712 367 833 367 739 368 833 368 836 368 739 369 836 369 839 369 739 370 723 370 833 370 748 371 739 371 839 371 756 372 839 372 842 372 756 373 748 373 839 373 761 374 842 374 843 374 761 375 843 375 844 375 761 376 844 376 764 376 761 377 756 377 842 377 521 378 701 378 712 378 521 379 692 379 701 379 521 380 502 380 692 380 534 381 712 381 723 381 534 382 521 382 712 382 548 383 534 383 723 383 568 384 723 384 739 384 568 385 739 385 748 385 568 386 548 386 723 386 578 387 568 387 748 387 587 388 748 388 756 388 587 389 578 389 748 389 593 390 587 390 756 390 593 391 764 391 596 391 593 392 761 392 764 392 593 393 756 393 761 393 403 394 502 394 521 394 403 395 335 395 398 395 403 396 398 396 502 396 411 397 521 397 534 397 411 398 403 398 521 398 421 399 411 399 534 399 421 400 534 400 548 400 427 401 548 401 568 401 427 402 421 402 548 402 436 403 427 403 568 403 436 404 568 404 578 404 442 405 436 405 578 405 442 406 578 406 587 406 447 407 442 407 587 407 447 408 596 408 451 408 447 409 587 409 593 409 447 410 593 410 596 410 348 411 335 411 403 411 358 412 348 412 403 412 358 413 403 413 411 413 367 414 411 414 421 414 367 415 421 415 427 415 367 416 358 416 411 416 375 417 367 417 427 417 381 418 427 418 436 418 381 419 375 419 427 419 387 420 442 420 447 420 387 421 436 421 442 421 387 422 381 422 436 422 390 423 387 423 447 423 390 424 447 424 451 424 390 425 451 425 391 425 316 426 308 426 335 426 316 427 335 427 348 427 320 428 348 428 358 428 320 429 316 429 348 429 329 430 358 430 367 430 329 431 320 431 358 431 338 432 367 432 375 432 338 433 329 433 367 433 347 434 375 434 381 434 347 435 338 435 375 435 350 436 381 436 387 436 350 437 347 437 381 437 352 438 387 438 390 438 352 439 350 439 387 439 352 440 390 440 391 440 352 441 391 441 355 441 304 442 308 442 316 442 304 443 302 443 308 443 311 444 316 444 320 444 311 445 304 445 316 445 317 446 320 446 329 446 317 447 311 447 320 447 321 448 329 448 338 448 321 449 338 449 347 449 321 450 317 450 329 450 328 451 321 451 347 451 331 452 347 452 350 452 331 453 328 453 347 453 334 454 350 454 352 454 334 455 352 455 355 455 334 456 355 456 336 456 334 457 331 457 350 457 305 458 313 458 303 458 305 459 303 459 302 459 305 460 302 460 304 460 305 461 304 461 311 461 312 462 305 462 311 462 318 463 311 463 317 463 318 464 317 464 321 464 318 465 312 465 311 465 322 466 318 466 321 466 330 467 321 467 328 467 330 468 322 468 321 468 332 469 328 469 331 469 332 470 330 470 328 470 339 471 336 471 340 471 339 472 334 472 336 472 339 473 331 473 334 473 339 474 332 474 331 474 319 475 313 475 305 475 325 476 319 476 305 476 325 477 305 477 312 477 325 478 312 478 318 478 333 479 325 479 318 479 333 480 318 480 322 480 344 481 333 481 322 481 351 482 344 482 322 482 351 483 322 483 330 483 357 484 330 484 332 484 357 485 351 485 330 485 360 486 339 486 340 486 360 487 332 487 339 487 360 488 357 488 332 488 360 489 340 489 361 489 359 490 349 490 313 490 359 491 313 491 319 491 370 492 359 492 319 492 370 493 319 493 325 493 378 494 325 494 333 494 378 495 370 495 325 495 386 496 333 496 344 496 386 497 378 497 333 497 393 498 344 498 351 498 393 499 386 499 344 499 399 500 351 500 357 500 399 501 393 501 351 501 400 502 357 502 360 502 400 503 360 503 361 503 400 504 399 504 357 504 400 505 361 505 401 505 416 506 410 506 349 506 416 507 359 507 370 507 416 508 349 508 359 508 426 509 416 509 370 509 437 510 370 510 378 510 437 511 426 511 370 511 437 512 378 512 386 512 448 513 437 513 386 513 461 514 386 514 393 514 461 515 393 515 399 515 461 516 448 516 386 516 472 517 461 517 399 517 472 518 399 518 400 518 475 519 400 519 401 519 475 520 472 520 400 520 475 521 401 521 476 521 475 522 476 522 638 522 555 523 539 523 410 523 555 524 410 524 416 524 575 525 416 525 426 525 575 526 555 526 416 526 590 527 426 527 437 527 590 528 575 528 426 528 604 529 437 529 448 529 604 530 590 530 437 530 615 531 448 531 461 531 615 532 604 532 448 532 620 533 461 533 472 533 620 534 615 534 461 534 635 535 472 535 475 535 635 536 475 536 638 536 635 537 620 537 472 537 753 538 736 538 539 538 753 539 539 539 555 539 753 540 555 540 575 540 766 541 753 541 575 541 775 542 575 542 590 542 775 543 766 543 575 543 782 544 775 544 590 544 782 545 590 545 604 545 783 546 604 546 615 546 783 547 782 547 604 547 788 548 783 548 615 548 788 549 615 549 620 549 788 550 620 550 635 550 789 551 788 551 635 551 789 552 638 552 790 552 789 553 635 553 638 553 849 554 960 554 846 554 849 555 846 555 736 555 849 556 736 556 753 556 854 557 849 557 753 557 854 558 753 558 766 558 855 559 854 559 766 559 855 560 766 560 775 560 856 561 855 561 775 561 856 562 775 562 782 562 857 563 782 563 783 563 857 564 856 564 782 564 858 565 783 565 788 565 858 566 857 566 783 566 859 567 789 567 790 567 859 568 858 568 788 568 859 569 790 569 860 569 859 570 788 570 789 570 961 571 1131 571 960 571 961 572 960 572 849 572 961 573 849 573 854 573 962 574 961 574 854 574 965 575 854 575 855 575 965 576 962 576 854 576 968 577 855 577 856 577 968 578 965 578 855 578 973 579 856 579 857 579 973 580 857 580 858 580 973 581 968 581 856 581 974 582 973 582 858 582 975 583 974 583 858 583 975 584 858 584 859 584 975 585 859 585 860 585 975 586 860 586 976 586 1130 587 1131 587 961 587 1125 588 961 588 962 588 1125 589 1130 589 961 589 1122 590 962 590 965 590 1122 591 1125 591 962 591 1121 592 965 592 968 592 1121 593 1122 593 965 593 1118 594 968 594 973 594 1118 595 1121 595 968 595 1117 596 974 596 975 596 1117 597 973 597 974 597 1117 598 1118 598 973 598 1112 599 975 599 976 599 1112 600 976 600 1110 600 1112 601 1110 601 1264 601 1112 602 1117 602 975 602 1290 603 1299 603 1131 603 1290 604 1131 604 1130 604 1287 605 1290 605 1130 605 1287 606 1125 606 1122 606 1287 607 1130 607 1125 607 1284 608 1287 608 1122 608 1277 609 1122 609 1121 609 1277 610 1121 610 1118 610 1277 611 1284 611 1122 611 1272 612 1277 612 1118 612 1269 613 1272 613 1118 613 1269 614 1118 614 1117 614 1266 615 1112 615 1264 615 1266 616 1117 616 1112 616 1266 617 1269 617 1117 617 1450 618 1613 618 1459 618 1450 619 1459 619 1299 619 1450 620 1299 620 1290 620 1443 621 1290 621 1287 621 1443 622 1287 622 1284 622 1443 623 1450 623 1290 623 1432 624 1443 624 1284 624 1416 625 1284 625 1277 625 1416 626 1432 626 1284 626 1405 627 1416 627 1277 627 1405 628 1277 628 1272 628 1405 629 1272 629 1269 629 1397 630 1405 630 1269 630 1392 631 1397 631 1269 631 1392 632 1264 632 1390 632 1392 633 1266 633 1264 633 1392 634 1269 634 1266 634 1598 635 1613 635 1450 635 1589 636 1598 636 1450 636 1589 637 1450 637 1443 637 1579 638 1589 638 1443 638 1579 639 1443 639 1432 639 1561 640 1579 640 1432 640 1561 641 1432 641 1416 641 1553 642 1561 642 1416 642 1553 643 1416 643 1405 643 1544 644 1405 644 1397 644 1544 645 1553 645 1405 645 1538 646 1397 646 1392 646 1538 647 1392 647 1390 647 1538 648 1544 648 1397 648 1538 649 1390 649 1536 649 1704 650 1613 650 1598 650 1704 651 1772 651 1709 651 1704 652 1709 652 1613 652 1696 653 1704 653 1598 653 1696 654 1589 654 1579 654 1696 655 1598 655 1589 655 1686 656 1696 656 1579 656 1680 657 1579 657 1561 657 1680 658 1686 658 1579 658 1671 659 1561 659 1553 659 1671 660 1680 660 1561 660 1665 661 1553 661 1544 661 1665 662 1544 662 1538 662 1665 663 1671 663 1553 663 1660 664 1665 664 1538 664 1660 665 1538 665 1536 665 1660 666 1536 666 1657 666 1759 667 1799 667 1772 667 1759 668 1772 668 1704 668 1749 669 1759 669 1704 669 1749 670 1696 670 1686 670 1749 671 1704 671 1696 671 1740 672 1749 672 1686 672 1732 673 1686 673 1680 673 1732 674 1740 674 1686 674 1726 675 1680 675 1671 675 1726 676 1732 676 1680 676 1720 677 1726 677 1671 677 1720 678 1671 678 1665 678 1717 679 1665 679 1660 679 1717 680 1660 680 1657 680 1717 681 1657 681 1715 681 1717 682 1720 682 1665 682 1791 683 1799 683 1759 683 1787 684 1759 684 1749 684 1787 685 1791 685 1759 685 1787 686 1749 686 1740 686 1778 687 1787 687 1740 687 1769 688 1740 688 1732 688 1769 689 1732 689 1726 689 1769 690 1778 690 1740 690 1760 691 1769 691 1726 691 1757 692 1726 692 1720 692 1757 693 1720 693 1717 693 1757 694 1760 694 1726 694 1755 695 1715 695 1751 695 1755 696 1717 696 1715 696 1755 697 1757 697 1717 697 1803 698 1805 698 1799 698 1803 699 1799 699 1791 699 1796 700 1803 700 1791 700 1796 701 1791 701 1787 701 1796 702 1787 702 1778 702 1790 703 1796 703 1778 703 1786 704 1790 704 1778 704 1786 705 1778 705 1769 705 1786 706 1769 706 1760 706 1779 707 1786 707 1760 707 1776 708 1779 708 1760 708 1776 709 1760 709 1757 709 1773 710 1776 710 1757 710 1773 711 1751 711 1770 711 1773 712 1770 712 1766 712 1773 713 1755 713 1751 713 1773 714 1757 714 1755 714 1802 715 1794 715 1804 715 1802 716 1804 716 1805 716 1802 717 1805 717 1803 717 1795 718 1802 718 1803 718 1795 719 1803 719 1796 719 1789 720 1796 720 1790 720 1789 721 1795 721 1796 721 1785 722 1790 722 1786 722 1785 723 1789 723 1790 723 1777 724 1786 724 1779 724 1777 725 1785 725 1786 725 1775 726 1779 726 1776 726 1775 727 1777 727 1779 727 1768 728 1775 728 1776 728 1768 729 1773 729 1766 729 1768 730 1776 730 1773 730 1788 731 1794 731 1802 731 1782 732 1795 732 1789 732 1782 733 1802 733 1795 733 1782 734 1788 734 1802 734 1774 735 1782 735 1789 735 1763 736 1789 736 1785 736 1763 737 1774 737 1789 737 1756 738 1785 738 1777 738 1756 739 1763 739 1785 739 1756 740 1777 740 1775 740 1750 741 1775 741 1768 741 1750 742 1756 742 1775 742 1747 743 1768 743 1766 743 1747 744 1750 744 1768 744 1747 745 1766 745 1745 745 1747 746 1745 746 1705 746 1748 747 1758 747 1794 747 1748 748 1794 748 1788 748 1737 749 1788 749 1782 749 1737 750 1748 750 1788 750 1729 751 1782 751 1774 751 1729 752 1737 752 1782 752 1721 753 1774 753 1763 753 1721 754 1729 754 1774 754 1714 755 1763 755 1756 755 1714 756 1756 756 1750 756 1714 757 1721 757 1763 757 1708 758 1714 758 1750 758 1707 759 1708 759 1750 759 1707 760 1750 760 1747 760 1707 761 1747 761 1705 761 1691 762 1586 762 1697 762 1691 763 1697 763 1758 763 1691 764 1758 764 1748 764 1691 765 1572 765 1586 765 1681 766 1748 766 1737 766 1681 767 1691 767 1748 767 1681 768 1556 768 1572 768 1681 769 1737 769 1729 769 1681 770 1572 770 1691 770 1670 771 1541 771 1556 771 1670 772 1556 772 1681 772 1670 773 1681 773 1729 773 1659 774 1541 774 1670 774 1659 775 1531 775 1541 775 1659 776 1729 776 1721 776 1659 777 1670 777 1729 777 1646 778 1531 778 1659 778 1646 779 1659 779 1721 779 1646 780 1520 780 1531 780 1646 781 1721 781 1714 781 1646 782 1714 782 1708 782 1635 783 1517 783 1520 783 1635 784 1708 784 1707 784 1635 785 1520 785 1646 785 1635 786 1646 786 1708 786 1632 787 1500 787 1504 787 1632 788 1504 788 1517 788 1632 789 1705 789 1630 789 1632 790 1630 790 1500 790 1632 791 1517 791 1635 791 1632 792 1707 792 1705 792 1632 793 1635 793 1707 793 639 794 638 794 476 794 477 795 476 795 401 795 477 796 639 796 476 796 402 797 401 797 361 797 402 798 477 798 401 798 362 799 361 799 340 799 362 800 402 800 361 800 341 801 340 801 336 801 341 802 362 802 340 802 337 803 336 803 355 803 337 804 341 804 336 804 356 805 355 805 391 805 356 806 337 806 355 806 392 807 391 807 451 807 392 808 356 808 391 808 452 809 392 809 451 809 452 810 451 810 596 810 597 811 452 811 596 811 597 812 596 812 764 812 765 813 597 813 764 813 765 814 764 814 844 814 845 815 765 815 844 815 845 816 844 816 942 816 943 817 845 817 942 817 943 818 942 818 1066 818 1067 819 943 819 1066 819 1233 820 1067 820 1066 820 1233 821 1066 821 1232 821 1361 822 1233 822 1232 822 1361 823 1360 823 1500 823 1361 824 1232 824 1360 824 1501 825 1361 825 1500 825 1501 826 1500 826 1630 826 1631 827 1501 827 1630 827 1706 828 1631 828 1630 828 1706 829 1705 829 1745 829 1706 830 1630 830 1705 830 1746 831 1706 831 1745 831 1767 832 1746 832 1745 832 1767 833 1766 833 1770 833 1767 834 1745 834 1766 834 1771 835 1767 835 1770 835 1752 836 1771 836 1770 836 1752 837 1751 837 1715 837 1752 838 1770 838 1751 838 1716 839 1752 839 1715 839 1658 840 1657 840 1536 840 1658 841 1715 841 1657 841 1658 842 1716 842 1715 842 1537 843 1536 843 1390 843 1537 844 1658 844 1536 844 1391 845 1390 845 1264 845 1391 846 1537 846 1390 846 1265 847 1391 847 1264 847 1111 848 1264 848 1110 848 1111 849 1265 849 1264 849 977 850 1110 850 976 850 977 851 1111 851 1110 851 861 852 976 852 860 852 861 853 977 853 976 853 791 854 860 854 790 854 791 855 861 855 860 855 639 856 790 856 638 856 639 857 791 857 790 857 893 858 851 858 887 858 755 859 745 859 805 859 903 860 851 860 893 860 752 861 851 861 903 861 752 862 755 862 805 862 752 863 805 863 851 863 315 864 299 864 307 864 1343 865 1347 865 1436 865 731 866 752 866 903 866 731 867 903 867 915 867 324 868 299 868 315 868 324 869 289 869 299 869 1333 870 1343 870 1436 870 949 871 731 871 915 871 700 872 731 872 949 872 277 873 273 873 289 873 1597 874 1508 874 1610 874 675 875 700 875 949 875 675 876 949 876 985 876 1019 877 675 877 985 877 651 878 675 878 1019 878 281 879 289 879 324 879 281 880 277 880 289 880 281 881 324 881 343 881 1595 882 1436 882 1508 882 1595 883 1333 883 1436 883 1595 884 1508 884 1597 884 1051 885 651 885 1019 885 582 886 651 886 1051 886 283 887 281 887 343 887 1606 888 1311 888 1333 888 1606 889 1333 889 1595 889 279 890 283 890 343 890 279 891 343 891 369 891 1619 892 1271 892 1311 892 1619 893 1311 893 1606 893 275 894 279 894 369 894 275 895 369 895 397 895 1641 896 1271 896 1619 896 1641 897 1227 897 1271 897 271 898 275 898 397 898 271 899 418 899 469 899 271 900 397 900 418 900 1675 901 1227 901 1641 901 1675 902 1199 902 1227 902 207 903 213 903 217 903 1839 904 1817 904 1821 904 221 905 207 905 217 905 1813 906 1817 906 1839 906 267 907 271 907 469 907 1701 908 1199 908 1675 908 1701 909 1157 909 1199 909 183 910 175 910 191 910 1859 911 1845 911 1863 911 189 912 207 912 221 912 189 913 183 913 191 913 189 914 191 914 207 914 1853 915 1839 915 1845 915 1853 916 1813 916 1839 916 1853 917 1845 917 1859 917 1847 918 1811 918 1813 918 1847 919 1813 919 1853 919 195 920 189 920 221 920 195 921 227 921 231 921 195 922 221 922 227 922 1851 923 1811 923 1847 923 1851 924 1807 924 1811 924 199 925 195 925 231 925 199 926 231 926 237 926 197 927 199 927 237 927 1855 928 1798 928 1807 928 1855 929 1781 929 1798 929 1855 930 1807 930 1851 930 1861 931 1781 931 1855 931 193 932 243 932 259 932 193 933 237 933 243 933 193 934 197 934 237 934 187 935 193 935 259 935 1867 936 1754 936 1781 936 1867 937 1781 937 1861 937 97 938 127 938 131 938 97 939 115 939 127 939 1937 940 1907 940 1923 940 1937 941 1899 941 1907 941 83 942 65 942 81 942 1961 943 1957 943 1965 943 95 944 81 944 97 944 95 945 83 945 81 945 95 946 97 946 131 946 1953 947 1897 947 1899 947 1953 948 1899 948 1937 948 1953 949 1957 949 1961 949 1953 950 1937 950 1957 950 109 951 135 951 141 951 109 952 131 952 135 952 109 953 95 953 131 953 1949 954 1897 954 1953 954 117 955 109 955 141 955 1943 956 1893 956 1897 956 1943 957 1897 957 1949 957 121 958 141 958 149 958 121 959 117 959 141 959 1941 960 1885 960 1893 960 1941 961 1893 961 1943 961 125 962 149 962 161 962 125 963 121 963 149 963 1945 964 1879 964 1885 964 1945 965 1885 965 1941 965 123 966 161 966 173 966 123 967 125 967 161 967 1951 968 1875 968 1879 968 1951 969 1879 969 1945 969 926 970 582 970 1051 970 826 971 582 971 926 971 826 972 516 972 582 972 826 973 469 973 516 973 1083 974 1091 974 1157 974 1083 975 1051 975 1091 975 1083 976 926 976 1051 976 692 977 267 977 469 977 692 978 469 978 826 978 692 979 265 979 267 979 1261 980 1701 980 1725 980 1261 981 1157 981 1701 981 1261 982 1083 982 1157 982 15 983 27 983 35 983 15 984 19 984 27 984 2047 985 2015 985 2031 985 2047 986 1995 986 2015 986 502 987 265 987 692 987 502 988 259 988 265 988 502 989 187 989 259 989 1419 990 1725 990 1754 990 1419 991 1754 991 1867 991 1419 992 1261 992 1725 992 398 993 181 993 187 993 398 994 173 994 181 994 398 995 187 995 502 995 1586 996 1873 996 1875 996 1586 997 1867 997 1873 997 1586 998 1419 998 1867 998 2059 999 2063 999 2071 999 17 1000 7 1000 11 1000 2037 1001 2063 1001 2059 1001 2037 1002 1995 1002 2047 1002 2037 1003 2047 1003 2063 1003 25 1004 15 1004 35 1004 25 1005 17 1005 11 1005 25 1006 35 1006 51 1006 25 1007 11 1007 15 1007 2029 1008 1995 1008 2037 1008 2029 1009 1979 1009 1995 1009 33 1010 25 1010 51 1010 2019 1011 1975 1011 1979 1011 2019 1012 1979 1012 2029 1012 43 1013 51 1013 75 1013 43 1014 33 1014 51 1014 335 1015 119 1015 123 1015 335 1016 173 1016 398 1016 335 1017 123 1017 173 1017 1697 1018 1875 1018 1951 1018 1697 1019 1951 1019 1955 1019 1697 1020 1586 1020 1875 1020 2009 1021 1975 1021 2019 1021 2009 1022 1971 1022 1975 1022 2009 1023 1969 1023 1971 1023 53 1024 43 1024 75 1024 53 1025 87 1025 103 1025 53 1026 75 1026 87 1026 2003 1027 1969 1027 2009 1027 59 1028 53 1028 103 1028 2001 1029 1963 1029 1969 1029 2001 1030 1969 1030 2003 1030 67 1031 103 1031 111 1031 67 1032 59 1032 103 1032 308 1033 111 1033 119 1033 308 1034 119 1034 335 1034 308 1035 67 1035 111 1035 1758 1036 1697 1036 1955 1036 1758 1037 1955 1037 1963 1037 1758 1038 1963 1038 2001 1038 302 1039 69 1039 67 1039 302 1040 63 1040 69 1040 302 1041 67 1041 308 1041 1794 1042 1758 1042 2001 1042 1794 1043 2007 1043 2017 1043 1794 1044 2001 1044 2007 1044 3 1045 13 1045 23 1045 3 1046 1 1046 13 1046 2103 1047 2087 1047 2099 1047 2103 1048 2079 1048 2087 1048 303 1049 63 1049 302 1049 1804 1050 1794 1050 2017 1050 2105 1051 2079 1051 2103 1051 9 1052 5 1052 21 1052 2107 1053 2095 1053 2105 1053 29 1054 3 1054 23 1054 29 1055 21 1055 5 1055 29 1056 5 1056 3 1056 2085 1057 2079 1057 2105 1057 2085 1058 2105 1058 2095 1058 39 1059 23 1059 31 1059 39 1060 29 1060 23 1060 2077 1061 2069 1061 2079 1061 2077 1062 2079 1062 2085 1062 2067 1063 2069 1063 2077 1063 2067 1064 2053 1064 2069 1064 2067 1065 2035 1065 2053 1065 55 1066 39 1066 31 1066 55 1067 31 1067 41 1067 2061 1068 2035 1068 2067 1068 73 1069 55 1069 41 1069 73 1070 41 1070 47 1070 2051 1071 2035 1071 2061 1071 2051 1072 2023 1072 2035 1072 85 1073 47 1073 57 1073 85 1074 73 1074 47 1074 2045 1075 1804 1075 2017 1075 2045 1076 2017 1076 2023 1076 2045 1077 2023 1077 2051 1077 2045 1078 1805 1078 1804 1078 91 1079 57 1079 63 1079 91 1080 85 1080 57 1080 91 1081 63 1081 303 1081 91 1082 303 1082 313 1082 2039 1083 1805 1083 2045 1083 101 1084 91 1084 313 1084 2041 1085 1799 1085 1805 1085 2041 1086 1805 1086 2039 1086 107 1087 101 1087 313 1087 107 1088 313 1088 349 1088 45 1089 49 1089 71 1089 45 1090 37 1090 49 1090 2097 1091 2091 1091 2101 1091 2097 1092 2083 1092 2091 1092 2073 1093 2083 1093 2097 1093 2073 1094 2097 1094 2093 1094 113 1095 61 1095 45 1095 113 1096 45 1096 71 1096 129 1097 71 1097 79 1097 129 1098 113 1098 71 1098 2057 1099 2083 1099 2073 1099 2057 1100 2075 1100 2083 1100 2057 1101 2065 1101 2075 1101 2081 1102 2073 1102 2093 1102 93 1103 61 1103 113 1103 2033 1104 2065 1104 2057 1104 133 1105 79 1105 89 1105 133 1106 129 1106 79 1106 2089 1107 2081 1107 2093 1107 77 1108 61 1108 93 1108 137 1109 133 1109 89 1109 137 1110 99 1110 105 1110 137 1111 89 1111 99 1111 2021 1112 2055 1112 2065 1112 2021 1113 2065 1113 2033 1113 139 1114 137 1114 105 1114 139 1115 105 1115 107 1115 2005 1116 2049 1116 2055 1116 2005 1117 2041 1117 2049 1117 2005 1118 2055 1118 2021 1118 145 1119 139 1119 107 1119 145 1120 107 1120 349 1120 1997 1121 2041 1121 2005 1121 1997 1122 1799 1122 2041 1122 153 1123 145 1123 349 1123 153 1124 349 1124 410 1124 1989 1125 1772 1125 1799 1125 1989 1126 1799 1126 1997 1126 157 1127 153 1127 410 1127 1985 1128 1772 1128 1989 1128 151 1129 147 1129 155 1129 151 1130 143 1130 147 1130 2027 1131 2025 1131 2043 1131 2027 1132 2013 1132 2025 1132 215 1133 165 1133 167 1133 211 1134 165 1134 215 1134 211 1135 159 1135 165 1135 211 1136 155 1136 159 1136 1973 1137 1991 1137 1999 1137 1973 1138 1967 1138 1991 1138 1959 1139 1987 1139 1991 1139 1959 1140 1983 1140 1987 1140 1959 1141 1991 1141 1967 1141 223 1142 215 1142 167 1142 1977 1143 2027 1143 2011 1143 1977 1144 1999 1144 2013 1144 1977 1145 2013 1145 2027 1145 1977 1146 1973 1146 1999 1146 209 1147 155 1147 211 1147 209 1148 171 1148 151 1148 209 1149 151 1149 155 1149 1947 1150 1983 1150 1959 1150 229 1151 223 1151 167 1151 229 1152 167 1152 163 1152 201 1153 171 1153 209 1153 1981 1154 1977 1154 2011 1154 1935 1155 1985 1155 1983 1155 1935 1156 1772 1156 1985 1156 1935 1157 1983 1157 1947 1157 1935 1158 1709 1158 1772 1158 233 1159 229 1159 163 1159 233 1160 157 1160 410 1160 233 1161 163 1161 157 1161 233 1162 410 1162 539 1162 185 1163 171 1163 201 1163 1993 1164 1981 1164 2011 1164 1927 1165 1709 1165 1935 1165 235 1166 233 1166 539 1166 1921 1167 1709 1167 1927 1167 1921 1168 1613 1168 1709 1168 241 1169 235 1169 539 1169 241 1170 539 1170 736 1170 327 1171 253 1171 247 1171 310 1172 257 1172 253 1172 310 1173 253 1173 327 1173 1871 1174 1865 1174 1915 1174 1871 1175 1911 1175 1909 1175 1871 1176 1915 1176 1911 1176 1849 1177 1613 1177 1921 1177 1849 1178 1915 1178 1865 1178 1849 1179 1921 1179 1915 1179 354 1180 241 1180 736 1180 354 1181 327 1181 247 1181 354 1182 247 1182 241 1182 1877 1183 1871 1183 1909 1183 1877 1184 1909 1184 1913 1184 301 1185 257 1185 310 1185 263 1186 249 1186 255 1186 263 1187 245 1187 249 1187 1917 1188 1925 1188 1933 1188 1917 1189 1919 1189 1925 1189 1843 1190 1613 1190 1849 1190 1843 1191 1459 1191 1613 1191 383 1192 354 1192 736 1192 383 1193 736 1193 846 1193 1881 1194 1877 1194 1913 1194 297 1195 261 1195 257 1195 297 1196 257 1196 301 1196 1841 1197 1459 1197 1843 1197 407 1198 383 1198 846 1198 1887 1199 1881 1199 1913 1199 1887 1200 1913 1200 1919 1200 295 1201 255 1201 261 1201 295 1202 261 1202 297 1202 1901 1203 1887 1203 1919 1203 1901 1204 1919 1204 1917 1204 269 1205 255 1205 295 1205 269 1206 263 1206 255 1206 1891 1207 1887 1207 1901 1207 291 1208 269 1208 295 1208 287 1209 269 1209 291 1209 1895 1210 1891 1210 1901 1210 1639 1211 1459 1211 1841 1211 1639 1212 1299 1212 1459 1212 907 1213 407 1213 846 1213 907 1214 846 1214 960 1214 1604 1215 1299 1215 1639 1215 953 1216 907 1216 960 1216 875 1217 433 1217 407 1217 875 1218 407 1218 907 1218 1690 1219 1639 1219 1841 1219 1690 1220 1841 1220 1837 1220 993 1221 953 1221 960 1221 993 1222 960 1222 1131 1222 1550 1223 1299 1223 1604 1223 1550 1224 993 1224 1131 1224 1550 1225 1131 1225 1299 1225 863 1226 467 1226 433 1226 863 1227 433 1227 875 1227 1711 1228 1690 1228 1837 1228 1711 1229 1837 1229 1833 1229 1489 1230 1025 1230 993 1230 1489 1231 993 1231 1550 1231 841 1232 489 1232 467 1232 841 1233 467 1233 863 1233 1739 1234 1711 1234 1833 1234 1739 1235 1833 1235 1829 1235 1059 1236 1025 1236 1489 1236 1059 1237 1489 1237 1473 1237 821 1238 514 1238 489 1238 821 1239 489 1239 841 1239 1765 1240 1829 1240 1825 1240 1765 1241 1739 1241 1829 1241 1099 1242 1473 1242 1452 1242 1099 1243 1059 1243 1473 1243 807 1244 527 1244 514 1244 807 1245 514 1245 821 1245 1784 1246 1825 1246 1827 1246 1784 1247 1765 1247 1825 1247 1145 1248 1099 1248 1452 1248 1427 1249 1145 1249 1452 1249 630 1250 523 1250 527 1250 630 1251 508 1251 523 1251 630 1252 527 1252 807 1252 1819 1253 1831 1253 1835 1253 1819 1254 1827 1254 1831 1254 1809 1255 1827 1255 1819 1255 1809 1256 1793 1256 1784 1256 1809 1257 1784 1257 1827 1257 720 1258 630 1258 807 1258 720 1259 807 1259 801 1259 1161 1260 1145 1260 1427 1260 1404 1261 1161 1261 1427 1261 1801 1262 1793 1262 1809 1262 797 1263 720 1263 801 1263 1253 1264 1175 1264 1161 1264 1253 1265 1181 1265 1175 1265 1339 1266 1253 1266 1161 1266 1339 1267 1161 1267 1404 1267 1339 1268 1399 1268 1407 1268 1339 1269 1404 1269 1399 1269 439 1270 441 1270 362 1270 446 1271 362 1271 441 1271 456 1272 402 1272 362 1272 456 1273 362 1273 446 1273 444 1274 439 1274 362 1274 465 1275 402 1275 456 1275 454 1276 362 1276 341 1276 454 1277 444 1277 362 1277 463 1278 454 1278 341 1278 479 1279 402 1279 465 1279 487 1280 402 1280 479 1280 474 1281 463 1281 341 1281 483 1282 474 1282 341 1282 504 1283 402 1283 487 1283 529 1284 477 1284 402 1284 529 1285 402 1285 504 1285 541 1286 477 1286 529 1286 491 1287 493 1287 337 1287 497 1288 341 1288 337 1288 497 1289 337 1289 493 1289 495 1290 337 1290 356 1290 495 1291 491 1291 337 1291 510 1292 341 1292 497 1292 561 1293 477 1293 541 1293 506 1294 495 1294 356 1294 531 1295 501 1295 483 1295 531 1296 483 1296 341 1296 531 1297 341 1297 510 1297 586 1298 639 1298 477 1298 586 1299 477 1299 561 1299 525 1300 506 1300 356 1300 543 1301 518 1301 501 1301 543 1302 501 1302 531 1302 603 1303 639 1303 586 1303 538 1304 356 1304 392 1304 538 1305 525 1305 356 1305 572 1306 536 1306 518 1306 572 1307 518 1307 543 1307 601 1308 557 1308 536 1308 601 1309 536 1309 572 1309 545 1310 547 1310 392 1310 554 1311 392 1311 547 1311 634 1312 557 1312 601 1312 634 1313 580 1313 557 1313 552 1314 392 1314 452 1314 552 1315 545 1315 392 1315 565 1316 392 1316 554 1316 577 1317 538 1317 392 1317 577 1318 392 1318 565 1318 577 1319 567 1319 538 1319 559 1320 552 1320 452 1320 574 1321 559 1321 452 1321 592 1322 567 1322 577 1322 592 1323 595 1323 567 1323 659 1324 580 1324 634 1324 659 1325 599 1325 580 1325 659 1326 612 1326 599 1326 589 1327 574 1327 452 1327 610 1328 595 1328 592 1328 673 1329 622 1329 612 1329 673 1330 612 1330 659 1330 606 1331 589 1331 452 1331 637 1332 595 1332 610 1332 637 1333 619 1333 595 1333 597 1334 606 1334 452 1334 626 1335 606 1335 597 1335 655 1336 619 1336 637 1336 655 1337 657 1337 619 1337 691 1338 641 1338 622 1338 691 1339 622 1339 673 1339 667 1340 657 1340 655 1340 667 1341 669 1341 657 1341 653 1342 626 1342 597 1342 709 1343 641 1343 691 1343 709 1344 647 1344 641 1344 663 1345 653 1345 597 1345 679 1346 669 1346 667 1346 679 1347 683 1347 669 1347 733 1348 647 1348 709 1348 677 1349 663 1349 597 1349 689 1350 705 1350 683 1350 689 1351 683 1351 679 1351 685 1352 677 1352 597 1352 703 1353 705 1353 689 1353 714 1354 705 1354 703 1354 714 1355 725 1355 705 1355 727 1356 725 1356 714 1356 727 1357 747 1357 725 1357 738 1358 747 1358 727 1358 765 1359 685 1359 597 1359 765 1360 698 1360 685 1360 765 1361 711 1361 698 1361 877 1362 879 1362 791 1362 883 1363 861 1363 791 1363 883 1364 791 1364 879 1364 889 1365 861 1365 883 1365 881 1366 877 1366 791 1366 881 1367 791 1367 639 1367 897 1368 861 1368 889 1368 885 1369 639 1369 603 1369 885 1370 881 1370 639 1370 885 1371 603 1371 614 1371 895 1372 885 1372 614 1372 905 1373 861 1373 897 1373 901 1374 895 1374 614 1374 901 1375 614 1375 628 1375 913 1376 861 1376 905 1376 909 1377 628 1377 643 1377 909 1378 901 1378 628 1378 923 1379 861 1379 913 1379 919 1380 909 1380 643 1380 919 1381 643 1381 649 1381 940 1382 649 1382 647 1382 940 1383 919 1383 649 1383 977 1384 861 1384 923 1384 977 1385 923 1385 945 1385 977 1386 945 1386 957 1386 845 1387 711 1387 765 1387 845 1388 722 1388 711 1388 970 1389 977 1389 957 1389 983 1390 977 1390 970 1390 989 1391 977 1391 983 1391 1111 1392 977 1392 989 1392 1111 1393 989 1393 1001 1393 1111 1394 1001 1394 1007 1394 1111 1395 1007 1395 1011 1395 1095 1396 987 1396 981 1396 1095 1397 999 1397 987 1397 1093 1398 981 1398 964 1398 1093 1399 1095 1399 981 1399 1105 1400 999 1400 1095 1400 1105 1401 1005 1401 999 1401 1101 1402 964 1402 955 1402 1101 1403 1093 1403 964 1403 1114 1404 1005 1404 1105 1404 1114 1405 1009 1405 1005 1405 1109 1406 1101 1406 955 1406 1109 1407 955 1407 940 1407 1135 1408 1009 1408 1114 1408 1135 1409 1013 1409 1009 1409 1129 1410 1109 1410 940 1410 1129 1411 940 1411 647 1411 1129 1412 647 1412 733 1412 1151 1413 1013 1413 1135 1413 1151 1414 1015 1414 1013 1414 1147 1415 1129 1415 733 1415 1147 1416 733 1416 750 1416 1167 1417 1015 1417 1151 1417 1167 1418 1011 1418 1015 1418 1167 1419 1111 1419 1011 1419 1029 1420 1031 1420 845 1420 1035 1421 845 1421 1031 1421 1035 1422 735 1422 722 1422 1035 1423 722 1423 845 1423 1163 1424 1147 1424 750 1424 1163 1425 750 1425 763 1425 1163 1426 763 1426 774 1426 1189 1427 1111 1427 1167 1427 1033 1428 845 1428 943 1428 1033 1429 1029 1429 845 1429 1039 1430 735 1430 1035 1430 1039 1431 741 1431 735 1431 1045 1432 741 1432 1039 1432 1045 1433 743 1433 741 1433 1037 1434 1033 1434 943 1434 1043 1435 1037 1435 943 1435 1057 1436 743 1436 1045 1436 1057 1437 738 1437 743 1437 1185 1438 1163 1438 774 1438 1203 1439 1111 1439 1189 1439 1055 1440 1043 1440 943 1440 1063 1441 738 1441 1057 1441 1265 1442 1203 1442 1211 1442 1265 1443 1211 1443 1229 1443 1265 1444 1111 1444 1203 1444 1067 1445 1055 1445 943 1445 1067 1446 1074 1446 1061 1446 1067 1447 1061 1447 1055 1447 1087 1448 1074 1448 1067 1448 1249 1449 1265 1449 1229 1449 1107 1450 1087 1450 1067 1450 1137 1451 1107 1451 1067 1451 1215 1452 1080 1452 1089 1452 1213 1453 1089 1453 1116 1453 1213 1454 1215 1454 1089 1454 1221 1455 1063 1455 1080 1455 1221 1456 1080 1456 1215 1456 1221 1457 738 1457 1063 1457 1221 1458 760 1458 747 1458 1221 1459 747 1459 738 1459 1219 1460 1116 1460 1141 1460 1219 1461 1213 1461 1116 1461 1235 1462 760 1462 1221 1462 1235 1463 770 1463 760 1463 1244 1464 770 1464 1235 1464 1244 1465 774 1465 770 1465 1231 1466 1141 1466 1155 1466 1231 1467 1219 1467 1141 1467 1241 1468 1155 1468 1165 1468 1241 1469 1231 1469 1155 1469 1260 1470 774 1470 1244 1470 1260 1471 1185 1471 774 1471 1258 1472 1165 1472 1173 1472 1258 1473 1173 1473 1183 1473 1258 1474 1241 1474 1165 1474 1281 1475 1197 1475 1185 1475 1281 1476 1185 1476 1260 1476 1391 1477 1249 1477 1268 1477 1391 1478 1268 1478 1286 1478 1391 1479 1286 1479 1296 1479 1391 1480 1265 1480 1249 1480 1233 1481 1187 1481 1179 1481 1233 1482 1179 1482 1171 1482 1233 1483 1171 1483 1159 1483 1233 1484 1137 1484 1067 1484 1233 1485 1159 1485 1149 1485 1233 1486 1149 1486 1137 1486 1276 1487 1183 1487 1191 1487 1276 1488 1258 1488 1183 1488 1301 1489 1209 1489 1197 1489 1301 1490 1197 1490 1281 1490 1298 1491 1276 1491 1191 1491 1298 1492 1191 1492 1195 1492 1327 1493 1209 1493 1301 1493 1327 1494 1223 1494 1209 1494 1325 1495 1195 1495 1193 1495 1325 1496 1298 1496 1195 1496 1413 1497 1307 1497 1292 1497 1411 1498 1292 1498 1283 1498 1411 1499 1413 1499 1292 1499 1421 1500 1317 1500 1307 1500 1421 1501 1307 1501 1413 1501 1418 1502 1283 1502 1263 1502 1418 1503 1411 1503 1283 1503 1434 1504 1319 1504 1317 1504 1434 1505 1317 1505 1421 1505 1431 1506 1418 1506 1263 1506 1445 1507 1319 1507 1434 1507 1442 1508 1263 1508 1246 1508 1442 1509 1431 1509 1263 1509 1454 1510 1309 1510 1319 1510 1454 1511 1319 1511 1445 1511 1449 1512 1246 1512 1223 1512 1449 1513 1442 1513 1246 1513 1465 1514 1296 1514 1309 1514 1465 1515 1309 1515 1454 1515 1461 1516 1449 1516 1223 1516 1461 1517 1223 1517 1327 1517 1537 1518 1391 1518 1296 1518 1537 1519 1465 1519 1471 1519 1537 1520 1471 1520 1481 1520 1537 1521 1481 1521 1487 1521 1537 1522 1487 1522 1512 1522 1537 1523 1296 1523 1465 1523 1361 1524 1349 1524 1335 1524 1361 1525 1335 1525 1325 1525 1361 1526 1193 1526 1187 1526 1361 1527 1187 1527 1233 1527 1361 1528 1325 1528 1193 1528 1530 1529 1537 1529 1512 1529 1493 1530 1351 1530 1357 1530 1491 1531 1357 1531 1372 1531 1491 1532 1493 1532 1357 1532 1499 1533 1337 1533 1351 1533 1499 1534 1351 1534 1493 1534 1497 1535 1372 1535 1384 1535 1497 1536 1491 1536 1372 1536 1516 1537 1337 1537 1499 1537 1516 1538 1327 1538 1337 1538 1510 1539 1384 1539 1401 1539 1510 1540 1497 1540 1384 1540 1524 1541 1461 1541 1327 1541 1524 1542 1327 1542 1516 1542 1522 1543 1510 1543 1401 1543 1535 1544 1461 1544 1524 1544 1535 1545 1469 1545 1461 1545 1533 1546 1401 1546 1415 1546 1533 1547 1522 1547 1401 1547 1552 1548 1469 1548 1535 1548 1552 1549 1477 1549 1469 1549 1546 1550 1533 1550 1415 1550 1546 1551 1415 1551 1425 1551 1571 1552 1485 1552 1477 1552 1571 1553 1477 1553 1552 1553 1658 1554 1537 1554 1530 1554 1658 1555 1530 1555 1543 1555 1658 1556 1543 1556 1558 1556 1658 1557 1558 1557 1569 1557 1658 1558 1569 1558 1576 1558 1501 1559 1396 1559 1382 1559 1501 1560 1382 1560 1365 1560 1501 1561 1365 1561 1355 1561 1501 1562 1355 1562 1349 1562 1501 1563 1349 1563 1361 1563 1567 1564 1425 1564 1423 1564 1567 1565 1546 1565 1425 1565 1588 1566 1503 1566 1485 1566 1588 1567 1485 1567 1571 1567 1585 1568 1567 1568 1423 1568 1716 1569 1658 1569 1576 1569 1716 1570 1576 1570 1583 1570 1716 1571 1583 1571 1581 1571 1716 1572 1581 1572 1574 1572 1716 1573 1574 1573 1563 1573 1716 1574 1563 1574 1555 1574 1631 1575 1423 1575 1409 1575 1631 1576 1409 1576 1396 1576 1631 1577 1585 1577 1423 1577 1631 1578 1593 1578 1585 1578 1631 1579 1396 1579 1501 1579 1752 1580 1716 1580 1555 1580 1752 1581 1540 1581 1526 1581 1752 1582 1555 1582 1540 1582 1706 1583 1652 1583 1643 1583 1706 1584 1643 1584 1629 1584 1706 1585 1593 1585 1631 1585 1706 1586 1629 1586 1621 1586 1706 1587 1621 1587 1612 1587 1706 1588 1612 1588 1593 1588 1771 1589 1588 1589 1602 1589 1771 1590 1602 1590 1615 1590 1771 1591 1615 1591 1625 1591 1771 1592 1752 1592 1526 1592 1771 1593 1526 1593 1503 1593 1771 1594 1503 1594 1588 1594 1746 1595 1652 1595 1706 1595 1746 1596 1654 1596 1664 1596 1746 1597 1664 1597 1669 1597 1746 1598 1669 1598 1667 1598 1746 1599 1667 1599 1662 1599 1746 1600 1662 1600 1652 1600 1767 1601 1625 1601 1634 1601 1767 1602 1634 1602 1645 1602 1767 1603 1645 1603 1654 1603 1767 1604 1654 1604 1746 1604 1767 1605 1771 1605 1625 1605 1713 1606 1698 1606 1699 1606 1713 1607 1712 1607 1698 1607 1728 1608 1727 1608 1712 1608 1728 1609 1712 1609 1713 1609 1734 1610 1733 1610 1727 1610 1734 1611 1727 1611 1728 1611 1742 1612 1741 1612 1733 1612 1742 1613 1733 1613 1734 1613 1744 1614 1743 1614 1741 1614 1744 1615 1741 1615 1742 1615 1736 1616 1735 1616 1743 1616 1736 1617 1743 1617 1744 1617 1731 1618 1730 1618 1735 1618 1731 1619 1735 1619 1736 1619 1719 1620 1718 1620 1730 1620 1719 1621 1702 1621 1718 1621 1719 1622 1730 1622 1731 1622 1703 1623 1702 1623 1719 1623 1683 1624 1702 1624 1703 1624 1683 1625 1682 1625 1702 1625 1683 1626 1647 1626 1682 1626 1648 1627 1647 1627 1683 1627 1617 1628 1647 1628 1648 1628 1617 1629 1616 1629 1647 1629 1617 1630 1577 1630 1616 1630 1578 1631 1577 1631 1617 1631 1578 1632 1527 1632 1577 1632 1528 1633 1527 1633 1578 1633 1528 1634 1482 1634 1527 1634 1483 1635 1482 1635 1528 1635 1463 1636 1482 1636 1483 1636 1463 1637 1462 1637 1482 1637 1463 1638 1437 1638 1462 1638 1438 1639 1437 1639 1463 1639 1394 1640 1437 1640 1438 1640 1394 1641 1393 1641 1437 1641 1377 1642 1393 1642 1394 1642 1377 1643 1376 1643 1393 1643 1369 1644 1376 1644 1377 1644 1369 1645 1368 1645 1376 1645 1369 1646 1366 1646 1368 1646 1367 1647 1366 1647 1369 1647 1375 1648 1374 1648 1366 1648 1375 1649 1387 1649 1374 1649 1375 1650 1366 1650 1367 1650 1388 1651 1387 1651 1375 1651 1429 1652 1387 1652 1388 1652 1429 1653 1428 1653 1387 1653 1429 1654 1457 1654 1428 1654 1458 1655 1457 1655 1429 1655 1479 1656 1478 1656 1457 1656 1479 1657 1518 1657 1478 1657 1479 1658 1457 1658 1458 1658 1519 1659 1564 1659 1518 1659 1519 1660 1518 1660 1479 1660 1565 1661 1607 1661 1564 1661 1565 1662 1564 1662 1519 1662 1608 1663 1607 1663 1565 1663 1637 1664 1636 1664 1607 1664 1637 1665 1607 1665 1608 1665 1679 1666 1678 1666 1636 1666 1679 1667 1636 1667 1637 1667 1699 1668 1698 1668 1678 1668 1699 1669 1678 1669 1679 1669 1584 1670 1565 1670 1519 1670 1592 1671 1608 1671 1565 1671 1592 1672 1565 1672 1584 1672 1566 1673 1519 1673 1479 1673 1566 1674 1584 1674 1519 1674 1611 1675 1637 1675 1608 1675 1611 1676 1608 1676 1592 1676 1545 1677 1479 1677 1458 1677 1545 1678 1566 1678 1479 1678 1620 1679 1679 1679 1637 1679 1620 1680 1637 1680 1611 1680 1532 1681 1458 1681 1429 1681 1532 1682 1545 1682 1458 1682 1628 1683 1699 1683 1679 1683 1628 1684 1679 1684 1620 1684 1521 1685 1532 1685 1429 1685 1521 1686 1429 1686 1388 1686 1642 1687 1699 1687 1628 1687 1642 1688 1713 1688 1699 1688 1509 1689 1388 1689 1375 1689 1509 1690 1521 1690 1388 1690 1651 1691 1728 1691 1713 1691 1651 1692 1713 1692 1642 1692 1496 1693 1509 1693 1375 1693 1661 1694 1734 1694 1728 1694 1661 1695 1728 1695 1651 1695 1490 1696 1496 1696 1375 1696 1490 1697 1375 1697 1367 1697 1369 1698 1490 1698 1367 1698 1666 1699 1734 1699 1661 1699 1742 1700 1734 1700 1666 1700 1492 1701 1490 1701 1369 1701 1668 1702 1742 1702 1666 1702 1377 1703 1492 1703 1369 1703 1377 1704 1498 1704 1492 1704 1744 1705 1742 1705 1668 1705 1394 1706 1498 1706 1377 1706 1394 1707 1515 1707 1498 1707 1736 1708 1744 1708 1668 1708 1736 1709 1663 1709 1653 1709 1736 1710 1668 1710 1663 1710 1438 1711 1523 1711 1515 1711 1438 1712 1515 1712 1394 1712 1731 1713 1653 1713 1644 1713 1731 1714 1736 1714 1653 1714 1463 1715 1534 1715 1523 1715 1463 1716 1523 1716 1438 1716 1719 1717 1731 1717 1644 1717 1483 1718 1551 1718 1534 1718 1483 1719 1534 1719 1463 1719 1703 1720 1644 1720 1633 1720 1703 1721 1719 1721 1644 1721 1528 1722 1570 1722 1551 1722 1528 1723 1551 1723 1483 1723 1683 1724 1703 1724 1633 1724 1683 1725 1633 1725 1624 1725 1578 1726 1587 1726 1570 1726 1578 1727 1570 1727 1528 1727 1648 1728 1614 1728 1601 1728 1648 1729 1624 1729 1614 1729 1648 1730 1683 1730 1624 1730 1617 1731 1648 1731 1601 1731 1617 1732 1587 1732 1578 1732 1617 1733 1601 1733 1587 1733 1065 1734 1046 1734 1047 1734 1065 1735 1064 1735 1046 1735 1097 1736 1096 1736 1064 1736 1097 1737 1064 1737 1065 1737 1120 1738 1119 1738 1096 1738 1120 1739 1096 1739 1097 1739 1133 1740 1132 1740 1119 1740 1133 1741 1119 1741 1120 1741 1139 1742 1138 1742 1132 1742 1139 1743 1132 1743 1133 1743 1124 1744 1123 1744 1138 1744 1124 1745 1138 1745 1139 1745 1103 1746 1102 1746 1123 1746 1103 1747 1123 1747 1124 1747 1077 1748 1076 1748 1102 1748 1077 1749 1052 1749 1076 1749 1077 1750 1102 1750 1103 1750 1053 1751 1052 1751 1077 1751 1027 1752 1052 1752 1053 1752 1027 1753 1026 1753 1052 1753 1027 1754 1002 1754 1026 1754 1003 1755 1002 1755 1027 1755 972 1756 1002 1756 1003 1756 972 1757 971 1757 1002 1757 972 1758 928 1758 971 1758 929 1759 928 1759 972 1759 929 1760 898 1760 928 1760 899 1761 898 1761 929 1761 899 1762 872 1762 898 1762 873 1763 872 1763 899 1763 867 1764 872 1764 873 1764 867 1765 866 1765 872 1765 867 1766 852 1766 866 1766 853 1767 852 1767 867 1767 838 1768 852 1768 853 1768 838 1769 837 1769 852 1769 831 1770 837 1770 838 1770 831 1771 830 1771 837 1771 825 1772 830 1772 831 1772 825 1773 824 1773 830 1773 825 1774 822 1774 824 1774 823 1775 822 1775 825 1775 828 1776 827 1776 822 1776 828 1777 834 1777 827 1777 828 1778 822 1778 823 1778 835 1779 834 1779 828 1779 848 1780 834 1780 835 1780 848 1781 847 1781 834 1781 848 1782 864 1782 847 1782 865 1783 864 1783 848 1783 871 1784 870 1784 864 1784 871 1785 890 1785 870 1785 871 1786 864 1786 865 1786 891 1787 916 1787 890 1787 891 1788 890 1788 871 1788 917 1789 958 1789 916 1789 917 1790 916 1790 891 1790 959 1791 958 1791 917 1791 995 1792 994 1792 958 1792 995 1793 958 1793 959 1793 1023 1794 1022 1794 994 1794 1023 1795 994 1795 995 1795 1047 1796 1046 1796 1022 1796 1047 1797 1022 1797 1023 1797 939 1798 917 1798 891 1798 954 1799 959 1799 917 1799 954 1800 917 1800 939 1800 918 1801 891 1801 871 1801 918 1802 939 1802 891 1802 908 1803 918 1803 871 1803 963 1804 995 1804 959 1804 963 1805 959 1805 954 1805 980 1806 1023 1806 995 1806 980 1807 995 1807 963 1807 900 1808 865 1808 848 1808 900 1809 871 1809 865 1809 900 1810 908 1810 871 1810 986 1811 1023 1811 980 1811 986 1812 1047 1812 1023 1812 894 1813 900 1813 848 1813 894 1814 848 1814 835 1814 998 1815 1065 1815 1047 1815 998 1816 1047 1816 986 1816 884 1817 894 1817 835 1817 884 1818 835 1818 828 1818 1004 1819 1097 1819 1065 1819 1004 1820 1065 1820 998 1820 880 1821 884 1821 828 1821 880 1822 828 1822 823 1822 1008 1823 1120 1823 1097 1823 1008 1824 1097 1824 1004 1824 876 1825 880 1825 823 1825 878 1826 823 1826 825 1826 878 1827 876 1827 823 1827 1133 1828 1120 1828 1008 1828 1133 1829 1008 1829 1012 1829 1014 1830 1133 1830 1012 1830 831 1831 878 1831 825 1831 831 1832 882 1832 878 1832 1139 1833 1133 1833 1014 1833 1139 1834 1014 1834 1010 1834 838 1835 882 1835 831 1835 838 1836 888 1836 882 1836 1124 1837 1139 1837 1010 1837 1124 1838 1010 1838 1006 1838 853 1839 888 1839 838 1839 853 1840 896 1840 888 1840 1103 1841 1006 1841 1000 1841 1103 1842 1124 1842 1006 1842 867 1843 896 1843 853 1843 867 1844 904 1844 896 1844 1077 1845 1000 1845 988 1845 1077 1846 1103 1846 1000 1846 873 1847 912 1847 904 1847 873 1848 904 1848 867 1848 1053 1849 988 1849 982 1849 1053 1850 1077 1850 988 1850 899 1851 922 1851 912 1851 899 1852 912 1852 873 1852 1027 1853 1053 1853 982 1853 1027 1854 982 1854 969 1854 929 1855 922 1855 899 1855 929 1856 944 1856 922 1856 1003 1857 1027 1857 969 1857 972 1858 956 1858 944 1858 972 1859 969 1859 956 1859 972 1860 944 1860 929 1860 972 1861 1003 1861 969 1861 1251 1862 1216 1862 1217 1862 1251 1863 1250 1863 1216 1863 1274 1864 1273 1864 1250 1864 1274 1865 1250 1865 1251 1865 1289 1866 1288 1866 1273 1866 1289 1867 1273 1867 1274 1867 1303 1868 1302 1868 1288 1868 1303 1869 1288 1869 1289 1869 1305 1870 1304 1870 1302 1870 1305 1871 1302 1871 1303 1871 1294 1872 1293 1872 1304 1872 1294 1873 1304 1873 1305 1873 1279 1874 1278 1874 1293 1874 1279 1875 1293 1875 1294 1875 1256 1876 1255 1876 1278 1876 1256 1877 1224 1877 1255 1877 1256 1878 1278 1878 1279 1878 1225 1879 1224 1879 1256 1879 1205 1880 1224 1880 1225 1880 1205 1881 1204 1881 1224 1881 1205 1882 1176 1882 1204 1882 1177 1883 1176 1883 1205 1883 1143 1884 1176 1884 1177 1884 1143 1885 1142 1885 1176 1885 1143 1886 1084 1886 1142 1886 1085 1887 1084 1887 1143 1887 1085 1888 1048 1888 1084 1888 1049 1889 1048 1889 1085 1889 1049 1890 1020 1890 1048 1890 1021 1891 1020 1891 1049 1891 997 1892 1020 1892 1021 1892 997 1893 996 1893 1020 1893 997 1894 978 1894 996 1894 979 1895 978 1895 997 1895 951 1896 978 1896 979 1896 951 1897 950 1897 978 1897 936 1898 950 1898 951 1898 936 1899 935 1899 950 1899 925 1900 935 1900 936 1900 925 1901 924 1901 935 1901 925 1902 920 1902 924 1902 921 1903 920 1903 925 1903 932 1904 931 1904 920 1904 932 1905 946 1905 931 1905 932 1906 920 1906 921 1906 947 1907 946 1907 932 1907 967 1908 946 1908 947 1908 967 1909 966 1909 946 1909 967 1910 990 1910 966 1910 991 1911 990 1911 967 1911 1017 1912 1016 1912 990 1912 1017 1913 1040 1913 1016 1913 1017 1914 990 1914 991 1914 1041 1915 1071 1915 1040 1915 1041 1916 1040 1916 1017 1916 1072 1917 1126 1917 1071 1917 1072 1918 1071 1918 1041 1918 1127 1919 1126 1919 1072 1919 1169 1920 1168 1920 1126 1920 1169 1921 1126 1921 1127 1921 1201 1922 1200 1922 1168 1922 1201 1923 1168 1923 1169 1923 1217 1924 1216 1924 1200 1924 1217 1925 1200 1925 1201 1925 1086 1926 1072 1926 1041 1926 1106 1927 1127 1927 1072 1927 1106 1928 1072 1928 1086 1928 1073 1929 1086 1929 1041 1929 1136 1930 1169 1930 1127 1930 1136 1931 1127 1931 1106 1931 1060 1932 1017 1932 991 1932 1060 1933 1041 1933 1017 1933 1060 1934 1073 1934 1041 1934 1148 1935 1201 1935 1169 1935 1148 1936 1217 1936 1201 1936 1148 1937 1169 1937 1136 1937 1054 1938 991 1938 967 1938 1054 1939 1060 1939 991 1939 1158 1940 1217 1940 1148 1940 1042 1941 967 1941 947 1941 1042 1942 1054 1942 967 1942 1170 1943 1251 1943 1217 1943 1170 1944 1217 1944 1158 1944 1036 1945 1042 1945 947 1945 1036 1946 947 1946 932 1946 1178 1947 1274 1947 1251 1947 1178 1948 1251 1948 1170 1948 1032 1949 1036 1949 932 1949 1032 1950 932 1950 921 1950 1186 1951 1289 1951 1274 1951 1186 1952 1274 1952 1178 1952 1028 1953 1032 1953 921 1953 925 1954 1028 1954 921 1954 1192 1955 1289 1955 1186 1955 1030 1956 1028 1956 925 1956 1303 1957 1289 1957 1192 1957 1194 1958 1303 1958 1192 1958 1034 1959 1030 1959 925 1959 936 1960 1034 1960 925 1960 1305 1961 1303 1961 1194 1961 951 1962 1034 1962 936 1962 951 1963 1038 1963 1034 1963 1294 1964 1305 1964 1194 1964 1294 1965 1190 1965 1182 1965 1294 1966 1194 1966 1190 1966 979 1967 1044 1967 1038 1967 979 1968 1038 1968 951 1968 1279 1969 1182 1969 1172 1969 1279 1970 1294 1970 1182 1970 997 1971 1044 1971 979 1971 997 1972 1056 1972 1044 1972 1256 1973 1279 1973 1172 1973 1021 1974 1062 1974 1056 1974 1021 1975 1056 1975 997 1975 1225 1976 1172 1976 1164 1976 1225 1977 1256 1977 1172 1977 1049 1978 1062 1978 1021 1978 1049 1979 1079 1979 1062 1979 1205 1980 1164 1980 1154 1980 1205 1981 1225 1981 1164 1981 1085 1982 1088 1982 1079 1982 1085 1983 1079 1983 1049 1983 1177 1984 1140 1984 1115 1984 1177 1985 1154 1985 1140 1985 1177 1986 1205 1986 1154 1986 1143 1987 1088 1987 1085 1987 1143 1988 1115 1988 1088 1988 1143 1989 1177 1989 1115 1989 1650 1990 1622 1990 1623 1990 1650 1991 1649 1991 1622 1991 1673 1992 1672 1992 1649 1992 1673 1993 1649 1993 1650 1993 1685 1994 1684 1994 1672 1994 1685 1995 1672 1995 1673 1995 1693 1996 1692 1996 1684 1996 1693 1997 1684 1997 1685 1997 1695 1998 1694 1998 1692 1998 1695 1999 1692 1999 1693 1999 1688 2000 1687 2000 1694 2000 1688 2001 1694 2001 1695 2001 1677 2002 1676 2002 1687 2002 1677 2003 1687 2003 1688 2003 1656 2004 1655 2004 1676 2004 1656 2005 1626 2005 1655 2005 1656 2006 1676 2006 1677 2006 1627 2007 1626 2007 1656 2007 1600 2008 1626 2008 1627 2008 1600 2009 1599 2009 1626 2009 1600 2010 1559 2010 1599 2010 1560 2011 1559 2011 1600 2011 1514 2012 1559 2012 1560 2012 1514 2013 1513 2013 1559 2013 1514 2014 1474 2014 1513 2014 1475 2015 1474 2015 1514 2015 1475 2016 1446 2016 1474 2016 1447 2017 1446 2017 1475 2017 1447 2018 1385 2018 1446 2018 1386 2019 1385 2019 1447 2019 1359 2020 1385 2020 1386 2020 1359 2021 1358 2021 1385 2021 1359 2022 1344 2022 1358 2022 1345 2023 1344 2023 1359 2023 1331 2024 1344 2024 1345 2024 1331 2025 1330 2025 1344 2025 1323 2026 1330 2026 1331 2026 1323 2027 1322 2027 1330 2027 1315 2028 1322 2028 1323 2028 1315 2029 1314 2029 1322 2029 1315 2030 1312 2030 1314 2030 1313 2031 1312 2031 1315 2031 1321 2032 1320 2032 1312 2032 1321 2033 1328 2033 1320 2033 1321 2034 1312 2034 1313 2034 1329 2035 1328 2035 1321 2035 1341 2036 1328 2036 1329 2036 1341 2037 1340 2037 1328 2037 1341 2038 1352 2038 1340 2038 1353 2039 1352 2039 1341 2039 1379 2040 1378 2040 1352 2040 1379 2041 1439 2041 1378 2041 1379 2042 1352 2042 1353 2042 1440 2043 1466 2043 1439 2043 1440 2044 1439 2044 1379 2044 1467 2045 1494 2045 1466 2045 1467 2046 1466 2046 1440 2046 1495 2047 1494 2047 1467 2047 1548 2048 1547 2048 1494 2048 1548 2049 1494 2049 1495 2049 1591 2050 1590 2050 1547 2050 1591 2051 1547 2051 1548 2051 1623 2052 1622 2052 1590 2052 1623 2053 1590 2053 1591 2053 1476 2054 1467 2054 1440 2054 1484 2055 1495 2055 1467 2055 1484 2056 1467 2056 1476 2056 1468 2057 1440 2057 1379 2057 1468 2058 1476 2058 1440 2058 1502 2059 1548 2059 1495 2059 1502 2060 1495 2060 1484 2060 1460 2061 1379 2061 1353 2061 1460 2062 1468 2062 1379 2062 1525 2063 1591 2063 1548 2063 1525 2064 1548 2064 1502 2064 1448 2065 1353 2065 1341 2065 1448 2066 1460 2066 1353 2066 1539 2067 1591 2067 1525 2067 1539 2068 1623 2068 1591 2068 1441 2069 1341 2069 1329 2069 1441 2070 1448 2070 1341 2070 1554 2071 1650 2071 1623 2071 1554 2072 1623 2072 1539 2072 1430 2073 1441 2073 1329 2073 1430 2074 1329 2074 1321 2074 1562 2075 1673 2075 1650 2075 1562 2076 1650 2076 1554 2076 1417 2077 1430 2077 1321 2077 1417 2078 1321 2078 1313 2078 1573 2079 1685 2079 1673 2079 1573 2080 1673 2080 1562 2080 1410 2081 1417 2081 1313 2081 1315 2082 1410 2082 1313 2082 1580 2083 1685 2083 1573 2083 1693 2084 1685 2084 1580 2084 1412 2085 1410 2085 1315 2085 1582 2086 1693 2086 1580 2086 1323 2087 1412 2087 1315 2087 1323 2088 1420 2088 1412 2088 1695 2089 1693 2089 1582 2089 1331 2090 1420 2090 1323 2090 1331 2091 1433 2091 1420 2091 1688 2092 1695 2092 1582 2092 1688 2093 1575 2093 1568 2093 1688 2094 1582 2094 1575 2094 1345 2095 1444 2095 1433 2095 1345 2096 1433 2096 1331 2096 1677 2097 1568 2097 1557 2097 1677 2098 1688 2098 1568 2098 1359 2099 1453 2099 1444 2099 1359 2100 1444 2100 1345 2100 1656 2101 1557 2101 1542 2101 1656 2102 1677 2102 1557 2102 1386 2103 1464 2103 1453 2103 1386 2104 1453 2104 1359 2104 1627 2105 1656 2105 1542 2105 1447 2106 1470 2106 1464 2106 1447 2107 1464 2107 1386 2107 1600 2108 1529 2108 1511 2108 1600 2109 1542 2109 1529 2109 1600 2110 1627 2110 1542 2110 1475 2111 1480 2111 1470 2111 1475 2112 1470 2112 1447 2112 1560 2113 1600 2113 1511 2113 1560 2114 1511 2114 1486 2114 1514 2115 1560 2115 1486 2115 1514 2116 1486 2116 1480 2116 1514 2117 1480 2117 1475 2117 718 2118 686 2118 687 2118 718 2119 717 2119 686 2119 758 2120 757 2120 717 2120 758 2121 717 2121 718 2121 779 2122 778 2122 757 2122 779 2123 757 2123 758 2123 785 2124 784 2124 778 2124 785 2125 778 2125 779 2125 787 2126 786 2126 784 2126 787 2127 784 2127 785 2127 781 2128 780 2128 786 2128 781 2129 786 2129 787 2129 768 2130 767 2130 780 2130 768 2131 780 2131 781 2131 729 2132 728 2132 767 2132 729 2133 693 2133 728 2133 729 2134 767 2134 768 2134 694 2135 693 2135 729 2135 665 2136 693 2136 694 2136 665 2137 664 2137 693 2137 665 2138 616 2138 664 2138 617 2139 616 2139 665 2139 563 2140 616 2140 617 2140 563 2141 562 2141 616 2141 563 2142 511 2142 562 2142 512 2143 511 2143 563 2143 512 2144 470 2144 511 2144 471 2145 470 2145 512 2145 471 2146 428 2146 470 2146 429 2147 428 2147 471 2147 409 2148 428 2148 429 2148 409 2149 408 2149 428 2149 409 2150 394 2150 408 2150 395 2151 394 2151 409 2151 380 2152 394 2152 395 2152 380 2153 379 2153 394 2153 374 2154 379 2154 380 2154 374 2155 373 2155 379 2155 366 2156 373 2156 374 2156 366 2157 365 2157 373 2157 366 2158 363 2158 365 2158 364 2159 363 2159 366 2159 372 2160 371 2160 363 2160 372 2161 376 2161 371 2161 372 2162 363 2162 364 2162 377 2163 376 2163 372 2163 389 2164 376 2164 377 2164 389 2165 388 2165 376 2165 389 2166 404 2166 388 2166 405 2167 404 2167 389 2167 425 2168 424 2168 404 2168 425 2169 459 2169 424 2169 425 2170 404 2170 405 2170 460 2171 498 2171 459 2171 460 2172 459 2172 425 2172 499 2173 549 2173 498 2173 499 2174 498 2174 460 2174 550 2175 549 2175 499 2175 608 2176 607 2176 549 2176 608 2177 549 2177 550 2177 661 2178 660 2178 607 2178 661 2179 607 2179 608 2179 687 2180 686 2180 660 2180 687 2181 660 2181 661 2181 517 2182 499 2182 460 2182 535 2183 550 2183 499 2183 535 2184 499 2184 517 2184 500 2185 517 2185 460 2185 556 2186 608 2186 550 2186 556 2187 550 2187 535 2187 482 2188 425 2188 405 2188 482 2189 460 2189 425 2189 482 2190 500 2190 460 2190 579 2191 661 2191 608 2191 579 2192 687 2192 661 2192 579 2193 608 2193 556 2193 473 2194 405 2194 389 2194 473 2195 482 2195 405 2195 598 2196 687 2196 579 2196 462 2197 389 2197 377 2197 462 2198 473 2198 389 2198 611 2199 718 2199 687 2199 611 2200 687 2200 598 2200 453 2201 462 2201 377 2201 453 2202 377 2202 372 2202 621 2203 758 2203 718 2203 621 2204 718 2204 611 2204 443 2205 453 2205 372 2205 443 2206 372 2206 364 2206 640 2207 779 2207 758 2207 640 2208 758 2208 621 2208 438 2209 443 2209 364 2209 366 2210 438 2210 364 2210 646 2211 779 2211 640 2211 440 2212 438 2212 366 2212 785 2213 779 2213 646 2213 648 2214 785 2214 646 2214 445 2215 440 2215 366 2215 374 2216 445 2216 366 2216 787 2217 785 2217 648 2217 380 2218 445 2218 374 2218 380 2219 455 2219 445 2219 781 2220 787 2220 648 2220 781 2221 642 2221 627 2221 781 2222 648 2222 642 2222 395 2223 464 2223 455 2223 395 2224 455 2224 380 2224 768 2225 627 2225 613 2225 768 2226 781 2226 627 2226 409 2227 464 2227 395 2227 409 2228 478 2228 464 2228 729 2229 768 2229 613 2229 429 2230 486 2230 478 2230 429 2231 478 2231 409 2231 694 2232 613 2232 602 2232 694 2233 729 2233 613 2233 471 2234 486 2234 429 2234 471 2235 503 2235 486 2235 665 2236 602 2236 585 2236 665 2237 694 2237 602 2237 512 2238 528 2238 503 2238 512 2239 503 2239 471 2239 617 2240 560 2240 540 2240 617 2241 585 2241 560 2241 617 2242 665 2242 585 2242 563 2243 528 2243 512 2243 563 2244 540 2244 528 2244 563 2245 617 2245 540 2245 799 2246 792 2246 793 2246 799 2247 798 2247 792 2247 809 2248 808 2248 798 2248 809 2249 798 2249 799 2249 813 2250 812 2250 808 2250 813 2251 808 2251 809 2251 817 2252 816 2252 812 2252 817 2253 812 2253 813 2253 819 2254 818 2254 816 2254 819 2255 816 2255 817 2255 815 2256 814 2256 818 2256 815 2257 818 2257 819 2257 811 2258 810 2258 814 2258 811 2259 814 2259 815 2259 803 2260 802 2260 810 2260 803 2261 794 2261 802 2261 803 2262 810 2262 811 2262 795 2263 794 2263 803 2263 777 2264 794 2264 795 2264 777 2265 776 2265 794 2265 777 2266 715 2266 776 2266 716 2267 715 2267 777 2267 681 2268 715 2268 716 2268 681 2269 680 2269 715 2269 681 2270 644 2270 680 2270 645 2271 644 2271 681 2271 645 2272 583 2272 644 2272 584 2273 583 2273 645 2273 584 2274 532 2274 583 2274 533 2275 532 2275 584 2275 485 2276 532 2276 533 2276 485 2277 484 2277 532 2277 485 2278 457 2278 484 2278 458 2279 457 2279 485 2279 435 2280 457 2280 458 2280 435 2281 434 2281 457 2281 423 2282 434 2282 435 2282 423 2283 422 2283 434 2283 415 2284 422 2284 423 2284 415 2285 414 2285 422 2285 415 2286 412 2286 414 2286 413 2287 412 2287 415 2287 420 2288 419 2288 412 2288 420 2289 430 2289 419 2289 420 2290 412 2290 413 2290 431 2291 430 2291 420 2291 450 2292 430 2292 431 2292 450 2293 449 2293 430 2293 450 2294 480 2294 449 2294 481 2295 480 2295 450 2295 520 2296 519 2296 480 2296 520 2297 569 2297 519 2297 520 2298 480 2298 481 2298 570 2299 623 2299 569 2299 570 2300 569 2300 520 2300 624 2301 670 2301 623 2301 624 2302 623 2302 570 2302 671 2303 670 2303 624 2303 707 2304 706 2304 670 2304 707 2305 670 2305 671 2305 772 2306 771 2306 706 2306 772 2307 706 2307 707 2307 793 2308 792 2308 771 2308 793 2309 771 2309 772 2309 652 2310 624 2310 570 2310 662 2311 671 2311 624 2311 662 2312 624 2312 652 2312 625 2313 570 2313 520 2313 625 2314 652 2314 570 2314 676 2315 707 2315 671 2315 676 2316 671 2316 662 2316 605 2317 520 2317 481 2317 605 2318 625 2318 520 2318 684 2319 772 2319 707 2319 684 2320 707 2320 676 2320 588 2321 481 2321 450 2321 588 2322 605 2322 481 2322 697 2323 772 2323 684 2323 697 2324 793 2324 772 2324 573 2325 450 2325 431 2325 573 2326 588 2326 450 2326 710 2327 799 2327 793 2327 710 2328 793 2328 697 2328 558 2329 431 2329 420 2329 558 2330 573 2330 431 2330 721 2331 809 2331 799 2331 721 2332 799 2332 710 2332 551 2333 558 2333 420 2333 551 2334 420 2334 413 2334 734 2335 813 2335 809 2335 734 2336 809 2336 721 2336 544 2337 551 2337 413 2337 415 2338 544 2338 413 2338 740 2339 813 2339 734 2339 817 2340 813 2340 740 2340 546 2341 544 2341 415 2341 742 2342 817 2342 740 2342 423 2343 546 2343 415 2343 423 2344 553 2344 546 2344 819 2345 817 2345 742 2345 819 2346 742 2346 737 2346 435 2347 553 2347 423 2347 435 2348 564 2348 553 2348 815 2349 819 2349 737 2349 815 2350 737 2350 726 2350 458 2351 576 2351 564 2351 458 2352 564 2352 435 2352 811 2353 726 2353 713 2353 811 2354 815 2354 726 2354 485 2355 591 2355 576 2355 485 2356 576 2356 458 2356 803 2357 811 2357 713 2357 533 2358 609 2358 591 2358 533 2359 591 2359 485 2359 795 2360 702 2360 688 2360 795 2361 713 2361 702 2361 795 2362 803 2362 713 2362 584 2363 609 2363 533 2363 584 2364 636 2364 609 2364 777 2365 795 2365 688 2365 645 2366 654 2366 636 2366 645 2367 636 2367 584 2367 716 2368 678 2368 666 2368 716 2369 688 2369 678 2369 716 2370 777 2370 688 2370 681 2371 666 2371 654 2371 681 2372 716 2372 666 2372 681 2373 654 2373 645 2373 711 2374 697 2374 698 2374 711 2375 710 2375 697 2375 722 2376 721 2376 710 2376 722 2377 710 2377 711 2377 735 2378 734 2378 721 2378 735 2379 721 2379 722 2379 741 2380 740 2380 734 2380 741 2381 734 2381 735 2381 743 2382 737 2382 742 2382 743 2383 742 2383 740 2383 743 2384 740 2384 741 2384 738 2385 726 2385 737 2385 738 2386 737 2386 743 2386 727 2387 713 2387 726 2387 727 2388 726 2388 738 2388 714 2389 702 2389 713 2389 714 2390 713 2390 727 2390 703 2391 702 2391 714 2391 703 2392 688 2392 702 2392 689 2393 688 2393 703 2393 689 2394 678 2394 688 2394 679 2395 678 2395 689 2395 679 2396 666 2396 678 2396 667 2397 666 2397 679 2397 667 2398 654 2398 666 2398 655 2399 654 2399 667 2399 655 2400 636 2400 654 2400 637 2401 636 2401 655 2401 637 2402 609 2402 636 2402 610 2403 609 2403 637 2403 610 2404 591 2404 609 2404 592 2405 591 2405 610 2405 592 2406 576 2406 591 2406 577 2407 576 2407 592 2407 577 2408 564 2408 576 2408 565 2409 564 2409 577 2409 554 2410 553 2410 564 2410 554 2411 564 2411 565 2411 547 2412 544 2412 546 2412 547 2413 546 2413 553 2413 547 2414 553 2414 554 2414 545 2415 544 2415 547 2415 552 2416 558 2416 551 2416 552 2417 551 2417 544 2417 552 2418 544 2418 545 2418 559 2419 558 2419 552 2419 574 2420 588 2420 573 2420 574 2421 573 2421 558 2421 574 2422 558 2422 559 2422 589 2423 588 2423 574 2423 606 2424 625 2424 605 2424 606 2425 605 2425 588 2425 606 2426 588 2426 589 2426 626 2427 652 2427 625 2427 626 2428 625 2428 606 2428 653 2429 652 2429 626 2429 663 2430 676 2430 662 2430 663 2431 662 2431 652 2431 663 2432 652 2432 653 2432 677 2433 676 2433 663 2433 685 2434 697 2434 684 2434 685 2435 684 2435 676 2435 685 2436 676 2436 677 2436 698 2437 697 2437 685 2437 599 2438 611 2438 598 2438 612 2439 621 2439 611 2439 612 2440 611 2440 599 2440 622 2441 640 2441 621 2441 622 2442 621 2442 612 2442 641 2443 646 2443 640 2443 641 2444 640 2444 622 2444 647 2445 648 2445 646 2445 647 2446 646 2446 641 2446 649 2447 642 2447 648 2447 649 2448 648 2448 647 2448 643 2449 627 2449 642 2449 643 2450 642 2450 649 2450 628 2451 613 2451 627 2451 628 2452 627 2452 643 2452 614 2453 602 2453 613 2453 614 2454 613 2454 628 2454 603 2455 602 2455 614 2455 603 2456 585 2456 602 2456 586 2457 585 2457 603 2457 586 2458 560 2458 585 2458 561 2459 560 2459 586 2459 561 2460 540 2460 560 2460 541 2461 540 2461 561 2461 541 2462 528 2462 540 2462 529 2463 528 2463 541 2463 529 2464 503 2464 528 2464 504 2465 503 2465 529 2465 504 2466 486 2466 503 2466 487 2467 486 2467 504 2467 487 2468 478 2468 486 2468 479 2469 478 2469 487 2469 479 2470 464 2470 478 2470 465 2471 464 2471 479 2471 465 2472 455 2472 464 2472 456 2473 455 2473 465 2473 456 2474 445 2474 455 2474 446 2475 440 2475 445 2475 446 2476 445 2476 456 2476 441 2477 440 2477 446 2477 441 2478 438 2478 440 2478 439 2479 438 2479 441 2479 439 2480 443 2480 438 2480 444 2481 453 2481 443 2481 444 2482 443 2482 439 2482 454 2483 453 2483 444 2483 463 2484 473 2484 462 2484 463 2485 462 2485 453 2485 463 2486 453 2486 454 2486 474 2487 482 2487 473 2487 474 2488 473 2488 463 2488 483 2489 500 2489 482 2489 483 2490 482 2490 474 2490 501 2491 500 2491 483 2491 518 2492 517 2492 500 2492 518 2493 500 2493 501 2493 536 2494 556 2494 535 2494 536 2495 535 2495 517 2495 536 2496 517 2496 518 2496 557 2497 556 2497 536 2497 580 2498 598 2498 579 2498 580 2499 579 2499 556 2499 580 2500 556 2500 557 2500 599 2501 598 2501 580 2501 1643 2502 1628 2502 1629 2502 1643 2503 1642 2503 1628 2503 1652 2504 1651 2504 1642 2504 1652 2505 1642 2505 1643 2505 1662 2506 1661 2506 1651 2506 1662 2507 1651 2507 1652 2507 1667 2508 1666 2508 1661 2508 1667 2509 1661 2509 1662 2509 1669 2510 1668 2510 1666 2510 1669 2511 1666 2511 1667 2511 1664 2512 1663 2512 1668 2512 1664 2513 1668 2513 1669 2513 1654 2514 1653 2514 1663 2514 1654 2515 1663 2515 1664 2515 1645 2516 1653 2516 1654 2516 1645 2517 1644 2517 1653 2517 1634 2518 1644 2518 1645 2518 1634 2519 1633 2519 1644 2519 1625 2520 1633 2520 1634 2520 1625 2521 1624 2521 1633 2521 1615 2522 1624 2522 1625 2522 1615 2523 1614 2523 1624 2523 1602 2524 1614 2524 1615 2524 1602 2525 1601 2525 1614 2525 1588 2526 1601 2526 1602 2526 1588 2527 1587 2527 1601 2527 1571 2528 1587 2528 1588 2528 1571 2529 1570 2529 1587 2529 1552 2530 1570 2530 1571 2530 1552 2531 1551 2531 1570 2531 1535 2532 1551 2532 1552 2532 1535 2533 1534 2533 1551 2533 1524 2534 1534 2534 1535 2534 1524 2535 1523 2535 1534 2535 1516 2536 1523 2536 1524 2536 1516 2537 1515 2537 1523 2537 1499 2538 1498 2538 1515 2538 1499 2539 1515 2539 1516 2539 1493 2540 1492 2540 1498 2540 1493 2541 1498 2541 1499 2541 1491 2542 1492 2542 1493 2542 1491 2543 1490 2543 1492 2543 1497 2544 1496 2544 1490 2544 1497 2545 1490 2545 1491 2545 1510 2546 1496 2546 1497 2546 1510 2547 1509 2547 1496 2547 1522 2548 1521 2548 1509 2548 1522 2549 1509 2549 1510 2549 1533 2550 1532 2550 1521 2550 1533 2551 1521 2551 1522 2551 1546 2552 1545 2552 1532 2552 1546 2553 1532 2553 1533 2553 1567 2554 1566 2554 1545 2554 1567 2555 1545 2555 1546 2555 1585 2556 1584 2556 1566 2556 1585 2557 1566 2557 1567 2557 1593 2558 1611 2558 1592 2558 1593 2559 1592 2559 1584 2559 1593 2560 1584 2560 1585 2560 1612 2561 1611 2561 1593 2561 1621 2562 1620 2562 1611 2562 1621 2563 1611 2563 1612 2563 1629 2564 1628 2564 1620 2564 1629 2565 1620 2565 1621 2565 1555 2566 1539 2566 1540 2566 1555 2567 1554 2567 1539 2567 1563 2568 1562 2568 1554 2568 1563 2569 1554 2569 1555 2569 1574 2570 1573 2570 1562 2570 1574 2571 1562 2571 1563 2571 1581 2572 1580 2572 1573 2572 1581 2573 1573 2573 1574 2573 1583 2574 1575 2574 1582 2574 1583 2575 1582 2575 1580 2575 1583 2576 1580 2576 1581 2576 1576 2577 1568 2577 1575 2577 1576 2578 1575 2578 1583 2578 1569 2579 1557 2579 1568 2579 1569 2580 1568 2580 1576 2580 1558 2581 1542 2581 1557 2581 1558 2582 1557 2582 1569 2582 1543 2583 1542 2583 1558 2583 1543 2584 1529 2584 1542 2584 1530 2585 1529 2585 1543 2585 1530 2586 1511 2586 1529 2586 1512 2587 1511 2587 1530 2587 1512 2588 1486 2588 1511 2588 1487 2589 1486 2589 1512 2589 1487 2590 1480 2590 1486 2590 1481 2591 1480 2591 1487 2591 1481 2592 1470 2592 1480 2592 1471 2593 1470 2593 1481 2593 1471 2594 1464 2594 1470 2594 1465 2595 1464 2595 1471 2595 1465 2596 1453 2596 1464 2596 1454 2597 1453 2597 1465 2597 1454 2598 1444 2598 1453 2598 1445 2599 1444 2599 1454 2599 1445 2600 1433 2600 1444 2600 1434 2601 1433 2601 1445 2601 1421 2602 1420 2602 1433 2602 1421 2603 1433 2603 1434 2603 1413 2604 1410 2604 1412 2604 1413 2605 1412 2605 1420 2605 1413 2606 1420 2606 1421 2606 1411 2607 1410 2607 1413 2607 1418 2608 1430 2608 1417 2608 1418 2609 1417 2609 1410 2609 1418 2610 1410 2610 1411 2610 1431 2611 1430 2611 1418 2611 1442 2612 1448 2612 1441 2612 1442 2613 1441 2613 1430 2613 1442 2614 1430 2614 1431 2614 1449 2615 1448 2615 1442 2615 1461 2616 1468 2616 1460 2616 1461 2617 1460 2617 1448 2617 1461 2618 1448 2618 1449 2618 1469 2619 1476 2619 1468 2619 1469 2620 1468 2620 1461 2620 1477 2621 1476 2621 1469 2621 1485 2622 1502 2622 1484 2622 1485 2623 1484 2623 1476 2623 1485 2624 1476 2624 1477 2624 1503 2625 1502 2625 1485 2625 1526 2626 1539 2626 1525 2626 1526 2627 1525 2627 1502 2627 1526 2628 1502 2628 1503 2628 1540 2629 1539 2629 1526 2629 987 2630 998 2630 986 2630 999 2631 1004 2631 998 2631 999 2632 998 2632 987 2632 1005 2633 1008 2633 1004 2633 1005 2634 1004 2634 999 2634 1009 2635 1012 2635 1008 2635 1009 2636 1008 2636 1005 2636 1013 2637 1014 2637 1012 2637 1013 2638 1012 2638 1009 2638 1015 2639 1010 2639 1014 2639 1015 2640 1014 2640 1013 2640 1011 2641 1006 2641 1010 2641 1011 2642 1010 2642 1015 2642 1007 2643 1000 2643 1006 2643 1007 2644 1006 2644 1011 2644 1001 2645 988 2645 1000 2645 1001 2646 1000 2646 1007 2646 989 2647 988 2647 1001 2647 989 2648 982 2648 988 2648 983 2649 982 2649 989 2649 983 2650 969 2650 982 2650 970 2651 969 2651 983 2651 970 2652 956 2652 969 2652 957 2653 956 2653 970 2653 957 2654 944 2654 956 2654 945 2655 944 2655 957 2655 945 2656 922 2656 944 2656 923 2657 922 2657 945 2657 923 2658 912 2658 922 2658 913 2659 912 2659 923 2659 913 2660 904 2660 912 2660 905 2661 904 2661 913 2661 905 2662 896 2662 904 2662 897 2663 896 2663 905 2663 897 2664 888 2664 896 2664 889 2665 888 2665 897 2665 889 2666 882 2666 888 2666 883 2667 878 2667 882 2667 883 2668 882 2668 889 2668 879 2669 878 2669 883 2669 879 2670 876 2670 878 2670 877 2671 876 2671 879 2671 877 2672 880 2672 876 2672 881 2673 884 2673 880 2673 881 2674 880 2674 877 2674 885 2675 884 2675 881 2675 895 2676 900 2676 894 2676 895 2677 894 2677 884 2677 895 2678 884 2678 885 2678 901 2679 908 2679 900 2679 901 2680 900 2680 895 2680 909 2681 918 2681 908 2681 909 2682 908 2682 901 2682 919 2683 918 2683 909 2683 940 2684 939 2684 918 2684 940 2685 918 2685 919 2685 955 2686 963 2686 954 2686 955 2687 954 2687 939 2687 955 2688 939 2688 940 2688 964 2689 963 2689 955 2689 981 2690 986 2690 980 2690 981 2691 980 2691 963 2691 981 2692 963 2692 964 2692 987 2693 986 2693 981 2693 1171 2694 1158 2694 1159 2694 1171 2695 1170 2695 1158 2695 1179 2696 1178 2696 1170 2696 1179 2697 1170 2697 1171 2697 1187 2698 1186 2698 1178 2698 1187 2699 1178 2699 1179 2699 1193 2700 1192 2700 1186 2700 1193 2701 1186 2701 1187 2701 1195 2702 1194 2702 1192 2702 1195 2703 1192 2703 1193 2703 1191 2704 1190 2704 1194 2704 1191 2705 1194 2705 1195 2705 1183 2706 1182 2706 1190 2706 1183 2707 1190 2707 1191 2707 1173 2708 1182 2708 1183 2708 1173 2709 1172 2709 1182 2709 1165 2710 1172 2710 1173 2710 1165 2711 1164 2711 1172 2711 1155 2712 1164 2712 1165 2712 1155 2713 1154 2713 1164 2713 1141 2714 1154 2714 1155 2714 1141 2715 1140 2715 1154 2715 1116 2716 1140 2716 1141 2716 1116 2717 1115 2717 1140 2717 1089 2718 1115 2718 1116 2718 1089 2719 1088 2719 1115 2719 1080 2720 1088 2720 1089 2720 1080 2721 1079 2721 1088 2721 1063 2722 1079 2722 1080 2722 1063 2723 1062 2723 1079 2723 1057 2724 1062 2724 1063 2724 1057 2725 1056 2725 1062 2725 1045 2726 1056 2726 1057 2726 1045 2727 1044 2727 1056 2727 1039 2728 1044 2728 1045 2728 1039 2729 1038 2729 1044 2729 1035 2730 1034 2730 1038 2730 1035 2731 1038 2731 1039 2731 1031 2732 1030 2732 1034 2732 1031 2733 1034 2733 1035 2733 1029 2734 1030 2734 1031 2734 1029 2735 1028 2735 1030 2735 1033 2736 1032 2736 1028 2736 1033 2737 1028 2737 1029 2737 1037 2738 1032 2738 1033 2738 1037 2739 1036 2739 1032 2739 1043 2740 1042 2740 1036 2740 1043 2741 1036 2741 1037 2741 1055 2742 1054 2742 1042 2742 1055 2743 1042 2743 1043 2743 1061 2744 1060 2744 1054 2744 1061 2745 1054 2745 1055 2745 1074 2746 1073 2746 1060 2746 1074 2747 1060 2747 1061 2747 1087 2748 1086 2748 1073 2748 1087 2749 1073 2749 1074 2749 1107 2750 1136 2750 1106 2750 1107 2751 1106 2751 1086 2751 1107 2752 1086 2752 1087 2752 1137 2753 1136 2753 1107 2753 1149 2754 1148 2754 1136 2754 1149 2755 1136 2755 1137 2755 1159 2756 1158 2756 1148 2756 1159 2757 1148 2757 1149 2757 1869 2758 1822 2758 1823 2758 1869 2759 1868 2759 1822 2759 1889 2760 1888 2760 1868 2760 1889 2761 1904 2761 1888 2761 1889 2762 1868 2762 1869 2762 1905 2763 1904 2763 1889 2763 1931 2764 1930 2764 1904 2764 1931 2765 1904 2765 1905 2765 1939 2766 1938 2766 1930 2766 1939 2767 1928 2767 1938 2767 1939 2768 1930 2768 1931 2768 1929 2769 1928 2769 1939 2769 1903 2770 1928 2770 1929 2770 1903 2771 1902 2771 1928 2771 1903 2772 1882 2772 1902 2772 1883 2773 1882 2773 1903 2773 1857 2774 1882 2774 1883 2774 1857 2775 1856 2775 1882 2775 1815 2776 1856 2776 1857 2776 1815 2777 1814 2777 1856 2777 1723 2778 1814 2778 1815 2778 1723 2779 1722 2779 1814 2779 1456 2780 1722 2780 1723 2780 1456 2781 1455 2781 1722 2781 1153 2782 1455 2782 1456 2782 1153 2783 1152 2783 1455 2783 869 2784 1152 2784 1153 2784 869 2785 868 2785 1152 2785 632 2786 868 2786 869 2786 632 2787 631 2787 868 2787 346 2788 631 2788 632 2788 346 2789 345 2789 631 2789 285 2790 345 2790 346 2790 285 2791 284 2791 345 2791 239 2792 284 2792 285 2792 239 2793 238 2793 284 2793 239 2794 218 2794 238 2794 219 2795 218 2795 239 2795 203 2796 218 2796 219 2796 203 2797 202 2797 218 2797 177 2798 176 2798 202 2798 177 2799 202 2799 203 2799 169 2800 168 2800 176 2800 169 2801 176 2801 177 2801 179 2802 178 2802 168 2802 179 2803 204 2803 178 2803 179 2804 168 2804 169 2804 205 2805 204 2805 179 2805 225 2806 224 2806 204 2806 225 2807 204 2807 205 2807 251 2808 250 2808 224 2808 251 2809 292 2809 250 2809 251 2810 224 2810 225 2810 293 2811 292 2811 251 2811 385 2812 384 2812 292 2812 385 2813 292 2813 293 2813 696 2814 695 2814 384 2814 696 2815 910 2815 695 2815 696 2816 384 2816 385 2816 911 2817 910 2817 696 2817 1207 2818 1206 2818 910 2818 1207 2819 1505 2819 1206 2819 1207 2820 910 2820 911 2820 1506 2821 1761 2821 1505 2821 1506 2822 1505 2822 1207 2822 1762 2823 1761 2823 1506 2823 1762 2824 1822 2824 1761 2824 1823 2825 1822 2825 1762 2825 1071 2826 1207 2826 911 2826 1040 2827 1071 2827 911 2827 1126 2828 1207 2828 1071 2828 1016 2829 911 2829 696 2829 1016 2830 1040 2830 911 2830 1168 2831 1506 2831 1207 2831 1168 2832 1207 2832 1126 2832 990 2833 696 2833 385 2833 990 2834 1016 2834 696 2834 1200 2835 1506 2835 1168 2835 966 2836 990 2836 385 2836 1216 2837 1762 2837 1506 2837 1216 2838 1506 2838 1200 2838 1250 2839 1823 2839 1762 2839 1250 2840 1762 2840 1216 2840 1273 2841 1823 2841 1250 2841 623 2842 385 2842 293 2842 670 2843 966 2843 385 2843 670 2844 385 2844 623 2844 569 2845 623 2845 293 2845 519 2846 293 2846 251 2846 519 2847 569 2847 293 2847 706 2848 946 2848 966 2848 706 2849 966 2849 670 2849 480 2850 519 2850 251 2850 771 2851 931 2851 946 2851 771 2852 946 2852 706 2852 449 2853 251 2853 225 2853 449 2854 480 2854 251 2854 792 2855 920 2855 931 2855 792 2856 931 2856 771 2856 430 2857 449 2857 225 2857 798 2858 920 2858 792 2858 798 2859 924 2859 920 2859 419 2860 225 2860 205 2860 419 2861 430 2861 225 2861 808 2862 924 2862 798 2862 808 2863 935 2863 924 2863 412 2864 419 2864 205 2864 812 2865 935 2865 808 2865 812 2866 950 2866 935 2866 414 2867 205 2867 179 2867 414 2868 412 2868 205 2868 816 2869 978 2869 950 2869 816 2870 950 2870 812 2870 422 2871 414 2871 179 2871 818 2872 996 2872 978 2872 818 2873 978 2873 816 2873 814 2874 1020 2874 996 2874 814 2875 996 2875 818 2875 1518 2876 1302 2876 1304 2876 1518 2877 1564 2877 1302 2877 1607 2878 1288 2878 1302 2878 1607 2879 1302 2879 1564 2879 1478 2880 1304 2880 1293 2880 1478 2881 1518 2881 1304 2881 1636 2882 1273 2882 1288 2882 1636 2883 1288 2883 1607 2883 1636 2884 1823 2884 1273 2884 810 2885 1048 2885 1020 2885 810 2886 1020 2886 814 2886 1457 2887 1293 2887 1278 2887 1457 2888 1478 2888 1293 2888 1678 2889 1869 2889 1823 2889 1678 2890 1823 2890 1636 2890 1428 2891 1278 2891 1255 2891 1428 2892 1457 2892 1278 2892 1698 2893 1889 2893 1869 2893 1698 2894 1869 2894 1678 2894 802 2895 1084 2895 1048 2895 802 2896 1048 2896 810 2896 1387 2897 1255 2897 1224 2897 1387 2898 1428 2898 1255 2898 1712 2899 1889 2899 1698 2899 1374 2900 1224 2900 1204 2900 1374 2901 1204 2901 1176 2901 1374 2902 1387 2902 1224 2902 1727 2903 1905 2903 1889 2903 1727 2904 1889 2904 1712 2904 1366 2905 1374 2905 1176 2905 1733 2906 1905 2906 1727 2906 1368 2907 1176 2907 1142 2907 1368 2908 1142 2908 1084 2908 1368 2909 1366 2909 1176 2909 1741 2910 1905 2910 1733 2910 1376 2911 1368 2911 1084 2911 1931 2912 1905 2912 1741 2912 1931 2913 1741 2913 1743 2913 1931 2914 1743 2914 1735 2914 498 2915 583 2915 532 2915 549 2916 583 2916 498 2916 549 2917 644 2917 583 2917 459 2918 532 2918 484 2918 459 2919 498 2919 532 2919 424 2920 484 2920 457 2920 424 2921 459 2921 484 2921 607 2922 680 2922 644 2922 607 2923 644 2923 549 2923 404 2924 457 2924 434 2924 404 2925 424 2925 457 2925 660 2926 680 2926 607 2926 660 2927 715 2927 680 2927 388 2928 434 2928 422 2928 388 2929 422 2929 179 2929 388 2930 404 2930 434 2930 686 2931 715 2931 660 2931 686 2932 776 2932 715 2932 376 2933 179 2933 169 2933 376 2934 388 2934 179 2934 717 2935 794 2935 776 2935 717 2936 776 2936 686 2936 371 2937 169 2937 177 2937 371 2938 376 2938 169 2938 757 2939 802 2939 794 2939 757 2940 794 2940 717 2940 363 2941 371 2941 177 2941 778 2942 802 2942 757 2942 365 2943 363 2943 177 2943 1939 2944 1735 2944 1730 2944 1939 2945 1931 2945 1735 2945 1466 2946 1527 2946 1482 2946 1439 2947 1482 2947 1462 2947 1439 2948 1466 2948 1482 2948 1494 2949 1577 2949 1527 2949 1494 2950 1527 2950 1466 2950 1378 2951 1439 2951 1462 2951 1378 2952 1462 2952 1437 2952 1547 2953 1577 2953 1494 2953 1547 2954 1616 2954 1577 2954 1352 2955 1437 2955 1393 2955 1352 2956 1378 2956 1437 2956 1590 2957 1647 2957 1616 2957 1590 2958 1616 2958 1547 2958 1340 2959 1352 2959 1393 2959 1340 2960 1376 2960 1084 2960 1340 2961 1393 2961 1376 2961 1340 2962 1084 2962 802 2962 1622 2963 1647 2963 1590 2963 1622 2964 1682 2964 1647 2964 1649 2965 1682 2965 1622 2965 1649 2966 1702 2966 1682 2966 1672 2967 1702 2967 1649 2967 1672 2968 1718 2968 1702 2968 203 2969 379 2969 373 2969 203 2970 373 2970 365 2970 203 2971 365 2971 177 2971 1684 2972 1718 2972 1672 2972 890 2973 916 2973 784 2973 890 2974 784 2974 786 2974 958 2975 802 2975 778 2975 958 2976 784 2976 916 2976 958 2977 778 2977 784 2977 958 2978 1340 2978 802 2978 870 2979 890 2979 786 2979 870 2980 786 2980 780 2980 994 2981 1328 2981 1340 2981 994 2982 1340 2982 958 2982 864 2983 780 2983 767 2983 864 2984 767 2984 728 2984 864 2985 870 2985 780 2985 1022 2986 1320 2986 1328 2986 1022 2987 1328 2987 994 2987 847 2988 864 2988 728 2988 1046 2989 1320 2989 1022 2989 1046 2990 1312 2990 1320 2990 834 2991 847 2991 728 2991 834 2992 728 2992 693 2992 1064 2993 1312 2993 1046 2993 1064 2994 1314 2994 1312 2994 827 2995 834 2995 693 2995 827 2996 693 2996 664 2996 1096 2997 1322 2997 1314 2997 1096 2998 1314 2998 1064 2998 1929 2999 1684 2999 1692 2999 1929 3000 1730 3000 1718 3000 1929 3001 1718 3001 1684 3001 1929 3002 1939 3002 1730 3002 822 3003 827 3003 664 3003 822 3004 664 3004 616 3004 1119 3005 1330 3005 1322 3005 1119 3006 1322 3006 1096 3006 824 3007 616 3007 562 3007 824 3008 822 3008 616 3008 1132 3009 1330 3009 1119 3009 1132 3010 1344 3010 1330 3010 830 3011 824 3011 562 3011 830 3012 562 3012 511 3012 1138 3013 1358 3013 1344 3013 1138 3014 1344 3014 1132 3014 837 3015 830 3015 511 3015 837 3016 511 3016 470 3016 1123 3017 1358 3017 1138 3017 1123 3018 1385 3018 1358 3018 219 3019 408 3019 394 3019 219 3020 394 3020 379 3020 219 3021 379 3021 203 3021 1102 3022 1385 3022 1123 3022 1102 3023 1446 3023 1385 3023 1076 3024 1446 3024 1102 3024 1076 3025 1474 3025 1446 3025 1903 3026 1692 3026 1694 3026 1903 3027 1694 3027 1687 3027 1903 3028 1929 3028 1692 3028 239 3029 428 3029 408 3029 239 3030 408 3030 219 3030 1883 3031 1687 3031 1676 3031 1883 3032 1676 3032 1655 3032 1883 3033 1903 3033 1687 3033 285 3034 837 3034 470 3034 285 3035 428 3035 239 3035 285 3036 470 3036 428 3036 285 3037 852 3037 837 3037 1857 3038 1883 3038 1655 3038 1857 3039 1655 3039 1626 3039 1857 3040 1626 3040 1599 3040 346 3041 852 3041 285 3041 346 3042 866 3042 852 3042 1815 3043 1599 3043 1559 3043 1815 3044 1559 3044 1513 3044 1815 3045 1857 3045 1599 3045 632 3046 866 3046 346 3046 632 3047 898 3047 872 3047 632 3048 872 3048 866 3048 1723 3049 1815 3049 1513 3049 1723 3050 1474 3050 1076 3050 1723 3051 1513 3051 1474 3051 1723 3052 1076 3052 1052 3052 869 3053 898 3053 632 3053 869 3054 971 3054 928 3054 869 3055 928 3055 898 3055 1456 3056 1723 3056 1052 3056 1456 3057 1052 3057 1026 3057 1153 3058 971 3058 869 3058 1153 3059 1456 3059 1026 3059 1153 3060 1026 3060 1002 3060 1153 3061 1002 3061 971 3061 1964 3062 1961 3062 1965 3062 1960 3063 1953 3063 1961 3063 1960 3064 1961 3064 1964 3064 1952 3065 1949 3065 1953 3065 1952 3066 1953 3066 1960 3066 1948 3067 1943 3067 1949 3067 1948 3068 1949 3068 1952 3068 1942 3069 1941 3069 1943 3069 1942 3070 1943 3070 1948 3070 1940 3071 1945 3071 1941 3071 1940 3072 1941 3072 1942 3072 1944 3073 1951 3073 1945 3073 1944 3074 1945 3074 1940 3074 1950 3075 1955 3075 1951 3075 1950 3076 1951 3076 1944 3076 1954 3077 1955 3077 1950 3077 1962 3078 1969 3078 1963 3078 1962 3079 1963 3079 1955 3079 1962 3080 1955 3080 1954 3080 1968 3081 1971 3081 1969 3081 1968 3082 1969 3082 1962 3082 1970 3083 1971 3083 1968 3083 1974 3084 1975 3084 1971 3084 1974 3085 1971 3085 1970 3085 1978 3086 1995 3086 1979 3086 1978 3087 1979 3087 1975 3087 1978 3088 1975 3088 1974 3088 1994 3089 2015 3089 1995 3089 1994 3090 1995 3090 1978 3090 2014 3091 2015 3091 1994 3091 2030 3092 2031 3092 2015 3092 2030 3093 2015 3093 2014 3093 2062 3094 2071 3094 2063 3094 2062 3095 2070 3095 2071 3095 2046 3096 2063 3096 2047 3096 2046 3097 2062 3097 2063 3097 2030 3098 2047 3098 2031 3098 2030 3099 2046 3099 2047 3099 2058 3100 2071 3100 2070 3100 2058 3101 2059 3101 2071 3101 2036 3102 2037 3102 2059 3102 2036 3103 2059 3103 2058 3103 2028 3104 2029 3104 2037 3104 2028 3105 2037 3105 2036 3105 2018 3106 2019 3106 2029 3106 2018 3107 2029 3107 2028 3107 2008 3108 2003 3108 2009 3108 2008 3109 2009 3109 2019 3109 2008 3110 2019 3110 2018 3110 2002 3111 2003 3111 2008 3111 2000 3112 2001 3112 2003 3112 2000 3113 2003 3113 2002 3113 2006 3114 2017 3114 2007 3114 2006 3115 2007 3115 2001 3115 2006 3116 2001 3116 2000 3116 2016 3117 2017 3117 2006 3117 2022 3118 2023 3118 2017 3118 2022 3119 2017 3119 2016 3119 2034 3120 2035 3120 2023 3120 2034 3121 2023 3121 2022 3121 2052 3122 2069 3122 2053 3122 2052 3123 2053 3123 2035 3123 2052 3124 2035 3124 2034 3124 2068 3125 2069 3125 2052 3125 2078 3126 2079 3126 2069 3126 2078 3127 2069 3127 2068 3127 2086 3128 2099 3128 2087 3128 2086 3129 2087 3129 2079 3129 2086 3130 2079 3130 2078 3130 2098 3131 2099 3131 2086 3131 2104 3132 2107 3132 2105 3132 2104 3133 2106 3133 2107 3133 2102 3134 2105 3134 2103 3134 2102 3135 2104 3135 2105 3135 2098 3136 2103 3136 2099 3136 2098 3137 2102 3137 2103 3137 2094 3138 2107 3138 2106 3138 2094 3139 2095 3139 2107 3139 2084 3140 2085 3140 2095 3140 2084 3141 2095 3141 2094 3141 2076 3142 2077 3142 2085 3142 2076 3143 2085 3143 2084 3143 2066 3144 2061 3144 2067 3144 2066 3145 2067 3145 2077 3145 2066 3146 2077 3146 2076 3146 2060 3147 2061 3147 2066 3147 2050 3148 2051 3148 2061 3148 2050 3149 2061 3149 2060 3149 2044 3150 2039 3150 2045 3150 2044 3151 2045 3151 2051 3151 2044 3152 2051 3152 2050 3152 2038 3153 2039 3153 2044 3153 2040 3154 2049 3154 2041 3154 2040 3155 2041 3155 2039 3155 2040 3156 2039 3156 2038 3156 2048 3157 2049 3157 2040 3157 2054 3158 2055 3158 2049 3158 2054 3159 2049 3159 2048 3159 2064 3160 2065 3160 2055 3160 2064 3161 2055 3161 2054 3161 2074 3162 2075 3162 2065 3162 2074 3163 2065 3163 2064 3163 2082 3164 2091 3164 2083 3164 2082 3165 2083 3165 2075 3165 2082 3166 2075 3166 2074 3166 2090 3167 2091 3167 2082 3167 2100 3168 2101 3168 2091 3168 2100 3169 2091 3169 2090 3169 2092 3170 2089 3170 2093 3170 2092 3171 2088 3171 2089 3171 2096 3172 2093 3172 2097 3172 2096 3173 2092 3173 2093 3173 2100 3174 2097 3174 2101 3174 2100 3175 2096 3175 2097 3175 2088 3176 2081 3176 2089 3176 2080 3177 2073 3177 2081 3177 2080 3178 2081 3178 2088 3178 2072 3179 2057 3179 2073 3179 2072 3180 2073 3180 2080 3180 2056 3181 2033 3181 2057 3181 2056 3182 2057 3182 2072 3182 2032 3183 2021 3183 2033 3183 2032 3184 2033 3184 2056 3184 2020 3185 2005 3185 2021 3185 2020 3186 2021 3186 2032 3186 2004 3187 1997 3187 2005 3187 2004 3188 2005 3188 2020 3188 1996 3189 1989 3189 1997 3189 1996 3190 1997 3190 2004 3190 1988 3191 1989 3191 1996 3191 1984 3192 1983 3192 1985 3192 1984 3193 1985 3193 1989 3193 1984 3194 1989 3194 1988 3194 1982 3195 1983 3195 1984 3195 1986 3196 1991 3196 1987 3196 1986 3197 1987 3197 1983 3197 1986 3198 1983 3198 1982 3198 1990 3199 1999 3199 1991 3199 1990 3200 1991 3200 1986 3200 1998 3201 1999 3201 1990 3201 2012 3202 2013 3202 1999 3202 2012 3203 1999 3203 1998 3203 2024 3204 2043 3204 2025 3204 2024 3205 2025 3205 2013 3205 2024 3206 2013 3206 2012 3206 2042 3207 2043 3207 2024 3207 2010 3208 1993 3208 2011 3208 2010 3209 1992 3209 1993 3209 2026 3210 2011 3210 2027 3210 2026 3211 2027 3211 2043 3211 2026 3212 2010 3212 2011 3212 2042 3213 2026 3213 2043 3213 1980 3214 1993 3214 1992 3214 1980 3215 1981 3215 1993 3215 1976 3216 1973 3216 1977 3216 1976 3217 1977 3217 1981 3217 1976 3218 1981 3218 1980 3218 1972 3219 1973 3219 1976 3219 1966 3220 1959 3220 1967 3220 1966 3221 1967 3221 1973 3221 1966 3222 1973 3222 1972 3222 1958 3223 1959 3223 1966 3223 1946 3224 1947 3224 1959 3224 1946 3225 1959 3225 1958 3225 1934 3226 1927 3226 1935 3226 1934 3227 1935 3227 1947 3227 1934 3228 1947 3228 1946 3228 1926 3229 1927 3229 1934 3229 1920 3230 1915 3230 1921 3230 1920 3231 1921 3231 1927 3231 1920 3232 1927 3232 1926 3232 1914 3233 1915 3233 1920 3233 1910 3234 1911 3234 1915 3234 1910 3235 1915 3235 1914 3235 1908 3236 1913 3236 1909 3236 1908 3237 1909 3237 1911 3237 1908 3238 1911 3238 1910 3238 1912 3239 1913 3239 1908 3239 1918 3240 1919 3240 1913 3240 1918 3241 1913 3241 1912 3241 1924 3242 1925 3242 1919 3242 1924 3243 1919 3243 1918 3243 1932 3244 1933 3244 1925 3244 1932 3245 1925 3245 1924 3245 1900 3246 1895 3246 1901 3246 1900 3247 1894 3247 1895 3247 1916 3248 1901 3248 1917 3248 1916 3249 1917 3249 1933 3249 1916 3250 1900 3250 1901 3250 1932 3251 1916 3251 1933 3251 1890 3252 1895 3252 1894 3252 1890 3253 1891 3253 1895 3253 1886 3254 1887 3254 1891 3254 1886 3255 1891 3255 1890 3255 1880 3256 1881 3256 1887 3256 1880 3257 1887 3257 1886 3257 1876 3258 1877 3258 1881 3258 1876 3259 1881 3259 1880 3259 1870 3260 1871 3260 1877 3260 1870 3261 1877 3261 1876 3261 1864 3262 1865 3262 1871 3262 1864 3263 1871 3263 1870 3263 1848 3264 1843 3264 1849 3264 1848 3265 1849 3265 1865 3265 1848 3266 1865 3266 1864 3266 1842 3267 1841 3267 1843 3267 1842 3268 1843 3268 1848 3268 1840 3269 1837 3269 1841 3269 1840 3270 1841 3270 1842 3270 1836 3271 1833 3271 1837 3271 1836 3272 1837 3272 1840 3272 1832 3273 1829 3273 1833 3273 1832 3274 1833 3274 1836 3274 1828 3275 1825 3275 1829 3275 1828 3276 1829 3276 1832 3276 1824 3277 1827 3277 1825 3277 1824 3278 1825 3278 1828 3278 1826 3279 1831 3279 1827 3279 1826 3280 1827 3280 1824 3280 1830 3281 1835 3281 1831 3281 1830 3282 1831 3282 1826 3282 1834 3283 1835 3283 1830 3283 1808 3284 1801 3284 1809 3284 1808 3285 1800 3285 1801 3285 1818 3286 1809 3286 1819 3286 1818 3287 1808 3287 1809 3287 1834 3288 1819 3288 1835 3288 1834 3289 1818 3289 1819 3289 1800 3290 1793 3290 1801 3290 1792 3291 1784 3291 1793 3291 1792 3292 1793 3292 1800 3292 1783 3293 1784 3293 1792 3293 1764 3294 1765 3294 1784 3294 1764 3295 1784 3295 1783 3295 1738 3296 1739 3296 1765 3296 1738 3297 1765 3297 1764 3297 1710 3298 1690 3298 1711 3298 1710 3299 1711 3299 1739 3299 1710 3300 1739 3300 1738 3300 1689 3301 1690 3301 1710 3301 1638 3302 1639 3302 1690 3302 1638 3303 1690 3303 1689 3303 1603 3304 1604 3304 1639 3304 1603 3305 1639 3305 1638 3305 1549 3306 1550 3306 1604 3306 1549 3307 1604 3307 1603 3307 1488 3308 1473 3308 1489 3308 1488 3309 1489 3309 1550 3309 1488 3310 1550 3310 1549 3310 1472 3311 1473 3311 1488 3311 1451 3312 1452 3312 1473 3312 1451 3313 1473 3313 1472 3313 1426 3314 1427 3314 1452 3314 1426 3315 1452 3315 1451 3315 1403 3316 1399 3316 1404 3316 1403 3317 1404 3317 1427 3317 1403 3318 1427 3318 1426 3318 1398 3319 1399 3319 1403 3319 1406 3320 1407 3320 1399 3320 1406 3321 1399 3321 1398 3321 1252 3322 1181 3322 1253 3322 1252 3323 1253 3323 1339 3323 1252 3324 1180 3324 1181 3324 1338 3325 1252 3325 1339 3325 1406 3326 1339 3326 1407 3326 1406 3327 1338 3327 1339 3327 1174 3328 1181 3328 1180 3328 1174 3329 1175 3329 1181 3329 1160 3330 1161 3330 1175 3330 1160 3331 1175 3331 1174 3331 1144 3332 1145 3332 1161 3332 1144 3333 1161 3333 1160 3333 1098 3334 1099 3334 1145 3334 1098 3335 1145 3335 1144 3335 1058 3336 1059 3336 1099 3336 1058 3337 1099 3337 1098 3337 1024 3338 1025 3338 1059 3338 1024 3339 1059 3339 1058 3339 992 3340 993 3340 1025 3340 992 3341 1025 3341 1024 3341 952 3342 953 3342 993 3342 952 3343 993 3343 992 3343 906 3344 907 3344 953 3344 906 3345 953 3345 952 3345 874 3346 875 3346 907 3346 874 3347 907 3347 906 3347 862 3348 863 3348 875 3348 862 3349 875 3349 874 3349 840 3350 821 3350 841 3350 840 3351 841 3351 863 3351 840 3352 863 3352 862 3352 820 3353 821 3353 840 3353 806 3354 807 3354 821 3354 806 3355 821 3355 820 3355 800 3356 801 3356 807 3356 800 3357 807 3357 806 3357 796 3358 797 3358 801 3358 796 3359 801 3359 800 3359 629 3360 508 3360 630 3360 629 3361 507 3361 508 3361 719 3362 630 3362 720 3362 719 3363 720 3363 797 3363 719 3364 629 3364 630 3364 796 3365 719 3365 797 3365 522 3366 508 3366 507 3366 522 3367 523 3367 508 3367 526 3368 527 3368 523 3368 526 3369 523 3369 522 3369 513 3370 489 3370 514 3370 513 3371 514 3371 527 3371 513 3372 527 3372 526 3372 488 3373 467 3373 489 3373 488 3374 489 3374 513 3374 466 3375 433 3375 467 3375 466 3376 467 3376 488 3376 432 3377 433 3377 466 3377 406 3378 407 3378 433 3378 406 3379 433 3379 432 3379 382 3380 383 3380 407 3380 382 3381 407 3381 406 3381 353 3382 354 3382 383 3382 353 3383 383 3383 382 3383 326 3384 327 3384 354 3384 326 3385 354 3385 353 3385 309 3386 301 3386 310 3386 309 3387 310 3387 327 3387 309 3388 327 3388 326 3388 300 3389 301 3389 309 3389 296 3390 297 3390 301 3390 296 3391 301 3391 300 3391 294 3392 291 3392 295 3392 294 3393 295 3393 297 3393 294 3394 297 3394 296 3394 290 3395 291 3395 294 3395 286 3396 287 3396 291 3396 286 3397 291 3397 290 3397 244 3398 245 3398 263 3398 262 3399 263 3399 269 3399 262 3400 244 3400 263 3400 268 3401 262 3401 269 3401 286 3402 269 3402 287 3402 286 3403 268 3403 269 3403 248 3404 245 3404 244 3404 248 3405 249 3405 245 3405 254 3406 255 3406 249 3406 254 3407 249 3407 248 3407 260 3408 261 3408 255 3408 260 3409 255 3409 254 3409 256 3410 253 3410 257 3410 256 3411 257 3411 261 3411 256 3412 261 3412 260 3412 252 3413 253 3413 256 3413 246 3414 247 3414 253 3414 246 3415 253 3415 252 3415 240 3416 235 3416 241 3416 240 3417 241 3417 247 3417 240 3418 247 3418 246 3418 234 3419 235 3419 240 3419 232 3420 229 3420 233 3420 232 3421 233 3421 235 3421 232 3422 235 3422 234 3422 228 3423 229 3423 232 3423 222 3424 223 3424 229 3424 222 3425 229 3425 228 3425 214 3426 211 3426 215 3426 214 3427 215 3427 223 3427 214 3428 223 3428 222 3428 210 3429 211 3429 214 3429 208 3430 209 3430 211 3430 208 3431 211 3431 210 3431 200 3432 201 3432 209 3432 200 3433 209 3433 208 3433 184 3434 185 3434 201 3434 184 3435 201 3435 200 3435 150 3436 143 3436 151 3436 150 3437 142 3437 143 3437 170 3438 151 3438 171 3438 170 3439 150 3439 151 3439 184 3440 171 3440 185 3440 184 3441 170 3441 171 3441 146 3442 143 3442 142 3442 146 3443 147 3443 143 3443 154 3444 155 3444 147 3444 154 3445 147 3445 146 3445 158 3446 159 3446 155 3446 158 3447 155 3447 154 3447 164 3448 165 3448 159 3448 164 3449 159 3449 158 3449 166 3450 167 3450 165 3450 166 3451 165 3451 164 3451 162 3452 163 3452 167 3452 162 3453 167 3453 166 3453 156 3454 153 3454 157 3454 156 3455 157 3455 163 3455 156 3456 163 3456 162 3456 152 3457 153 3457 156 3457 144 3458 139 3458 145 3458 144 3459 145 3459 153 3459 144 3460 153 3460 152 3460 138 3461 139 3461 144 3461 136 3462 137 3462 139 3462 136 3463 139 3463 138 3463 132 3464 133 3464 137 3464 132 3465 137 3465 136 3465 128 3466 129 3466 133 3466 128 3467 133 3467 132 3467 112 3468 113 3468 129 3468 112 3469 129 3469 128 3469 92 3470 93 3470 113 3470 92 3471 113 3471 112 3471 76 3472 77 3472 93 3472 76 3473 93 3473 92 3473 44 3474 37 3474 45 3474 44 3475 36 3475 37 3475 60 3476 45 3476 61 3476 60 3477 44 3477 45 3477 76 3478 61 3478 77 3478 76 3479 60 3479 61 3479 36 3480 49 3480 37 3480 48 3481 49 3481 36 3481 70 3482 71 3482 49 3482 70 3483 49 3483 48 3483 78 3484 79 3484 71 3484 78 3485 71 3485 70 3485 88 3486 99 3486 89 3486 88 3487 89 3487 79 3487 88 3488 79 3488 78 3488 98 3489 99 3489 88 3489 104 3490 107 3490 105 3490 104 3491 105 3491 99 3491 104 3492 99 3492 98 3492 106 3493 101 3493 107 3493 106 3494 107 3494 104 3494 100 3495 101 3495 106 3495 90 3496 85 3496 91 3496 90 3497 91 3497 101 3497 90 3498 101 3498 100 3498 84 3499 73 3499 85 3499 84 3500 85 3500 90 3500 72 3501 73 3501 84 3501 54 3502 55 3502 73 3502 54 3503 73 3503 72 3503 38 3504 29 3504 39 3504 38 3505 39 3505 55 3505 38 3506 55 3506 54 3506 28 3507 29 3507 38 3507 20 3508 21 3508 29 3508 20 3509 29 3509 28 3509 8 3510 9 3510 21 3510 8 3511 21 3511 20 3511 2 3512 1 3512 3 3512 2 3513 0 3513 1 3513 4 3514 3 3514 5 3514 4 3515 2 3515 3 3515 8 3516 5 3516 9 3516 8 3517 4 3517 5 3517 0 3518 13 3518 1 3518 12 3519 13 3519 0 3519 22 3520 23 3520 13 3520 22 3521 13 3521 12 3521 30 3522 31 3522 23 3522 30 3523 23 3523 22 3523 40 3524 41 3524 31 3524 40 3525 31 3525 30 3525 46 3526 57 3526 47 3526 46 3527 47 3527 41 3527 46 3528 41 3528 40 3528 56 3529 57 3529 46 3529 62 3530 63 3530 57 3530 62 3531 57 3531 56 3531 68 3532 69 3532 63 3532 68 3533 63 3533 62 3533 66 3534 67 3534 69 3534 66 3535 69 3535 68 3535 58 3536 53 3536 59 3536 58 3537 59 3537 67 3537 58 3538 67 3538 66 3538 52 3539 53 3539 58 3539 42 3540 33 3540 43 3540 42 3541 43 3541 53 3541 42 3542 53 3542 52 3542 32 3543 33 3543 42 3543 24 3544 25 3544 33 3544 24 3545 33 3545 32 3545 16 3546 17 3546 25 3546 16 3547 25 3547 24 3547 6 3548 7 3548 17 3548 6 3549 17 3549 16 3549 14 3550 19 3550 15 3550 14 3551 18 3551 19 3551 10 3552 15 3552 11 3552 10 3553 11 3553 7 3553 10 3554 14 3554 15 3554 6 3555 10 3555 7 3555 26 3556 19 3556 18 3556 26 3557 27 3557 19 3557 34 3558 35 3558 27 3558 34 3559 27 3559 26 3559 50 3560 51 3560 35 3560 50 3561 35 3561 34 3561 74 3562 75 3562 51 3562 74 3563 51 3563 50 3563 86 3564 87 3564 75 3564 86 3565 75 3565 74 3565 102 3566 103 3566 87 3566 102 3567 87 3567 86 3567 110 3568 119 3568 111 3568 110 3569 111 3569 103 3569 110 3570 103 3570 102 3570 118 3571 119 3571 110 3571 122 3572 125 3572 123 3572 122 3573 123 3573 119 3573 122 3574 119 3574 118 3574 124 3575 125 3575 122 3575 120 3576 121 3576 125 3576 120 3577 125 3577 124 3577 116 3578 117 3578 121 3578 116 3579 121 3579 120 3579 108 3580 95 3580 109 3580 108 3581 109 3581 117 3581 108 3582 117 3582 116 3582 94 3583 95 3583 108 3583 82 3584 65 3584 83 3584 82 3585 83 3585 95 3585 82 3586 95 3586 94 3586 64 3587 65 3587 82 3587 96 3588 115 3588 97 3588 96 3589 114 3589 115 3589 80 3590 97 3590 81 3590 80 3591 96 3591 97 3591 64 3592 81 3592 65 3592 64 3593 80 3593 81 3593 114 3594 127 3594 115 3594 126 3595 127 3595 114 3595 130 3596 135 3596 131 3596 130 3597 131 3597 127 3597 130 3598 127 3598 126 3598 134 3599 135 3599 130 3599 140 3600 141 3600 135 3600 140 3601 135 3601 134 3601 148 3602 149 3602 141 3602 148 3603 141 3603 140 3603 160 3604 161 3604 149 3604 160 3605 149 3605 148 3605 172 3606 181 3606 173 3606 172 3607 173 3607 161 3607 172 3608 161 3608 160 3608 180 3609 181 3609 172 3609 186 3610 187 3610 181 3610 186 3611 181 3611 180 3611 192 3612 193 3612 187 3612 192 3613 187 3613 186 3613 196 3614 197 3614 193 3614 196 3615 193 3615 192 3615 198 3616 195 3616 199 3616 198 3617 199 3617 197 3617 198 3618 197 3618 196 3618 194 3619 195 3619 198 3619 188 3620 183 3620 189 3620 188 3621 189 3621 195 3621 188 3622 195 3622 194 3622 182 3623 183 3623 188 3623 174 3624 175 3624 183 3624 174 3625 183 3625 182 3625 206 3626 213 3626 207 3626 206 3627 212 3627 213 3627 190 3628 207 3628 191 3628 190 3629 206 3629 207 3629 174 3630 191 3630 175 3630 174 3631 190 3631 191 3631 216 3632 213 3632 212 3632 216 3633 217 3633 213 3633 220 3634 221 3634 217 3634 220 3635 217 3635 216 3635 226 3636 227 3636 221 3636 226 3637 221 3637 220 3637 230 3638 231 3638 227 3638 230 3639 227 3639 226 3639 236 3640 243 3640 237 3640 236 3641 237 3641 231 3641 236 3642 231 3642 230 3642 242 3643 243 3643 236 3643 258 3644 265 3644 259 3644 258 3645 259 3645 243 3645 258 3646 243 3646 242 3646 264 3647 267 3647 265 3647 264 3648 265 3648 258 3648 266 3649 267 3649 264 3649 270 3650 271 3650 267 3650 270 3651 267 3651 266 3651 274 3652 279 3652 275 3652 274 3653 275 3653 271 3653 274 3654 271 3654 270 3654 278 3655 279 3655 274 3655 282 3656 283 3656 279 3656 282 3657 279 3657 278 3657 280 3658 281 3658 283 3658 280 3659 283 3659 282 3659 276 3660 277 3660 281 3660 276 3661 281 3661 280 3661 272 3662 273 3662 277 3662 272 3663 277 3663 276 3663 298 3664 307 3664 299 3664 298 3665 306 3665 307 3665 288 3666 299 3666 289 3666 288 3667 289 3667 273 3667 288 3668 298 3668 299 3668 272 3669 288 3669 273 3669 314 3670 307 3670 306 3670 314 3671 315 3671 307 3671 323 3672 324 3672 315 3672 323 3673 315 3673 314 3673 342 3674 343 3674 324 3674 342 3675 324 3675 323 3675 368 3676 397 3676 369 3676 368 3677 369 3677 343 3677 368 3678 343 3678 342 3678 396 3679 397 3679 368 3679 417 3680 469 3680 418 3680 417 3681 418 3681 397 3681 417 3682 397 3682 396 3682 468 3683 469 3683 417 3683 515 3684 516 3684 469 3684 515 3685 469 3685 468 3685 581 3686 651 3686 582 3686 581 3687 582 3687 516 3687 581 3688 516 3688 515 3688 650 3689 651 3689 581 3689 674 3690 675 3690 651 3690 674 3691 651 3691 650 3691 699 3692 731 3692 700 3692 699 3693 700 3693 675 3693 699 3694 675 3694 674 3694 730 3695 731 3695 699 3695 751 3696 752 3696 731 3696 751 3697 731 3697 730 3697 754 3698 755 3698 752 3698 754 3699 752 3699 751 3699 744 3700 745 3700 755 3700 744 3701 755 3701 754 3701 850 3702 887 3702 851 3702 850 3703 886 3703 887 3703 804 3704 851 3704 805 3704 804 3705 850 3705 851 3705 744 3706 805 3706 745 3706 744 3707 804 3707 805 3707 892 3708 887 3708 886 3708 892 3709 893 3709 887 3709 902 3710 903 3710 893 3710 902 3711 893 3711 892 3711 914 3712 949 3712 915 3712 914 3713 915 3713 903 3713 914 3714 903 3714 902 3714 948 3715 949 3715 914 3715 984 3716 985 3716 949 3716 984 3717 949 3717 948 3717 1018 3718 1019 3718 985 3718 1018 3719 985 3719 984 3719 1050 3720 1051 3720 1019 3720 1050 3721 1019 3721 1018 3721 1090 3722 1091 3722 1051 3722 1090 3723 1051 3723 1050 3723 1156 3724 1157 3724 1091 3724 1156 3725 1091 3725 1090 3725 1198 3726 1199 3726 1157 3726 1198 3727 1157 3727 1156 3727 1226 3728 1227 3728 1199 3728 1226 3729 1199 3729 1198 3729 1270 3730 1271 3730 1227 3730 1270 3731 1227 3731 1226 3731 1310 3732 1333 3732 1311 3732 1310 3733 1311 3733 1271 3733 1310 3734 1271 3734 1270 3734 1332 3735 1333 3735 1310 3735 1342 3736 1343 3736 1333 3736 1342 3737 1333 3737 1332 3737 1346 3738 1347 3738 1343 3738 1346 3739 1343 3739 1342 3739 1507 3740 1610 3740 1508 3740 1507 3741 1609 3741 1610 3741 1435 3742 1508 3742 1436 3742 1435 3743 1507 3743 1508 3743 1346 3744 1436 3744 1347 3744 1346 3745 1435 3745 1436 3745 1596 3746 1610 3746 1609 3746 1596 3747 1597 3747 1610 3747 1594 3748 1595 3748 1597 3748 1594 3749 1597 3749 1596 3749 1605 3750 1606 3750 1595 3750 1605 3751 1595 3751 1594 3751 1618 3752 1641 3752 1619 3752 1618 3753 1619 3753 1606 3753 1618 3754 1606 3754 1605 3754 1640 3755 1641 3755 1618 3755 1674 3756 1675 3756 1641 3756 1674 3757 1641 3757 1640 3757 1700 3758 1701 3758 1675 3758 1700 3759 1675 3759 1674 3759 1724 3760 1754 3760 1725 3760 1724 3761 1725 3761 1701 3761 1724 3762 1701 3762 1700 3762 1753 3763 1754 3763 1724 3763 1780 3764 1781 3764 1754 3764 1780 3765 1754 3765 1753 3765 1797 3766 1798 3766 1781 3766 1797 3767 1781 3767 1780 3767 1806 3768 1807 3768 1798 3768 1806 3769 1798 3769 1797 3769 1810 3770 1811 3770 1807 3770 1810 3771 1807 3771 1806 3771 1812 3772 1813 3772 1811 3772 1812 3773 1811 3773 1810 3773 1816 3774 1817 3774 1813 3774 1816 3775 1813 3775 1812 3775 1820 3776 1821 3776 1817 3776 1820 3777 1817 3777 1816 3777 1844 3778 1863 3778 1845 3778 1844 3779 1862 3779 1863 3779 1838 3780 1845 3780 1839 3780 1838 3781 1844 3781 1845 3781 1820 3782 1839 3782 1821 3782 1820 3783 1838 3783 1839 3783 1862 3784 1859 3784 1863 3784 1858 3785 1859 3785 1862 3785 1852 3786 1853 3786 1859 3786 1852 3787 1859 3787 1858 3787 1846 3788 1847 3788 1853 3788 1846 3789 1853 3789 1852 3789 1850 3790 1855 3790 1851 3790 1850 3791 1851 3791 1847 3791 1850 3792 1847 3792 1846 3792 1854 3793 1855 3793 1850 3793 1860 3794 1867 3794 1861 3794 1860 3795 1861 3795 1855 3795 1860 3796 1855 3796 1854 3796 1866 3797 1867 3797 1860 3797 1872 3798 1873 3798 1867 3798 1872 3799 1867 3799 1866 3799 1874 3800 1875 3800 1873 3800 1874 3801 1873 3801 1872 3801 1878 3802 1879 3802 1875 3802 1878 3803 1875 3803 1874 3803 1884 3804 1885 3804 1879 3804 1884 3805 1879 3805 1878 3805 1892 3806 1897 3806 1893 3806 1892 3807 1893 3807 1885 3807 1892 3808 1885 3808 1884 3808 1896 3809 1897 3809 1892 3809 1898 3810 1899 3810 1897 3810 1898 3811 1897 3811 1896 3811 1906 3812 1907 3812 1899 3812 1906 3813 1899 3813 1898 3813 1922 3814 1923 3814 1907 3814 1922 3815 1907 3815 1906 3815 1956 3816 1965 3816 1957 3816 1956 3817 1964 3817 1965 3817 1936 3818 1957 3818 1937 3818 1936 3819 1956 3819 1957 3819 1922 3820 1937 3820 1923 3820 1922 3821 1936 3821 1937 3821 892 3822 886 3822 850 3822 754 3823 804 3823 744 3823 902 3824 892 3824 850 3824 902 3825 850 3825 804 3825 751 3826 902 3826 804 3826 751 3827 804 3827 754 3827 314 3828 306 3828 298 3828 1342 3829 1435 3829 1346 3829 730 3830 902 3830 751 3830 730 3831 914 3831 902 3831 323 3832 314 3832 298 3832 323 3833 298 3833 288 3833 1332 3834 1435 3834 1342 3834 1332 3835 1507 3835 1435 3835 948 3836 914 3836 730 3836 699 3837 948 3837 730 3837 276 3838 288 3838 272 3838 1596 3839 1609 3839 1507 3839 984 3840 948 3840 699 3840 674 3841 984 3841 699 3841 280 3842 323 3842 288 3842 280 3843 288 3843 276 3843 1594 3844 1507 3844 1332 3844 1594 3845 1596 3845 1507 3845 282 3846 323 3846 280 3846 282 3847 342 3847 323 3847 1605 3848 1332 3848 1310 3848 1605 3849 1594 3849 1332 3849 278 3850 342 3850 282 3850 278 3851 368 3851 342 3851 1618 3852 1310 3852 1270 3852 1618 3853 1605 3853 1310 3853 274 3854 368 3854 278 3854 274 3855 396 3855 368 3855 1640 3856 1618 3856 1270 3856 1640 3857 1270 3857 1226 3857 206 3858 216 3858 212 3858 1838 3859 1820 3859 1816 3859 1812 3860 1838 3860 1816 3860 220 3861 216 3861 206 3861 1858 3862 1862 3862 1844 3862 182 3863 190 3863 174 3863 1852 3864 1844 3864 1838 3864 1852 3865 1838 3865 1812 3865 1852 3866 1858 3866 1844 3866 188 3867 220 3867 206 3867 188 3868 190 3868 182 3868 188 3869 206 3869 190 3869 1846 3870 1812 3870 1810 3870 1846 3871 1852 3871 1812 3871 194 3872 220 3872 188 3872 194 3873 226 3873 220 3873 910 3874 1090 3874 1050 3874 910 3875 1050 3875 1018 3875 910 3876 1018 3876 984 3876 910 3877 674 3877 650 3877 910 3878 984 3878 674 3878 695 3879 650 3879 581 3879 695 3880 581 3880 515 3880 695 3881 515 3881 468 3881 695 3882 468 3882 417 3882 695 3883 910 3883 650 3883 1850 3884 1810 3884 1806 3884 1850 3885 1846 3885 1810 3885 198 3886 226 3886 194 3886 198 3887 236 3887 230 3887 198 3888 230 3888 226 3888 1206 3889 1090 3889 910 3889 1206 3890 1226 3890 1198 3890 1206 3891 1640 3891 1226 3891 1206 3892 1198 3892 1156 3892 1206 3893 1156 3893 1090 3893 384 3894 396 3894 274 3894 384 3895 417 3895 396 3895 384 3896 274 3896 270 3896 384 3897 695 3897 417 3897 384 3898 270 3898 266 3898 1854 3899 1806 3899 1797 3899 1854 3900 1850 3900 1806 3900 196 3901 236 3901 198 3901 1505 3902 1753 3902 1724 3902 1505 3903 1724 3903 1700 3903 1505 3904 1700 3904 1674 3904 1505 3905 1674 3905 1640 3905 1505 3906 1640 3906 1206 3906 292 3907 384 3907 266 3907 292 3908 266 3908 264 3908 292 3909 264 3909 258 3909 292 3910 258 3910 242 3910 292 3911 242 3911 236 3911 96 3912 130 3912 126 3912 96 3913 126 3913 114 3913 1936 3914 1922 3914 1906 3914 1936 3915 1906 3915 1898 3915 1761 3916 1860 3916 1854 3916 1761 3917 1854 3917 1797 3917 1761 3918 1797 3918 1780 3918 1761 3919 1753 3919 1505 3919 1761 3920 1780 3920 1753 3920 1956 3921 1936 3921 1898 3921 250 3922 236 3922 196 3922 250 3923 196 3923 192 3923 250 3924 192 3924 186 3924 250 3925 186 3925 180 3925 250 3926 292 3926 236 3926 1960 3927 1964 3927 1956 3927 82 3928 80 3928 64 3928 94 3929 96 3929 80 3929 94 3930 130 3930 96 3930 94 3931 80 3931 82 3931 1952 3932 1898 3932 1896 3932 1952 3933 1956 3933 1898 3933 1952 3934 1960 3934 1956 3934 1822 3935 1878 3935 1874 3935 1822 3936 1874 3936 1872 3936 1822 3937 1872 3937 1866 3937 1822 3938 1866 3938 1860 3938 1822 3939 1860 3939 1761 3939 108 3940 140 3940 134 3940 108 3941 134 3941 130 3941 108 3942 130 3942 94 3942 1948 3943 1952 3943 1896 3943 116 3944 140 3944 108 3944 1942 3945 1896 3945 1892 3945 1942 3946 1948 3946 1896 3946 120 3947 148 3947 140 3947 120 3948 140 3948 116 3948 1940 3949 1892 3949 1884 3949 1940 3950 1942 3950 1892 3950 224 3951 180 3951 172 3951 224 3952 172 3952 160 3952 224 3953 160 3953 148 3953 224 3954 250 3954 180 3954 224 3955 148 3955 120 3955 1868 3956 1884 3956 1878 3956 1868 3957 1940 3957 1884 3957 1868 3958 1878 3958 1822 3958 1868 3959 1950 3959 1944 3959 1868 3960 1944 3960 1940 3960 204 3961 120 3961 124 3961 204 3962 124 3962 122 3962 204 3963 122 3963 118 3963 204 3964 118 3964 110 3964 204 3965 224 3965 120 3965 14 3966 34 3966 26 3966 14 3967 26 3967 18 3967 2046 3968 2030 3968 2014 3968 2046 3969 2014 3969 1994 3969 1888 3970 1970 3970 1968 3970 1888 3971 1968 3971 1962 3971 1888 3972 1962 3972 1954 3972 1888 3973 1954 3973 1950 3973 1888 3974 1950 3974 1868 3974 2058 3975 2070 3975 2062 3975 16 3976 10 3976 6 3976 2036 3977 2046 3977 1994 3977 2036 3978 2058 3978 2062 3978 2036 3979 2062 3979 2046 3979 2036 3980 1994 3980 1978 3980 24 3981 50 3981 34 3981 24 3982 14 3982 10 3982 24 3983 34 3983 14 3983 24 3984 10 3984 16 3984 2028 3985 2036 3985 1978 3985 32 3986 50 3986 24 3986 178 3987 110 3987 102 3987 178 3988 102 3988 86 3988 178 3989 204 3989 110 3989 2018 3990 2028 3990 1978 3990 2018 3991 1978 3991 1974 3991 42 3992 86 3992 74 3992 42 3993 74 3993 50 3993 42 3994 50 3994 32 3994 2008 3995 1974 3995 1970 3995 2008 3996 2018 3996 1974 3996 52 3997 86 3997 42 3997 52 3998 178 3998 86 3998 58 3999 178 3999 52 3999 1904 4000 1970 4000 1888 4000 1904 4001 2008 4001 1970 4001 1904 4002 2002 4002 2008 4002 2000 4003 2002 4003 1904 4003 2006 4004 2000 4004 1904 4004 168 4005 58 4005 66 4005 168 4006 66 4006 68 4006 168 4007 68 4007 62 4007 168 4008 62 4008 56 4008 168 4009 178 4009 58 4009 1930 4010 2034 4010 2022 4010 1930 4011 2022 4011 2016 4011 1930 4012 2016 4012 2006 4012 1930 4013 2006 4013 1904 4013 2102 4014 2098 4014 2086 4014 2102 4015 2086 4015 2078 4015 2 4016 22 4016 12 4016 2 4017 12 4017 0 4017 176 4018 56 4018 46 4018 176 4019 168 4019 56 4019 8 4020 20 4020 4 4020 2106 4021 2104 4021 2094 4021 2084 4022 2102 4022 2078 4022 2084 4023 2094 4023 2104 4023 2084 4024 2104 4024 2102 4024 28 4025 22 4025 2 4025 28 4026 4 4026 20 4026 28 4027 2 4027 4 4027 2076 4028 2084 4028 2078 4028 2076 4029 2078 4029 2068 4029 2076 4030 2068 4030 2052 4030 38 4031 22 4031 28 4031 38 4032 30 4032 22 4032 2066 4033 2076 4033 2052 4033 54 4034 30 4034 38 4034 54 4035 40 4035 30 4035 2060 4036 2066 4036 2052 4036 2060 4037 2052 4037 2034 4037 2060 4038 2034 4038 1930 4038 72 4039 40 4039 54 4039 72 4040 46 4040 40 4040 72 4041 176 4041 46 4041 2050 4042 2060 4042 1930 4042 2050 4043 1930 4043 1938 4043 84 4044 176 4044 72 4044 2044 4045 2050 4045 1938 4045 90 4046 176 4046 84 4046 2038 4047 2044 4047 1938 4047 100 4048 176 4048 90 4048 2040 4049 2038 4049 1938 4049 202 4050 100 4050 106 4050 202 4051 176 4051 100 4051 2048 4052 2040 4052 1938 4052 104 4053 202 4053 106 4053 98 4054 202 4054 104 4054 1928 4055 2054 4055 2048 4055 1928 4056 2048 4056 1938 4056 44 4057 70 4057 48 4057 44 4058 48 4058 36 4058 2096 4059 2100 4059 2090 4059 2096 4060 2090 4060 2082 4060 60 4061 70 4061 44 4061 2072 4062 2092 4062 2096 4062 2072 4063 2096 4063 2082 4063 112 4064 70 4064 60 4064 2056 4065 2082 4065 2074 4065 2056 4066 2072 4066 2082 4066 128 4067 70 4067 112 4067 128 4068 78 4068 70 4068 2080 4069 2092 4069 2072 4069 92 4070 112 4070 60 4070 2032 4071 2056 4071 2074 4071 2032 4072 2074 4072 2064 4072 132 4073 78 4073 128 4073 132 4074 88 4074 78 4074 2088 4075 2092 4075 2080 4075 76 4076 92 4076 60 4076 136 4077 88 4077 132 4077 136 4078 202 4078 98 4078 136 4079 98 4079 88 4079 136 4080 218 4080 202 4080 2020 4081 2032 4081 2064 4081 2020 4082 2064 4082 2054 4082 2020 4083 2054 4083 1928 4083 138 4084 218 4084 136 4084 2004 4085 2020 4085 1928 4085 144 4086 218 4086 138 4086 1996 4087 2004 4087 1928 4087 1996 4088 1928 4088 1902 4088 1988 4089 1996 4089 1902 4089 152 4090 218 4090 144 4090 156 4091 218 4091 152 4091 156 4092 238 4092 218 4092 1984 4093 1988 4093 1902 4093 1982 4094 1984 4094 1902 4094 162 4095 238 4095 156 4095 166 4096 238 4096 162 4096 1986 4097 1982 4097 1902 4097 1986 4098 1902 4098 1882 4098 2026 4099 2042 4099 2024 4099 2026 4100 2024 4100 2012 4100 150 4101 154 4101 146 4101 150 4102 146 4102 142 4102 1972 4103 1998 4103 1990 4103 1972 4104 1990 4104 1966 4104 210 4105 214 4105 164 4105 210 4106 164 4106 158 4106 1958 4107 1990 4107 1986 4107 1958 4108 1986 4108 1882 4108 1958 4109 1966 4109 1990 4109 222 4110 238 4110 166 4110 222 4111 164 4111 214 4111 222 4112 166 4112 164 4112 1976 4113 2010 4113 2026 4113 1976 4114 2012 4114 1998 4114 1976 4115 1998 4115 1972 4115 1976 4116 2026 4116 2012 4116 208 4117 210 4117 158 4117 208 4118 158 4118 154 4118 208 4119 150 4119 170 4119 208 4120 154 4120 150 4120 228 4121 238 4121 222 4121 228 4122 284 4122 238 4122 1946 4123 1958 4123 1882 4123 200 4124 208 4124 170 4124 1980 4125 2010 4125 1976 4125 1934 4126 1946 4126 1882 4126 232 4127 284 4127 228 4127 1992 4128 2010 4128 1980 4128 184 4129 200 4129 170 4129 1926 4130 1934 4130 1882 4130 1926 4131 1882 4131 1856 4131 234 4132 284 4132 232 4132 1920 4133 1926 4133 1856 4133 240 4134 284 4134 234 4134 1914 4135 1920 4135 1856 4135 246 4136 284 4136 240 4136 246 4137 345 4137 284 4137 1910 4138 1914 4138 1856 4138 252 4139 345 4139 246 4139 1870 4140 1910 4140 1856 4140 1870 4141 1814 4141 1864 4141 1870 4142 1856 4142 1814 4142 1870 4143 1908 4143 1910 4143 309 4144 345 4144 252 4144 309 4145 326 4145 345 4145 1848 4146 1864 4146 1814 4146 353 4147 345 4147 326 4147 353 4148 631 4148 345 4148 1876 4149 1908 4149 1870 4149 300 4150 252 4150 256 4150 300 4151 309 4151 252 4151 1916 4152 1932 4152 1924 4152 1916 4153 1924 4153 1918 4153 262 4154 254 4154 248 4154 262 4155 248 4155 244 4155 1842 4156 1848 4156 1814 4156 382 4157 631 4157 353 4157 1880 4158 1908 4158 1876 4158 1880 4159 1918 4159 1912 4159 1880 4160 1912 4160 1908 4160 296 4161 256 4161 260 4161 296 4162 300 4162 256 4162 406 4163 631 4163 382 4163 1840 4164 1842 4164 1814 4164 1840 4165 1814 4165 1722 4165 1886 4166 1918 4166 1880 4166 1886 4167 1916 4167 1918 4167 294 4168 260 4168 254 4168 294 4169 296 4169 260 4169 1900 4170 1916 4170 1886 4170 268 4171 254 4171 262 4171 268 4172 294 4172 254 4172 1836 4173 1840 4173 1722 4173 432 4174 631 4174 406 4174 1890 4175 1900 4175 1886 4175 290 4176 294 4176 268 4176 1832 4177 1836 4177 1722 4177 466 4178 868 4178 631 4178 466 4179 631 4179 432 4179 286 4180 290 4180 268 4180 1894 4181 1900 4181 1890 4181 1603 4182 1638 4182 1455 4182 952 4183 868 4183 906 4183 952 4184 1152 4184 868 4184 1689 4185 1455 4185 1638 4185 1689 4186 1722 4186 1455 4186 874 4187 906 4187 868 4187 1549 4188 1603 4188 1455 4188 992 4189 1152 4189 952 4189 1710 4190 1832 4190 1722 4190 1710 4191 1722 4191 1689 4191 862 4192 466 4192 488 4192 862 4193 868 4193 466 4193 862 4194 874 4194 868 4194 1488 4195 1549 4195 1455 4195 1488 4196 1455 4196 1152 4196 1024 4197 1152 4197 992 4197 840 4198 862 4198 488 4198 1738 4199 1828 4199 1832 4199 1738 4200 1832 4200 1710 4200 1472 4201 1488 4201 1152 4201 1058 4202 1152 4202 1024 4202 1058 4203 1472 4203 1152 4203 820 4204 488 4204 513 4204 820 4205 513 4205 526 4205 820 4206 840 4206 488 4206 1764 4207 1824 4207 1828 4207 1764 4208 1828 4208 1738 4208 1451 4209 1472 4209 1058 4209 1098 4210 1451 4210 1058 4210 806 4211 820 4211 526 4211 1783 4212 1826 4212 1824 4212 1783 4213 1824 4213 1764 4213 1144 4214 1451 4214 1098 4214 1426 4215 1451 4215 1144 4215 629 4216 526 4216 522 4216 629 4217 522 4217 507 4217 1818 4218 1834 4218 1830 4218 1818 4219 1830 4219 1826 4219 1818 4220 1826 4220 1783 4220 719 4221 526 4221 629 4221 719 4222 800 4222 806 4222 719 4223 806 4223 526 4223 1808 4224 1818 4224 1783 4224 1808 4225 1783 4225 1792 4225 1403 4226 1144 4226 1160 4226 1403 4227 1426 4227 1144 4227 1800 4228 1808 4228 1792 4228 796 4229 800 4229 719 4229 1252 4230 1160 4230 1174 4230 1252 4231 1174 4231 1180 4231 1338 4232 1403 4232 1160 4232 1338 4233 1160 4233 1252 4233 1338 4234 1406 4234 1398 4234 1338 4235 1398 4235 1403 4235</p>
  </triangles>
 </mesh></geometry></library_geometries>
 <library_visual_scenes><visual_scene id="s"><node id="nodo">
  <instance_geometry url="#g"><bind_material><technique_common>
   <instance_material symbol="m" target="#mat"/>
  </technique_common></bind_material></instance_geometry>
 </node></visual_scene></library_visual_scenes>
 <scene><instance_visual_scene url="#s"/></scene>
</COLLADA>
